chapter_no,heading_1,heading_2,sub_section_no,source_url,zoneomics_url,is_sub_chunk,sub_chunk_no,text
1,Article I General Provisions,Section 405.010 Short Title.,sub-sec-1.1,https://ecode360.com/33325819,https://zoneomics.com/code/16248/chapter_1#1.1,False,0,"This
Chapter shall be known and may be cited and referred to as the ""Zoning Ordinance of the City of Leadington, Missouri."""
1,Article I General Provisions,Section 405.020 Definitions.,sub-sec-1.2,https://ecode360.com/33325820,https://zoneomics.com/code/16248/chapter_1#1.2,True,1,"For the purpose of this Chapter, certain terms and words are hereby defined.
Words used in the present tense shall include the future; the singular shall include the plural, and the plural the singular; the word ""building"" shall include the word ""structure""; the word ""shall"" is mandatory, and the word ""may"" is permissive.
100-YEAR STORM Rainstorm of varying duration and intensity having a one percent (1%) probability of recurring in any one
(1) year.
15-YEAR STORM Rainstorms of varying duration and intensity having a six and sixty-seven hundredths percent (6.67%) probability of being equaled or exceeded in any given year.
25-YEAR STORM Rainstorms of varying duration and intensities having a four percent (4%) probability of being equaled or exceeded in any given year.
ACCESSORY BUILDINGS A subordinate building which is incidental to the principal building or use and which is located on the same lot with such principal building or use.
ACCESSORY USE A use incidental to the principal use of a building located on the same lot with the principal building or use.
ADMINISTRATIVE OFFICER The duly elected City Mayor or his/her designated representative.
ADVERSE IMPACT Any modifications, alterations or effects on a feature or characteristic of surface waters, including their quality, quantity, hydrodynamics, surface area, species composition, living resources, aesthetics or usefulness for human or natural uses, which are or may potentially be harmful or injurious to human health, welfare, safety or property, to biological productivity, diversity or stability, or which unreasonably interfere with the enjoyment of life or property, including outdoor recreation.
The term includes secondary and cumulative, as well as direct impacts.
ALLEY A public or private thoroughfare which affords only a secondary means of access to abutting property.
APPLICANT The record owner, or his/her authorized representative, of a tract of land that is the site of development or development activity within the scope of this Article.
APPURTENANCES An attached or detached addition to a mobile home, situated on the mobile home lot for the use of its occupants, such as a carport, garage, storage shed, or items of a similar nature.
BASE FLOOD ELEVATION The elevation at any location delineating high waters having a one percent (1%) probability of being equaled or exceeded in any given year (also known as the one-hundred-year flood).
BASEMENT A story having a part, but not more than one-half (1/2) of its height, below grade.
A basement is counted as a story for the purpose of height regulations if subdivided and used for business or dwelling purposes.
BOARDING HOME A building other than a hotel, where for compensation and by arrangement for definite periods, meals, or lodging and meals, are provided for five
(5) or more persons, but not exceeding twenty
(20) persons.
BOARD OF ALDERMEN The Board of Aldermen of the City of Leadington, Missouri.
BUILDABLE WIDTH The width of the lot left to be built upon after the side yards are provided.
BUILDING Any structure having a roof supported by columns or walls built for the support, or enclosure of persons, animals, chattels, or property of any kind, but not including any vehicle, trailer (with or without wheels), nor any movable device, such as furniture, machinery, or equipment.
When any portion of a building is completely separated from any other portion thereof by a division wall without openings or by a fire wall, then each such portion shall be deemed to be a separate building.
BUILDING, HEIGHT OF The vertical distance from the grade to the highest point of the coping of a flat roof, or the deck line of a mansard roof, or to the mean height level between eaves and the ridge for gable, hip or gambrel roofs.
CAPACITY OF A STORM DRAINAGE FACILITY The maximum ability of a storm drainage facility to convey, detain or retain stormwater flows without causing substantial damage to public or private property and, in the case of a pipe, without surcharging.
CELLAR A story having more than one-half (1/2) of its height below grade.
CHANNEL A natural or artificial open watercourse with definite bed and banks which periodically or continuously contains moving water or which forms a connecting link between two
(2) bodies of water.
CHILD- OR DAY-CARE CENTER Any place, home or institution which receives five
(5) or more children under the age of seventeen
(17) years, and not of common parentage, for care apart from their natural parents, legal guardians or custodians, when received for regular periods of time for compensation; provided, however, this definition shall not include public and private schools organized, operated or approved under the laws of this State; custody of children fixed by a court of competent jurisdiction; children related by blood or marriage within the third degree of the custodial person; or to churches or other religious or public institutions while their parents or legal guardians are attending services, meetings or classes, or are engaged in church activities.
The term ""child- or day-care center"" shall be deemed to include day-care homes and day nurseries as defined by the Missouri Department of Social Services for licensing purposes.
CITY ENGINEER(S) The Engineer(s) or other persons having specialized technical knowledge duly appointed by the Board of Alderman.
COMMERCIAL USE Generally, any business of a commercial nature that has as its primary function the direct sale of goods or services to the general public.
COMMON PROMOTIONAL PLAN A plan, undertaken by one
(1) or more persons, to offer lots for sale or lease; where the land is offered by sale by a person or group of persons acting in a common name or similar names, the land is presumed without regard to the number of lots covered by each individual offering, as being offered for sale or lease as part of a common promotional plan.
COMPREHENSIVE PLAN An official document adopted by the City setting forth a plan for the physical development of the community, including studies of land use, traffic volume and flow, schools, parks, and other public buildings.
CONDUIT Any channel, pipe, guttering, sewer or culvert used for the conveyance or movement of water, whether open or closed.
CONTROL DEVICE An element of a discharge structure which allows the gradual release of water under controlled conditions.
CONTROL ELEVATION Design elevation of a discharge structure at which, or below which, water is contained behind the structure."
1,Article I General Provisions,Section 405.020 Definitions.,sub-sec-1.2,https://ecode360.com/33325820,https://zoneomics.com/code/16248/chapter_1#1.2,True,2,"DETACHED SOLAR POWER SYSTEM Any free-standing installation of solar panels or radiant solar heating system.
DETENTION The delay of storm runoff prior to discharge into receiving waters.
DETENTION BASIN A facility constructed or modified to restrict the discharge of stormwater to a prescribed maximum rate and to concurrently detain the excess waters that accumulate behind the outlet.
A wet-bottom detention basin is a structure designed to retain a permanent pool of water after having provided its planned detention of runoff during a storm event.
A dry-bottom detention basin is designed to be completely dewatered after having provided its planned detention of runoff during a storm event.
DETENTION STORAGE The temporary detaining or storage of stormwater in storage basins, or rooftops, in streets, parking lots, school yards, parks, open space, or other areas under predetermined and controlled conditions, with the rate of drainage therefrom regulated by appropriately installed devices.
DETENTION VOLUME The volume of water equal to the difference between the control elevation of a discharge structure and the maximum level at which water can be accumulated prior to discharge times the average area of open surface storage (between the control elevation and maximum level) behind the discharge structure.
DEVELOPER Any person who, directly or indirectly, sells, leases or offers to sell or lease or advertises for sale or lease any lots in a subdivision, but shall not include any licensed broker or licensed salesman who is not a shareholder, director, officer or employee of a developer and who has no legal or equitable interest in the land.
DIFFERENTIAL RUNOFF The difference in rate and volume of stormwater runoff from a parcel or project in its undeveloped natural condition and its developed condition.
DISCHARGE The causing or permitting of one
(1) or more water contaminants to enter waters of the State.
DISCHARGE STRUCTURE Structural device, usually of concrete, metal, timber, etc., through which water is discharged from a project to the receiving water.
DISTRICT A section or sections of the City of Leadington for which the regulations governing the use of buildings and premises, the height of buildings, the size of yards, and the intensity of the use are uniform.
DRAINAGE AREA The area from which water is carried off by a drainage system; a watershed or catchment area.
DRAINAGE FACILITY An element in a drainage system which includes, but is not limited to, any of the following: conduits and appurtenant features, canals, channels, detention basins, ditches, streams, culverts, streets and pumping stations.
1. Conduits and appurtenant features, canals, channels, detention basins, ditches, streams, culverts, streets and pumping stations.
DRAINAGE SYSTEM The surface or subsurface system which conveys water from or over the land, including all watercourses, water bodies and wetlands (also referred to as the stormwater management system).
DWELLING Any building or portions thereof which is designed and used exclusively for residential purposes.
DWELLING, MULTIPLE A building designed for or occupied exclusively by more than two
(2) families.
DWELLING, SINGLE-FAMILY A building designed for or occupied exclusively by one
(1) family.
""Single-family dwelling"" shall include any home in which eight
(8) or fewer unrelated mentally or physically handicapped persons reside, and may include two
(2) additional persons acting as house parents or guardians who need not be related to each other or to any of the mentally or physically handicapped persons residing in the home.
In the case of any such residential home for mentally or physically handicapped persons, the Planning and Zoning Commission may require that the exterior appearance of the home and property be in reasonable conformance with the general neighborhood standards.
Further, the Planning and Zoning Commission may establish reasonable standards regarding the density of such individual homes in any specific single-family dwelling neighborhood.
DWELLING, TWO-FAMILY A building designed for or occupied exclusively by two
(2) families.
DWELLING UNIT One
(1) or more rooms in a dwelling occupied or intended to be occupied as separate living quarters by a single family as defined herein.
EASEMENT A grant by a property owner to the public, a corporation or a person of the use of land for a specific purpose.
ELECTRIC PARK RECEPTACLE The waterproof attachment receptacle device located adjacent to the water and sewer outlets to receive the flexible cable from the mobile home or, where required, the permanently installed conductors.
ELECTRIC SERVICE DROP That part of the electric distribution system from the main electrical distribution system, overhead or underground to the service equipment serving one
(1) or more mobile home spaces.
ELEVATION Height in feet above mean sea level according to National Geodetic Vertical Datum (NGVD).
EMERGENCY SPILLWAY Saddle or low point facility located around the rim of a dammed impoundment such as a detention or retention basin for providing an efficient and safe means of conveying the maximum design flood discharge through the impoundment, without overtopping the dam.
EROSION The wearing away of the land surface by the action of the wind, water, ice, gravity or any combination thereof.
EXCESS STORMWATER RUNOFF The volume and rate of flow of stormwater discharged from a drainage area.
FAMILY One
(1) or more persons related by blood, marriage or adoption occupying a dwelling unit as an individual housekeeping organization and not more than two
(2) other persons not related by blood, marriage or adoption, or a group of not more than three
(3) persons, excluding servants, not related by blood, marriage or adoption and living together as a single housekeeping organization in a dwelling unit.
FARM An area which is used for the growing of the usual farm products, such as vegetables, fruit, trees, and grain, and their storage on the area, as well as for the raising thereon of the usual farm poultry and farm animals, such as horses, cattle, sheep and swine.
The term ""farming"" includes the operation of such an area for one
(1) or more of the above uses, including dairy farms, with the necessary accessory uses for treating and storing the produce; provided, however, that the operation of such accessory uses shall be secondary to that of the normal farming activities, that such land shall consist of at least ten
(10) acres in one"
1,Article I General Provisions,Section 405.020 Definitions.,sub-sec-1.2,https://ecode360.com/33325820,https://zoneomics.com/code/16248/chapter_1#1.2,True,3,"(1) parcel under common ownership or operation, and provided, further, that farming does not include the feeding of collected garbage or offal to swine or other animals.
FILLING STATION Any building or premises used for the sale at retail of motor vehicle fuels, oil, or accessories, or for servicing or lubricating motor vehicles or installing or repairing parts and accessories, but not including the repairing or replacement of motors, bodies or fenders of motor vehicles, or painting motor vehicles, and excluding public garages.
FINAL STABILIZATION All soil disturbing activities at the site have been completed and a uniform perennial vegetative cover with a density of seventy percent (70%) of the cover for unpaved areas not covered by permanent structures has been established or equivalent permanent stabilization measures (such as the use of riprap, gabions or geotextiles) have been employed.
FLOOD FRINGE The higher portion of the floodplain, immediately adjacent to and on either side of the floodway, occupied by quiescent or slow-moving waters during floods.
FLOODPLAIN The special flood hazard land adjoining a watercourse, the surface elevation which is equal to or lower than the base flood elevation (the 100-year flood), which is subject to periodic inundation during floods.
FLOODWAY The channel of a watercourse and those portions of the adjoining floodplain which are reasonably required to carry and discharge the base flood.
FLOOR AREA The total number of square feet of floor space within the exterior walls of a building, not including space in cellars or basements; however, if the cellar or basement is used for business or commercial purposes, it shall be counted as floor area in computing off-street parking requirements.
FRONTAGE All the property on one
(1) side of a street between two
(2) intersecting streets (crossing or terminating), measured along the line of the street, or if the street is dead-ended, then all of the property abutting on one
(1) side between an intersecting street and the dead-end of the street, but not including property more than four hundred (400) feet distant on either side of a proposed building or structure.
GARAGE, COMMERCIAL Any building or premises, except those used as a private or storage garage, used for equipping, repairing, hiring, selling or storing motor-drive vehicles.
The term ""repairing"" shall not include an automotive body repair shop nor the rebuilding, dismantling, or storage of wrecked or junked vehicles.
GARAGE, PRIVATE A detached accessory building, or portion of the main building, housing the automobiles of the occupants of the premises.
GRADE The average level of the finished surface of the ground adjacent to the exterior walls of the building, except when any wall approximately parallels and is not more than five
(5) feet from a street line, then the elevation of the street at the center of the wall adjoining the street shall be grade.
HIGH WATER ELEVATION The elevation of floodwaters of a flood of specified frequency or occurrence at any given point.
HOME OCCUPATION Any occupation or profession carried on by a member of the immediate family, residing on the premises, in connection with which there is used no sign other than a nameplate, or no display that will indicate from the exterior that the building is being utilized in whole or in part for any purpose other than that of a dwelling; there is no commodity sold upon the premises; no person is employed other than a member of the immediate family residing on the premises; and no mechanical equipment is used except such as is permissible for purely domestic household purposes.
IMPERVIOUS SURFACE A surface which has been compacted or covered with a layer of materials so that it is highly resistant to infiltration of water.
The term includes most conventionally surfaced streets, roofs, sidewalks, parking lots and similar structures.
IMPROVEMENT A structure on, or other alteration of, land on a given site, including, but not limited to, grading, street paving, storm sewers, sanitary sewers and utilities.
INDUSTRY As used in this Chapter, is restricted to establishments primarily involved in product manufacturing and processing, heavy equipment uses, and warehousing.
It does not include retail and wholesale trades, agricultural uses, institutional uses, and other businesses that are primarily commercial in nature.
INSTITUTION A building occupied by a non-profit corporation or a non-profit establishment for public use.
LICENSEE Any person licensed to operate and maintain a mobile home park under the provisions of this Chapter.
LOADING SPACE An off-street space or berth on the same lot with a building, or contiguous to a group of buildings, for the temporary parking of a commercial vehicle while loading or unloading merchandise or materials, and which abuts upon a street or other appropriate means of access.
LOSING STREAM A stream which distributes thirty percent (30%) or more of its flow during low flow conditions through natural processes, such as through permeable geologic material into a bedrock aquifer within two
(2) miles' flow distance downstream of an existing or proposed discharge.
Flow measurements to determine percentage of water loss must be corrected to approximate the seven-day Q10 stream flow.
If a streambed or drainage way has an intermittent flow or a flow insufficient to measure in accordance with this rule, it may be determined to be a losing stream on the basis of channel development, valley configuration, vegetation development, dye tracing studies, bedrock characteristics, geographical data and other geological factors.
Losing streams are listed in Table J of 10 CSR 20-7.031; additional streams may be determined to be losing by the
Division of Geology and Land Survey.
LOT A parcel of land occupied or intended for occupancy by a use permitted in this Chapter, including one
(1) main building together with its accessory buildings, open spaces, and parking spaces required by this Chapter, and having its principal frontage upon a street.
LOT OF RECORD A lot which is a part of a subdivision, the map or plat of which has been recorded in the office of the County Recorder of St. Francois County, Missouri; or a lot or parcel of land, the deed of which has been recorded in the office of the County Recorder of St. Francois County, Missouri, prior to the adoption of this Chapter.
LOT, CORNER A lot abutting upon two
(2) or more streets at their intersection.
LOT, DEPTH OF The mean horizontal distance between the front and the rear lot lines."
1,Article I General Provisions,Section 405.020 Definitions.,sub-sec-1.2,https://ecode360.com/33325820,https://zoneomics.com/code/16248/chapter_1#1.2,True,4,"LOT, DOUBLE FRONTAGE A lot having a frontage on two
(2) non-intersecting streets, as distinguished from a corner lot.
MANUFACTURER An establishment whose primary function is the mechanical or chemical transformation or processing of materials or substances into new products, including the assembly of component parts and blending of materials.
MOBILE HOME PARK An area or plot of ground upon which two
(2) or more mobile homes, occupied for dwelling or sleeping purposes, are located or intended to be located, regardless of whether or not a charge is made for such accommodation.
MOBILE HOME SPACE A plat of ground within a mobile home park designed for the accommodation of one
(1) mobile home.
MOBILE HOME STAND That part of an individual mobile home lot which has been reserved for the placement of the mobile home and any appurtenances thereto.
MOBILE HOME
SUBDIVISION The division of a tract of land into lots, tracts, sites, parcels, areas and/or the division of a tract of land into any number of lots, tracts, sites, parcels, or areas of any size which may include improvements, new streets, easements, rights-of-way, rights ingress and egress or provision for a public area or public facility.
The creation of said subdivision is for the express purpose of providing for the placement of mobile homes.
Said subdivision may be classified as a minor subdivision or a major subdivision based upon the scope of the particular development.
MOBILE HOMES INSPECTOR The person or persons designated by the City Board of Alderman to issue permits, make inspections and perform duties as set out in this Chapter.
MOBILE OR MANUFACTURED HOME A factory-built structure or structures more than eight
(8) body feet in width and thirty-two
(32) feet or more in length, equipped with the necessary service connections and made so as to be readily movable as a unit or units on its, or their, own running gear and designed to be used as a dwelling unit or units without a permanent foundation.
The phrase ""without a permanent foundation"" indicates that the support system is constructed with the intent that the mobile home placed thereon may be moved from time to time at the convenience of the owner.
A ""mobile home"" means a mobile home which has a flush toilet and a bath or shower.
MODULAR HOME UNIT A factory-fabricated, transportable building unit designed to be used by itself or to be incorporated with similar units at a building site into a modular structure to be used for residential, commercial, educational, or industrial purposes that is indistinguishable in appearance from conventionally built structures.
For the purposes of this Chapter, modular home units are considered as permissible single-family dwellings in appropriate districts.
MOTEL, MOTOR COURT, MOTOR LODGE or TOURIST COURT Any building or group of buildings containing guest rooms or dwelling units, some or all of which have a separate entrance leading directly from the outside of the building with garage or parking space conveniently located on the lot, and designed, used or intended wholly or in part for the accommodation of paying guests.
NATURAL OR ARTIFICIAL BARRIER Any pond, canal, fence, hedge or similar feature.
NON-CONFORMING USE Any building or land lawfully occupied by a use at the time of passage of this Chapter, or amendment thereto, which does not conform after the passage of this Chapter, or amendment thereto, with the use regulations of the district in which it is situated.
NURSING HOME A home for the aged or infirm, in which three
(3) or more persons not of the immediate family are received, kept, or provided with food and shelter or care, for compensation; but not including hospitals, clinics, or similar institutions.
OFF-SITE DETENTION BASIN A feature or structure for temporarily storing excess stormwater originating at two
(2) or more sites having devices for controlling the rate of release of the stored water and located downstream of all sites where the runoff originates.
ON-SITE DETENTION BASIN A feature or structure for temporarily storing excess stormwaters, having devices for controlling the rate of release of the stored waters, and located within the sites where the runoff originates.
OVERFLOW ELEVATION Design elevation of a discharge structure at which point, or above which point, water leaks out, or bleeds out, through a control device down to the control elevation.
PARK Mobile home park.
PARKING SPACE, OFF-STREET An area, enclosed or unenclosed, sufficient in size to store one
(1) automobile, together with a driveway connecting the parking space with a street, road, or alley and permitting ingress and egress of an automobile.
PEAK FLOW The maximum rate of flow of water at a given point in a channel or conduit resulting from a predetermined storm or flood.
PERMITTEE Any person to whom a temporary permit is issued to maintain or operate a mobile home park under the provisions of this Chapter.
PERSON Any natural individual, firm, trust, partnership, association or corporation.
PLAT A map, plan, or layout of a City, township, section or subdivision or mobile home park indicating the location and boundaries of individual properties.
POINT SOURCE Any discernible, confined and discrete conveyance, including, but not limited to, any pipe, ditch, channel, tunnel, conduit, well, discrete fissure, container, rolling stock, concentrated animal feeding operation, separate storm sewer or vessel or other floating craft from which pollutants are, or may be, discharged.
POLLUTANT Dredged spoil, solid waste, incinerator residue, sewage, garbage, sewer sludge, munitions, chemical waste, biological materials, radioactive materials, heat wrecked or discarded equipment, rock, sand, cellar dirt, filter backwash or industrial, municipal or agricultural waste discharged into water.
POST-DEVELOPMENT CONDITIONS Those conditions which are expected to exist, or do exist, after alteration, resulting from human activity, of the natural topography, vegetation and rate, volume or direction of surface or subsurface flow.
PRE-DEVELOPMENT CONDITIONS Those conditions which existed at the time this
Article becomes effective in terms of topography, vegetation and rate, volume or direction of surface or subsurface flow, as indicated by the best available historical date.
PREMISES A lot, together with all buildings and structures thereon.
PRIMARY DRAINAGE (WATER MANAGEMENT) SYSTEMS Includes major waterways and appurtenant structures or systems whose total tributary area from origin to outfall exceeds or equals fifty
(50) acres."
1,Article I General Provisions,Section 405.020 Definitions.,sub-sec-1.2,https://ecode360.com/33325820,https://zoneomics.com/code/16248/chapter_1#1.2,True,5,"PROFESSIONAL ENGINEER OR ARCHITECT An engineer or architect duly registered by the State to practice engineering or architecture.
RATIONAL METHOD An empirical formula for calculating peak rates of runoff resulting from rainfall.
Expressed mathematically, the formula is:
|  |  |  |
| --- | --- | --- |
| Q | = | CIA |
| Q | = | Peak flow in cubic feet per second (cfs). |
| C | = | Runoff coefficient, or fraction of runoff to rainfall, dependent on type of surface cover and topography. |
| I | = | Rainfall intensity, in inches per hour, for a specific storm and duration. |
| A | = | Watershed area, in acres. | RECEIVING BODIES OF WATER Any water body or stream into which surface waters flow.
SEDIMENTATION The process by which suspended solids from erosion are transported and deposited.
SEWER CONNECTION The connection consisting of all pipes, fittings and appurtenances from the drain outlet of the mobile home to the inlet of the corresponding sewer riser pipe of the sewerage system serving the mobile home park.
SEWER RISER PIPE That portion of the sewer lateral which extends vertically to the ground elevation and terminates at each mobile home lot.
SIGN An identification, description, illustration or device which is affixed to, or represented directly or indirectly upon, a building, structure, or land, and which directs attention to a product, place, activity, person, institution, or business.
SITE PLAN The plan, usually in map form, prepared pursuant to the Governing Body's zoning or other land development ordinances as a requirement for the development of property.
STORMWATER RUNOFF The waters derived from rain falling or snow melting within a tributary drainage basin flowing over the surface of the ground or collected in a stormwater drainage system, storm sewer or watercourse.
STORY That portion of a building, other than a cellar, included between the surface of any floor and the surface of the floor next above it, or if there be no floor above it, then the space between the floor and the ceiling next above it.
STORY, HALF A space under a sloping roof which has the line of intersection of roof decking and wall face not more than three
(3) feet above the top floor level, and in which space not more than sixty percent (60%) of the floor area is finished off for use.
A half story may be used for occupancy only in conjunction with and by the occupancy of the floor immediately below.
STREET A public way which affords the principal means of access to abutting property.
STREET LINE A dividing line between a lot, tract, or parcel of land and a contiguous street.
STRUCTURAL ALTERATION Any change, except those required by law or ordinance, that would prolong the life of the supporting members of a building or structure, such as bearing walls, columns, beams or girders, not including openings in bearing walls, as permitted by other ordinances.
STRUCTURE Anything constructed or erected, the use of which requires permanent location on the ground or attached to something having a permanent location on the ground and including, but not limiting the generality of the foregoing, advertising signs, billboards, backstops for tennis courts, and pergolas.
SUBDIVISION As defined in
Chapter 410,
Subdivision Regulations, of the Code of the City of Leadington.
TIME OF CONCENTRATION The elapsed time for stormwater to flow from the most distant point in a drainage basin to the outlet or point in question.
TOWER Any tower other than a radio or telecommunication tower.
TRAILER OR MOBILE HOME PARK An area or plot of ground upon which two
(2) or more trailers or mobile homes, occupied for dwelling or sleeping purposes, are located or intended to be located, regardless of whether or not a charge is made for such accommodation.
TRAVEL TRAILERS A vehicular unit mounted on wheels, designed to provide temporary living quarters for recreational, camping or travel use and of such size or weight as not to require special highway movement permits when drawn by a motorized vehicle, and with a living area of less than three hundred twenty (320) square feet, including built-in equipment (such as wardrobes, closets, kitchen units or fixtures) and bath and toilet room.
TRUCK GARDEN An area which is used for the growing of vegetables for the market.
USE The purpose for which land or a building is arranged, designed or intended, or for which either land or a building is, or may be, occupied or maintained.
WATER CONNECTION The connection consisting of all pipes and fittings from the water riser pipe to the water inlet pipe of the distribution system within the mobile home.
WATER CONTAMINANT Any particulate matter or solid matter or liquid or any gas or vapor or any combination thereof or any temperature change which is in or enters any waters of the State either directly or indirectly by surface runoff, by sewer, by subsurface seepage or otherwise, which causes or would cause pollution upon entering waters of the State or which violates or exceeds any of the standards, regulations or limitations under the Missouri Clean Water Law or the Federal Clean Water Act or is included in the definition of pollutant in the Federal act.
WATERCOURSE Any stream, creek, brook, branch; natural or artificial depression, slough, gulch, reservoir, lake, pond or natural or man-made drainageway in or into which stormwater runoff and floodwaters flow, either regularly or intermittently.
WATER RISER PIPE That portion of the water supply system serving the mobile home park which extends vertically to the ground elevation and terminates at a designated point at each mobile home lot.
WATERS OF THE STATE All rivers, streams, lakes and other bodies of surface and subsurface water lying within or forming a part of the boundaries of the State which are not entirely confined and located completely upon lands owned, leased or otherwise controlled by a single person or by two
(2) or more persons jointly or as tenants in common.
These waters also include waters of the United States lying within or adjacent to the State.
WINDMILL A machine that is powered by wind energy, designed to convert the energy of the wind into more useful forms of energy using rotating blades.
YARD An open space on the same lot with a building unoccupied and unobstructed by any portion of the structure from the ground upward, except as otherwise provided in this Chapter.
YARD, FRONT A yard across the full width of the lot extending from the front line of the main building to the front line of the lot.YARD, REAR A yard extending the full width of the lot between a main building and the rear lot line.
YARD, SIDE A yard between the main building and the side line of the lot, and extending from the front yard line to the rear yard line."
2,Article II District Boundaries And General Regulations,Section 405.030 Enumeration Of Districts.,sub-sec-2.1,https://ecode360.com/33325880,https://zoneomics.com/code/16248/chapter_2#2.1,False,0,"In order to classify, regulate and restrict the locations of trades, industries and residences, and the location of buildings designed for specific uses; to regulate and limit the height and use of buildings hereafter erected or structurally altered; to regulate and limit the intensity of use and the lot areas; and to regulate and determine the areas of yards, courts, and other open spaces surrounding such buildings, the City of Leadington is hereby divided into districts of which there shall be six
(6) in number known as:
|  |
| --- |
| ""A"" Agricultural District |
| ""R-1"" Single-Family Residential District |
| ""R-2"" General Residential District |
| ""MH"" Mobile Home Park District |
| ""C-1"" General Commercial District |
| ""I"" Industrial District |"
2,Article II District Boundaries And General Regulations,Section 405.040 District Boundaries.,sub-sec-2.2,https://ecode360.com/33325881,https://zoneomics.com/code/16248/chapter_2#2.2,False,0,"The boundaries of these districts are shown upon the ""Zoning District Map for the City of Leadington, Missouri,"" which accompanies and is made a part of this Chapter.
Said map and all the information shown thereon shall have the same force and effect as if all were fully set forth or described herein.
The original of the Zoning District Map is properly attested and is on file with the City Clerk of the City of Leadington, Missouri."
2,Article II District Boundaries And General Regulations,Section 405.050 Annexations.,sub-sec-2.3,https://ecode360.com/33325882,https://zoneomics.com/code/16248/chapter_2#2.3,False,0,"All territory which may hereafter be annexed to the City of Leadington shall be classified in the ""R-1"" Single-Family Residential District until, within a reasonable time after annexation, the annexed territory shall be appropriately classified, if other than R-1, by ordinance in accordance with
Article XVIII of this Chapter."
2,Article II District Boundaries And General Regulations,Section 405.060 Impact Of Street Vacation.,sub-sec-2.4,https://ecode360.com/33325883,https://zoneomics.com/code/16248/chapter_2#2.4,False,0,"Whenever any street or other public way is vacated by official action of the City of Leadington, the zoning district adjoining each side of such street or public way shall be automatically extended to the center of such vacation and all area included in the vacation shall then, and henceforth, be subject to all appropriate regulations of the extended districts."
2,Article II District Boundaries And General Regulations,Section 405.070 Interpretation Of Boundaries.,sub-sec-2.5,https://ecode360.com/33325884,https://zoneomics.com/code/16248/chapter_2#2.5,False,0,"
A. Where uncertainty exists with respect to the boundaries of the various districts shown on the Zoning District Map, the following rules shall apply:
1. Where a boundary line is given a position within a street, alley or non-navigable stream, it shall be deemed to be in the center of the street, alley or stream, and if the actual location of such street, alley or stream varies slightly from the location as shown on the Zoning District Map, then the actual location shall control.
2. Where a boundary line is shown as being located a specific distance from a street line or other physical feature, this distance shall control.
3. Where a boundary line is shown adjoining or coincident with a railroad, it shall be deemed to be in the center of the railroad right-of-way and distances measured from a railroad shall be measured from the center of the designated main line track.
4. Where the district boundaries are not otherwise indicated, and where the property has been or may hereafter be divided into blocks and lots, such boundaries shall be construed to be the lot lines and where the districts are bounded approximately by lot lines, said lot lines shall be construed to be the boundary of such districts, unless said boundaries are otherwise indicated on the map.
5. In unsubdivided property, unless otherwise indicated, the district boundary line shall be determined by the use of the scale shown on the Zoning District Map."
2,Article II District Boundaries And General Regulations,Section 405.080 General Regulations.,sub-sec-2.6,https://ecode360.com/33325891,https://zoneomics.com/code/16248/chapter_2#2.6,False,0,"
A. Except as hereinafter provided:
1. No building or structure shall be erected, converted, enlarged, reconstructed, moved or structurally altered, nor shall any building or land be used, except for the purpose permitted in the district in which the building or land is located.
2. No building or structure shall be erected, converted, enlarged, reconstructed, moved or structurally altered, except in conformity with the height, yard, area, parking and other regulations prescribed herein for the district in which the building is located.
3. The minimum yards and other open spaces, including lot areas per family required by this Chapter, shall be provided for each and every building or structure hereafter erected, and such minimum yards, open spaces, and lot areas for each and every building or structure, whether existing at the time of passage of this
Chapter or hereafter erected, shall not be encroached upon, or be considered as a yard or open space requirement for another building or structure.
4. Every building hereafter erected, or structurally altered shall be located on a lot as herein defined, and in no case shall there be more than one
(1) main building on one
(1) lot unless otherwise provided in this Chapter."
3,"Article III ""A"" Agricultural District Regulations",Section 405.090 Applicability Of District Regulations.,sub-sec-3.1,https://ecode360.com/33325897,https://zoneomics.com/code/16248/chapter_3#3.1,False,0,"The regulations set forth in this Article, or set forth elsewhere in this
Chapter when referred to in this Article, are the regulations of the ""A"" Agricultural District."
3,"Article III ""A"" Agricultural District Regulations",Section 405.100 Use Regulations.,sub-sec-3.2,https://ecode360.com/33325898,https://zoneomics.com/code/16248/chapter_3#3.2,False,0,"
A. A building or premises shall be used only for the following purposes:
1. Farms, truck gardens, and nurseries, including the sale and distribution of agricultural products and products other than machinery, that are to be used for agricultural purposes; provided, however, that no farm shall be operated either publicly or privately for the feeding or disposal of garbage, rubbish, or offal.
2. Single-family dwellings.
3. Customary home occupations, provided that a special use permit is granted under
Article XIII of this Chapter.
4. Airports and landing fields having prior approval of the Federal Aviation Administration.
5. Publicly owned or operated properties.
6. Public parks, public playgrounds and recreational areas operated by membership organizations for the benefit of their members and not for gain.
7. Railroad rights-of-way.
8. Public schools and institutions of higher education, public libraries, municipal buildings.
9. Churches and other places of worship, Sunday school buildings and parish houses.
10. Cemeteries, including mausoleums with special use permit only; provided that mausoleums shall be distant at least two hundred (200) feet from every street line and adjoining lot lines and, provided further, that any new cemetery shall contain an area of twenty
(20) acres or more.
11. Private clubs, except skeet and gun clubs and those the chief activity of which is a service customarily carried on as a business.
12. Roadside stands offering for sale only farm products which are produced upon the premises.
13. Riding stables, veterinary hospitals or the keeping of small animals; provided that any building or enclosure housing animals shall be located at least one hundred
(100) feet from all property lines.
14. Grain elevators or similar storage structures, including buildings for seasonal or temporary storage of grain.
15. Hospitals and institutions of an educational, religious, charitable, or philanthropic nature, with special use permit only; provided, however, that such buildings shall not be located upon sites containing an area of less than five
(5) acres, may occupy not over ten percent (10%) of the total area of the lot, and that the buildings shall be set back from all yard lines a distance of not less than two
(2) feet for each foot of building height.
16. Accessory building or use customarily incidental to any of the above uses.
17. Church bulletin board or a temporary sign not exceeding twenty
(20) square feet in area, appertaining only to the lease, hire or sale of a building or premises, or the sale of products grown and sold on the premises; provided, however, that not more than one
(1) sign of the above character shall be permitted on any lot or tract.
18. Public utilities, including water treatment plants, sewage treatment plants and electrical distribution plants."
3,"Article III ""A"" Agricultural District Regulations",Section 405.110 Parking Regulations.,sub-sec-3.3,https://ecode360.com/33325918,https://zoneomics.com/code/16248/chapter_3#3.3,False,0,"Off-street parking spaces shall be provided in accordance with the requirements for specific uses set forth in
Article XII of this Chapter."
3,"Article III ""A"" Agricultural District Regulations",Section 405.120 Height And Area Regulations.,sub-sec-3.4,https://ecode360.com/33325919,https://zoneomics.com/code/16248/chapter_3#3.4,False,0,"The height and area regulations set forth in Articles X and XI of this
Chapter shall be observed."
4,"Article IV ""R-1"" Single-Family Residential District Regulations",Section 405.130 Applicability Of District Regulations.,sub-sec-4.1,https://ecode360.com/33325920,https://zoneomics.com/code/16248/chapter_4#4.1,False,0,"The regulations set forth in this Article, or set forth elsewhere in this
Chapter when referred to in this Article, are the regulations in the ""R-1"" Single-Family Residential District."
4,"Article IV ""R-1"" Single-Family Residential District Regulations",Section 405.140 Use Regulations.,sub-sec-4.2,https://ecode360.com/33325921,https://zoneomics.com/code/16248/chapter_4#4.2,False,0,"
A. A building or premises shall be used only for the following purposes:
1. Single-family dwellings.
2. Two-family dwellings, with special use permit, as provided for in
Article XIII of this Chapter.
3. Attached single-family dwellings, subject to the provisions for site plan review provided for in
Article XIII of this Chapter.
4. Publicly owned or operated parks, playgrounds, community buildings, museums, libraries or art galleries, similar uses of an institutional nature and municipal facilities, including police and fire stations.
5. Golf courses, except miniature golf courses, and driving ranges operated for commercial purposes, with a special use permit only.
6. Public schools, or private schools having a curriculum similar to that ordinarily given in a public school, including religious instruction in parochial schools, with a special use permit only.
7. Churches and similar places of worship, including Sunday school buildings, with a special use permit only.
8. Customary home occupations, with special use permit; provided that there shall be no external evidence of such occupations except a small non-lighted announcement or professional sign not over two
(2) square feet in area and attached to the building.
9. Railroad rights-of-way, including a strip of land with tracks and auxiliary facilities for track operations.
10. Temporary buildings, the uses of which are incidental to construction operations or sale of lots during development being conducted on the same or adjoining tract or subdivision and which shall be removed, upon completion or abandonment of such construction, or upon the expiration of a period of two
(2) years from the time of erection of such temporary buildings, whichever is sooner.
11. Temporary signs pertaining to the lease, hire or sale of a building or premises on which such sign is located.
12. Accessory building and uses, including, but not limited to, accessory private garages, servants' quarters, guest houses, swimming pools, home barbecue grills, customary church bulletin boards or identification signs not exceeding thirty
(30) square feet in area for permitted public and semipublic uses, accessing storage, and accessory off-street parking and loading spaces."
4,"Article IV ""R-1"" Single-Family Residential District Regulations",Section 405.150 Parking Regulations.,sub-sec-4.3,https://ecode360.com/33325935,https://zoneomics.com/code/16248/chapter_4#4.3,False,0,"Off-street parking spaces shall be provided in accordance with the requirements for specific uses set forth in
Article XII of this Chapter."
4,"Article IV ""R-1"" Single-Family Residential District Regulations",Section 405.160 Height And Area Regulations.,sub-sec-4.4,https://ecode360.com/33325936,https://zoneomics.com/code/16248/chapter_4#4.4,False,0,"The height and area regulations set forth in Articles X and XI of this
Chapter shall be observed."
5,"Article V ""R-2"" General Residential District Regulations",Section 405.170 Applicability Of District Regulations.,sub-sec-5.1,https://ecode360.com/33325937,https://zoneomics.com/code/16248/chapter_5#5.1,False,0,"The regulations set forth in this Article, or set forth elsewhere in this
Chapter when referred to in this Article, are the regulations in the ""R-2"" General Residential District."
5,"Article V ""R-2"" General Residential District Regulations",Section 405.180 Use Regulations.,sub-sec-5.2,https://ecode360.com/33325938,https://zoneomics.com/code/16248/chapter_5#5.2,False,0,"
A. A building or premises shall be used only for the following purposes:
1. Any use permitted in the R-1 Single-Family Residential District.
2. Single-family dwellings.
3. Two-family dwellings.
4. Multiple-family dwellings.
5. Attached single-family dwellings, subject to the provisions for site plan review as provided for in
Article XIII of this Chapter.
6. Rooming house or boardinghouse.
7. Medical clinic or office, with special use permit only.
8. Religious, educational or eleemosynary institution, but not a penal or mental institution.
9. Hospital or sanitarium, except a criminal, mental or animal hospital, with a special use permit only.
10. Nursing, rest, or convalescent home.
11. Accessory building or use customarily incidental to any of the above uses, including, but not limited to, a storage garage on a lot occupied by a multiple-family dwelling, rooming house or boardinghouse, hospital or institution, private garages, guest houses, swimming pools, home barbecue grills, customary church bulletin boards or identification signs not exceeding thirty
(30) square feet in area for permitted public and semipublic uses, and accessory off-street parking and loading spaces.
12. Customary home occupations, with a special use permit; provided that there shall be no external evidence of such occupations except a small announcement or professional sign not exceeding five
(5) square feet in area attached to the wall at the entrance to be lighted with only indirect, non-intermittent light.
13. Private club, fraternity, sorority or lodge, except one
(1) of which the chief activity is a service customarily carried on as a business.
14. Public buildings, parks, playgrounds and community centers.
15. Temporary signs pertaining to the lease, hire or sale of a building or premises on which such sign is located."
5,"Article V ""R-2"" General Residential District Regulations",Section 405.190 Parking Regulations.,sub-sec-5.3,https://ecode360.com/33325955,https://zoneomics.com/code/16248/chapter_5#5.3,False,0,"Off-street parking spaces shall be provided in accordance with the requirements for specific uses set forth in
Article XII of this Chapter."
5,"Article V ""R-2"" General Residential District Regulations",Section 405.200 Height And Area Regulations.,sub-sec-5.4,https://ecode360.com/33325956,https://zoneomics.com/code/16248/chapter_5#5.4,False,0,"The height and area regulations set forth in Articles X and XI of this
Chapter shall be observed."
6,"Article VI ""MH"" Mobile Home Park District Regulations", ,sub-sec-6,https://ecode360.com/33169587,https://zoneomics.com/code/16248/chapter_6#6,False,0,"
Section VII of Ord.
No.
233, adopted September 9, 2008, previously set out in this Article, was superseded by Ord.
No.
262, adopted 10-12-2010."
6,"Article VI ""MH"" Mobile Home Park District Regulations",Section 405.210 Applicability Of District Regulations.,sub-sec-6.1,https://ecode360.com/33325957,https://zoneomics.com/code/16248/chapter_6#6.1,False,0,"The regulations set forth in this Article, or set forth elsewhere in this
Chapter when referred to in this Article, are the district regulations in the ""MH"" Mobile Home Park District."
6,"Article VI ""MH"" Mobile Home Park District Regulations",Section 405.220 Use Regulations.,sub-sec-6.2,https://ecode360.com/33325977,https://zoneomics.com/code/16248/chapter_6#6.2,False,0,"
A. A building or premises shall be used only for the following purposes:
1. Mobile homes, in approved mobile home parks providing designated spaces for two
(2) or more mobile homes.
All mobile homes placed in approved mobile home parks shall be no older than ten
(10) years old at the date of installation.
2. Mobile homes placed on individual platted lots in an approved mobile home subdivision.
All mobile homes placed in an approved mobile home subdivision shall be no older than ten
(10) years old at the date of installation.
3. Accessory buildings incidental and subordinate to the use of mobile homes, buildings housing such facilities as laundromats, nurseries, etc., only when such facilities are intended for the use of persons residing within a mobile home park.
4. One
(1) single-family residence per mobile home park, solely intended for the residence of the Park Manager, and only when a special use permit therefor has been granted.
5. All mobile home parks shall comply with all applicable regulations of the City of Leadington governing the establishment and operation of mobile home and travel-trailer parks.
6. Single-family residences for mobile home park owners or operators only, in ""MH"" Districts.
7. Any ""R-1"" or ""R-2"" use if a special use permit therefor is granted under
Article XIII, Special Use Regulations."
6,"Article VI ""MH"" Mobile Home Park District Regulations",Section 405.230 Parking Regulations.,sub-sec-6.3,https://ecode360.com/33325986,https://zoneomics.com/code/16248/chapter_6#6.3,False,0,"A. Off-street parking spaces shall be provided according to the following standards:
1. Off-street parking space shall be provided in accordance with the requirements for specific uses set forth in
Article XII of this
Chapter and the mobile home park regulations of the City of Leadington.
2. Each mobile home space within a mobile home park, or lot within a mobile home subdivision, shall be provided with two
(2) off-driveway parking spaces with not less than four
(4) inches of crushed stone or other suitable material on a well compacted surface.
Required parking spaces may be included within the lot area required for each mobile home.
3. Height, Area And Lot Size Regulations.
In addition to the specific requirements for the ""MH"" Mobile Home Park District, all height, area and lot size regulations and exceptions set forth in Articles X and XI of this
Chapter shall be observed.
4. Lot size regulations applicable to mobile home subdivisions only.
The minimum lot size permitted shall be as follows:
a. Each lot shall contain a minimum area of not less than five thousand five hundred (5,500) square feet and have a minimum width at the street of forty
(40) feet."
6,"Article VI ""MH"" Mobile Home Park District Regulations",Section 405.240 Non-Conforming Use Of Land.,sub-sec-6.4,https://ecode360.com/33325993,https://zoneomics.com/code/16248/chapter_6#6.4,False,0,"Any mobile home located in a district other than a Mobile Home Park District from and after the effective date of this
Article shall be considered as a non-conforming use of the land under the provisions of this Article; provided, however, that the replacement of a mobile home with a newer or improved model mobile home by the owner occupying an existing mobile home in the same location under the provisions of the special use regulations of this
Article shall not be considered such a change so as to alter the pre-existing non-conforming use."
6,"Article VI ""MH"" Mobile Home Park District Regulations",Section 405.250 License And Temporary Permit.,sub-sec-6.5,https://ecode360.com/33325994,https://zoneomics.com/code/16248/chapter_6#6.5,False,0,"
A. It shall be unlawful for any person to maintain or operate a mobile home park within the limits of the City of Leadington, Missouri, unless such person shall first obtain a license therefor.
B. Any mobile home park now in existence shall be permitted to operate as it is operating on the effective date of this Article; provided, however, that the owner or operator of said mobile home park shall within three
(3) months of said date submit in duplicate to the City Clerk a plat of said mobile home park showing the location of the mobile homes now existing and also where proposed mobile home spaces are to be placed, also all roadways, water, sewer and gas connections as now located or proposed.
In the event no such plat is furnished within three
(3) months, the said mobile home park shall be subject to all the rules and regulations provided for in this
Article pertaining to a newly established mobile home park."
6,"Article VI ""MH"" Mobile Home Park District Regulations",Section 405.260 License Fees.,sub-sec-6.6,https://ecode360.com/33325997,https://zoneomics.com/code/16248/chapter_6#6.6,False,0,"The annual fee for such license shall be twenty-five dollars ($25.00) plus five dollars ($5.00) for each mobile home space over five
(5) spaces for which accommodations exist.
If the number is increased, this shall be reported to the City Clerk and the additional fee, if any, necessitated by such increase shall be paid before such additional spaces are put to use.
When a license is applied for or accommodations are increased during the license year, the fee shall be pro-rated on the basis of the number of months remaining in the license year.
A license year shall be from January 1 to December 31."
6,"Article VI ""MH"" Mobile Home Park District Regulations",Section 405.270 Application For License.,sub-sec-6.7,https://ecode360.com/33325998,https://zoneomics.com/code/16248/chapter_6#6.7,False,0,"
A. Application For Initial License.
1. Application for an initial mobile home park license shall be filed with and issued by the City Mobile Home Inspector.
The application shall be in writing, signed by the applicant and shall include the following:
a. The name and address of the applicant;
b. The location and legal description of the mobile home park; c. A complete plan of the park in conformity with the requirements of this Article.
d. Plans and specifications of all buildings, improvements and facilities constructed or to be constructed within the mobile home park; e. Such further information as may be requested by the City Mobile Home Inspector to enable him/her to determine if the proposed park will comply with legal requirements.
2. The application and all accompanying plans and specifications shall be filed in triplicate.
The City Mobile Home Inspector shall investigate the applicant and inspect the application and the proposed plans and specifications.
If the applicant is of good moral character, and the proposed mobile home park will, when constructed or altered in accordance with such plans and specifications, be in compliance with all provisions of this
Article and all other applicable ordinances and statutes, the City Mobile Home Inspector shall approve the application, and upon completion of the park according to the plans, shall issue the license.
B. Application For Renewal License.
Upon application in writing by a licensee for renewal of a license and upon payment of the annual license fee, the City Mobile Home Inspector shall issue a certificate renewing such license for another year.
C. Application For Transfer Of License.
Upon application, in writing, for transfer of a license and payment of the transfer fee of five dollars ($5.00), the City Mobile Home Inspector shall issue a transfer if the transferee meets all qualifications and requirements set forth in this
Section and is otherwise deemed of good moral character by the Inspector."
6,"Article VI ""MH"" Mobile Home Park District Regulations",Section 405.280 Location Outside Of Mobile Home Parks.,sub-sec-6.8,https://ecode360.com/33326009,https://zoneomics.com/code/16248/chapter_6#6.8,False,0,"
A. It shall be unlawful with the limits of the City of Leadington, Missouri, for any reason to park any mobile home on any street, alley, or highway or any public place or on any tract of land owned by a person, occupied or unoccupied, within the City of Leadington, Missouri, except as provided in this
Article and in the Zoning Code of the City of Leadington.
B. Emergency or temporary stopping or parking is permitted on any street, alley, or highway for not longer than two
(2) hours, subject to any further prohibitions, regulations, or limitations imposed by the traffic and parking regulations or ordinance for that street, alley or highway.
C. No person shall park or occupy any mobile home on the premises of any occupied dwelling or on any lot which is situated outside of an approved mobile home park after the passage of this Article, except as provided in the remaining provisions of this
Chapter 405, Zoning Regulations, of the Code of the City of Leadington, Missouri.
D. Any mobile home located on an individual lot outside of an approved mobile home park on the effective date of this
Article shall be considered as a non-conforming use under the provisions of this
Chapter 405, Zoning Regulations, of the City of Leadington, Missouri, which, for purposes of this Section, shall not in anywise exceed any period of thirty
(30) consecutive days.
E. The replacement of any non-conforming mobile home with a newer mobile home [no older than ten
(10) years] shall be allowed upon application to the City Planning and Zoning Commission; provided, however, the replacement is made within a three-month period of removal of the existing non-conforming mobile home and/or damaged non-conforming mobile home that has been rendered uninhabitable.
If extenuating circumstances develop, an extension of time beyond the three-month period may be granted with approval from the City Alderman.
The Planning and Zoning Commission may require any improvements in location, clearance, utility services, access, or similar features which it may deem necessary to protect the health and welfare of the occupants of the neighborhood in general.
F. Travel trailer intended primarily for recreational or camping use may be parked or stored on the premises of any dwelling occupied by the trailer owner, provided that such parking or storage shall not constitute any obstruction to proper traffic movement and that such trailer shall not be occupied for other than overnight sleeping purposes on a periodic basis which for purposes of this
Section shall not in anywise exceed any period of thirty
(30) consecutive days."
6,"Article VI ""MH"" Mobile Home Park District Regulations",Section 405.290 Permanent Use.,sub-sec-6.9,https://ecode360.com/33326016,https://zoneomics.com/code/16248/chapter_6#6.9,False,0,"
A. It shall be unlawful, hereafter, to located a mobile home any place within the City of Leadington except at a mobile home park in accordance with the terms, conditions and provisions of this Article.
B. It shall be unlawful to occupy for sleeping or other residential purposes any mobile home which has not been rendered immobile by the removing of wheels or by placing the same on a foundation or the ground unless such mobile home is constructed and located so that it complies with all other ordinance of the City of Leadington, including the provision of this Article."
6,"Article VI ""MH"" Mobile Home Park District Regulations",Section 405.300 Mobile Home Park Plan.,sub-sec-6.10,https://ecode360.com/33326019,https://zoneomics.com/code/16248/chapter_6#6.10,False,0,"
A. The mobile home park shall conform to the following requirements:
1. The park shall be located on a well-drained site properly graded to ensure rapid drainage and freedom from stagnant pools of water.
2. The minimum area for a mobile-home park and minimum lot size permitted for mobile homes and other structure shall be as follows:
a. Each mobile-home park shall contain a minimum area of not less than three thousand five hundred (3,500) square feet and a width at the front lot line of not less than forty
(40) feet.
b. Each mobile home in a mobile-home park shall occupy a designated space having at least the following minimum area:
| Length of Mobile Home | Unit Minimum Designated |
| --- | --- |
| Up to 50 feet | 3,500 square feet |
| 50 to 60 feet | 4,000 square feet |
| Over 60 feet | 4,500 square feet |
3. Mobile homes shall be so harbored on each space that there shall be at least twenty
(20) feet of clearance between mobile homes.
4. All mobile home spaces shall abut upon a driveway of not less than twenty
(20) feet in width, which shall have unobstructed access to a public street, alley or highway.
5. Walkways not less than two
(2) feet wide shall be provided from the mobile home spaces to the service buildings.
6. All driveways and walkways within the park shall be hard-surfaced and lighted at night with a minimum of one-tenth (0.1) footcandle.
7. Each mobile home lot shall be provided with an approved disconnecting device and over current protective equipment.
The minimum service per outlet shall be 120/240 volts, AC, 100 amperes."
6,"Article VI ""MH"" Mobile Home Park District Regulations",Section 405.310 Service Buildings.,sub-sec-6.11,https://ecode360.com/33326031,https://zoneomics.com/code/16248/chapter_6#6.11,False,0,"
A. Each park accommodating dependent mobile homes shall be provided with the following:
B. All service buildings and the grounds of the park shall be maintained in a clean, sightly condition and kept free of any condition that will menace the health of any occupant of the public or constitute a nuisance."
6,"Article VI ""MH"" Mobile Home Park District Regulations",Section 405.320 Fire Protection.,sub-sec-6.12,https://ecode360.com/33326038,https://zoneomics.com/code/16248/chapter_6#6.12,False,0,"Every park shall be equipped at all times with fire-extinguishing equipment in good working order, of such type, size and number and so located within the park as to satisfy the needs of the mobile home park.
No open fires shall be permitted at any place which may endanger life or property.
No fires shall be left unattended at any time."
6,"Article VI ""MH"" Mobile Home Park District Regulations",Section 405.330 Animals And Pets.,sub-sec-6.13,https://ecode360.com/33326039,https://zoneomics.com/code/16248/chapter_6#6.13,False,0,"No owner or person in charge of any dog, cat or other pet animal shall permit it to run at large or commit any nuisance within the limits of any mobile home park.
In mobile home parks, such pets shall be licensed by the City and comply with City requirements"
6,"Article VI ""MH"" Mobile Home Park District Regulations",Section 405.340 Register Of Occupants.,sub-sec-6.14,https://ecode360.com/33326040,https://zoneomics.com/code/16248/chapter_6#6.14,False,0,"
A. It shall be the duty of each licensee and permittee to keep a register containing a record of all mobile home owners and occupants located within the park.
The register shall contain the following information:
1. The name and address of each mobile home occupant;
2. The name and address of the owner of each mobile home and motor vehicle by which it is towed;
3. The make, model, year and license number of each mobile home and motor vehicle;
4. The State, territory or county issuing such licenses;
5. The date of arrival and of departure of each mobile home.
B. The park shall keep the register available for inspection at all times by law enforcement officers, public health officials and other officials whose duties necessitate acquisition of the information contained in the register.
The register record for the occupant registered shall not be destroyed for a period of three
(3) years following the date of departure of the registrant from the park."
6,"Article VI ""MH"" Mobile Home Park District Regulations",Section 405.350 Supervision.,sub-sec-6.15,https://ecode360.com/33326048,https://zoneomics.com/code/16248/chapter_6#6.15,False,0,"The licensee or permittee, or a duly authorized attendant or caretaker, shall be in charge at all times to keep the mobile home park, its facilities and equipment in a clean, orderly and sanitary condition.
The attendant or caretaker shall be answerable, with the licensee or permittee, for the violation of any provision of this
Article to which the licensee or permittee is subject."
6,"Article VI ""MH"" Mobile Home Park District Regulations",Section 405.360 Revocation Of License.,sub-sec-6.16,https://ecode360.com/33326049,https://zoneomics.com/code/16248/chapter_6#6.16,False,0,"The City Mobile Home Inspector may revoke any license to maintain and operate a park when the licensee has been found guilty by a court of competent jurisdiction of violating any provision of this Article.
After such conviction, the license may be reissued if the circumstances leading to conviction have been remedied and the park is being maintained and operated in full compliance with law."
6,"Article VI ""MH"" Mobile Home Park District Regulations",Section 405.370 Post Of License And Temporary Permit.,sub-sec-6.17,https://ecode360.com/33326050,https://zoneomics.com/code/16248/chapter_6#6.17,False,0,The license certificate or temporary permit shall be conspicuously posted in the office of or on the premises of the mobile home park at all times.
6,"Article VI ""MH"" Mobile Home Park District Regulations","Section 405.380 Adoption, Implementation And Publication Of Rules And Regulations.",sub-sec-6.18,https://ecode360.com/33326051,https://zoneomics.com/code/16248/chapter_6#6.18,False,0,"
A. Mobile Home Parks.
All mobile home park owners shall adopt and implement a set of written rules and regulations for each mobile home park which shall either specifically include the regulations contained in this
Article or which shall otherwise attach a copy of the ordinance and incorporate its terms by reference.
Said written rules and regulations shall initially be provided to each mobile home park resident within thirty
(30) days after the effective date of this
Article and at such time as any new resident shall move into the mobile home park, and a copy shall be available for inspection by mobile home park residents at the main office of the mobile home park.
B. Approved Mobile Home Subdivisions.
All developers of approved mobile home subdivisions shall, prior to or at the time of closing upon the sale of any lot within such subdivision, disclose to and provide the purchaser with a copy of this
Article which shall then be in effect.
Each deed or other instrument conveying any such lot after the effective date of this
Article shall specifically state that the conveyance is subject to the rules, regulations and provisions contained in this
Chapter 405, Zoning Regulations, of the Code of the City of Leadington."
6,"Article VI ""MH"" Mobile Home Park District Regulations",Section 405.390 Mobile Home Stands.,sub-sec-6.19,https://ecode360.com/33326054,https://zoneomics.com/code/16248/chapter_6#6.19,False,0,"
A. The area of the mobile home stand shall be improved to provide an adequate foundation for the placement and tie-down of the mobile home, thereby securing the superstructure against uplift, sliding, rotation and overturning.
1. Construction.
The mobile home stand shall be constructed in such a manner that it will not heave, shift or settle unevenly under the weight of the mobile home due to inadequate drainage, vibration or other forces acting on the superstructure.
The mobile home stand shall be constructed at a minimum with six-inch deep by thirty-inch wide poured concrete ribbons with a six
(6) by six
(6) number ten
(10) wire mesh reinforcing and of sufficient length to support all wheels and undercarriage supports of any mobile home that may be placed on the mobile home stand.
2. Anchors Required.
The mobile home stand shall be provided with anchors, arrowhead anchors or other devices ensuring the stability of the mobile home.
3. Anchor Design.
Tie-down or anchors shall be placed at least at each corner of the mobile home stand to provide a readily accessible anchor for the mobile home and each shall be able to sustain a minimum tensile strength of two thousand eight hundred (2,800) pounds.
4. Skirting Required.
Skirting of a permanent type material and construction shall be installed to enclose the open space between the bottom of a mobile home floor and the grade level of the mobile home stand and shall be so constructed to provide substantial resistance to heavy winds, thereby alleviating to the maximum extent possible lifting action created on the underside of the mobile home by heavy winds.
5. Skirting Standards.
Sufficient screened ventilating area shall be installed in the skirting to supply the combustion requirements of heating units and other ventilating requirements of the mobile home.
Provision shall be made for each removal of a section large enough to permit access for inspection of the enclosed area under the mobile home and for repairs on sewer and water riser connections.
6. Skirting Maintained.
Skirting shall be maintained in an attractive manner consistent with the exterior of the mobile home and to preserve the appearance of the mobile home park."
6,"Article VI ""MH"" Mobile Home Park District Regulations",Section 405.400 Water Supply.,sub-sec-6.20,https://ecode360.com/33326062,https://zoneomics.com/code/16248/chapter_6#6.20,False,0,"
A. All water supply systems of the mobile home park shall be connected by pipes to all mobile homes, buildings and other facilities requiring water.
Connections shall be made to and exclusively supplied through the City of Park Hills Water System.
1. Construction And Maintenance.
All water piping, fixtures and other equipment shall be constructed and maintained in accordance with State and local regulations and requirements and shall be of a type and in locations approved by the health authority and the Park Hills Water Department."
6,"Article VI ""MH"" Mobile Home Park District Regulations",Section 405.410 Individual Water Riser Pipes And Connections.,sub-sec-6.21,https://ecode360.com/33326065,https://zoneomics.com/code/16248/chapter_6#6.21,False,0,"
A. Location.
Individual water riser pipes shall be located within the confined area of the mobile home stand at a point where the water connection will approximate a vertical position.
B. Riser Pipes.
Water riser pipes shall extend at least to ground level.
The pipe shall be at least three-fourth (3/4) inch.
The water outlet shall be capped when a mobile home does not occupy the lot.
C. Freeze Protection.
Adequate provisions shall be made to prevent freezing of service lines, valves, riser pipes and to protect risers from heaving and thawing actions of ground during freezing weather.
Surface drainage shall be diverted from the location of the riser pipe.
D. Shut-Off Value.
A shut-off valve below the frost line shall be provided near the water riser pipe on each mobile home lot."
6,"Article VI ""MH"" Mobile Home Park District Regulations",Section 405.420 Sewer Disposal.,sub-sec-6.22,https://ecode360.com/33326070,https://zoneomics.com/code/16248/chapter_6#6.22,False,0,"
A. An adequate and safe sewerage system shall be provided in all mobile home parks for conveying and disposing of all sewage.
Such system shall be designed, constructed and maintained in accordance with State and local laws.
1. Sewer Lines.
All sewer mains and laterals shall be constructed according to specifications of the City of Park Hills and connected to the City sewer system or a sewerage system approved by the City."
6,"Article VI ""MH"" Mobile Home Park District Regulations",Section 405.430 Sewer Connections.,sub-sec-6.23,https://ecode360.com/33326073,https://zoneomics.com/code/16248/chapter_6#6.23,False,0,"A. Riser Pipe.
Each mobile home stand shall be provided with at lease a four-inch diameter sewer riser pipe.
The sewer riser pipe shall be so located on each standard that the sewer connection to the mobile home drain outlet will approximate a vertical position.
B. Connection.
The sewer connection shall have a minimum inside diameter of three
(3) inches and the slope thereof shall be not less than one-fourth (1/4) inch per foot.
The sewer connection shall consist of one
(1) pipe line only without any branch fittings.
All joints shall be air- and water-tight.
C. Materials.
All materials used for sewers and sewer connections shall be semirigid, corrosive-resistant, non-absorbent and durable.
The inner surface shall be smooth.
D. Drainage; Plug.
Provision shall be made for plugging the sewer riser pipe when a mobile home does not occupy the lot.
Surface drainage shall be diverted away from the riser.
The rim of the riser pipe shall extend at least to ground level."
6,"Article VI ""MH"" Mobile Home Park District Regulations",Section 405.440 Electrical Service Drop.,sub-sec-6.24,https://ecode360.com/33326078,https://zoneomics.com/code/16248/chapter_6#6.24,False,0,Main electrical power lines shall be constructed underground according to local electric utility specifications.
6,"Article VI ""MH"" Mobile Home Park District Regulations",Section 405.450 Individual Electric Connections.,sub-sec-6.25,https://ecode360.com/33326079,https://zoneomics.com/code/16248/chapter_6#6.25,False,0,"
A. Service Entrance.
Each mobile home stand shall be provided with an approved disconnecting device and over current protective equipment within mobile home stand.
The minimum service per mobile home stand outlet shall be according to City specifications.
B. Electric Park Receptacles.
Outlet receptacles at each mobile home stand shall be located not more than twenty-five
(25) feet from the over current protective devices in the mobile home and a three-pole, four-wire grounding type shall be used.
Receptacles shall be of weather proof construction and configurations shall be in accordance with ""Standard for Mobile Homes USAS A119.1"" published by the United States of American Standards Institute or similar equipment meeting the approval of the City electrical code.
C. Cable Connections.
The mobile home shall be connected to the outlet receptacle by an approved type of flexible cable with connectors and a male attachment plug.
However, where the calculated load of the mobile home is between fifty
(50) and one hundred
(100) amperes, a second fifty-ampere power supply assembly may be installed or an electrical service shall be provided by means of permanently installed conductors.
D. Supply Wire.
Where the calculated load exceeds one hundred
(100) amperes, or where a permanent feeder is used, the supply shall be by means of a four-wire installation according to City specifications.
E. Required Grounding.
All exposed non-current carrying metal parts of mobile homes and all equipment having electrical connections shall be grounded by means of an approved ground conductor with branch circuit conductors or other approved method of grounded metallic wiring.
The neutral conductor shall not be used as a ground for mobile homes or other electrical equipment."
6,"Article VI ""MH"" Mobile Home Park District Regulations",Section 405.460 Required Separation Between Mobile Homes And Appurtenances.,sub-sec-6.26,https://ecode360.com/33326085,https://zoneomics.com/code/16248/chapter_6#6.26,False,0,"
A. Mobile Homes And Appurtenances.
Every mobile home shall be separated from other mobile homes and appurtenances on adjacent lots by a minimum separate of twenty
(20) feet.
B. Attachments.
Appurtenances attached to a mobile home shall be provided with a minimum of twenty
(20) feet from any other attached appurtenance on an adjacent lot, any mobile home on an adjacent lot, and any accessory building on an adjacent lot.
C. Detached Appurtenances.
There shall be provided and maintained a minimum distance of ten
(10) feet between any detached appurtenances and any other detached appurtenances on the same lot, any mobile home on the same lot, any detached appurtenance on an adjacent lot, and any mobile home on an adjacent lot."
6,"Article VI ""MH"" Mobile Home Park District Regulations",Section 405.470 Appurtenances.,sub-sec-6.27,https://ecode360.com/33326089,https://zoneomics.com/code/16248/chapter_6#6.27,False,0,All appurtenances shall be presented to the Planning and Zoning Committee for review and possible building permit issuance.
6,"Article VI ""MH"" Mobile Home Park District Regulations",Section 405.480 Refuse.,sub-sec-6.28,https://ecode360.com/33326090,https://zoneomics.com/code/16248/chapter_6#6.28,False,0,"
A. Standard Of Service.
The storage, collection and disposal of refuse in the mobile home park shall be so conducted as to create no health hazards, including, but not limited to, rodent harborage, insect breeding areas, accident or fire hazards or air pollution.
B. Storage.
All refuse shall be stored in fly-tight, water-tight, rodent-proof containers which shall be located not more than three hundred (300) feet from any mobile home lot they service.
Containers shall be provided insufficient number and capacity to properly store all refuse.
C. Collections Stands.
Refuse collection stands consisting of a holder or rack elevated at least twelve
(12) inches above ground level, or an impervious slab at ground level, shall be provided for all refuse containers.
Such container stands shall be so designed as to prevent containers from being tipped, to minimize spillage and container deterioration and to facilitate cleaning around them.
D. Collection.
All refuse containing garbage shall be collected at least twice weekly.
Where suitable collection service is not available from municipal or private agencies, the mobile home park operator shall provide this service.
All refuse shall be collected and transported in covered vehicles or covered containers."
6,"Article VI ""MH"" Mobile Home Park District Regulations",Section 405.490 Insect And Rodent Control And Other Noxious Growths.,sub-sec-6.29,https://ecode360.com/33326095,https://zoneomics.com/code/16248/chapter_6#6.29,False,0,"A. Insect Control.
Grounds, buildings and structures shall be maintained free of insect and rodent harborage and infestation.
Extermination methods and other measures to control insects and rodents shall conform to the requirements of the health authority.
B. Debris.
Parks shall remain free of accumulations of debris which may provide rodent harborage or breeding places for flies, mosquitoes and other pests.
C. Storage Areas.
Storage areas shall be so maintained as to prevent rodent harborage; lumber, pipe, and other building material shall be stored at least one
(1) foot above ground."
7,"Article VII ""C-1"" General Commercial District Regulations",Section 405.540 Applicability Of District Regulations.,sub-sec-7.1,https://ecode360.com/33326099,https://zoneomics.com/code/16248/chapter_7#7.1,False,0,"The regulations set forth in this Article, or set forth elsewhere in this
Chapter when referred to in this Article, are the regulations of the ""C-1"" General Commercial District."
7,"Article VII ""C-1"" General Commercial District Regulations",Section 405.550 Use Regulations.,sub-sec-7.2,https://ecode360.com/33326100,https://zoneomics.com/code/16248/chapter_7#7.2,False,0,"
A. A building or premises shall be used only for the following purposes:
1. Any use permitted in the ""R-1"" and ""R-2"" Residential Districts.
2. Automobile parking lots, automobile or trailer display or storage lot and sales room.
3. Bowling alleys, dance halls, or skating rinks.
4. Dressmaking, tailoring, shoe repairing, repair of household appliances, dry cleaning and pressing, and bakery with sale of bakery products on the premises and other uses of a similar character.
5. Farm machinery and equipment sales and repair.
6. Funeral homes or mortuaries.
7. Hotels and motels.
8. Offices and office buildings.
9. Commercial garages and automobile repair shops.
10. Automobile service and filling stations, provided that storage tanks for these facilities meet the requirements imposed by the State of Missouri.
11. Automobile washing, including the use of mechanical conveyors, blowers, and steam cleaning.
12. Bicycle and motorcycle repair, sales, and rental.
13. Furniture, clothing, retail food, drug, hardware, household appliance, gift and book, sporting goods, photo supply, variety, and similar retail stores.
14. Banks, savings and loan, and similar financial institutions.
15. Personal service uses, including barber shops, beauty parlors, photographic or artist studios, taxicabs, newspaper or telegraphic service stations, dry cleaning receiving stations, self-service laundries, and other personal service uses of a similar character.
16. Feed and seed stores, florist shops, and greenhouses.
17. Restaurants and cafes.
18. Theaters, assembly halls, and drive-in restaurants, with special use permit.
19. Building material yards wholly within an enclosed structure and with no millwork done out of doors.
20. Bus passenger terminals.
21. Tire sales and service.
22. Veterinarian or animal hospital, with special use permit.
23. Liquor stores, package goods only.
24. General service and repair establishments, including dyeing or cleaning works or laundry, plumbing and heating, air conditioning, printing, upholstering, or tinsmithing.
25. Any other type of retail store not specifically permitted herein when authorized by the Board of Aldermen after receipt of review and recommendations from the Planning and Zoning Commission.
26. Uses customarily incidental to any of the above uses and accessory buildings when located on the same premises.
27. Outdoor advertising structure or non-flashing sign pertaining only to the use or uses conducted within the building on the same premises as the sign, provided that any sign or display in excess of thirty
(30) feet in area shall be attached flat against a wall of the building on the premises and in no case shall any sign or display project above the roofline, except a single sign no larger than twelve
(12) feet by thirty-two
(32) feet shall be permitted on any premises that is at least six
(6) acres in total land area.
28. Commercial radio, television or microwave towers with special use permit providing the application for the special use permit addresses:
a. The tower shall be no more than two hundred fifty (250) feet in height;
b. No two
(2) towers shall be located within a one-square mile radius which distance is measured from the center of the base of the tower; c. No tower shall be situated within five hundred (500) feet of any residential structure; d. The minimum standard setback from all adjoining property boundaries shall be equal to one
(1) foot of setback for each foot of tower height; e. A determination has been made acceptable to the City that there are no other suitable sites within a one-mile radius of the proposed tower site; f. If tower is constructed it shall be three
(3) times the capacity of intended use in order that secondary users could lease the balance of the tower capacity at a reasonable rate; g. The design of the tower compound shall maximize use of building materials, colors, textures, screening and landscaping that effectively blend the tower facilities within the surrounding natural setting and built environment; and h. The owner of the tower agrees that it will be removed at the owner's expense should it be no longer in use for its original communications purpose.
Said owner shall agree to provide the City with a copy of the notice to the FCC of intent to cease operations and shall be given ninety
(90) days from the date of ceasing operations to remove the obsolete tower and accessory structures.
In the case of multiple operators sharing the use of a single tower, this provision shall not become effective until all users cease operations.
The equipment on the ground is not to be removed; however, until the tower structure has first been dismantled and removed.
29. Medical marijuana dispensary facility, as defined in the Missouri Constitution,
Article XIV,
Section 1.
30. Medical marijuana cultivation facility, medical marijuana infused products manufacturing facility and medical marijuana testing facility, as defined in the Missouri Constitution,
Article XIV,
Section 1."
7,"Article VII ""C-1"" General Commercial District Regulations",Section 405.560 Parking Regulations.,sub-sec-7.3,https://ecode360.com/33326138,https://zoneomics.com/code/16248/chapter_7#7.3,False,0,"Off-street parking spaces shall be provided in accordance with the requirements for specific uses set forth in
Article XII of this Chapter."
7,"Article VII ""C-1"" General Commercial District Regulations",Section 405.570 Height And Area Regulations.,sub-sec-7.4,https://ecode360.com/33326139,https://zoneomics.com/code/16248/chapter_7#7.4,False,0,"The height and area regulations set forth in Articles X and XI of this
Chapter shall be observed."
8,"Article VIII ""I"" Industrial District Regulations",Section 405.580 Applicability Of District Regulations.,sub-sec-8.1,https://ecode360.com/33326140,https://zoneomics.com/code/16248/chapter_8#8.1,False,0,"The regulations set forth in this Article, or set forth elsewhere in this
Chapter when referred to in this Article, are the regulations in the ""I"" Industrial District."
8,"Article VIII ""I"" Industrial District Regulations",Section 405.590 Use Regulations.,sub-sec-8.2,https://ecode360.com/33326141,https://zoneomics.com/code/16248/chapter_8#8.2,False,0,"
A. A building or premises shall be used only for the following purposes:
1. Any non-residential use permitted in the ""C-1"" General Commercial District.
2. Wholesale merchandising or storage warehouses.
3. Storage firms.
4. Ice plants.
5. Dairies.
6. Research and development organizations.
7. Sheet metal, welding, and machine shops.
8. Manufacture or assembly of clothing, shoes, or other wearing apparel.
9. Grain processing.
10. Automobile wrecking, cars and parts, storage and sale with a special use permit only.
11. Junk and salvage yards or recycling centers (metal, paper, rags, waste or glass) storage, treatment and bailing with a special use permit only.
12. Central mixing plants for concrete, mortar, plaster or paving materials.
13. Farming and associated agricultural uses, provided that a special use permit is granted.
14. Any other use not in conflict with the enacted laws of the State of Missouri or the City of Leadington regulating nuisances, provided that no use emitting or likely to emit substantial amounts of dust, odor, gas, smoke, or noise, and none of the following specific uses, shall be permitted unless approved by the Board of Aldermen, after a review and report of the Planning and Zoning Commission, subject to such requirements as it may deem necessary to protect adjacent property and prevent objectionable or offensive conditions:
a. Acid manufacture.
b. Distillation of bones.
c. Explosive manufacture or storage.
d. Fat rendering.
e. Fertilizer manufacture.
f. Garbage, offal or dead animal reduction or dumping.
g. Glue manufacture.
h. Stockyards or slaughter of animals.
i. Wholesale storage of gasoline.
j. Any similar use that would be hazardous to the public health, safety or welfare.
B. In authorizing any of the uses in this Section, there may be imposed such reasonable requirements as to landscaping, screening and other features of the development as are deemed necessary to protect adjacent property and prevent objectionable or hazardous conditions."
8,"Article VIII ""I"" Industrial District Regulations",Section 405.600 Parking Regulations.,sub-sec-8.3,https://ecode360.com/33326168,https://zoneomics.com/code/16248/chapter_8#8.3,False,0,"Off-street parking spaces shall be provided in accordance with the requirements for specific uses set forth in
Article XII of this Chapter."
8,"Article VIII ""I"" Industrial District Regulations",Section 405.610 Height And Area Regulations.,sub-sec-8.4,https://ecode360.com/33326169,https://zoneomics.com/code/16248/chapter_8#8.4,False,0,"The height and area regulations set forth in Articles X and XI of this
Chapter shall be observed."
8,"Article VIII ""I"" Industrial District Regulations",Section 405.620 Buffer Areas.,sub-sec-8.5,https://ecode360.com/33326170,https://zoneomics.com/code/16248/chapter_8#8.5,False,0,"Where industrial uses abut a residential district, an adequate buffer, or screen, shall be provided to visually screen the industrial use from the residential area.
The buffer shall consist of a planting screen of suitable shrubbery maintained at a minimum height of eight
(8) feet and being a minimum of eight
(8) feet wide, or suitable fencing a minimum of eight
(8) feet in height."
9,Article IX Non-Conforming Uses,Section 405.630 Continuation.,sub-sec-9.1,https://ecode360.com/33326171,https://zoneomics.com/code/16248/chapter_9#9.1,False,0,"The lawful use of a building existing at the time of the adoption of this
Chapter may be continued even though such use does not conform with the provisions hereof, except that nonconforming use buildings may be enlarged up to fifty percent (50%) of their building area existing on the effective date of this Chapter, or at the effective date of any subsequent amendments or changes as a result of which a building becomes nonconforming."
9,Article IX Non-Conforming Uses,Section 405.640 Change Of Use.,sub-sec-9.2,https://ecode360.com/33326172,https://zoneomics.com/code/16248/chapter_9#9.2,False,0,"If no structural alterations are made, a nonconforming use of a building may be changed to another nonconforming use of the same, or more restricted, classification.
The foregoing provisions shall also apply to nonconforming uses in districts as may be hereafter changed.
Whenever a nonconforming use of a building has been changed to a more restricted use, or to a conforming use, such use shall not thereafter be changed to a less restricted use."
9,Article IX Non-Conforming Uses,Section 405.650 Restoration.,sub-sec-9.3,https://ecode360.com/33326173,https://zoneomics.com/code/16248/chapter_9#9.3,False,0,"When a building, the use of which does not conform to the provisions of this Chapter, is damaged by fire, explosion, act of God, or the public enemy to the extent of more than sixty-five percent (65%) of its fair market value, it may only be restored upon the issuance of a permit by the Board of Adjustment as provided in
Article XVII of this Chapter."
9,Article IX Non-Conforming Uses,Section 405.660 Discontinued Use.,sub-sec-9.4,https://ecode360.com/33326174,https://zoneomics.com/code/16248/chapter_9#9.4,False,0,"In the event that a nonconforming use of any building or premises is discontinued, or its normal operation stopped for a period of ten
(10) days, the use of the same shall thereafter conform to the use permitted in the district in which it is located."
9,Article IX Non-Conforming Uses,Section 405.670 Extension Of Use To Building.,sub-sec-9.5,https://ecode360.com/33326175,https://zoneomics.com/code/16248/chapter_9#9.5,False,0,"A nonconforming use occupying only a portion of a building may be extended throughout the building, if the same has been lawfully acquired and actually devoted to such use previous to the adoption of this Chapter, or to any affecting amendments thereof."
9,Article IX Non-Conforming Uses,Section 405.680 Change In Zoning Requirements Or District Boundaries.,sub-sec-9.6,https://ecode360.com/33326176,https://zoneomics.com/code/16248/chapter_9#9.6,False,0,"Whenever the use of a building becomes nonconforming through a change in zoning requirements or district boundaries, such use may be continued, and if no structural alterations are made, it may be changed to another nonconforming use of the same or a more restricted classification."
10,Article X Height And Area Regulations,Section 405.690 Height And Area Regulations Table.,sub-sec-10.1,https://ecode360.com/33326177,https://zoneomics.com/code/16248/chapter_10#10.1,False,0,The Height and Area Regulations table is included as an attachment to this Chapter.
11,Article XI Height And Area Exceptions And Modifications,Section 405.700 Interpretation.,sub-sec-11.1,https://ecode360.com/33326178,https://zoneomics.com/code/16248/chapter_11#11.1,False,0,"The district regulations hereinafter set forth in this
Article qualify or supplement, as the case may be, the district regulations appearing elsewhere in this Chapter."
11,Article XI Height And Area Exceptions And Modifications,Section 405.710 General Area Exceptions And Modifications.,sub-sec-11.2,https://ecode360.com/33326179,https://zoneomics.com/code/16248/chapter_11#11.2,False,0,"
A. Minimum lot area and lot width requirements shall not apply to lots of record as of the effective date of this Chapter.
(See
Section 405.020 of this Chapter, definition of ""lot of record."")
B. No basement or cellar shall be occupied for residential purposes until the remainder of the building has been substantially completed.
C. Where a lot or tract is used for farming, or for a commercial or industrial purpose, more than one
(1) main building may be located upon the lot or tract, but only when such buildings conform to all open space requirements around the lot for the district in which the lot or tract is located.
D. In the event that a lot is to be occupied by a group of two
(2) or more related buildings to be used for multiple dwelling, institutional, motel or hotel purposes, there may be more than one
(1) main building on the lot; provided, however, that the open spaces between buildings that are parallel, or within forty-five degrees (45°) of being parallel, shall have a minimum width at the narrowest space of twenty
(20) feet for one-story buildings, and thirty
(30) feet for two-story buildings.
E. Where an open space is more than fifty percent (50%) surrounded by a building, the minimum width of the open space shall be at least twenty
(20) feet for one-story buildings, and thirty
(30) feet for two-story buildings.
F. Every part of a required yard shall be open to the sky, unobstructed by any structure, except for the projection of sills, belt courses, cornices, and ornaments and features which are not to exceed twelve
(12) inches.
The twelve-inch limitation shall apply to commercial and industrial property only."
11,Article XI Height And Area Exceptions And Modifications,Section 405.720 Front Yard Exceptions And Modifications.,sub-sec-11.3,https://ecode360.com/33326186,https://zoneomics.com/code/16248/chapter_11#11.3,False,0,"
A. Where lots have double frontage, the required front yard shall be provided on both streets.
B. An open, unenclosed porch, or paved terrace, may project into a front yard for a distance not exceeding ten
(10) feet.
An unenclosed vestibule, containing not more than forty
(40) square feet, may project into a front yard for a distance not to exceed four
(4) feet.
C. The front yards hereto established shall be adjusted in the following cases:
1. Where fifty percent (50%) or more of the frontage on the same side of a street between two
(2) intersecting streets is developed with two
(2) or more buildings that have [with a variation of five
(5) feet or less] a front yard greater in depth than herein required, new buildings shall not be erected closer to the street than the front yard so established by the existing building nearest the street line.
2. Where forty percent (40%) or more of the frontage on one
(1) side of a street between two
(2) intersecting streets is developed with two
(2) or more buildings that have a front yard of less depth than herein required, then:
a. Where a building is to be erected on a parcel of land that is within one hundred
(100) feet of existing buildings on both sides, the minimum front yard shall be a line drawn between the two
(2) closest front corners of the adjacent building on each side; or
b. Where a building is to be erected on a parcel of land that is within one hundred
(100) feet of an existing building on one
(1) side only, such building may be erected as close to the street as the existing adjacent building."
11,Article XI Height And Area Exceptions And Modifications,Section 405.730 Side Yard Exceptions And Modifications.,sub-sec-11.4,https://ecode360.com/33326194,https://zoneomics.com/code/16248/chapter_11#11.4,False,0,"
A. The required side yard on the street side of a corner lot shall be the same as the required front yard on such street, except that the building width shall not be reduced to less than thirty-two
(32) feet, and no accessory building shall project beyond the required front yard on either street.
B. For the purpose of the side yard regulations, a two-family dwelling or a multiple-family dwelling shall be considered as one
(1) building occupying one
(1) lot.
C. No side yards are required where dwelling units are erected above commercial or industrial structures.
D. Terraces, uncovered porches, platforms, and ornamental features which do not extend more than three
(3) feet above the floor level of the ground story may project into a required yard, provided these projections be distant at least two
(2) feet from the adjacent side lot line.
E. Whenever a lot of record as of the effective date of this
Chapter has a width less than that required for the district in which it is located, the side yards may be reduced to a width of not less than ten percent (10%) of the width of the lot, but in no instance shall it be less than five
(5) feet."
11,Article XI Height And Area Exceptions And Modifications,Section 405.740 Rear Yard Exceptions And Modifications.,sub-sec-11.5,https://ecode360.com/33326200,https://zoneomics.com/code/16248/chapter_11#11.5,False,0,"Open-lattice enclosed fire escapes, fireproof outside stairways, and balconies opening upon fire towers, and the ordinary projections of chimneys and rules into the rear yard may be permitted for a distance of not more than three and one-half (3 1/2) feet and where the same are so placed as not to obstruct light and ventilation."
11,Article XI Height And Area Exceptions And Modifications,Section 405.750 Accessory Building Exceptions And Modifications.,sub-sec-11.6,https://ecode360.com/33326201,https://zoneomics.com/code/16248/chapter_11#11.6,False,0,"
A. No accessory buildings shall be constructed upon a lot until the construction of the main building has been actually commenced, and no accessory building shall be used for dwelling purposes, other than by domestic servants employed entirely on the premises.
B. Accessory buildings may be built in a required rear yard but such accessory buildings shall not occupy more than thirty percent (30%) of a required rear yard and shall not be nearer than five
(5) feet to any side or rear lot line, except that when a garage is entered from an alley, it shall not be located closer than ten
(10) feet to the alley line.
If a garage is located closer than ten
(10) feet to the main building, the garage shall be regarded as part of the main building for the purposes of determining side and rear yards."
11,Article XI Height And Area Exceptions And Modifications,Section 405.760 Height Exceptions And Modifications.,sub-sec-11.7,https://ecode360.com/33326204,https://zoneomics.com/code/16248/chapter_11#11.7,False,0,"
A. Public, semipublic, or public-service buildings, hospitals, institutions or schools, when permitted in a district, may be erected to a height not exceeding sixty
(60) feet if the building is set back from each yard line at least one
(1) foot for each two
(2) feet of additional building height above the height limit otherwise provided in the district in which the building is located.
B. Chimneys, church steeples, cooling towers, elevator bulkheads, fire towers, monuments, stacks, stage towers or scenery lofts, tanks, water towers, ornamental towers, spires, wireless towers, grain elevators, or necessary mechanical appurtenances, are exempt from the height regulations as contained herein."
12,Article XII Off-Street Parking Regulations,Section 405.770 Lot Space Required.,sub-sec-12.1,https://ecode360.com/33326207,https://zoneomics.com/code/16248/chapter_12#12.1,False,0,"
A. No building shall be erected, enlarged to the extent of increasing the floor area by as much as fifty percent (50%), or changed in use unless there is provided on the lot space for the parking of automobiles or trucks in accordance with the following requirements:
1. Bowling alley: five
(5) parking spaces for each alley.
2. Business, professional or public office building, studio, bank, medical or dental clinic: three
(3) parking spaces plus one
(1) additional parking space for each four hundred (400) square feet of floor area over one thousand (1,000) square feet.
3. Church: one
(1) parking space for each eight
(8) seats in the main auditorium.
4. College or school: one
(1) parking space for each eight
(8) seats in the main auditorium or three
(3) spaces for each classroom, whichever is greater.
5. Community center, library, museum or art gallery: ten
(10) parking spaces plus one
(1) additional space for each three hundred (300) square feet of floor area in excess of two thousand (2,000) square feet.
6. Dwellings: one
(1) parking space for each dwelling unit.
7. Hospital, sanitarium, home for the aged, or similar institution: one
(1) parking space for each four
(4) beds.
8. Hotels and motels: one
(1) parking space for each rental unit plus one
(1) space for each two hundred (200) square feet of commercial floor area contained therein.
9. Manufacturing or industrial establishment, research or testing laboratory, creamery, bottling plant, warehouse or similar establishment: one
(1) parking space for every two
(2) employees on the maximum working shift plus space to accommodate all trucks and other vehicles used in connection therewith.
10. Mortuary or funeral home: one
(1) parking space for each fifty
(50) square feet of floor space in slumber rooms, parlors and individual funeral service rooms.
11. Private club or lodge: one
(1) parking space for every ten
(10) members.
12. Restaurant, night club, cafe, or similar recreation or amusement establishment: one
(1) parking space for each one hundred
(100) square feet of floor area.
13. Retail store or personal service establishment: one
(1) parking space for each two hundred (200) square feet of floor area.
14. Rooming or lodging house: one
(1) parking space for each two
(2) sleeping rooms.
15. Sports arena, stadium or gymnasium (except school): one
(1) parking space for each five
(5) seats or seating spaces.
16. Theater or auditorium (except school): one
(1) parking space for each five
(5) seats or bench seating spaces."
13,Article XIII Special Use Regulations,Section 405.780 Authority To Grant Special Uses.,sub-sec-13.1,https://ecode360.com/33326225,https://zoneomics.com/code/16248/chapter_13#13.1,False,0,"
A. Subject to the provisions of this Article, the Board of Aldermen of the City of Leadington may, after public hearing before the Board of Aldermen, and after study and report by the City Planning and Zoning Commission, authorize special uses in any district as herein qualified from which the uses are otherwise prohibited based on whether such building or use will:
1. Substantially increase traffic hazards or congestion.
2. Adversely affect the character of the neighborhood.
3. Substantially increase fire hazards.
4. Adversely affect the general welfare of the community.
5. Overtax public utilities.
6. Be in conflict with the Comprehensive City Plan.
B. If the Board's finding should be negative to the above, then the application may be granted; if affirmative as to any subject, then such permit shall be denied.
In the granting of a special use permit, the Board of Aldermen may impose, and the City Planning and Zoning Commission may recommend, appropriate conditions and safeguards as may be deemed necessary to ensure compliance with the requirements of this chapter and to protect adjacent property and conserve property values.
C. Applications for special use permits shall be made and processed in the same manner as provided for zoning amendments in
Article XVIII of this Chapter.
D. The following special uses are authorized, providing they comply with all the regulations set forth in this
Chapter for the district in which such use is located, except that the Board of Aldermen may permit hospitals and institutions to exceed the height limitations of such district:
1. Customary home occupations in ""A"" Agricultural or ""R-1"" and ""R-2"" Residential Districts.
2. Greenhouse or nursery.
3. Airports or landing field or strip for aircraft.
4. Any ""R-1"" or ""R-2"" District use in an ""MH"" District.
5. Replacement of a mobile home that is occupied by the owner and that constitutes a nonconforming use with a new mobile home, or placement of a single mobile home in any district for emergency or temporary use only.
6. Private educational institutions.
7. Drive-in restaurant or theater in ""C-1"" District.
8. Commercial, recreational, or amusement development for temporary or seasonal periods.
9. Commercial radio tower or broadcasting station.
10. Riding stables.
11. Hospitals and institutions of an educational, religious, charitable, or philanthropic nature, and criminal, mental or animal hospitals.
12. Cemetery or mausoleum.
13. Removal of gravel, topsoil or similar natural materials, with safeguards for the protection of adjoining property and the community as a whole.
14. Certain heavy industrial uses as required in
Article VIII of this Chapter.
15. Buildings in excess of the height and story requirements set forth in Articles X and XI of this Chapter.
16. Parking lots on land in ""R-1"" and ""R-2"" Districts, within three hundred (300) feet from the boundary of any ""C-1"" or ""I"" District, provided the following standards are met:
a. Ingress and egress to such lot shall be from a street directly serving the commercial, business or industrial district.
b. No business involving the repair or service of vehicles, or sale, or display thereof shall be conducted from or upon such parking areas.
c. No structures shall be erected on the parking area except as provided for under Subsection (D)(16)(g) hereof.
d. No sign shall be erected on the parking area except as approved by the Board of Aldermen.
e. Parking areas shall be used for parking patrons, private passenger vehicles only, and no charge shall be made for parking within such premises.
f. The parking shall be setback in conformity with the established or required yards for residential uses and, where a parking area adjoins a dwelling use, it shall have a minimum side yard of ten
(10) feet.
g. The parking area shall be suitably screened or fenced, paved and drained, lighted and maintained free of debris.
17. All uses for which special use permits are required by other sections of this Chapter."
13,Article XIII Special Use Regulations,Section 405.790 Site Plan Review.,sub-sec-13.2,https://ecode360.com/33326260,https://zoneomics.com/code/16248/chapter_13#13.2,False,0,"
A. The purpose of site plan review is to ensure that the design and layout of certain developments permitted will constitute suitable development and will not result in a detriment to the neighborhood or the environment.
All proposals for attached single-family dwelling units are subject to the provisions of this Article, and no attached single-family dwelling units shall be erected, or externally enlarged, except in conformity with a site plan bearing an endorsement of approval from the Board of Aldermen.
B. All applications for site plan review shall be made and processed in the same manner as provided for zoning amendments in
Article XVIII of this Chapter.
An applicant for site plan review shall file a copy of an application form and a site plan with the Board of Aldermen.
Unless this requirement is waived by the Board of Aldermen, the site plan shall be prepared by a registered professional engineer, architect, or landscape architect.
The site plan shall include and be accompanied by the following items and information:
1. The site plan shall show all existing and proposed buildings, existing and proposed contour elevations, structures, parking spaces, driveway openings, driveways, service areas, facilities for sewage, refuse and other waste disposal and for surface water drainage, and landscape features such as fences, walls, planting areas, walks and lighting, both existing and proposed.
The site plan shall also show the relation of the above features to adjacent ways and properties.
The site plan shall also show all contiguous land owned by the applicant or by the owner of the property which is the subject of the application.
2. The applicant shall submit such material as may be required regarding design features intended to integrate the proposed new development into the existing landscape, to enhance aesthetic assets, and to screen objectionable features from neighbors."
14,Article XIV Stormwater Regulations,Section 405.800 Purpose.,sub-sec-14.1,https://ecode360.com/33326265,https://zoneomics.com/code/16248/chapter_14#14.1,False,0,"The purpose of this
Article is to lessen or avoid hazards to persons and property caused by uncontrolled stormwater runoff or by obstructions to drainage and to lessen the degradation of the quality of surface runoff."
14,Article XIV Stormwater Regulations,Section 405.810 Applicability.,sub-sec-14.2,https://ecode360.com/33326331,https://zoneomics.com/code/16248/chapter_14#14.2,False,0,"
A. Any person or entity shall, prior to commencement of any work, construction or development activity which is subject to the regulations contained in this Article:
1. Submit to the Administrative Officer an application, in accordance with the provisions of this Article, for approval of the stormwater management plan; and
2. Obtain a permit therefor.
B. A stormwater management plan shall be required of any subdivision which has been platted, but for which no development work or construction has yet been done, unless the developer of such subdivision has already submitted to the City and received prior approval of its stormwater improvement plans.
C. Detention requirements are directly related to permitted land use in this
Chapter 405, Zoning Regulations, of the Code of the City of Leadington.
The permitted densities and minimum lot areas are important factors in the anticipated runoff.
Table 1 lists the zoning districts with major permitted use category, minimum lot area and the corresponding percent of imperviousness.
D. For permitted land uses other than those listed in Table 1, such as schools, churches, fire station, etc., the rate of imperviousness shall be determined by the same method as for commercial uses listed in Table
1.
For conditional land use in any zoning district, the same ratio determination criteria shall apply.
| Table 1  Stormwater Data by Zoning Districts | | | |
| --- | --- | --- | --- |
| Zone | Major Permitted Areas | Minimum Lot Area  (square feet) | Percent of Impervious  Area for Design |
| R-1 | Single-Family Dwellings | 7,500 | 70 |
| R-2 | General Residential | 12,500 | 60 to 70 |
| MH | Mobile Home Park District | 3,500 to 4,000 | 30 |
| C-1 | Commercial District | 7,500 to 12,500 | 60 to 70 |
| A | Agricultural District | 43,560 (1 acre) | 70 |
| I | Industrial District |  |  |"
14,Article XIV Stormwater Regulations,Section 405.820 Permit.,sub-sec-14.3,https://ecode360.com/33326336,https://zoneomics.com/code/16248/chapter_14#14.3,False,0,"
A. A development permit shall be required for any of the following.
1. Land Disturbance.
Any land disturbance that impacts two thousand five hundred (2,500) square feet or more.
a. Any construction activity, including, but not limited to, grubbing, grading, excavation or otherwise destroying the root zone on a land area two thousand five hundred (2,500) square feet or greater.
b. The land area considered shall include all of the land disturbance activities that are a part of a common plan and the total land area to be disturbed over the life of the project.
2. Land Disturbance Within Valuable Water Resource Areas.
Any land disturbance activities that impact one
(1) acre or more, near valuable water resources.
For purposes of this Article, ""valuable water resources"" are defined as follows:
a. Within one thousand (1,000) feet of a lake used primarily as a public water supply.
b. Outstanding waters, such as cold water trout streams.
c. Lakes participating in EPA's ""Clean Lakes Program,"" at or within one hundred
(100) feet of major reservoirs or permanent streams.
d. Sinkholes, losing streams or other direct conduits to groundwater.
3. Stormwater Point Sources.
The operation, use or maintenance of existing stormwater point sources or disturbing land which would result in a stormwater point source.
4. Waivers.
The Administrative Officer may waive specific information from time to time as deemed appropriate, subject to the following requirements:
a. Sufficient documentation shall be provided to the Administrative Officer to determine whether a waiver is appropriate.
b. A statement from a registered design professional certifying that the differential runoff shall result in no adverse impact.
c. The Administrative Officer may require a review and written supportive recommendation from City Engineer or other persons having specialized technical knowledge prior to waiving such information whenever necessary.
d. No waiver on the part of the Administrative Officer shall have the effect of a variance or relieve any person from complying with all other applicable provisions of this Article.
5. Plan Adherence.
The owner or authorized agent of the applicant shall be required to adhere strictly to the stormwater management plan as approved.
Any changes or amendments to the plan must be approved by the Administrative Officer in accordance with the procedures set forth in this Article."
14,Article XIV Stormwater Regulations,Section 405.830 Application And Process.,sub-sec-14.4,https://ecode360.com/33326353,https://zoneomics.com/code/16248/chapter_14#14.4,False,0,"
A. Purpose.
The purpose of the stormwater management plan review process is to provide an organized framework for evaluating and acting upon proposals for development as they relate to stormwater management issues.
B. Required Information.
1. It is the responsibility of an applicant to include sufficient information in the stormwater management plan to enable evaluation of the environmental quality of the affected area, the potential and predicted impacts of the proposed activity on affected waters, and the effectiveness and acceptability of the measures proposed by the applicant for preventing or reducing adverse impacts.
The applicant shall furnish the Administrative Officer with three
(3) copies of the stormwater management plan application form and stormwater management plan, sealed by a professional engineer or architect registered in the State.
2. The owner or an authorized agent of the owner shall submit an application and obtain a permit prior to commencement of any work requiring a permit.
C. Applications.
A complete application shall consist of the following:
1. Application Form.
The application form shall contain information including, but not limited to, the following.
a. The name address and telephone number of the applicant and the owner if different from the applicant.
b. Name and address of the design professional.
c. The location of the property.
d. A description of the work to be performed.
2. At least three
(3) copies of a Stormwater Pollution Prevention Plan (SWPPP) complying with this Article.
3. At least three
(3) copies of a Stormwater Management Plan complying with this Article.
4. Any required fees.
D. Process.
The Administrative Officer shall review all applications to determine if they are complete.
1. Complete application shall be submitted to an Engineer appointed by City or other persons with special technical expertise as needed.
2. The application shall be approved, denied or conditionally approved within a reasonable time.
3. All reasons for denial or conditions of approval shall be clearly stated with the denied application or permit as applicable."
14,Article XIV Stormwater Regulations,Section 405.840 Stormwater Pollution Prevention Plan.,sub-sec-14.5,https://ecode360.com/33326371,https://zoneomics.com/code/16248/chapter_14#14.5,False,0,"
A. A Stormwater Pollution Prevention Plan shall be submitted as a part of any application for a development permit for a land disturbance activity.
A Stormwater Pollution Prevention Plan shall be prepared by a registered design professional.
1. General.
Drawn and written descriptive materials shall be provided which contain information including, but not limited to, the following:
a. A site and physical condition description.
b. How the drainage area will be protected.
c. Description of Best Management Practices (BMP) that will be used.
d. How the drainage area will be protected from erosion.
e. Locations at the site where BMP will be installed.
f. A description of the types of temporary and permanent non-structural BMP that will be used.
g. A description of the types of temporary and permanent structural BMP that will be used.
h. Location of the sedimentation basin for each drainage area with ten
(10) or more acres disturbed at one
(1) time.
i. Additional site management BMP to be used, such as solid and hazardous waste management, provision of portable toilets, proper storage of construction materials, installation of containment berms and use of drip pans at petroleum product and liquid storage tanks and containers.
2. Drawings.
The drawn portion of the overall plan shall also conform to the following requirements:
a. Shall be of sufficient clarity to clearly indicate proposed buildings, structures or uses or other features shown on the plan.
b. Shall be drawn to scale not greater than one
(1) inch equals twenty
(20) feet nor less than one
(1) inch equals two hundred (200) feet.
c. Shall identify property by lot lines and location, including dimensions, angles and size, correlated with the legal description of said property.
d. Shall show the scale, North point, boundary dimensions, natural features such as woods, streams, rivers, lakes, drains, topography (at least five-foot contour intervals; when terrain is irregular or drainage critical, contour interval shall be two-foot) and similar features.
e. Shall show existing man-made features such as buildings, structures, easements, high tension towers, pipelines, existing utilities such as water and sewer lines, etc., excavations, bridges, culverts and drains and shall identify adjacent properties within one hundred
(100) yards and their existing uses.
f. Shall show the location, proposed finished floor and grade line elevations, size of proposed main and accessory buildings, their relation one
(1) to another and to any existing structures to remain on the site and the height of all buildings and structures, as well as building elevations and materials proposed for the structures under consideration.
g. Shall show the proposed streets, driveways, sidewalks and other vehicular and pedestrian circulation features within and adjacent to the site; also the location, size and number of parking spaces in the off-street parking areas and identification of service lands, service parking and loading zones in conformance with the requirements set forth in this Article.
h. Shall show the location and size of all existing utilities serving the property as well as the location and size of all proposed utilities to serve the property.
i. Shall show any proposed alterations to the topography and other natural features shall be indicated.
j. Shall show the pre-development or pre-development activity site information.
k. Shall show the location of any adjacent streets or roads.
l. Shall show the location of vegetative cover and soil types and characteristics representative of the design conditions, where percolation or exfiltration systems are proposed.
m. Shall show the location of farm drains, inlets and outfalls, storm, sanitary and combined sewers and outfalls, septic tank systems and outlets, if any, and seeps, springs and flowing and other wells.
n. Shall show the location and description of nearby existing off-site water management facilities such as wells, lakes, drainageways and other similar features which are potentially directly affected by the proposed construction or development.
o. Shall show all existing drainage facilities which are to be maintained, altered or enlarged as part of the stormwater management system; provide information as to their size, slopes, depths, outfalls, receiving waters, elevations, cross sections, profiles, construction materials and other design details as applicable.
p. Shall show the location of all new drainage facilities, including detention basins, to be constructed and provide design details on each as applicable.
q. Shall show the location and extent of right-of-way and easements for the stormwater management system, including all areas to be dedicated for water management purposes.
r. Shall identify and describe any special or required maintenance procedures for the project to continue to function as designed.
s. Shall include provisions for any off-site development activity related to the project.
All land within the City on which development activity related to a project is proposed shall be identified and included in the plan.
All owners of property where development activity related to the project is proposed shall be identified and included in the application.
t. Shall include any other information required by the Administrative Officer to determine compliance with this Article.
3. Construction Details.
Detailed construction drawings clearly indicating the proposed locations, materials and specifications of any structural BMP shall be submitted.
4. Additional Requirements.
Additional requirements pertaining to the Stormwater Pollution Prevention Plan shall be as follows.
a. After a permit is approved, a copy of the Stormwater Pollution Prevention Plan shall be kept on site during the entire term of the land disturbance activity and shall be made available to all local, State and Federal authorities having jurisdiction upon request.
b. The SWPPP shall be amended or updated as appropriate during the term of the land disturbance activity.
c. Amendments or updates shall be also be submitted to the Administrative Officer to be included in the permit record."
14,Article XIV Stormwater Regulations,Section 405.850 Stormwater Management Plan.,sub-sec-14.6,https://ecode360.com/33326409,https://zoneomics.com/code/16248/chapter_14#14.6,False,0,"
A. A stormwater management plan is designed to safely manage the stormwater runoff following the rainstorms which exceed the maximum allowable release rate and the capacity of the stormwater drainage system and/or the storm sewer system by detention of the excess stormwater runoff.
The plan shall provide or be accompanied by maps at a minimum scale of the
(1) inch less than or equal to two hundred (200) feet and other descriptive material, including the basis of computation, showing the following:
1. Required pre-development site information (map scales are minimums):
a. Detailed location sketch showing the parcel and major adjacent roads.
b. Topographic map of the site at a scale of one
(1) inch less than or equal to two hundred (200) feet with maximum five-foot contour intervals, except in floodplains or other area of low relief where a smaller interval may be required.
c. Where percolation or infiltration systems are proposed, information as to the location and type or vegetative cover and soil types and characteristics representative of the design condition mapped at a scale of one
(1) inch less than or equal to two hundred (200) feet.
d. Location of streams and other floodwater runoff channels, their normal channels, and the extent of the floodplains at the established high water elevations, and the limits of the floodway mapped at a scale of one
(1) inch less than or equal to two hundred (200) feet.
e. Location of lakes, ponds, swamps and detention basins indicating their normal shorelines, floodplains and lines of inflow and outflow mapped at a scale of one
(1) inch less than or equal to two hundred (200) feet.
f. Location of farm drains, inlet and outfalls, storm and sanitary sewers and outfalls, septic tank systems, and outlets, if any, and seeps, springs, and flowing and other wells mapped at a scale of one
(1) inch less than or equal to two hundred (200) feet.
g. Location and description of nearby existing off-site water management facilities such as wells, lakes, drainage ways, etc., which are potentially directly affected by the proposed construction or development, mapped at a scale of one
(1) inch less than or equal to two hundred (200) feet.
2. For all existing drainage facilities which are to be maintained, altered or enlarged as part of the stormwater management system, provide information as to their size, slopes, depths, outfalls, receiving waters, elevations, cross-sections, profiles, construction materials and other design details as applicable.
3. Location of all new drainage facilities, including detention basins, to be constructed.
Provide design details on each facility as applicable.
4. Location and extent of existing and proposed impervious surfaces (roads, parking lots, building, etc.)
and their elevations.
Provide grading and paving plans and specifications.
5. Location and extent of right-of-way and easements for the stormwater management system, including all areas to be dedicated for water management purposes.
6. Identification and description of any special or required maintenance procedures to keep the project functioning as designed.
7. Provide stormwater management system design calculations as follows:
a. Design storms used.
b. Calculated hydrographs of inflow and outflow of design storm runoff for the project site under natural and undeveloped conditions.
c. Hydrographs of the runoff from the design storm runoff under developed conditions.
d. For all detention basins, a plot or tabulation of storage volumes with corresponding water surface elevations and of the basin outflow rates for those water surface elevations.
e. Acreage and percentage of property proposed as:
(1) Impervious surfaces;
(2) Pervious surfaces (green area);
(3) Lakes, canals, detention areas, etc.
;
(4) Total acreage of project;
(5) Other.
f. Runoff routing calculations showing discharge, elevations and volumes retained and/or detained during applicable storm event.
g. Calculations required for determination of minimum building floor and road elevations.
8. Identify the entity responsible for operation and maintenance of the system.
9. The requirements for specific plan elements cited above may be waived by the Administrative Officer upon written supportive recommendation of the City appointed Engineer.
The stormwater management plan for minor development activities may consist of a certification from a professional engineer or architect that the differential runoff is not significant.
10. The Administrative Officer will ascertain the completeness of the stormwater management plan application.
The Administrative Officer will return incomplete applications to the applicant for completion and resubmission.
After determining that the application is complete, the Administrative Officer will distribute copies of the application for review and comment to other persons with special technical expertise as deemed appropriate by the Administrative Officer.
Within a reasonable period after submission of the complete stormwater management plan application by the applicant, the Administrative Officer shall approve, approve with specified conditions, or deny the application and shall notify the applicant accordingly.
If the stormwater management plan is denied or approved with conditions, the Administrative Officer shall state the reasons for denial or the specified conditions.
Any applicant aggrieved by the denial or conditions may appeal the decision to the Board of Adjustment."
14,Article XIV Stormwater Regulations,Section 405.860 Project Classification And Fees.,sub-sec-14.7,https://ecode360.com/33326440,https://zoneomics.com/code/16248/chapter_14#14.7,False,0,"
A. Subject to the exception provided in Subsection (A)(1) herein below, all applications shall be accompanied by payment of a fee based on ten dollars ($10.00) per acre or a fee in the amount of two hundred fifty dollars ($250.00), whichever is greater.
1. Applications that do not require complete stormwater management plan review requiring special technical expertise shall be accompanied by a fee of twenty-five dollars ($25.00).
B. The effective acreage for a project is not limited to a fractional part of the total concept; rather, if a project is developed in phases or small plots, the total acreage of the conceptual project will be considered."
14,Article XIV Stormwater Regulations,Section 405.870 General Design Requirements For Stormwater Management Plans.,sub-sec-14.8,https://ecode360.com/33326444,https://zoneomics.com/code/16248/chapter_14#14.8,False,0,"
A. A stormwater management system shall be provided for protecting lots, roads, streets and buildings in the project area from the potential adverse impacts of stormwater runoff.
Streets, blocks, depths of lots, parks and other public grounds, and ultimate land usage shall be determined, located and laid out in such a manner as to reduce the velocity of overland flow and allow the maximum opportunity for infiltration of stormwaters into the ground and to preserve and utilize natural streams, channels and detention basins and, wherever possible, to include streams and floodplains within parks or other public grounds.
B. The maximum allowable release rate of stormwater after development shall not exceed the before-development rate based on a fifteen-year frequency storm.
The total drainage area must be used in calculating the allowable release rate.
The required storage volume will be based on the project area only, with extraneous flows from upland areas being bypassed or discharged via overflow spillway or other devices.
C. The increased stormwater runoff resulting from the proposed development shall be detained on site by appropriate detention basins; by storage on flat roofs, parking lots or streets; or by other acceptable techniques.
The minimum volume of storage shall be sufficient to store the volume from a twenty-five-year storm (under developed conditions).
Control devices shall limit the discharge from storage to a rate no greater than that prescribed by this Chapter.
Downstream property, watercourses, channels or conduits shall not receive stormwater runoff from proposed development at a higher peak flow rate than that which existed prior to the development.
D. Generally acceptable locations of the stormwater runoff channels in the design of the project area may include the following:
1. In a depressed median of a double roadway, street or parkway, provided the median is wide enough to permit required roadway shoulders.
2. Centered on the rear lot lines in a block or entirely within the rear yards of a single row of lots or parcels, provided that in either case the lots are deep enough to permit side slopes in the runoff channel and a building site of the elevation required by other Sections of this Article.
3. In a depressed area long roadway, street or parkway, provided the area is wide enough to permit side slopes as required in other Sections of this Article.
4. Alternative systems such as curb and gutter and storm sewers that discharge into an appropriate detention basin may be incorporated into the stormwater management plan.
5. The smaller, uppermost reaches of drainage channels and swales forming the natural drainage system near a watershed divided may be relocated or eliminated and incorporated into the planned system of storm sewers and open channels designed consistent with the requirements of this Article.
E. A continuous easement may be provided abutting rear lot lines as shown in the stormwater management plan within which utility lines and open drainage facilities may be located and maintained, but on which no accessory buildings may be constructed.
The utility-drainage easement shall be at least twenty
(20) feet wide.
Within the area so designed for the passage or storage of waters, no structure may be erected, no fences, shrubbery or trees planted, or changes made to the prescribed grades and contours of the specified floodwater or stormwater runoff channels.
F. All storm sewer outfalls shall be so designed, by reason of elevation of the invert, by a flap gate or by other features that when the receiving stream is in full flood, the storm sewers will continue to drain the areas they are designed to serve unless the provision is made for sewer backups into planned storage locations.
G. All sanitary sewer manholes constructed in a floodplain, in a street designed for detention, or in an area designed for the storage or passage of floodwater or stormwater shall be provided with either a water-tight bolted manhole cover, a water-tight concealed pick-hole cover, or be constructed with a rim elevation at or above the high-water elevation of the one-hundred-year flood or the high-water elevation of the design storm, whichever is applicable to the specific area.
H. Projects that are to be developed in phases will normally require the submission of a master plan of the applicant's contiguous land holdings.
Applications for individual project phases may be considered only when the phases are totally independent of, or make sufficient provisions for, adjacent lands.
I. The plan shall include provisions for any off-site development activity related to the project.
All land within the City on which development activity related to a project is proposed shall be identified and included in the plan.
All owners of property where development activity related to the project is proposed shall be identified and included in the application."
14,Article XIV Stormwater Regulations,Section 405.880 Hydraulic Design Considerations.,sub-sec-14.9,https://ecode360.com/33326459,https://zoneomics.com/code/16248/chapter_14#14.9,False,0,"A. Stormwater systems will be designed with sufficient hydraulic capacity as a minimum for the following frequencies and durations:
| Type of Facility | Design Frequency |
| --- | --- |
| Detention basins | 25-year |
| Primary drainage systems | 25-year |
| Bridges | 50-year |
| Secondary drainage systems, i.e., crossdrains and ditches for internal subdivision drainage. | 15-year |
B. The Administrative Officer may require alternative designs or features to reduce the cost of long-term maintenance.
C. In critical areas, the Administrative Officer may require additional hydraulic capacity above the minimum set forth above, up to the one-hundred-year frequency design."
14,Article XIV Stormwater Regulations,Section 405.890 Stormwater Management System Design Requirements.,sub-sec-14.10,https://ecode360.com/33326463,https://zoneomics.com/code/16248/chapter_14#14.10,True,1,"A. Method Of Evaluation.
Differential runoff evaluation consists of the determination of rates of runoff before and after development, the determination of required volume of detention and verification of adequacy of discharge and control structures.
B. Differential Runoff Rates.
Differential runoff rates for all three
(3) size classes of projects shall be evaluated by the rational formula.
The runoff coefficients in Table 2, in Subsection (R) of this Section, shall be used.
Differential runoff rates shall be evaluated by equation:
|  |
| --- |
| **Equation 1** |
| R = (Rd-Ru) | |  |  |  |  |
| --- | --- | --- | --- |
| Where: | | | |
|  | R | = | Differential runoff rate |
|  | Rd | = | C.I. factor for developed conditions |
|  | Ru | = | C.I. factor for undeveloped conditions | C. Volume Detention.
Volumes of detention for the three
(3) classes of projects shall be evaluated according to the following methods:
1. Volume of detention for projects of less than twenty-five
(25) acres shall be evaluated by the ""Simplified Volume Formula.""
2. Volume of detention for projects of twenty-five
(25) acres or greater but less than two hundred (200) acres may be evaluated either by the ""Simplified Volume Formula"" or the ""Modified Hydrograph Method.""
3. For projects larger than two hundred (200) acres, the owner's engineer shall submit his/her proposed method of evaluation for the sizing of the detention basin to the Administrative Officer.
The method will be evaluated for professional acceptance, applicability and reliability.
No detail review for projects larger than two hundred (200) acres will be rendered before the method of evaluation of the detention is approved.
4. Other analytical methods of evaluation of volume of detention will be considered, provided that reliability, professional acceptance and proper application are approved by the Administrative Officer.
D. Calculation Methods.
Any of the following methods may be used for calculating detention volume as applicable:
1. Simplified Volume Formula.
Total volume of detention shall be computed by the equation:
|  |
| --- |
| **Equation 2** |
| V = R x A x 30 (min) x 60 (sec/min) | |  |  |  |  |
| --- | --- | --- | --- |
| Where: | | | |
|  | V | = | Total volume of detention |
|  | R | = | Differential runoff rate |
|  | A | = | Area of project in acres |
2. Graphic Representation.
For purposes of further analysis, the simplified volume formula may be represented by a triangular synthetic hydrograph as shown in Figure III (in the Seeley Data Book for civil engineers) with the following elements:
|  |
| --- |
| Tb = Base time of hydrograph for developed project without detention |
| Tb = sixty (60) minutes |
| Tp = Time for peak runoff of developed project |
| Tp = twenty (20) minutes |
| Qd = Total peak runoff of developed project in cfs |
| Qd = A x Rd (see Equation 1) |
| Qu = Total peak runoff of unimproved project in cfs |
| Qu = A x Ru (see Equation 1) |
| A = Total area of project in acres |
| Tq = Assumed time of peak differential for unimproved project |
| Tq = Qu/Qd x 40 |
| Tr = Assumed recedence time differential for discharge at rates no greater than unimproved condition |
| Tr = (30 Qd/Qu) - 60 |
| V = Volume of detention |
| V = (Qd - Qu) x 30 (min) x 60 (sec/min) |
3. Modified Rational Hydrograph Method.
This is a modification of the ""Unit Hydrograph Method"" of hydrologic evaluation simplified to reflect features of present practice and some elements of topographic characteristics, concentration patterns and routing.
Figure III from above illustrates the elements of the modified hydrograph.
Steps to develop the hydrograph are as follows:
a. Determine the time of concentration for the project by use of Chart IV or similar reference manual adopted by the City Engineer.
Chart IV is based on overland flow time from Seeley Data Book for Civil Engineers.
Enter chart with overland travel distance, follow horizontally to slope curve then vertically down to C or P factor listed in Table 2, in Subsection (R) of this Section, and obtain Tc.
For analysis of large improved channels, time of travel for overland flow and channel are to be analyzed to determine reasonable (Tc) time of concentration.
b. Determine time of peaking by equation:
|  |
| --- |
| **Equation 3** |
| T p = D/2 + .6Tc | |  |  |  |  |
| --- | --- | --- | --- |
| Where: | | | |
|  | T p | = | Time of peak discharge of developed project in minutes |
|  | D | = | 20 min = storm duration in minutes | c. Determine the base time of the hydrograph without detention by equation:
|  |
| --- |
| **Equation 4** |
| Tb = 2.67 T p | d. Determine the base time of the hydrograph with detention by equation:
|  |
| --- |
| **Equation 5** |
| (Qd  Tr = Tb \_\_\_\_\_ -1)  (Qu | |  |  |  |  |
| --- | --- | --- | --- |
| Where: | | | |
|  | Tr | = | Additional time required for discharge at a rate no greater than that of the undeveloped condition |
|  | Qd | = | Total peak runoff of improved project in cfs | |  |
| --- |
| **Equation 6** |
| Qd = A x Rd (See Equation 1)  Qu = Total runoff of unimproved project in cfs | |  |
| --- |
| **Equation 7** |
| Qu = A x Ru (see Equation 1) | e. Determine the required volume of detention by equation:
|  |
| --- |
| **Equation 8** |
| V = 1/2 (Qd - Qu) Tb | E. Control Structures.
Detention facilities shall be provided with obvious and effective control structures.
Plan view and sections of the structure with adequate detail shall be included in plans.
1. The design discharge (Q) for the low-flow weir shall not exceed the fifteen-year (frequency) with a duration equal to the time of concentration for the watershed, runoff from the tributary area for five percent (5%) imperviousness [one and seven-tenths (1.7) cfs per acre].
The maximum discharge shall be designed to take place under total anticipated design-head conditions."
14,Article XIV Stormwater Regulations,Section 405.890 Stormwater Management System Design Requirements.,sub-sec-14.10,https://ecode360.com/33326463,https://zoneomics.com/code/16248/chapter_14#14.10,True,2,"2. Sizing of the low-flow weir shall be by the appropriate weir formulas.
3. The overflow opening or spillway shall be designed to accept the total peak runoff of the improved tributary area.
4. The low-flow channel invert through dry detention facilities on other than permanently flowing streams shall be paved.
F. Detention Design Criteria.
Detention in the overall system, including swales, lakes, canals, greenways, etc., shall be provided as follows.
G. General.
1. Storage Volumes.
The minimum volume of storage provided in detention basins, together with such storage as may be authorized in other on-site facilities, shall be sufficient to store the volume from a twenty-five-year storm (under developed conditions) with a discharge no greater than the rate of flow from a fifteen-year storm (under undeveloped conditions).
2. Outlet Control Structures.
Outlet control structures shall be designed to operate simply and automatically.
They will limit discharges into existing or planned downstream channels or conduits so as not to exceed predetermined maximum authorized peak flow rates.
3. Emergency Spillway.
Emergency overflow facilities must be provided in all instances so that stored waters will not exceed the safe capacity of the basin.
At a minimum, the emergency spillway must be able to pass without damage the one-hundred-year storm.
4. Appearance.
Designs should result in aesthetically pleasing configurations which will enhance public acceptability.
H. Dry-Detention Facilities.
1. Perimeter maintenance easements of fifteen
(15) feet (minimum) width at slopes no steeper than
3:1 (horizontal to vertical) shall be provided.
2. Side slopes of the facility shall not be steeper than
3:1 (horizontal to vertical).
3. Provisions must be incorporated to facilitate complete interior drainage to dry-bottom basins, to include the provision of natural grades to outlet structures, longitudinal and transverse grades to perimeter drainage facilities, or the installation of sub-surface drains.
4. Multi-purpose features may be designed to serve secondary purposes for recreation, open space or other types of use which will not be adversely affected by occasional or intermittent flooding.
5. The entire reservoir area shall be seeded, fertilized and mulched, sodded or paved.
I. Wet-Detention Facilities.
1. Perimeter maintenance and operation easements of fifteen
(15) feet (minimum preferable) width at slopes no steeper than
3:1 (horizontal to vertical) shall be provided.
2. Control elevations should be no higher than two and one-half (2 1/2) feet below the minimum road centerline elevation in the area served by the control device in order to protect the road subgrade when structures are constructed near roads.
3. Side slopes shall not be steeper than
3:1 (horizontal to vertical) out to a depth of two
(2) feet below the control elevation, then as steep as soils stability will allow.
4. If fish are to be used to help keep the basin clean, at least one-fourth (1/4) of an area of the permanent pool must be a minimum depth of ten
(10) feet.
5. For emergency purposes, cleaning or shoreline maintenance, facilities shall be provided or plans prepared for the use of auxiliary equipment to permit emptying and drainage.
6. The limits of maximum ponding elevations are to be no closer than twenty-five
(25) feet horizontally from any building and no less than two
(2) feet below the lowest sill elevation of any building.
J. Impervious Areas.
Paved parking lots may be designed to provide detention storage of stormwaters on all or a portion of their surfaces.
Outlets will be designed so as to slowly empty the stored waters, and depths of storage must be limited to a maximum depth of twelve
(12) inches so as to prevent damage to parked vehicles.
Ponding should be regulated to those positions of the parking lots farthest from the area served.
K. Rooftop Storage.
Detention storage requirements may be met in total or in part by detention on flat roofs.
Details of such designs to be included in the stormwater management plan application shall include the depth and volume of storage, details of outlet devices and down-drains, elevations of overflow scuppers, design loadings for the roof-structure and emergency overflow provisions.
L. Underground Storage.
All or a portion of the detention storage may also be provided for in underground facilities, as long as all applicable requirements of this
Chapter are met.
Details of such designs are to include the type of facility, depth and volume of storage, details of inlet and outlet devices and locations, emergency overflow provisions, and measures to be used for surface water and groundwater pollution control.
M. Design Alternatives.
The above listing of design criteria is not intended to preclude the use of other known state-of-the-art methods and available best management practices and should not be construed as a mechanism to discourage innovative design concepts.
N. Development Adjoining A Floodplain.
Where a development adjoins or encompasses a portion of a floodplain for a one-hundred-year flood, the following shall apply:
1. The applicant shall show the floodplain and floodway on the stormwater management plan.
2. The applicant shall include in the stormwater management plan all other plans, plats, specifications, etc., required by Federal, State, County and/or municipal laws or regulations detailing such provisions or restrictions as are necessary to comply with the following:
a. All applicable zoning and subdivision requirements.
b. All applicable Building Code requirements.
c. All requirements of other Federal, State or local agencies exercising jurisdiction over the area.
O. Channel Flow."
14,Article XIV Stormwater Regulations,Section 405.890 Stormwater Management System Design Requirements.,sub-sec-14.10,https://ecode360.com/33326463,https://zoneomics.com/code/16248/chapter_14#14.10,True,3,"The applicant shall not alter any channel in such a way that would prohibit any section of the channel from conveying, in its post-development state, the same amount of flow at the same or lower maximum water elevation that is conveyed in its pre-development state.
P. Modifications Of Channel.
The applicant shall furnish, for the Administrative Officer's review and approval, the following information pertaining to proposed channel modifications:
1. Typical cross sections of the existing and proposed channel.
2. Plan view of the channel showing the location of existing constrictions, obstructions and other non-typical areas.
3. Hydrographs and/or flood routing calculations and backwater curve profiles of the proposed waterway corresponding to a storm recurrence interval of one hundred
(100) years.
4. Engineering evaluation of all potential increases in flood hazards to the adjacent upstream or downstream private or public lands and facilities located thereon, showing provisions for eliminating any and all adverse impacts on such land and facilities at no public cost.
5. Minimum finished floor elevations which shall be set at or above the maximum water surface elevation as determined by either or both of the following:
a. ""Flood Insurance Rate Map"" published by the Federal Emergency Management Agency.
b. Backwater curve profiles of the proposed waterway due to a one-hundred-year storm recurrence interval.
6. Designation on the final plan of all areas reserved for flood routing, detention or storage, together with the required wording pertaining to restrictions, dedications and maintenance responsibilities of such areas.
Q. Detention Storage.
If detention storage is provided within a floodplain, only the net increase in storage volume above that which naturally existed on the floodplain shall be credited to the development.
No credit will be granted for volumes below the elevation of the regulatory flood at that location unless compensatory storage is also provided.
R. Verification Of Adequacy.
1. Analysis of all elements of design is to be verified by the engineer of record submitting the plan.
The following outline is provided to ascertain that certain critical elements are in workable compliance with the aims of this Chapter.
For projects less than fifty
(50) acres in area, there is no need for submittal of routing calculations or tabulated proof of adequacy of tributary runoff for detention; however, it is recommended that verification be made of:
a. Volume of detention for the total project.
b. Tributary (Q) peak runoff to basin.
c. Balanced maximum outflow rate from the low-flow structure.
d. Ratios of inflow to outflow rates.
e. Sizing of the overflow facilities.
f. Stability of detention dikes.
g. Safety features.
h. Maintenance features.
2. For projects of fifty
(50) acres or greater but less than two hundred (200), routing calculations shall be submitted in legible tabulated form.
Proof of adequacy of volume of detention and sizing computations for low-flow structure shall also be submitted.
Features of stability and safety may also need to be documented if the scope of the project requires special attention in this area of design.
3. Projects over two hundred (200) acres in area shall provide documented verification of adequacy according to scope and complexity of design.
| Table 2  Average C.I. (P.I.) Factors in CFS Per Acre 20 Min. Inlet Time | | | | | |
| --- | --- | --- | --- | --- | --- |
| % Impervious Area | C or P (Factor) | 15 Years | 25 Years | 50 Years | 100 Years |
| 5 | 0.37 | 1.7 | 2.00 | 2.18 | 2.37 |
| 10 | 0.39 | 1.79 | 2.11 | 2.30 | 2.50 |
| 15 | 0.41 | 1.89 | 2.21 | 2.42 | 2.62 |
| 20 | 0.435 | 2.0 | 2.35 | 2.57 | 2.78 |
| 25 | 0.455 | 2.09 | 2.46 | 2.68 | 2.91 |
| 30 | 0.475 | 2.10 | 2.57 | 2.80 | 3.04 |
| 35 | 0.495 | 2.28 | 2.68 | 2.92 | 3.17 |
| 40 | 0.52 | 2.39 | 2.81 | 3.07 | 3.33 |
| 45 | 0.54 | 2.48 | 2.92 | 3.19 | 3.46 |
| 50 | 0.56 | 2.58 | 3.02 | 3.30 | 3.58 |
| 55 | 0.58 | 2.68 | 3.13 | 3.42 | 3.71 |
| 60 | 0.60 | 2.76 | 3.24 | 3.54 | 3.84 |
| 65 | 0.625 | 2.88 | 3.38 | 3.69 | 4.00 |
| 70 | 0.645 | 2.97 | 3.48 | 3.81 | 4.13 |
| 75 | 0.665 | 3.06 | 3.59 | 3.92 | 4.26 |
| 80 | 0.685 | 3.15 | 3.70 | 4.04 | 4.38 |
| 85 | 0.705 | 3.24 | 3.81 | 4.16 | 4.51 |
| 90 | 0.73 | 3.36 | 3.94 | 4.31 | 4.67 |
| 95 | 0.75 | 3.45 | 4.05 | 4.43 | 4.80 |
| 100 | 0.77 | 3.54 | 4.16 | 4.54 | 4.93 |
| Rainfall |  | 4.60 | 5.40 | 5.90 | 6.40 | |  |
| --- |
| From U.S. Weather Bureau Technical Paper No. 40: ""Rainfall Frequency Atlas of the United States for durations from thirty (30) minutes to twenty-four (24) hours and Return Periods from one (1) year to one hundred (100) years."" | S. Installation Of Stormwater Runoff Control Measures.
Positive stormwater runoff control shall be provided for during development.
Stormwater management plans shall include a schedule for the installation, construction or modification of all drainage facilities.
Erosion control measures and a schedule for their installation shall be shown on the stormwater management plan.
Installation of drainage facilities and erosion control measures shall proceed as scheduled in the approved stormwater management plan.
T. Best Management Practices.
1. Best management practices to prevent erosion, sedimentation and other contamination of the municipal storm sewer system or the waters of the State shall be incorporated into the Stormwater Pollution Prevention Plan.
Such measures shall be implemented from the time the land is disturbed until final stabilization of the land is achieved.
Permitted best management practices may include, but are not limited to, the following.
a. Site planning.
b. Silt fencing.
c. Straw bales.
d. Rock dams.
e. Mulching.
f. Temporary berms.
g. Sediment basins.
h. Temporary seeding.
i. Permanent seeding.
j. Maintain vegetation.2. The best management practices utilized shall be in accordance with the publication ""Protecting Water Quality"" as published by the Missouri Department of Natural Resources.
Use of other State-approved standard specifications or methods which offer a higher level of protection may also be incorporated by the design professional."
14,Article XIV Stormwater Regulations,Section 405.900 Rights-Of-Way And Easements.,sub-sec-14.11,https://ecode360.com/33326551,https://zoneomics.com/code/16248/chapter_14#14.11,False,0,"
A. All stormwater management facilities shall be constructed within an easement of right-of-way dedicated for stormwater management use and connected to a public road or other location from which operation and maintenance is legally available.
Minimum rights-of-way and maintenance easements shall be provided by instrument or plat dedication for all waterways used to convey or detain runoff.
Where permanent maintenance will be provided by the property owner, maintenance easements or rights-of-way may not be required.
The minimum widths of rights-of-way and easements shall be as follows:
| Facility | Maintenance Access Width |
| --- | --- |
| Open drainage channel or facility | 30 feet, 15 feet each side |
| Greenways | Width of greenway |
| Pipes and culverts | 15 feet, centered |
| Detention areas | 15 feet continuous around total area |
| Connecting access | 15 feet | B. Easements must include the ""top of the bank width"" and the maintenance access width.
C. The maintenance access width begins at the point of the bank or slope of the facility.
D. Additional maintenance access width may be required by the Administrative Officer in special circumstances where more width on one
(1) or both sides is necessary for maintenance purposes."
14,Article XIV Stormwater Regulations,Section 405.910 Inspection And Completion Of Construction.,sub-sec-14.12,https://ecode360.com/33326556,https://zoneomics.com/code/16248/chapter_14#14.12,False,0,"
A. General.
The Administrative Officer and other officials of the City charged with the enforcement of this
Chapter are hereby granted inspection rights and right-of-entry privileges in order to ensure compliance with the requirements of this Article.
B. Inspections During Construction.
The owner or authorized agent shall employ a registered design professional to inspect all stormwater improvements during construction.
The Administrative Officer or other officials may conduct inspections from time to time as necessary to ensure compliance with the provisions of this Article.
C. After Construction.
The following procedures shall apply after construction activity is completed.
1. Upon completion of any stormwater improvements, the owner or authorized agent shall also submit a certification letter signed by a registered design professional to the Administrative Officer which states that the improvements have been completed in accordance with the project specifications and all ordinances and specifications of the City of Leadington.
2. The inspection and completion of construction of public stormwater improvements shall comply with the City's subdivision ordinance(s).
3. After final stabilization of the site is achieved, the owner or authorized agent shall submit a written notice of termination for the Administrative Officer to terminate the permit.
The notice shall contain the following information:
a. Name, address and telephone of the owner or authorized agent.
b. The permit number.
c. An indication of why the permit should be terminated.
d. The signature of the owner or authorized agent.
4. The Administrative Officer shall terminate the permit after determining that final stabilization has been achieved."
14,Article XIV Stormwater Regulations,Section 405.920 Maintenance.,sub-sec-14.13,https://ecode360.com/33326568,https://zoneomics.com/code/16248/chapter_14#14.13,False,0,"
A. General.
The owner or authorized agent shall utilize methods, approaches and techniques in the design and construction stormwater management improvements that will allow for the improvements to be properly maintained.
B. Responsibility.
The responsibility for maintenance of stormwater management facilities shall be as follows.
1. The owner or authorized agent shall be responsible for all stormwater management improvements not officially accepted by the City.
2. The owner or authorized agent shall be responsible for all stormwater management improvements on any lot that is not a part of a common promotional plan.
3. The owner or authorized agent shall be responsible for the stormwater management improvements on property that is part of a common promotional plan until the improvements are either accepted by the City or the improvements are accepted by a board, association or other permanent maintenance organization.
C. Maintenance Arrangements.
Any maintenance arrangements shall conform to the following.
1. No detention basin shall be considered accepted by the City unless specifically expressed, written approval and acceptance is made by the Board of Alderman.
2. The maintenance of stormwater management improvements by a board, association or other permanent maintenance organization shall be arranged through appropriate legal means such as agreements, indentures or covenants.
Any such documents shall be submitted to the Administrative Officer for review and approval.
3. The owner or authorized agent shall dedicate all necessary easements to the City for all stormwater management improvements to be accepted by the City in accordance with the requirements of this
Article and the City's subdivision ordinance(s).
D. Minimum Standards.
Stormwater management improvements shall be maintained in a clean, safe, sanitary condition complying with all applicable provisions of this
Article and shall not cause a public nuisance as defined by the Municipal ordinance(s) of the City.
E. Periodic Inspections.
The Administrative Officer may inspect existing stormwater management improvements from time to time in order to ensure compliance with the provisions of this Section."
14,Article XIV Stormwater Regulations,Section 405.930 Enforcement.,sub-sec-14.14,https://ecode360.com/33326580,https://zoneomics.com/code/16248/chapter_14#14.14,False,0,"
A. Approved Projects.
The Administrative Officer or his/her designated representative shall carry out periodic inspections of the project site to ensure the applicant's compliance with this Article.
If it is determined that the project is not being carried out in accordance with the approved stormwater management plan, the Administrative Officer is authorized to take the following action(s), in addition to any other actions or remedies which are otherwise authorized under
Article XIX, Violations and Penalties, of the this chapter of the Code of the City of Leadington.
1. Written Notice.
Issue written notice to the applicant or owner, specifying the nature and location of the alleged non-compliance, with a description of the remedial actions necessary to bring the project into compliance within a reasonable specified time.
2. Stop Work Order.
Issue a stop work order directing the applicant or owner to cease and desist all or any portion of the work which violates the provisions of this Article, if the remedial work identified in the ""written notice"" is not completed within the specified time.
3. Revocation Of Approval.
Should the applicant or owner fail to timely bring the project into compliance with the written notice and stop work order, he/she shall then be subject to immediate revocation of his/her stormwater management plan approval and to the penalties described in
Article XIX, Violations and Penalties.
4. Appeals.
The Board of Adjustment shall serve as the means of appeal or variance in accordance with the zoning regulation of the City.
B. Unapproved Project.
With respect to any development activity determined by the Administrative Officer or his/her designated representative to be subject to this
Chapter and being carried out without approval, the Administrative Officer is authorized to:
1. Written Notice.
Issue written notice to the owner specifying the nature and location of the alleged non-compliance, with a description of the remedial actions necessary to bring the project into compliance within a reasonable specified time.
2. Stop-Work Order.
Issue a stop-work order directing the owner to cease and desist all or any portion of the work which violates the provisions of this Chapter, if the remedial work identified in the ""written notice"" is not completed within the specified time.
3. Non-Compliance With Stop-Work Order.
Should the owner not bring the project into compliance with the written notice and stop-work order, he/she shall then be subject to the penalties described in
Article XIX, Violations and Penalties.
4. Appeals.
The Board of Adjustment shall serve as the means of appeal or variance in accordance with the zoning regulation of the City."
14,Article XIV Stormwater Regulations,Section 405.940 Vested Rights.,sub-sec-14.15,https://ecode360.com/33326591,https://zoneomics.com/code/16248/chapter_14#14.15,False,0,"This
Article shall not in any way limit or modify the vested rights of any person to complete any development or improvement to lands based upon prior law where a previous permit or authorization has been granted or applied for and where such previous permit or authorization remains in effect.
The City may acknowledge vested rights in other circumstances where it is equitable and just."
14,Article XIV Stormwater Regulations,Section 405.950 Other Permits.,sub-sec-14.16,https://ecode360.com/33326592,https://zoneomics.com/code/16248/chapter_14#14.16,False,0,"
A. Before starting any work regulated by this Article, an applicant shall comply with the requirements set forth in all other applicable ordinances with respect to the submission and approval of preliminary and final subdivision plats, site plans for construction and rezoning improvement plans and building, grading and zoning permits, along with those set forth in this
Chapter and as may be required by State statutes and the regulations of any department of the State.
B. A discharge permit from the State of Missouri shall be obtained individually or under the applicable general permit for any activity regulated under the Department of Natural Resources Clean Water Commission (10 CSR 20) Stormwater."
14,Article XIV Stormwater Regulations,Section 405.960 Interpretation.,sub-sec-14.17,https://ecode360.com/33326595,https://zoneomics.com/code/16248/chapter_14#14.17,False,0,"In the interpretation and application of this Article, the provisions expressed herein shall be held to be the minimum requirements and shall be liberally construed in favor of the City and shall not be deemed a limitation or repeal of any other powers granted by State statutes."
14,Article XIV Stormwater Regulations,Section 405.970 Abrogation And Greater Restrictions.,sub-sec-14.18,https://ecode360.com/33326596,https://zoneomics.com/code/16248/chapter_14#14.18,False,0,"It is not intended by this
Article to repeal, abrogate or impair any existing casements, covenants or deed restrictions.
However, where this
Article imposes greater restrictions, the provision of this
Article shall prevail."
14,Article XIV Stormwater Regulations,Section 405.980 Liability Disclaimer.,sub-sec-14.19,https://ecode360.com/33326597,https://zoneomics.com/code/16248/chapter_14#14.19,False,0,"The performance standards and design criteria set forth herein establish minimum requirements which must be implemented with good engineering practice and workmanship.
Use of the requirements contained herein shall not constitute a representation, guarantee or warranty of any kind by the municipality or its officers and employees of the adequacy or safety of any drainage management structure or use of land.
Nor shall the approval of a stormwater management plan and the issuance of a permit imply that land use permitted will be free from damages caused by stormwater runoff.
The degree of protection required by these regulations is considered reasonable for regulatory purposes and is based on historical records, engineering and scientific methods of study.
Larger storms may occur or stormwater runoff heights may be increased by man-made or natural causes.
Enforcement of these provisions, therefore, shall not create liability on the part of the municipality or any officer of the municipality with respect to any legislative or administrative decision lawfully made hereunder, nor shall compliance relieve an owner, developer and/or permittee from responsibility under any circumstances where liability would otherwise exist."
15,"Article XV Detached Solar Power System, Towers And Windmills",Section 405.1010 Permit Required.,sub-sec-15.1,https://ecode360.com/33326604,https://zoneomics.com/code/16248/chapter_15#15.1,False,0,"No person, partnership, corporation, limited liability company, business, or other entity shall erect or maintain within the City limits of the City of Leadington any detached solar power system, tower or wind mill as defined in
Section 405.020 of this
Chapter unless and until an application shall first be submitted to and a permit issued by the City in accordance with the provisions of this
Article and
Article XVI of this Chapter."
15,"Article XV Detached Solar Power System, Towers And Windmills",Section 405.1020 Application.,sub-sec-15.2,https://ecode360.com/33326605,https://zoneomics.com/code/16248/chapter_15#15.2,False,0,"
A. The applicant shall submit the Zoning Administrator a written application for a special use permit, which details the location and building specifications of the detached solar power system, tower or wind mill which shall also include engineering specifications for any tower or structure erected or maintained to support the tower or wind mill or to hold the detached solar power system.
B. The detached solar power system, tower or wind mill shall comply with the height limits set forth in
Article X of this Chapter.
C. The overhead clearance of each wind mill shall be a minimum of twelve
(12) feet.
D. The detached solar power system, tower or wind mill shall have at least one
(1) foot of setback from each respective property line, for each foot of height of the accessory structure.
E. At the time of submission of such application, applicant shall have entered into and executed an ""interconnection application/agreement"" with AmerenUE, and shall submit written documentation of technical specifications which meet all the requirements listed in said interconnection application/agreement; provided, however, that if a wind mill is used for non-power generating purposes, an interconnection agreement shall not be required."
15,"Article XV Detached Solar Power System, Towers And Windmills",Section 405.1030 Lapse/Expiration Of Special Use Permit.,sub-sec-15.3,https://ecode360.com/33326611,https://zoneomics.com/code/16248/chapter_15#15.3,False,0,"
A. The special use permit for any detached solar power system, tower or wind mill shall automatically expire if the wind mill or detached solar power system shall be nonfunctional for a period of at least sixty
(60) consecutive days, or if it shall otherwise no longer be used for its original intended purpose.
B. Within ninety
(90) days after receipt of written notice from the Zoning Administrator of the expiration of the special use permit, the owner shall remove the structure at owner's expense, and shall further provide to the Zoning Administrator a copy of owner's written notice to AmerenUE of the ower's intent to cease operations.
Accessory equipment or structures shall not be removed from the premises until the detached solar power system, tower or wind mill shall first be dismantled and removed."
15,"Article XV Detached Solar Power System, Towers And Windmills",Section 405.1040 Nonconforming Use.,sub-sec-15.4,https://ecode360.com/33326614,https://zoneomics.com/code/16248/chapter_15#15.4,False,0,"Any towers, wind mills and detached solar power systems in legal operation at the same location as of the effective date of this
Article shall be considered as legal nonconforming uses, so long as in continuous operation at all times hereafter, but any such existing use shall not be extended, expanded or enlarged."
16,Article XVI Enforcement; Applications And Permits,Section 405.1070 Regulations.,sub-sec-16.1,https://ecode360.com/33326615,https://zoneomics.com/code/16248/chapter_16#16.1,False,0,"
A. It shall be the duty of the person designated by the Mayor as Zoning Administrator to administer and enforce the regulations contained herein.
B. It shall be unlawful to commence or to proceed with the erection, construction, reconstruction, conversion, alteration, enlargement, extension, raising or moving of any building or structure, or any portion thereof, without first having applied, in writing, to the Zoning Administrator for a building permit to do so and a building permit has been granted therefor.
C. Every application for a building permit shall be in writing and delivered to the Zoning Administrator and shall be accompanied by a detailed set of plans, in duplicate, showing the size of the proposed building or structure, its location on the lot, the basic materials of which it is to be constructed and the details and type of construction to be used.
On the issuance of a permit, one
(1) set of said plans shall be retained by the Zoning Administrator as a permanent record and one
(1) set shall be returned to the applicant.
D. Blank forms shall be provided by the Zoning Administrator for the use of those applying for permits as provided for in this Chapter.
Any permits issued by the Zoning Administrator shall be on standard forms for such purpose and furnished by the City.
E. A careful record of all such applications, plans, and permits shall be kept in the office of the Zoning Administrator.
The fees to be charged for building permits will be set by the Board of Aldermen.
F. Any building permit under which no construction work has been commenced within six
(6) months after the date of issue of said permit, or under which the proposed construction has not been completed within two
(2) years of the date of issue, shall expire by limitation; and no work or operation shall take place under such permit after such expiration.
A building permit may be once extended for a period not exceeding six
(6) months by the Zoning Administrator.
G. No building permit shall be issued for, and no building shall be erected on, any lot within the territorial jurisdiction of the City of Leadington, unless the street giving access to the lot upon which the building is proposed to be placed conforms to the requirements of the Major Street Plan of the City of Leadington, as provided in
Section 89.460 and
Section 89.470, Revised Statutes of the State of Missouri."
17,Article XVII Board Of Adjustment,"Section 405.1080 Appointment, Term, Vacancies.",sub-sec-17.1,https://ecode360.com/33326623,https://zoneomics.com/code/16248/chapter_17#17.1,False,0,"The Board of Aldermen shall provide for the appointment of a Board of Adjustment, and in the regulations and restrictions adopted pursuant to the authority of this Chapter, may provide that the Board of Adjustment may determine and vary their application in harmony with their general purpose and intent and in accordance with general or specific rules therein contained.
The Board of Adjustment shall consist of five
(5) members, who shall be residents of the municipality except as provided in
Section 305.410, RSMo.
The membership of the first board appointed shall serve respectively, one
(1) for one
(1) year, one
(1) for two
(2) years, one
(1) for three
(3) years, one
(1) for four
(4) years, and one
(1) for five
(5) years.
Thereafter, members shall be appointed for terms of five
(5) years each.
Three
(3) alternate members may be appointed to serve in the absence of or the disqualification of the regular members.
All members and alternates shall be removable for cause by the Board of Aldermen upon written charges and after public hearing.
Vacancies shall be filled for the unexpired term of any member whose term becomes vacant.
The board shall elect its own Chairman who shall serve for one
(1) year."
17,Article XVII Board Of Adjustment,"Section 405.1090 Rules, Meetings, Records.",sub-sec-17.2,https://ecode360.com/33326624,https://zoneomics.com/code/16248/chapter_17#17.2,False,0,"The Board of Adjustment shall adopt rules in accordance with the provisions of any ordinance adopted pursuant to this Chapter.
Meetings of the Board shall be held at the call of the Chairman and at such other times as the Board may determine.
Such Chairman or, in his/her absence, the Acting Chairman may administer oaths and compel the attendance of witnesses.
All meetings of the Board shall be open to the public.
The Board shall keep minutes of its proceedings, showing the vote of each member upon question, or, if absent or failing to vote, indicating such fact, and shall keep records of its examinations and other official actions, all of which shall be immediately filed in the office of the Board and shall be a public record.
All testimony, objections thereto and rulings thereon, shall be taken down by a reporter employed by the Board for that purpose."
17,Article XVII Board Of Adjustment,Section 405.1100 Appeals.,sub-sec-17.3,https://ecode360.com/33326625,https://zoneomics.com/code/16248/chapter_17#17.3,False,0,"Appeals to the Board of Adjustment may be taken by any person aggrieved, by any neighborhood organization as defined in
Section 32.105, RSMo., representing such person, or by any officer, department, board or bureau of the City affected by any decision of the administrative officer.
Such appeal shall be taken within a reasonable time, as provided by the rules of the Board, by filing with the officer from whom the appeal is taken and with the Board of Adjustment a notice of appeal specifying the grounds thereof.
The officer from whom the appeal is taken shall forthwith transmit to the Board all the papers constituting the record upon which the action appealed from was taken.
An appeal stays all proceedings in furtherance of the action appealed from, unless the officer from whom the appeal is taken certifies to the Board of Adjustment after the notice of appeal shall have been filed with him/her that by reason of facts stated in the certificate a stay would, in his/her opinion, cause immediate peril to life or property.
In such case, proceedings shall not be stayed otherwise than by a restraining order which may be granted by the Board of Adjustment or by a court of record on application or notice to the officer from whom the appeal is taken and on due cause shown.
The Board of Adjustment shall fix a reasonable time for the hearing of the appeal, give public notice thereof, as well as due notice to the parties in interest, and decide the same within a reasonable time.
Upon the hearing, any party may appear in person or by agent or by attorney."
17,Article XVII Board Of Adjustment,Section 405.1110 Powers.,sub-sec-17.4,https://ecode360.com/33326626,https://zoneomics.com/code/16248/chapter_17#17.4,False,0,"
A. The Board of Adjustment shall have the following powers:
1. To hear and decide appeals where it is alleged there is an error in any order, requirement, decision, or determination made by the Zoning Administrator in the enforcement of this Chapter, and may affirm or reverse, in whole or part, said decisions of the Zoning Administrator.
2. To hear requests for variances from the literal provisions of this
Chapter in instances where strict enforcement of this
Chapter would cause undue hardship due to circumstances unique to the individual property under consideration, and grant such variances only when it is demonstrated that such action will be in keeping with the spirit and intent of the provisions of this Chapter.
The Board of Adjustment shall not permit, as a variance, any use in a district that is not permitted under the Chapter.
The Board of Adjustment may impose conditions in the granting of a variance to ensure compliance and to protect adjacent property.
3. To hold public hearings on and decide the following exceptions to or variations of this Chapter:
a. To permit the extension of a district where the boundary line thereof divides a lot held in a single ownership at the time of adoption of this Chapter.
b. Interpret the provisions of this
Chapter in such a way as to carry out the intent and purpose of the plan, as shown upon the Zoning District Map, where the street layout on the ground varies from the street layout as shown on this map.
c. Permit reconstruction of a nonconforming building otherwise prohibited by
Article IX of this
Chapter where such action would not constitute continuation of a monopoly.
d. Vary the yard regulations where there is an exceptional or unusual physical condition of a lot, net generally prevalent in the neighborhood, which condition when related to the yard regulations of this
Chapter would prevent a reasonable or sensible arrangement of buildings on the lot.
e. Vary the parking regulations by not more than fifty percent (50%) where it is conclusively shown that the specific use of a building would make unnecessary the parking spaces otherwise required by this Chapter, or where it can be conclusively shown that adequate off-street parking to serve a particular use has been provided by or is controlled by the municipality."
17,Article XVII Board Of Adjustment,Section 405.1120 Decisions Subject To Review - Procedure.,sub-sec-17.5,https://ecode360.com/33326636,https://zoneomics.com/code/16248/chapter_17#17.5,False,0,"Any person or persons jointly or severally aggrieved by any decision of the Board of Adjustment, any neighborhood organization as defined in
Section 32.105, RSMo., representing such person or persons or any officer, department, board or bureau of the municipality, may present to the circuit court of the county or City in which the property affected is located a petition, duly verified, setting forth that such decision is illegal, in whole or in part, specifying the grounds of the illegality.
Such petition shall be presented to the court within thirty
(30) days after the filing of the decision in the office of the board.
Upon the presentation of such petition, the court may allow a writ of certiorari directed to the Board of Adjustment to review such decision of the Board of Adjustment and shall prescribe therein the time within which a return thereto must be made and served upon the relator's attorney, which shall not be less than ten
(10) days and may be extended by the court.
The allowance of the writ shall not stay proceedings upon the decision appealed from, but the court may, on application, on notice to the Board and on due cause shown, grant a restraining order.
The Board of Adjustment shall not be required to return the original papers acted upon by it, but it shall be sufficient to return certified or sworn copies thereof or of such portions thereof as may be called for by such writ.
The return shall concisely set forth such other facts as may be pertinent and material to show the grounds of the decision appealed from and shall be verified.
If, upon the hearing, it shall appear to the court that testimony is necessary for the proper disposition of the matter, it may take additional evidence or appoint a referee to take such evidence as it may direct and report the same to the court with his/her findings of fact and conclusions of law, which shall constitute a part of the proceedings upon which a determination of the court shall be made.
The court may reverse or affirm, wholly or partly, or may modify the decision brought up for review.
Costs shall not be allowed against the Board unless it shall appear to the court that it acted with gross negligence, or in bad faith, or with malice in making the decision appealed from.
All issues in any proceedings under
Sections 89.080 to 89.110, RSMo., shall have preference over all other civil actions and proceedings."
18,Article XVIII Amendments,Section 405.1130 Authority To Revise.,sub-sec-18.1,https://ecode360.com/33326637,https://zoneomics.com/code/16248/chapter_18#18.1,False,0,"The Board of Aldermen may by ordinance on its own motion or application amend, supplement, charge, modify or repeal the boundaries or zoning designation of districts herein established, under the procedures herein provided."
18,Article XVIII Amendments,Section 405.1140 Application For District Change.,sub-sec-18.2,https://ecode360.com/33326638,https://zoneomics.com/code/16248/chapter_18#18.2,False,0,"Applications for district changes shall be filed in writing with the City Clerk, who shall place the application before the Board of Aldermen after determining that it is in proper form as provided herein.
A copy of the application shall remain on file with the City Clerk for public inspection until final action thereon."
18,Article XVIII Amendments,Section 405.1150 Forms For Applications; Additional Documentation.,sub-sec-18.3,https://ecode360.com/33326639,https://zoneomics.com/code/16248/chapter_18#18.3,False,0,"The Board of Aldermen or the City Planning and Zoning Commission may provide forms for applications and may require applicants to provide plats and other documents or other information it may determine to be of value in acting upon the application.
The Board and the Planning and Zoning Commission may request the opinions and recommendations of other City boards and officers upon applications."
18,Article XVIII Amendments,"Section 405.1160 Planning And Zoning Commission To Approve Improvements - Commission Disapproval, Overruled, How.",sub-sec-18.4,https://ecode360.com/33326640,https://zoneomics.com/code/16248/chapter_18#18.4,False,0,"Whenever the Commission adopts the plan of the City or any part thereof, no street or other public facilities, or no public utility, whether publicly or privately owned, and, the location, extent and character thereof having been included in the recommendations and proposals of the plan or portions thereof, shall be constructed or authorized in the City until the location, extent and character thereof has been submitted to and approved by the Planning and Zoning Commission.
In case of disapproval the Commission shall communicate its reasons to the Board of Aldermen, and the Board of Aldermen, by vote of not less than two-thirds (2/3) of its entire membership, may overrule the disapproval and, upon the overruling, the Board of Aldermen or the appropriate board or officer may proceed, except that if the public facility or utility is one the authorization or financing of which does not fall within the province of the Board of Aldermen, then the submission to the Planning and Zoning Commission shall be by the board having jurisdiction, and the Planning and Zoning Commission's disapproval may be overruled by that board by a vote of not less than two-thirds (2/3) of its entire membership.
The acceptance, widening, removal, extension, relocation, narrowing, vacation, abandonment, change of use, acquisition of land for, sale or lease of any street or other public facility is subject to similar submission and approval, and the failure to approve may be similarly overruled.
The failure of the Commission to act within sixty
(60) days after the date of official submission to it shall be deemed approval."
18,Article XVIII Amendments,Section 405.1170 Public Hearing Required.,sub-sec-18.5,https://ecode360.com/33326644,https://zoneomics.com/code/16248/chapter_18#18.5,False,0,"No amendment, supplement, or change of the regulations or restrictions or boundaries of districts shall become effective until after the Board of Aldermen has held a public hearing in relation thereto, at which parties in interest and citizens shall have an opportunity to be heard.
At least fifteen
(15) days' notice of the time and place of such hearing shall be published in a newspaper of general circulation in the City of Leadington.
The Board of Aldermen may provide for the posting of notices of the hearing on the tract and for other means of notifying the public or interested persons of the proceedings."
18,Article XVIII Amendments,"Section 405.1180 Change In Regulations, Restrictions And Boundaries - Procedure.",sub-sec-18.6,https://ecode360.com/33326645,https://zoneomics.com/code/16248/chapter_18#18.6,False,0,"Such regulations, restrictions, and boundaries may from time to time be amended, supplemented, changed, modified or repealed.
In case, however, of a protest against such change duly signed and acknowledged by the owners of thirty percent (30%) or more, either of the areas of the land (exclusive of streets and alleys) included in such proposed change or within an area determined by lines drawn parallel to and one hundred and eighty-five (185) feet distant from the boundaries of the district proposed to be changed, such amendment shall not become effective except by the favorable vote of two-thirds (2/3) of all the members of the legislative body of such municipality.
The provisions of
Section 405.1170 relative to public hearing and official notice shall apply equally to all changes or amendments."
18,Article XVIII Amendments,Section 405.1190 Option To Grant Special Use.,sub-sec-18.7,https://ecode360.com/33326646,https://zoneomics.com/code/16248/chapter_18#18.7,False,0,"In its action upon an application for change in district boundaries, the Board of Aldermen may grant a special use permit under
Article XIII of this Chapter, rather than the requested change in district boundaries or may grant a change to a district which is intermediate in restrictiveness between the existing district and the requested district."
19,Article XIX Violations And Penalties,Section 405.1230 Violations And Penalties. [1],sub-sec-19.1,https://ecode360.com/33326647,https://zoneomics.com/code/16248/chapter_19#19.1,False,0,"
A. In case any building or structure is erected, constructed, reconstructed, altered, converted, or maintained, or any building, structure, or land is used in violation of this Chapter, the City, in addition to other remedies, may institute any appropriate action or proceedings to prevent such unlawful erection, construction, reconstruction, alteration, conversion, maintenance, or use, to restrain, correct, or abate such violation, to prevent the occupancy of such building, structure, or land, or to prevent any illegal act, conduct, business, or use in or about such premises.
Such regulations shall be enforced by the Zoning Administrator who is empowered to cause any building, structure, place, or premises to be inspected and examined and to order in writing the remedying of any condition found to exist therein or thereat in violation of any provision of the regulations made under authority of this Chapter.
B. The owner or general agent of a building or premises where a violation of any provisions of this
Chapter has been committed or shall exist, or the lessee or tenant of an entire building or entire premises where such violation has been committed or shall exist, or the owner, general agent, lessee or tenant of any part of the building or premises in which such violation has been committed or shall exist, or the general agent, architect, builder, contractor or any other person who commits, takes part or assists in any such violation that exists, shall be guilty of an ordinance violation punishable by a fine of not less than ten dollars ($10.00) and not more than two hundred fifty dollars ($250.00) for each and every day that such violation continues, or by imprisonment for ten
(10) days for each and every day such violation shall continue, or by both such fine and imprisonment in the discretion of the court.
Notwithstanding the provisions of
Section 82.300, RSMo., for the second and subsequent offenses involving the same violation at the same building or premises, the punishment shall be a fine of not less than one hundred dollars ($100.00) and not more than five hundred dollars ($500.00) for each and every day that such violation shall continue, or by imprisonment for ten
(10) days for each and every day such violation shall continue, or by both such fine and imprisonment in the discretion of the court.
C. Any such person who, having been served with an order to remove any such violation, shall fail to comply with said order within ten
(10) days after such service or shall continue to violate any provision of this
Chapter in the respect named in such order shall also be subject to a civil penalty of two hundred fifty dollars ($250.00).
Sections
479.350 and 479.353, RSMo., may affect the application of these penalties."
20,Additional Zoning Details,Attachment 1 - Height and Area Regulations,sub-sec-20.1,https://ecode360.com/attachment/325167/LE3851-405a%20Height%20and%20Area%20Regs.pdf,https://zoneomics.com/code/16248/chapter_20#20.1,False,0,"ZONING REGULATIONS 405 Attachment 1 City of Leadington Height and Area Regulations [Ord.
No.
233, 9-9-2008] |  |  | Minimum Lot Area Per Family in | Minimum Lot Area in Square Feet | Minimum Lot Width in Feet | Minimum Yard Requirement in Feet | Minimum Yard Requirement in Feet | Minimum Yard Requirement in Feet | Maximum Building Height | Maximum Building Height | Percentage of Lot Covered by All |
| --- | --- | --- | --- | --- | --- | --- | --- | --- | --- | --- |
| District | District | Square Feet |  |  | Front | Side | Rear | Feet | Stories | Buildings |
| A | Agricultural | 43,560 (1 acre) | 43,560 (1 acre) | 150 | 30 | 15 | 30 | 35 | 2 1/2 | 30% |
| R-1 | Single-Family Residential | 7,500 1-family | 7,500 | 75 | 30 | 8 | 25 | 35 | 2 1/2 | 30% |
| R-2 | General Residential | 5,000 2-family | 10,000 | 75 | 30 | 8 | 25 | 35 | 2 1/2 | 30% |
| R-2 |  | 2,500 multiple 1 | 1 | 75 | 30 | 2 | 25 | 45 | 3 | 40% |
| MH | Mobile Home Park | 3 | 3 | 40 | 4 | 4 | 4 | 35 | 2 1/2 | 70% |
| C-1 | General Commercial | For dwellings same as R-1 or R-2 District | None 5 | None 5 | 30 | 8 6 | 25 | 35 | 2 1/2 | For dwellings same as R-1 or R-2 District |
| I | Industrial | Dwellings not permitted | None | None | 30 | 20 6 | 25 | 45 | 3 | None | NOTES: 1 Minimum lot size is twelve thousand five hundred (12,500) square feet.
An additional two thousand five hundred (2,500) square feet is required for each family over three (3).
2 For buildings less than three
(3) stories in height.
For three
(3) story buildings, each side yard shall be not less than ten
(10) feet.
For buildings more than three
(3) stories in height, the side yards shall be increased one
(1) foot for each story above the third.
3 Minimum lot area is three thousand five hundred (3,500) square feet for mobile homes up to and including homes sixty
(60) feet in length; four thousand (4,000) square feet for mobile homes over sixty
(60) feet in length.
4 Mobile home spaces shall provide the following minimum clearances: fifteen
(15) feet between mobile homes except those parked end-to-end; ten
(10) feet between mobile homes parked end-to-end; ten
(10) feet between mobile homes and any building; six
(6) feet between mobile homes and any property line bounding the mobile home park.
5 Minimum lot areas and widths for R-1 and R-2 Districts apply for dwellings in a C-1 District.
6 Minimum side yards apply only where a commercial or industrial district adjoins a residential district."
20,Additional Zoning Details,Attachment 2 - General Checklist of Allowable Uses,sub-sec-20.2,https://ecode360.com/attachment/325167/LE3851-405b%20General%20Checklist%20of%20Allowable%20Uses.pdf,https://zoneomics.com/code/16248/chapter_20#20.2,False,0,"KEY: yes = use allowed res = use restricted no = not allowed spe = use with special permit only |  | Zoning Districts | Zoning Districts | Zoning Districts | Zoning Districts | Zoning Districts | Zoning Districts |
| --- | --- | --- | --- | --- | --- | --- |
|  | Agricultural | Residential | Residential | Residential | Commercial | Industrial |
| General Type of Use | A | R-1 | R-2 | MH | C-1 | I |
| Farming | yes | no | no | no | no | no |
| Single-family dwellings | yes | yes | yes | spe | yes | no |
| Two-family dwellings | no | spe | yes | spe | yes | no |
| Multi-family dwellings | no | no | yes | spe | yes | no |
| Mobile homes (emergency or temporary use only) | spe | spe | spe | yes | spe | spe |
| Commercial-retail sales | no | no | no | no | yes | Yes |
| Commercial-wholesale sales | no | no | no | no | no | yes |
| Personal, food and business services | no | no | no | no | yes | yes |
| Commercial-gasoline stations | no | no | no | no | yes | yes |
| Building material yards | no | no | no | no | yes | yes |
| Office and office buildings | no | no | no | no | yes | yes |
| Manufacturing | no | no | no | no | no | yes |
| Detached solar power system | spe | no | no | no | no | spe |
| Tower | no | no | no | no | spe | no |
| Windmill | spe | no | no | no | no | spe | ZONING REGULATIONS 405 Attachment 2 City of Leadington General Checklist of Allowable Uses [Ord.
No.
233, 9-9-2008; Ord.
No.
257, 7-13-2010]"
20,Additional Zoning Details,Attachment 3 - Zoning District Map,sub-sec-20.3,https://ecode360.com/attachment/325167/LE3851-405c%20Zoning%20District%20Map.pdf,https://zoneomics.com/code/16248/chapter_20#20.3,False,0,ZONING REGULATIONS 405 Attachment 3 City of Leadington Exhibit A
