chapter_no,heading_1,heading_2,sub_section_no,source_url,zoneomics_url,is_sub_chunk,sub_chunk_no,text
1,Article I Establishment of Zoning and Authority,Section 410.010 Title.,sub-sec-1.1,https://ecode360.com/27590889,https://zoneomics.com/code/16241/chapter_1#1.1,False,0,"[R.O.
2009
§ 410.010; Ord.
No.
2040
§ 1-1, 9-15-2003] These regulations shall be known as the Zoning Ordinance of the City of Higginsville, Missouri, and may be cited as ""these regulations""."
1,Article I Establishment of Zoning and Authority,Section 410.020 Intent and Purpose.,sub-sec-1.2,https://ecode360.com/27590890,https://zoneomics.com/code/16241/chapter_1#1.2,False,0,"[R.O.
2009
§ 410.020; Ord.
No.
2040
§ 1-2, 9-15-2003]
A. The City of Higginsville adopts the following zoning regulations, pursuant to the provisions of Missouri State Statutes, in order to:
1. Promote the health, safety, quality of life, comfort and general welfare of the City;
2. Preserve and protect property values throughout the City;
3. Restrict and regulate the height, number of stories and size of structures; the percentage of lot coverage; the size of yards, courts and other open spaces; and the density of population;
4. Divide the City into zones and districts; and
5. Regulate and restrict the location and use of structures and land within each district or zone."
2,Article II Language and Definitions,Section 410.025 Generally.,sub-sec-2.1,https://ecode360.com/27590898,https://zoneomics.com/code/16241/chapter_2#2.1,False,0,"[R.O.
2009
§ 410.025; Ord.
No.
2040
§ 2, 9-15-2003] This
Article presents the general rules for interpreting language and definitions of terms within the zoning ordinance."
2,Article II Language and Definitions,Section 410.030 Rules For Interpreting Language.,sub-sec-2.2,https://ecode360.com/27590899,https://zoneomics.com/code/16241/chapter_2#2.2,False,0,"[R.O.
2009
§ 410.030; Ord.
No.
2040
§ 2-1, 9-15-2003]
A. For the purpose of this Chapter, certain terms or words shall be interpreted as follows:
1. The present tense includes the future tense, the singular number includes the plural and the plural number includes the singular.
2. The word ""shall"" is mandatory; the word ""may"" is permissive.
3. The word ""person"" includes a firm, association, organization, partnership, trust, company or corporation as well as an individual.
4. The words ""used"" or ""occupied"" include the words ""intended"", ""designed"" or ""arranged to be used or occupied"" as well as ""constructed"", ""altered"", ""converted"", ""rented"", ""leased"" or ""intended to be used"".
5. The word ""lot"" includes the words ""parcel"", ""tract"", ""site"" and ""space""."
2,Article II Language and Definitions,Section 410.040 Definitions of Terms.,sub-sec-2.3,https://ecode360.com/27590906,https://zoneomics.com/code/16241/chapter_2#2.3,True,1,"[R.O.
2009
§ 410.040; Ord.
No.
2040
§ 2-2, 9-15-2003; Ord.
No.
2071
§ 1, 5-17-2004; Ord.
No.
2401
§ 1, 10-18-2010; Ord.
No.
2565
§ 1, 12-15-2014; Ord.
No.
2573
§ 1, 3-2-2015; Ord.
No.
2701, 7-15-2019; Ord.
No.
2785, 3-4-2019; Ord.
No.
2972, 10-17-2022; Ord.
No.
2982, 2-6-2023; Ord.
No.
3016, 8-21-2023; Ord.
No.
3017, 8-21-2023; Ord.
No.
3066, 11-4-2024] For the purposes of understanding, administering and enforcing this Chapter, the following terms shall have specific definition or meaning as indicated herein.
All words not specifically defined herein shall have a meaning as found in Webster's Seventh New Collegiate Dictionary.
ACCESSORY BUILDING A subordinate building, the use of which is incidental to that of the main building or use and which is located on the same lot with such main building or use.
ACCESSORY USE A subordinate use which is incidental to that of the main building or use and which is located on the same lot with such main building or use.
ADULT A person eighteen
(18) years of age or older.
ADULT ENTERTAINMENT ESTABLISHMENT Any business, premises or establishment including, without limitation, adult bookstores, adult video stores, adult motion picture theaters, adult mini-motion picture theaters, adult cabarets, adult live performance theaters which has any of the following:
1. An amount less than thirty percent (30%) of its annual gross receipts derived from:
a. The offering of entertainment, performances, scenes, visual representations or other presentations which are characterized by emphasis on depiction or description of ""specified sexual activities"" or of ""specified anatomical areas"" as herein defined, or
b. The offering of stocks in trade of books, magazines, periodicals or other printed matter or photographs, films, motion pictures, video cassettes, slides or other photographic materials which are characterized by emphasis on depiction or description of ""specified sexual activities"" or of ""specified anatomical areas"" as herein defined, and instruments, devices or paraphernalia designed for use in connection with ""specified sexual activities"" as herein defined; or
2. An amount less than thirty percent (30%) of its inventory on hand at any time consisting of stocks in trade of books, magazines, periodicals or other printed matter or photographs, films, motion pictures, video cassettes, slides or other photographic materials which are characterized by emphasis on depiction or description of ""specified sexual activities"" or of ""specified anatomical areas"" as herein defined, or paraphernalia designed for use in connection with ""specified sexual activities"" as herein defined; or
3. An amount less than thirty percent (30%) of its floor area at any time allocated to:
a. Entertainment, performances, scenes, visual representations or other presentations which are characterized by emphasis on depiction or description of ""specified sexual activities"" or of ""specified anatomical areas"" as herein defined, or
b. The offering, display and storage of stocks in trade of books, magazines, periodicals or other printed matter or photographs, films, motion pictures, video cassettes, slides or other photographic materials which are characterized by emphasis on depiction or description of ""specified sexual activities"" or of ""specified anatomical areas"" as herein defined, and instruments, devices or paraphernalia designed for use in connection with ""specified sexual activities"" as herein defined, and instruments, devices or paraphernalia designed for use in connection with ""specified sexual activities"" as herein defined.
|  | SPECIFIED ANATOMICAL AREAS — Any of the following: | |
| --- | --- | --- |
|  | 1. | Less than completely or opaquely covered human genitals, pubic region, buttocks, anus or female breast area below a point immediately above the top of the areola; or |
|  | 2. | Human male genitals in a discernibly turgid state, even if completely and opaquely covered. | |  | SPECIFIED SEXUAL ACTIVITIES — Any of the following: | |
| --- | --- | --- |
|  | 1. | Fondling or other erotic touching of human genitals, pubic region, buttocks, anus or female breasts; or |
|  | 2. | Actual or simulated acts of sexual intercourse, masturbation, sodomy or oral copulation; or excretory functions as part of or in connection with any of the activities set forth in paragraphs (1) and (2) of this definition. | ADULT ENTERTAINMENT ESTABLISHMENT, ENHANCED Any business, premises or establishment including, without limitation, adult bookstores, adult video stores, adult motion picture theaters, adult mini-motion picture theaters, adult cabarets, adult live performance theaters which has any of the following:
1. Thirty percent (30%) or more of its annual gross receipts derived from:
a. The offering of entertainment, performances, scenes, visual representations or other presentations which are characterized by emphasis on depiction or description of ""specified sexual activities"" or of ""specified anatomical areas"" as herein defined, or
b. The offering of stocks in trade of books, magazines, periodicals or other printed matter or photographs, films, motion pictures, video cassettes, slides or other photographic materials which are characterized by emphasis on depiction or description of ""specified sexual activities"" or of ""specified anatomical areas"" as herein defined, and instruments, devices or paraphernalia designed for use in connection with ""specified sexual activities"" as herein defined; or
2. Thirty percent (30%) or more of its inventory on hand at any time consisting of stocks in trade of books, magazines, periodicals or other printed matter or photographs, films, motion pictures, video cassettes, slides or other photographic materials which are characterized by emphasis on depiction or description of ""specified sexual activities"" or of ""specified anatomical areas"" as herein defined, or paraphernalia designed for use in connection with ""specified sexual activities"" as herein defined; or
3. Thirty percent (30%) or more of its floor area at any time allocated to:
a. Entertainment, performances, scenes, visual representations or other presentations which are characterized by emphasis on depiction or description of ""specified sexual activities"" or of ""specified anatomical areas"" as herein defined, or"
2,Article II Language and Definitions,Section 410.040 Definitions of Terms.,sub-sec-2.3,https://ecode360.com/27590906,https://zoneomics.com/code/16241/chapter_2#2.3,True,2,"b. The offering, display and storage of stocks in trade of books, magazines, periodicals or other printed matter or photographs, films, motion pictures, video cassettes, slides or other photographic materials which are characterized by emphasis on depiction or description of ""specified sexual activities"" or of ""specified anatomical areas"" as herein defined, and instruments, devices or paraphernalia designed for use in connection with ""specified sexual activities"" as herein defined, and instruments, devices or paraphernalia designed for use in connection with ""specified sexual activities"" as herein defined.
AGRICULTURAL CHEMICAL MANUFACTURING Biodiesel, feed plant, ethanol plan.
AGRICULTURAL PROCESSING The initial processing of crop-based agricultural products that is reasonably required to take place in close proximity to the site where such products are produced.
Typical uses include grain mills.
AGRICULTURAL SALES AND SERVICE An establishment primarily engaged in the sale, purchase or rental of farm tools and implements, feed and grain, tack, animal care products and farm supplies.
This definition excludes the sale of large implements, such as tractors and combines, but includes food sales and farm machinery repair services that are accessory to the principal use.
AGRICULTURAL USE Any one
(1) or combination of the following uses: the growing of farm or truck garden crops, dairying and pasturage, horticulture, floriculture, viticulture or animal/poultry husbandry.
Agriculture encompasses the farmhouses and accessory uses and structures customarily incidental to agricultural activities together with the operation of equipment, machinery and vehicles to perform the above activities or uses.
AGRICULTURAL VEHICLE SALES AND SERVICE An establishment primarily engaged in the sale, purchase or rental of farm tools and implements, including the sale and service of large implements such as tractors and combines.
AGRICULTURE The planting, cultivating, harvesting and storage of grains, hay or plants commonly grown in Lafayette County on parcels greater than forty
(40) acres.
AGRICULTURE, GENERAL The use of land for the production of livestock, dairy products, poultry or poultry products.
AGRICULTURE, LIMITED The use of land for the production of row crops, field crops, tree crops or timber.
AIRPORT OR AIRSTRIP Any public or privately owned or operated ground facility designed to accommodate landing and takeoff operations of aircraft, including all taxiways, aircraft storage and tie-down areas, hangars and other necessary buildings and open spaces.
ALLEY A public or private thoroughfare which affords only a secondary means of access to abutting property.
ALTERATION Change or rearrangement to a building's structural parts.
ANIMAL CARE, GENERAL A use providing animal care, veterinary services or boarding.
See ""ANIMAL CARE, LIMITED"" and ""KENNEL"".
ANIMAL CARE, LIMITED A use providing animal care, boarding and veterinary services for household pets, with no outside animal runs.
See ""ANIMAL CARE, GENERAL"" and ""KENNEL"".
ANIMAL FEED PROCESSING AND STORAGE An animal feed mill.
ANIMAL HOSPITAL An establishment for the care and treatment of small animals, including household pets.
APARTMENT A room or a suite of rooms within an apartment house arranged, intended or designed for a place of residence of a single family or group of individuals living together as a single housekeeping unit.
APPLICANT The owner or duly designated representative of land proposed to be subdivided, or for which a special permit, amendment, variance, construction permit or certificate of occupancy has been requested.
Consent shall be required from the legal owner of the premises.
ARMED FORCES RESERVE CENTERS A service center for armed service recruitment.
ARTS AND CRAFTS STUDIO A use involving the production of works of art by individuals and assistants and the incidental sale to consumers of those works produced, limited to the use of hand tools or domestic mechanical equipment not exceeding two
(2) horsepower or a single kiln not exceeding eight
(8) kilowatts.
Instruction in arts and crafts shall be included in this use.
ASPHALT OR CONCRETE PLANT An establishment engaged in the manufacture, mixing, batching or recycling of asphalt, asphaltic cement, cement or concrete products.
ASSISTED LIVING Multi-family dwelling units used or designed to be used by older persons, persons with disabilities or other persons needing or desiring assistance with day-to-day living matters, but not including group homes, group housing, hospitals or convalescent care facilities.
Typical uses include retirement communities in which housekeeping services, common dining facilities and recreational and social activities are offered to residents.
ATHLETIC FIELD A wide stretch of open land used for outdoor games such as baseball, football and soccer.
AUDITORIUM OR STADIUM An open, partially enclosed or fully enclosed facility used or intended to be used primarily for spectator sports, entertainment events, expositions and other public gatherings.
Typical uses include convention and exhibition halls, sports arenas and amphitheaters.
AUTOMATED TELLER MACHINE (ATM) A mechanized consumer banking device operated by a financial institution for the convenience of its customers, whether outside or in an access-controlled facility.
Automatic teller machines (ATM) located within a building shall be considered accessory to the principal use unless the ATM is likely to be an independent traffic generator.
AUTOMOTIVE SERVICES Any building, structure, improvements or land used for the repair and maintenance of automobiles, motorcycles, trucks, trailers or similar vehicles including, but not limited to, body, fender, muffler or upholstery work, oil change and lubrication, painting, tire service and sales or installation of CB radios, radios, car alarms, stereo equipment or cellular telephones.
BANK OR FINANCIAL INSTITUTION Establishments engaged in deposit banking.
Typical uses include commercial banks, savings institutions and credit unions.
""Banks and financial institutions"" also include automated teller machines.
BAR OR TAVERN An establishment in which the primary function is the sale and serving of alcoholic and cereal malt beverages for consumption on the premises, including establishments commonly known as cocktail lounges and nightclubs.
BASEMENT A story below the first (1st) story as defined under ""STORY""."
2,Article II Language and Definitions,Section 410.040 Definitions of Terms.,sub-sec-2.3,https://ecode360.com/27590906,https://zoneomics.com/code/16241/chapter_2#2.3,True,3,"BASIC INDUSTRY An establishment engaged in the basic processing and manufacturing of materials or products predominately from extracted or raw materials.
Typical uses include distilleries, pulp processing and paper products manufacturing; glass manufacturing; brick manufacturing; steel works; tanneries; acid manufacturing; cement, lime, gypsum or plaster of Paris manufacturing; fertilizer or chemical manufacturing; and petroleum refineries.
BATHHOUSE An establishment or business which provides the services of baths of all kinds, including all forms and methods of hydrotherapy, unless operated or supervised by a medical or chiropractic practitioner or professional physical therapist licensed by the State Board of Healing Arts.
BED AND BREAKFAST A family home, occupied as a permanent dwelling by the proprietor, in which lodging and meals are provided for time-limited durations to not more than four
(4) groups of patrons in a twenty-four
(24) hour period.
BLOCK A piece or parcel of land entirely surrounded by public highways or streets, other than alleys.
In cases where the platting is incomplete or disconnected, the Zoning Administrator shall determine the outline of the block.
BOARD OF ADJUSTMENT The Board established by the City to hear and determine appeals and variances.
BOARD OF ALDERMEN The elected Governing Body of the City of Higginsville.
BOARDING HOUSE OR LODGING HOUSE A building, other than a hotel, occupied as a single housekeeping unit, where lodging or meals are provided for five
(5) or more persons for compensation pursuant to previous arrangements, but not for the public or transients.
BUILDING Any structure designed or intended for the support, enclosure, shelter or protection of persons or property.
CAMPGROUNDS, PRIVATE Temporary or permanent buildings, tents or other structures established or maintained as a temporary living quarter, operated continuously for a period of five
(5) days or more for recreation, religious, education or vacation purposes.
CARNIVAL OR CIRCUS Any aggregation of shows or riding devices, games of skill or chance, or any combination of shows and riding devices, or any combination of several enterprises, such as revolving wheels, merry-go-rounds, giant swings, panoramas, musical and theatrical entertainments, or riding devices, whether carried on or engaged in or conducted in any field, park or in a building or enclosure, and whether carried on, engaged in or conducted as one
(1) enterprise or by several concessionaires, and whether one
(1) admission fee is charged for admission to all such shows or entertainments, or separate fee for admission is charged for each amusement.
CARPORT A roofed structure providing space for the parking or storage of motor vehicles and enclosed on not more than three
(3) sides.
CAR WASH An establishment primarily engaged in cleaning or detailing motor vehicles, whether self-service, automatic or by hand.
CATERING An establishment engaged in the preparation of food and beverages for consumption at another location.
Catering shall not include the manufacturing of food as defined in ""Food/bakery product manufacturing"".
CEMENT MANUFACTURING A cement plant.
CEMETERY, CREMATORY, MAUSOLEUM Land used or intended to be used for burial or cremation of the dead, whether human or animal, including a mausoleum or columbarium.
CHEMICAL AND BIOLOGICAL MANUFACTURING A chemical production facility.
CHURCHES, CHAPELS, TEMPLES AND SYNAGOGUES See the definition of ""RELIGIOUS ASSEMBLY"".
CLUBS AND LODGES, PRIVATE An organization and its premises catering exclusively to members and their guests for social, intellectual, recreational or athletic purposes that are conducted for profit.
CLUSTER DEVELOPMENT The arrangement of buildings or structures in groups around common courts, driveways, parks or other unique features of the land permitting more latitude and flexibility in placement and design.
The lots, buildings or structures in a cluster development must meet the requirements of the appropriate planned districts.
COLLEGE OR UNIVERSITY An institution of higher education offering undergraduate or graduate degrees.
COMMERCIAL MOTOR VEHICLE A motor vehicle designed or regularly used for carrying freight and merchandise, or more than eight
(8) passengers, but not including vanpools or shuttle buses.
COMMON OPEN SPACE An area of land or water planned for passive or active recreation such as swimming pools or tennis courts but not including roadways.
COMMUNICATION TOWER Commercial AM/FM radio, television, microwave and cellular telephone transmission towers, electronic emission of any wave length and accessory equipment and buildings.
COMMUNITY CENTER A building to be used as a place of meeting, recreation or social activity and not operated for profit and in which neither alcoholic beverages or meals are normally dispensed or consumed.
COMPOSTING FACILITY A facility that is designed and used for transforming food, yard wastes and other organic material into soil or fertilizer by biological decomposition.
COMPREHENSIVE PLAN A comprehensive plan made and adopted by the Planning Commission and the Board of Aldermen which, through a combination of text, charts and maps, sets forth proposals for general locations of various land uses, including streets, parks, schools, public buildings and utilities.
CONCENTRATED FEEDING OPERATION A lot or building or combination of lots and buildings intended for the confined feeding, breeding, raising or holding of animals and specifically designed as a confinement area in which manure may accumulate, or where the concentration of animals is such that a vegetative cover cannot be maintained within the enclosure.
Open lots used for feeding and rearing of poultry (poultry ranges) and barns, dairy farms, swine facilities, beef lots and barns, horse stalls, mink ranches and zoos shall be considered to be animal feedlots.
Pastures shall not be considered animal feedlots.
CONDITIONAL USE A use that would not be appropriate generally throughout a zoning district because of potential danger, smoke, noise or odor, but which, if controlled as to number, area, location or relation to the neighborhood, would not be detrimental to public health, safety, morals or general welfare.
CONDOMINIUM A single dwelling unit under individual ownership within a multiple dwelling unit structure.
A multi-family structure with two
(2) condominiums shall be considered a two-family dwelling and a structure with more than two"
2,Article II Language and Definitions,Section 410.040 Definitions of Terms.,sub-sec-2.3,https://ecode360.com/27590906,https://zoneomics.com/code/16241/chapter_2#2.3,True,4,"(2) condominiums shall be considered a multi-family dwelling.
CONSTRUCTION SALES AND SERVICE An establishment engaged in the retail or wholesale sale of materials used in the construction of buildings or other structures, and the outdoor storage of construction equipment or materials on lots other than construction sites.
Typical uses include lumberyards, home improvement centers, lawn and garden supply stores, electrical, plumbing, air-conditioning and heating supply stores, swimming pool sales, construction contractors' storage yards and construction equipment rental establishments.
CONVALESCENT CARE An establishment providing bed care and inpatient services for persons needing regular medical attention, but excluding facilities for the care and treatment of mental illness, alcoholism, narcotics addiction, emergency medical services or communicable disease.
Typical uses include nursing homes.
CORRECTIONAL FACILITY A facility providing housing and care for individuals confined for violations of law.
COURT An open, unoccupied space, other than yard, bounded on three
(3) or more sides by exterior walls of a building or by exterior walls of a building and lot lines on which walls are allowable.
CULTIVATION Any activity involving the planting, growing, harvesting, drying, curing, grading, or trimming of marijuana, and any and all associated business and/or operational activities, including the production of clones, immature plants, seeds and other agricultural products, as described in the definition of ""nursery"" below.
CULTURAL SERVICES A facility providing cultural and educational services to the public.
Typical uses include museums, art museums, observatories, planetariums, botanical gardens, and arboretums.
CURB LEVEL The mean level of the curb in front of the lot or, in case of a corner lot, along that abutting street where the mean curb level is the highest.
DAY CARE CENTER A facility for the daytime care of five
(5) or more children, or unrelated adults, not otherwise residents of said facility.
DAY CARE, COMMERCIAL A day care establishment conducted in a private residence that provides care, protection and supervision for more than ten
(10) individuals at any one time, excluding those persons related to and residing in the home of the day care provider.
A use that provides care, protection and supervision for individuals on a regular basis away from their primary residence for less than twenty-four
(24) hours per day.
DAY CARE, LIMITED A day care establishment conducted in a private residence, or suitable building, that provides care, protection, and supervision for five
(5) to ten
(10) individuals at any one time, excluding those persons, related to and residing in the home, or building, of the day care provider.
A use that provides care, protection, and supervision for individuals, on a regular basis, away from their primary residence, for less than twenty-four
(24) hours per day.
DEDICATION Intentional transfer by the developer to the public of ownership of, or an interest in, land for public purpose.
Dedication may be effected by compliance with Statutes relating to dedication of land, by formal deed, by conveyance or by any other method recognized by the laws of the State of Missouri.
DEPARTMENT OF NATURAL RESOURCES The Missouri Department of Natural Resources (MDNR).
DIRECTOR OF ECONOMIC DEVELOPMENT The appointed director of the Economic Development Department of the City of Higginsville.
DESIGNATED AGENT An individual or management company, located within the City of Higginsville, that is available twenty-four
(24) hours per day, who accepts full responsibility for addressing matters arising with the operation or use of a dwelling unit licensed as a short-term rental, in the absence of the owner/authorized tenant of the property upon which such dwelling is located.
DISPENSING Providing, selling, making available or otherwise distributing marijuana or marijuana products from any facility or location, whether fixed or mobile.
DISTRIBUTION The procurement, sale, and transport of marijuana and marijuana products.
DISTRICT Any section of the City of Higginsville within which the zoning regulations are uniform.
DRIVE-IN AND DRIVE-THRU Establishment where the product or service is delivered to customers in motor vehicles either parked nearby or directly through a window.
DUPLEX A single lot used for two
(2) dwelling units within a single building, other than a manufactured home.
DWELLING A building designated or used exclusively for residential occupancy, but not including manufactured homes, hotels or motels.
|  |  |
| --- | --- |
|  | MULTI-FAMILY — A residential building designed for or occupied by more than two (2) families independently. |
|  | SINGLE-FAMILY — A building designed for or occupied exclusively by one (1) family. |
|  | SINGLE-FAMILY ATTACHED — A portion of a residential building designed for or occupied exclusively by one (1) family, which is attached to one (1) or more other such dwelling units, but which can be sold independent of other portions of the building. |
|  | TWO-FAMILY OR DUPLEX — A residential building designed for or occupied exclusively for two (2) families independently. | DWELLING UNIT A building or portion of a building that contains living facilities for not more than one
(1) family and that includes provisions for sleeping, cooking, eating and sanitation.
EASEMENT A grant by a property owner to the public, a corporation or a person(s) of the use of a recorded strip of land for certain specified purposes.
EXTERIOR SETBACK A required setback that fronts on a public street.
FAMILY One
(1) or more persons occupying a dwelling and living as a single housekeeping unit, all but two
(2) of whom are related to each other by birth, adoption or marriage, as distinguished from a group occupying a residential group home as defined in this Section.
FARM IMPLEMENT SERVICES Large-scale farm supply establishment.
FARM-RELATED SERVICES Small-scale farm service store.
FENCE A structure, partition or wall forming a barrier, erected for the purpose of enclosing or separating contiguous pieces of land or for the purpose of providing shade, privacy screening or security.
Shrubs, hedges, trees and other plant material are not considered a fence.
FENCE HEIGHT The vertical distance measured from the side of the fence that is exterior to the property or from the lowest adjacent ground level to the top of the fence material."
2,Article II Language and Definitions,Section 410.040 Definitions of Terms.,sub-sec-2.3,https://ecode360.com/27590906,https://zoneomics.com/code/16241/chapter_2#2.3,True,5,"In the case of wire fencing, height shall be measured by the width of the material used, providing that when installed, the material is directly adjacent to the ground level.
FERTILIZER SALES AND STORAGE Ag-related chemical sales.
FINAL DEVELOPMENT PLAN A plan submitted for site plan review as required by these regulations for single-family, two-family, multi-family, commercial and industrial development proposals.
FLAG LOT A lot, tract or parcel having frontage or access to a street or place by a strip of land narrower than the lot or parcel width, having the appearance of a flag on a pole.
FLOOR AREA, RESIDENCE The use of a residence exclusive of garage, carport, porch or basement.
FOOD AND BEVERAGE SERVICES Warehousing and distribution facility.
FOOD/BAKERY PRODUCT MANUFACTURING A use engaged in the manufacture of food and food products, including non-retail bakeries, canning facilities and creameries.
FOOD STORE An establishment where food and prepackaged beverages are sold on site for consumption off site.
A limited amount of food preparation on site may also be allowed, such as a delicatessen or bakery.
FREIGHT TERMINAL A building or area in which freight brought by truck, rail or air is processed for continued shipment by truck, rail or air.
FRONTAGE The distance along a street line from one intersecting street to another or from one
(1) intersecting street to the end of a dead-end street.
FUNERAL HOME An establishment engaged in preparing the human deceased for burial or cremation and arranging and managing funerals.
GARAGE |  |  |
| --- | --- |
|  | PRIVATE — An accessory building or portion of a main building used for storage only of automobiles. |
|  | PUBLIC — A detached accessory building or portion of the main building housing or designed to house the automobiles of the occupants of the premises. |
|  | REPAIR — A building or portion thereof designed or used for the storage, sale, hiring, care or repair of motor vehicles and which is operated for commercial purposes. |
|  | STORAGE — A building or portion thereof, except those defined as a private, a repair or a community garage, providing storage for motor vehicles, with facilities for washing but no other services. | GAS AND FUEL SALES/STORAGE The use of a site for bulk storage and distribution and sales of flammable liquid, gas or solid fuel, excluding below-ground storage that is clearly ancillary to an allowed principal use on the site.
GAS SERVICE STATION Any premises used for dispensing, sale at retail of automobile fuels, oils or accessories, but not including major repair work.
GOLF COURSE A facility providing private or public golf recreation services and support facilities.
This definition shall exclude miniature golf courses and golf driving ranges except those that are clearly accessory uses.
See ""RECREATION AND ENTERTAINMENT, OUTDOOR"".
GOVERNING BODY That body having jurisdiction in the zoning area.
GOVERNMENT SERVICE Buildings or facilities owned or operated by a government entity and providing services for the public, excluding utilities and park and recreation services.
Typical uses include administrative offices of government agencies and utility billing offices.
GRADE The average level of the finished surface of the ground for buildings.
GRAIN ELEVATOR A tall building for storing grain.
GREENHOUSE, NURSERY An establishment where flowers, trees and other products that are commonly used as landscaping in and around buildings are grown and sold.
GROCERY STORE, GENERAL Establishments with ten thousand (10,000) square feet of gross floor area or more primarily engaged in the retail sale of food or household products for home consumption.
Typical uses include large grocery stores [including the sale of beer and wine in unopened containers for off-premises consumption where revenue from the sale of groceries comprises at least fifty-one percent (51%) of the gross income of the establishment during a calendar year, and where at least fifty-one percent (51%) of the total display or shelf space is devoted to groceries other than beer and wine], delicatessens, meat markets, retail bakeries, and candy shops.
GROCERY STORE, LIMITED Establishments less than ten thousand (10,000) square feet of gross floor area primarily engaged in the retail sale of food or household products for home consumption.
Typical uses include those uses specified for grocery store, general.
GROSS LEASABLE FLOOR AREA The total floor area designed for tenant occupancy and exclusive use, including basements, mezzanines and upper floors, if any, expressed in square feet measured from the centerline of joint partitions and from the exterior surface of outside walls.
GROUP HOME A residential home providing twenty-four
(24) hour care in a protected environment for eight
(8) or less unrelated persons with mental or physical disabilities; further, and pursuant to
Section 89.020.2, RSMo., such home may include two
(2) additional qualified persons acting as house parents or guardians who need not be related to each other or to any of the mentally or physically handicapped persons residing in the home.
A ""qualified person"" shall mean a person qualified by education, training and experience, or any combination thereof, for the position which they hold in the residential group home.
Group homes for occupants eighteen
(18) years old or under shall be licensed by the Missouri Department of Social Services.
GROUP RESIDENTIAL The use of a site for occupancy by groups of more than five
(5) persons, not defined as a family, on a weekly or longer basis.
Typical uses include fraternity or sorority houses, dormitories, residence halls and boarding or lodging houses.
The term ""group residential"" does not include ""group homes"".
HARD SURFACED ROAD An all-weather surface improved with asphalt, concrete, asphaltic concrete or similar material designed to City of Higginsville street standards.
HAZARDOUS OPERATION Activities that present the potential for serious hazards to human life and health.
Typical uses include arsenals, atomic reactors, explosives and fireworks manufacture, hazardous waste disposal, medical waste disposal and radioactive waste handling.
HAZARDOUS SUBSTANCES Any substances or materials that, by reason of their toxic, caustic, corrosive, abrasive or otherwise injurious properties, may be detrimental or harmful to the health of any person handling or otherwise coming into contact with such material or substance."
2,Article II Language and Definitions,Section 410.040 Definitions of Terms.,sub-sec-2.3,https://ecode360.com/27590906,https://zoneomics.com/code/16241/chapter_2#2.3,True,6,"HEALTH CLUB A facility where members or non-members use equipment or space for the purpose of physical exercise.
HEAVY INDUSTRIAL USES Industry that creates external effects of noise and odors.
HEIGHT OF BUILDING The vertical distance from the grade to the highest point of the coping of a flat roof or to the deck line of a mansard roof or to the average height level between eaves and ridge for gable, hip and gambrel roofs.
HEIGHT OF BUILDINGS AND STRUCTURES The vertical distance from the average ground level abutting a building or structure to the highest point of a building or highest point of any permanent part of a structure other than a building.
Height, where not regulated by feet, shall be regulated by stories and a story shall be equal to twelve
(12) feet for purposes of measuring structures other than buildings.
HELIPORT OR HELIPAD An area, either on the ground or on a building, used as a landing pad for helicopters to pick up or discharge passengers or cargo.
HOME OCCUPATION A conditional accessory use conducted in a single-family dwelling or accessory building which is:
1. Clearly incidental and secondary to the use of the dwelling and does not change the character of the dwelling; and
2. Of which there is no indication from the exterior that the dwelling is being utilized in whole or in part for any purpose other than a dwelling.
HOSPITAL An institution that:
1. Offers service more intensive than those required for room, board, personal services and general nursing care;
2. Offers facilities and beds for use beyond twenty-four
(24) hours by individuals requiring diagnosis, treatment or care for illness, injury, deformity, infirmity, abnormality, disease or pregnancy; and
3. Regularly makes available at least clinical laboratory services, diagnostic X-ray services and treatment facilities for surgery or obstetrical care, or other definitive medical treatment of similar extent.
Hospitals may include offices for medical and dental personnel, central service facilities such as pharmacies, medical laboratories and other related uses.
HOTEL A building in which lodging is provided and offered to the public for compensation including a motel, bed and breakfast inn and other similar facilities.
INOPERATIVE VEHICLE A licensed or unlicensed vehicle, powered or unpowered, or component thereof, including truck/trailer beds/boxes, that is incapable of operating if it meets one
(1) or more of the following criteria: it has flat or missing tire(s) or wheel(s); is wrecked or junked; is wholly or partially dismantled; a motorized vehicle incapable of moving under its own power; watercraft not on a dedicated wheeled vehicle; has vegetation or debris which has collected in or around or under the vehicle; is used for storage of any kind; is being used for on-site human, animal or fowl habitation.
INSTITUTION A non-profit establishment for public use.
INTERIOR SETBACK A required setback that does not front on a public street.
KENNEL Any lot on which four
(4) or more adult dogs and cats over the age of four
(4) months of age are kept.
LABORATORY A room or building equipped for scientific experiments, testing, research, or teaching, or for the manufacture of drugs or chemicals.
LANDFILL A disposal facility, licensed by the State of Missouri, employing an engineered method of disposing of solid waste, including demolition and construction debris.
LAUNDRY, DRY CLEANING, DYING An establishment primarily engaged m the provision of providing dry cleaning, dying services.
LAUNDRY, GARMENT SERVICES An establishment primarily engaged in the provision of laundering, clothing alterations, pick-up and drop-off for off-site dry cleaning, and similar services.
LAUNDRY PLANT An establishment that is primarily engaged in the large-scale washing or cleaning of laundry, rugs and similar materials.
This definition does not include laundromats or dry cleaning pickup stations.
LIBRARY A publicly-operated establishment housing a collection of books, magazines, audio and video tapes and other material for borrowing and use by the public.
LIFE CARE FACILITIES Assisted living housing and related support services.
LIGHT INDUSTRIAL USES A use engaged in the manufacture, predominately from previously prepared materials, of finished products or parts, including processing, fabrication, assembly, treatment, packaging, incidental storage, sales and distribution of such products, but excluding basic industrial processing.
LOADING SPACE A space having a minimum dimension of ten
(10) feet by twenty-five
(25) feet and a vertical clearance of fourteen
(14) feet within the main building or on the same lot providing for the standing, loading or unloading of trucks.
LOT (SOMETIMES ZONING LOT) A parcel of land lawfully platted in accordance with the subdivision regulations of the City of Higginsville.
Provided however, that where there exists real property within the City which has not been subdivided, then lot (sometimes zoning lot) shall be defined as a parcel of land under common ownership occupied or intended for occupancy by a use permitted in this Chapter, including one
(1) main building, together with its accessory buildings, the yards, parking and loading spaces required herein and having its principal frontage upon a street.
|  |
| --- |
| **Figure 1—Lot Types and Setbacks** | |  |  |
| --- | --- |
|  | LOT, CORNER — A lot abutting upon two (2) or more streets at their intersection. There shall be a setback on each street side of a corner lot no less than the front yard setback of the adjoining residential structures fronting on the same side of the street, except that the established side yard setback of the corner lot may be adjusted by application for a variance to the Board of Adjustment in cases where an unnecessary hardship is found. No accessory building shall project beyond the required or established setback line on either street. |
|  | LOT, DEPTH OF — The average horizontal distance between the front and rear lot line. |
|  | LOT, DOUBLE FRONTAGE — An interior lot having frontages on two (2) streets. |
|  | LOT, INTERIOR — A lot other than a corner lot. |
|  | LOT OF RECORD — A lot which is a part of a subdivision, the plat of which has been recorded in the office of the Register of Deeds or a parcel of land, the deed of which was recorded in the office of the Register of Deeds prior to the adoption of this Chapter. |
|  | LOT WIDTH — The width of a lot at the building setback line. |"
2,Article II Language and Definitions,Section 410.040 Definitions of Terms.,sub-sec-2.3,https://ecode360.com/27590906,https://zoneomics.com/code/16241/chapter_2#2.3,True,7,"|  | LOT, ZONING — A parcel or tract of land used, developed or built upon as a unit under single ownership or control. Said parcel or tract may consist of one (1) or more lots of record, one (1) or more portions of a lot or lots of record or any combination thereof. | MANUFACTURE To compound, blend, extract, infuse, or otherwise make or prepare a marijuana product.
MANUFACTURED HOME A structure that is governed by and bears the seal indicating compliance with the Federal Manufactured Home Construction and Safety Standards established pursuant to the National Manufactured Home Construction and Safety Standards Act, 42 U.S.C.
§5403 and constructed on or after June 15, 1976. MANUFACTURED HOME PARK Any area, piece, parcel, tract or plot of ground equipped as required for support of manufactured homes and offered for use by the owner or representative for manufactured home park purposes and/or ground upon which three
(3) or more manufactured homes are parked, whether for compensation or not, including all accessory uses thereof.
The term ""manufactured home park"" does not include sales lots of which unoccupied manufactured homes are parked for the purpose of inspection and sale.
MANUFACTURED HOME RESIDENTIAL DESIGN A manufactured home which is designed with the same appearance of an on-site, conventionally built, single-family dwelling and satisfies the criteria established in
Article V Use Regulations.
|  |
| --- |
| **Figure 2 Manufactured Home Residential Design** | | **Residential Character** | **Architectural Details** | **Manufactured Home Features** |
| --- | --- | --- |
| Covered Entry | Window Elements | Horizontal Lap Siding |
| Front Porch |  | Permanent Masonry foundation |
| Landscaping |  | Double-wide Manufactured Home |
| Pitched Roof |  |  | MANUFACTURED HOME SALES An establishment primarily engaged in the display and sale of manufactured homes.
MANUFACTURING AND ASSEMBLY Establishments engaged in the manufacture, predominately from previously prepared materials, of finished products or parts, including processing, fabrication, assembly, treatment and packaging of such products, and incidental storage, sales and distribution of such products, but excluding ""basic industry"".
MARIJUANA All the parts of the plant of the genus Cannabis, whether growing or not, and the seed of such plants.
MARIJUANA/CANNABIS USE Is an establishment where medical marijuana may be acquired, grown or cultivated, harvested, prepared, processed, manufactured, compounded, encapsulated, infused, packaged, dispensed, sold, provided, shared, and exchanged; and as an accessory use, marijuana-related supplies and educational materials may be provided or sold.
MARIJUANA CULTIVATION FACILITY An entity which has been licensed by the Missouri Department of Health and Senior Services and operated in compliance with all applicable State rules that cultivates, prepares, manufactures, processes, packages, sells and delivers usable marijuana to a dispensary or a marijuana-infused product's manufacturing facility, whether medical or otherwise.
This term includes microbusiness wholesale facilities.
MARIJUANA DISPENSARY An entity that has been licensed by the Missouri Department of Health and Senior Services to acquire, sell, store, transport, or deliver marijuana or marijuana-infused products, and operated in compliance with all applicable State rules.
This term also includes cultivating dispensaries and microbusiness dispensaries.
MARIJUANA-INFUSED MANUFACTURING OR PROCESSING FACILITY An entity which has been licensed by the Missouri Department of Health and Senior Services to operate a facility that incorporates marijuana (Cannabis) by the means of cooking, blending, or incorporation into consumable/edible products, whether medical or otherwise.
MARIJUANA TESTING FACILITY A facility certified by the Missouri Department of Health and Senior Services, to acquire, test, certify, and transport marijuana.
MARIJUANA TRANSPORTATION FACILITY A facility certified by the State of Missouri to transport marijuana or marijuana products to a qualifying patient, a primary caregiver, a marijuana cultivation facility, a marijuana-infused product's manufacturing facility, a marijuana dispensary facility, a marijuana testing facility, or another marijuana transportation facility or any other authorized recipient, all whether medical or otherwise.
MASSAGE SHOP An establishment which has a fixed place of business having a source of income or compensation sixty percent (60%) or more of which is derived from the practice of any method of pressure on or friction against or stroking, kneading, rubbing, tapping, pounding, vibrating or stimulation of external parts of the human body with the hands or with the aid of any mechanical electric apparatus or appliances with or without such supplementary aids as rubbing alcohol, liniments, antiseptics, oils, powders, creams, lotions, ointments or other similar preparations commonly used in the practice of massage, under such circumstances that it is reasonably expected that the person to whom the treatment is provided or some third (3rd) person on his or her behalf will pay money or give any other consideration or gratuity; provided that this term shall not include any establishment operated or supervised by a medical or chiropractic practitioner or professional physical therapist licensed by the State of Missouri.
MATERIALS RECOVERY FACILITY A facility in which source separated co-mingled recyclable materials, such as newspapers, glass, metals and plastic containers, are stored, flattened, crushed and/or bundled prior to shipment to others who will use those materials to manufacture new products.
MEDICAL MARIJUANA All the parts of the plant of the genus cannabis, whether growing or not, and the seed of such plants that can be administered to treat or alleviate a condition(s) of a medical marijuana qualifying patient.
MEDICAL MARIJUANA/CANNABIS USE Is an establishment where medical marijuana may be acquired, grown or cultivated, harvested, prepared, processed, manufactured, compounded, encapsulated, infused, packaged, dispensed, sold, provided, shared, and exchanged; and as an accessory use, medical marijuana-related supplies and educational materials may be provided or sold."
2,Article II Language and Definitions,Section 410.040 Definitions of Terms.,sub-sec-2.3,https://ecode360.com/27590906,https://zoneomics.com/code/16241/chapter_2#2.3,True,8,"MEDICAL MARIJUANA CULTIVATION FACILITY An entity which has been licensed by the Missouri Department of Health and Senior Services and operated in compliance with all applicable State rules that cultivates, prepares, manufactures, processes, packages, sells and delivers usable marijuana to a dispensary or a medical marijuana-infused products manufacturing facility.
MEDICAL MARIJUANA DISPENSARY An entity that has been licensed by the Missouri Department of Health and Senior Services to acquire, sell, store, transport, or deliver marijuana or marijuana-infused products, and operated in compliance with all applicable State rules.
This term also includes cultivating dispensaries.
MEDICAL MARIJUANA-INFUSED MANUFACTURING OR PROCESSING FACILITY An entity which has been licensed by the Missouri Department of Health and Senior Services to operate a facility that incorporates medical marijuana (cannabis) by the means of cooking, blending, or incorporation into consumable/edible products.
MEDICAL MARIJUANA QUALIFYING PATIENT Is a person who is authorized by the State of Missouri to obtain and use medical marijuana products, or a primary caregiver of such person, as that term is defined in
Article XVI of the Missouri Constitution.
MEDICAL MARIJUANA TESTING FACILITY A facility certified by the Missouri Department of Health and Senior Services, to acquire, test, certify, and transport marijuana.
MEDICAL MARIJUANA TRANSPORTATION FACILITY A facility certified by the State of Missouri to transport marijuana or marijuana products to a qualifying patient, a primary caregiver, a medical marijuana cultivation facility, a medical marijuana-infused products manufacturing facility, a medical marijuana dispensary facility, a medical marijuana testing facility, or another medical marijuana transportation facility.
MEDICAL OR DENTAL SERVICES An office occupied and maintained for the provision of services by a person licensed by the State of Missouri to practice in the healing arts for humans, such as a physician, surgeon, dentist, chiropractor, or optometrist.
MILITARY SERVICE A facility used or intended to be used by a branch of the U.S. armed forces, including military reserves.
MINING OR QUARRYING The extraction of metallic and non-metallic minerals, excluding oil or natural gas.
Typical uses include sand and gravel pit operations, quarries and mines.
MOBILE HOME A transportable, factory-built structure, larger than three hundred twenty (320) square feet in floor area, designed to be used as a year-round residential dwelling, built prior to enactment of the National Manufactured Home Construction and Safety Standards Act, 42 U.S.C.
§5403, which became effective June 15, 1976. MODELING STUDIO An establishment or business which provides for a fee or compensation the services of modeling on premises for the purpose of reproducing the human body wholly or partially in the nude by means of photography, painting, sketching, drawing or otherwise.
This does not apply to public or private schools wherever persons are enrolled in a class.
MODULAR COMMERCIAL UNIT A factory-fabricated transportable building unit designed to be used by itself or to be incorporated with similar units at a building site into a modular structure to be used for commercial, educational, or industrial purposes.
Modular units do not include structures defined as manufactured or mobile homes or constructed with an integral chassis and attached wheels.
|  |
| --- |
| **Figure 3 Modular Home** | | **Residential Character** | **Architectural Details** | **Modular Features** | **Permanent Features** |
| --- | --- | --- | --- |
| Pitched Roof | Eave Projection | Modules for on-site construction | Walkway and Stairs |
| Covered Entry | Varying Depths |  | Formal Landscaping |
| Enclosed Garage | Ornamental Windows |  |  | MODULAR HOME A manufactured residential structure built to a nationally recognized and accepted construction standard published by the International Code Council (ICC) that is inspected and certified at the factory so that it meets said standard.
A modular home shall have exterior structure materials and appearance similar to the customary single-family structures, as required of a manufactured home-residential design, and shall be permanently situated on a concrete foundation.
MULTI-FAMILY RESIDENTIAL The use of a site for three
(3) or more dwelling units within a single building.
Typical uses include triplexes, four-plexes, apartments and residential condominiums.
NON-CONFORMING BUILDING OR STRUCTURE A building or structure whose size, dimensions or location was lawful prior to the adoption, revision or amendment of this Chapter, but which would be prohibited or further restricted as to type or number under the terms of this Chapter.
NON-CONFORMING LOT A lot whose area, dimensions or location was lawful prior to the adoption, revision or amendment of this Chapter, but which would be prohibited or further restricted under the terms of this Chapter.
NON-CONFORMING USE The use of land or a building, or a portion thereof, that does not conform with the use regulations of the district in which it is situated.
NURSING HOME A building or buildings in which elderly, chronically ill and disabled persons who are patients therein will be provided full support living facilities including twenty-four
(24) hour nursing supervision.
OCCUPIED A structure, building, or mobile home which has a person/persons living in, dwelling in, inhabiting, residing in, or conducting activities in said structure, building or mobile home, and all necessary utilities for the structure, building, or mobile home are connected and in current use.
OFFICE, GENERAL An establishment providing executive, management, administrative or professional services, but not medical or dental services or the sale of merchandise, except as incidental to a permitted use.
Typical uses include real estate, insurance, property management, investment, employment, travel, advertising, law, architecture, design, engineering, accounting and similar offices.
OIL OR GAS DRILLING/REFINING The subsurface extraction or refining of oil or natural gas.
OWNER Any person, firm, trust, corporation, partnership or any other legal entity who has legal interest in a property, as shown within the records of the Lafayette County Assessor's Office.
PARCEL A lot or contiguous group of lots in single ownership or under single control, usually considered a unit for purposes of development."
2,Article II Language and Definitions,Section 410.040 Definitions of Terms.,sub-sec-2.3,https://ecode360.com/27590906,https://zoneomics.com/code/16241/chapter_2#2.3,True,9,"PARKING AREA, OFF-STREET A permanently surfaced [concrete, asphaltic concrete or other comparable surface as specified in
Section 410.420(B)], enclosed or unenclosed for the short-term storage of automobiles.
PARKING LOT, COMMERCIAL A permanently surfaced area used or intended to be used for off-street parking of operable motor vehicles on a temporary basis, other than as accessory parking to a principal use.
PARKING SPACE A permanently surfaced area for the purpose of storing one
(1) parked automobile.
PARKS AND RECREATION A park, playground or community facility, owned by or under the control of a public agency or homeowners' association, that provides opportunities for active or passive recreational activities.
PAWN SHOP A type of used merchandise store in which merchandise is offered as collateral for obtaining loans and wherein such merchandise is offered for sale in recompense for default of loan repayment.
PERSONAL SERVICES Informational, instructional, personal improvement and similar services of a frequent or recurrent and personal nature.
Typical uses include but are not limited to hair salons, barbershops, nail salons, tattoo/body piercing establishments, health clubs, yoga or dance studios, driving school, shoe repair, and martial arts studios.
PET GROOMING An establishment where domestic animals (dogs and cats) are groomed and washed, and may include the ancillary sale of products related to this service, but does not include any associated outdoor kennel or overnight accommodation.
PLANNING COMMISSION The Commission appointed by the Governing Body to administer the planning and zoning regulations as stipulated by the Governing Body and the Statutes of the State.
POST OFFICE A facility used for the collection, sorting and distribution of U.S. mail among several zip code areas and having limited retail services for the public, such as the sale of stamps, postcards and postal insurance.
PRELIMINARY DEVELOPMENT PLAN A preliminary site plan that shall be submitted to the Zoning Administrator prior to submission of the final site plan.
PRINT SHOP A facility for the custom reproduction of written or graphic materials on a custom order basis for individuals or businesses.
Typical processes include, but are not limited to, photocopying, blueprint and facsimile sending and receiving, and including offset printing.
PRINTING AND PUBLISHING The production of books, magazines, newspapers and other printed matter, and record pressing and publishing, engraving and photoengraving, but excluding businesses involved solely in retail photocopying, reproduction, photo developing or blueprinting services.
PRIVATE CLUB A non-profit association of persons whose members organized for some purpose and whose facilities are restricted to members and their guests; not including groups organized to render a service customarily carried on as a commercial enterprise.
PROCESSING Any method used to prepare marijuana and/or marijuana products for commercial retail and/or wholesale sales, including but not limited to, cleaning, curing, preparation, laboratory testing, manufacturing, packaging and extraction of active ingredients to create marijuana-related products and concentrates.
PROFESSIONAL OFFICE An office occupied by a member of a recognized profession and maintained for the provision of professional services, such as but not limited to, a lawyer, architect, city planner, landscape architect, interior designer, accountant, financial planner, auditor, bookkeeper, real estate, brokerage for securities or commodities, secretarial services, or engineer.
PUBLIC UTILITY OWNED FACILITIES Offices for publicly-owned utilities.
RECREATION AND ENTERTAINMENT, INDOOR An establishment offering recreation, entertainment or games of skill to the public for a fee or charge and that is wholly enclosed in a building.
Typical uses include bowling alleys, indoor theaters, bingo parlors, pool halls, billiard parlors and video game arcades.
Does not include those uses considered as parks and recreation.
RECREATION AND ENTERTAINMENT, OUTDOOR An establishment offering recreation, entertainment or games of skill to the public for a fee or charge, wherein any portion of the activity takes place in the open.
Typical uses include archery ranges, batting cages, golf driving ranges, drive-in theaters and miniature golf courses.
Does not include those uses considered as parks and recreation.
RECREATION VEHICLE Any of the following vehicles which are licensed for travel on the highway: travel trailer (a vehicular, portable structure built on a chassis, designed to be used as a temporary dwelling for travel, recreation or vacation, or one permanently identified as a travel trailer by the manufacturer of the trailer); pickup coach (a structure designed to be mounted on a truck chassis for use as a temporary dwelling for travel, recreation and vacation); motorhome (a portable, temporary dwelling to be used for travel, recreation and vacation, constructed as an integral part of a self-propelled vehicle); and camping trailer (a canvas, material or metal folding structure mounted on wheels and designed for travel, recreation and vacation use).
RECREATION VEHICLE PARK Land used or intended to be used for occupancy by recreational vehicles for transient living purposes, including the use of camping spaces for tents.
RECYCLING COLLECTION CENTER A facility which is not larger than one thousand (1,000) square feet in size and is designed for the collection of aluminum and steel cans, glass, plastic containers, papers and other usable materials for their redistribution for sale or reutilization.
This definition does not include processing equipment or storage.
RECYCLING PROCESSING CENTER A facility designed for the purpose of collecting, redistributing and processing recyclable materials.
Activities may include the receipt, separation, storage, conversion, bailing and/or processing of paper, iron, metal, glass, newspaper and other non-biodegradable materials.
Hazardous and biodegradable materials, as determined by the Missouri Department of Natural Resources, including, but not limited to, food, beverages, drugs, cosmetics, hazardous chemicals, poisons, medical wastes, syringes, needles, pesticides and other similar materials, shall not be brought into or handled by a recycling processing center."
2,Article II Language and Definitions,Section 410.040 Definitions of Terms.,sub-sec-2.3,https://ecode360.com/27590906,https://zoneomics.com/code/16241/chapter_2#2.3,True,10,"RELIGIOUS ASSEMBLY A site used by a religious group primarily or exclusively for religious worship and related religious services, including a place of worship, retreat site or religious camp.
REPAIR SERVICE An establishment primarily engaged in the provision of repair services to individuals and households, but excluding ""vehicle repair"" services.
Typical uses include appliance repair shops.
RESEARCH SERVICE An establishment engaged in conducting basic and applied research, including production of prototype products when limited to the minimum scale necessary for full investigation of the merits of a product, excluding production of products used primarily or customarily for sale or for use in non-prototype production operations.
RESTAURANT, FAST-FOOD A use primarily engaged in the sale of food and non-alcoholic beverages in a ready-to-consume state and where the design or principal method of operation is that of a fast-food or drive-in restaurant offering quick food service, where orders are generally not taken at the customer's table, where food is generally served in disposable wrapping or containers, and where food and beverages may be served directly to the customer in a motor vehicle.
RESTAURANT, GENERAL A building wherein food is prepared and served in ready-to-eat form to the public for human consumption.
The term ""restaurant"" shall include cafe, cafeteria, grill, pizza or chili parlor, diner, snack shop, hamburger shop and steak house.
RETAIL Refers to the sale of commodities and services directly to customers, when such commodities and services are used or consumed by the customer and not purchased primarily for the purpose of resale.
RETAIL SALES AND SERVICE An establishment engaged in the sale or rental of goods and services including, but not limited to, antique shops, apparel and accessory stores, art and supply stores, bicycle shops, book and stationery stores, barber and beauty shops, candy and ice cream stores, cigar and tobacco stores, dressmakers and tailors, flower and gift shops, hobby shops, interior decorators, jewelry stores, key shops, leather goods and luggage stores, music instrument sales and repair, photocopying services, shoe repair and shoe shine stores, sporting and athletic goods, toy stores and department stores; excluding uses more specifically defined.
ROADSIDE STAND A structure erected for the display and sale of agricultural products that may or may not be located on a zoning lot where the principal use is agricultural.
Requires appropriate commercial zoning and must comply with all site and structure provisions of the applicable zoning district and may sell up to five
(5) products not of an agricultural nature.
Products sold are generally grown off the zoning lot where such stand is located.
SAFETY SERVICE A facility for conduct of public safety and emergency services, including fire and police protection services and emergency medical and ambulance services.
SALVAGE YARD An area where junk, waste, discarded or salvaged materials are sold, exchanged, stored, baled, parked, disassembled, handled or prepared for recycling, including auto and building salvage yards.
SCHOOL, ELEMENTARY, MIDDLE OR HIGH A public, private or parochial school offering instruction at the elementary, junior and/or senior high school levels in the branches of learning and study required to be taught in the public schools of the State.
SCHOOL, PRIVATE Any school other than a public school, including schools owned and operated by a business establishment, a foundation or an institution, as well as private or parochial elementary, junior or senior high schools.
SCHOOL, PUBLIC Any school operated by a public school district or by a City, County, State or Federal Government agency.
SCHOOLS FOR DEVELOPMENTALLY DISABLED Schools with specific charter for disabled students.
SCREENING Screening and enclosure required for permitted outdoor storage shall be by means of a fence, wall or berm, in combination with landscaping, designed to create a minimum of seventy-five percent (75%) opacity.
Crates, boxes, trailers or other temporary storage facilities shall not be considered appropriate screening materials.
SELL, SALE, AND TO SELL Include any transaction whereby, for any consideration, title to marijuana is transferred from one person to another, and includes the delivery of marijuana or marijuana products, pursuant to an order placed for the purchase of the same and soliciting or receiving an order for the same, but does not include the return of marijuana or marijuana products by a licensee to the licensee from whom such marijuana or marijuana product was purchased.
SERVICE FLOOR AREA The total floor area of a building exclusive of stairways, restrooms, storage rooms, hallways or other areas which are not regularly used by visitors, clients, customers, patients or patrons in their normal everyday use of the building.
SERVICE STATION, AUTOMOTIVE A use primarily engaged in the retail sale of gasoline or other motor fuels primarily to automobiles and passenger vehicles, along with accessory activities such as the sale of lubricants, accessories or supplies, the lubrication of motor vehicles, and the minor adjustment or repair of passenger motor vehicles.
Uses involved primarily in the sale of diesel fuel, gasoline or other fuels to tractor-trucks and uses that feature parking, storage or servicing of tractor-trucks or semi-trailers shall be classified as ""truck stop service stations"".
SERVICE STATION, TRUCK STOP A use primarily engaged in the sale of diesel fuel, gasoline or other fuels to tractor-trucks, along with accessory activities such as the sale of lubricants, accessories or supplies, or the servicing of tractor trucks or semi-trailers.
A truck stop service station may include, as an accessory use, the parking and storage of tractor-trucks and semi-trailers.
SETBACK The distance that is required by this zoning ordinance to be maintained in an unobstructed state between a structure and the property line of the lot on which the structure is located.
(Note:
The term ""setback"" refers to a required minimum area, while the term ""yard"" refers to the actual open area.)
SHOOTING RANGE An indoor or outdoor facility used or intended to be used for the discharge of firearms at targets."
2,Article II Language and Definitions,Section 410.040 Definitions of Terms.,sub-sec-2.3,https://ecode360.com/27590906,https://zoneomics.com/code/16241/chapter_2#2.3,True,11,"SHORT-TERM RENTAL The rental to transient guests of a single-family dwelling, or multi-family dwelling unit, or a portion thereof, located in a residentially zoned district, for a period of less than thirty
(30) consecutive calendar days, unless the rental meets the definition of bed and breakfast.
Typically, these rentals are arranged through online marketing or facilitation services, such as Airbnb and VRBO.
SIGHT TRIANGLE An area at a street intersection in which nothing shall be erected, placed, planted or allowed to grow in such a manner as to materially impede vision between a height of two and one-half (2½) feet and eight
(8) feet above the grades of the outside edge of the street surface of the intersecting streets, measured from the point of intersection of the centerline of the streets, ninety
(90) feet in each direction along the centerline of the streets; except that, the City Engineer may establish greater sight triangles based upon standards in the policy manual published by the American Association of State Highway and Transportation Officials (AASHTO).
| **Figure 4 Sight Triangle Minimum Standards** |
| --- |
|  | SIGN Any words, numerals, figures, devices, designs or trademarks by which information is made known to the public outside a building.
SINGLE-FAMILY RESIDENTIAL, ATTACHED The use of a site for two
(2) or more dwelling units that are constructed with common or abutting walls and with each dwelling unit located on its own separate lot.
Typical uses include town houses and twin homes.
SINGLE-FAMILY RESIDENTIAL, DETACHED The use of a lot for only one
(1) principal dwelling unit that is not connected to any other dwelling unit.
This definition shall include, as defined by these regulations, ""manufactured homes—residential design"" and ""modular homes"" but shall exclude ""manufactured homes"".
SOLID WASTE COLLECTION/PROCESSING Recycling collection centers, incinerators, processing facilities, materials recovery facilities, solid waste transfer stations or any facility where municipal solid wastes are salvaged, sorted, processed or treated.
SOLID WASTE TRANSFER STATION A facility where solid waste or recyclable material is transferred from collection vehicles (some sorting may occur) to long distance hauling vehicles for transportation to a central solid waste management facility for processing, disposal, incineration or resource recovery.
STABLE, COMMERCIAL Any building where horses, mules or ponies are sheltered, fed and/or kept for hire.
STABLE, PRIVATE A detached accessory building for the keeping of horses, mules or ponies owned by the occupants of the premises and not kept for remuneration, hire or sale.
STOCKYARD A non-farm-based facility used or intended to be used for selling or holding livestock.
STORY That portion of a building, located completely above grade, included between the surface of any floor and the surface of the floor next above it or, if there be no floor above it, then the space between the floor and the ceiling next above it.
STORY, HALF A space under a sloping roof which has the line of intersection of roof decking and wall face not more than three
(3) feet above the top floor level, and in which space not more than sixty percent (60%) of the floor area is finished for use.
A half story may be used for occupancy only in conjunction with and by the occupants of the floor immediately below.
STREET All property dedicated or intended for public or private street, highway, freeway or roadway purposes or subject to public or private easements thereon.
STREET LINE A dividing line between a lot, tract or parcel of land and a contiguous street.
STREET NETWORK |  |  |
| --- | --- |
|  | ARTERIAL — A street which provides for through traffic movement between and around areas with direct access to abutting property, subject to necessary control of entrances, exits and curb uses. |
|  | COLLECTOR — A street which provides for traffic movement between arterials and local streets, with direct access to abutting property. |
|  | EXPRESSWAY — A street which provides fast and efficient movement of large volumes of traffic between areas and does not provide a land service function. |
|  | LOCAL — A street which provides direct access to abutting land and local traffic movement whether in business, industrial or residential areas. | STRUCTURAL ALTERATIONS Any change in the supporting members of a building, such as bearing walls or partitions, columns, beams or girders, or any substantial change in the roof or in the exterior walls.
STRUCTURE Any combination of materials constructed or erected on the ground or which is attached to something on the ground for use, occupancy or ornamentation, whether installed on, above or below the surface of land or water.
STUDIO, RADIO, TELEVISION, FILM OR MUSIC An establishment primarily engaged in the provision of recording or broadcasting services accomplished through the use of electronic mechanisms.
SWIMMING POOL A receptacle for water, constructed or prefabricated, or an artificial pool of water, with bottom and sides formed of material other than soil and rock, used for swimming or bathing, having a depth at any point of more than twenty-four
(24) inches at its deepest level, intended for the purpose of immersion or partial immersion therein of human beings, and including all appurtenant equipment.
This term includes in-ground, aboveground, and on-ground pools; hot tubs; spas and fixed-in-place wading pools.
TEMPORARY USES A use which is only allowed for a specified period of time.
Typical temporary uses include, but are not limited to, Christmas tree sales, garage sales, road stands, etc.
TITLE LOAN BUSINESS The business of lending money with the pledge of personal property as collateral, evidenced by a certificate of title issued by the State of Missouri, and regulated under
Sections 367.500 through 367.533, RSMo., as amended from time to time.
(See ""Unsecured Loan Service"" for restrictions.)
TOTAL FLOOR AREA The square foot area of a building, including accessory buildings, measured from outside wall surfaces, and including garages, porches, utility rooms, stairways, recreation rooms, storage rooms, but excluding unroofed balconies and patios.
TOURIST CABIN See definition of ""HOTEL/MOTEL"".
TOWN HOUSE A dwelling unit located in a group of three
(3) or more attached town house dwelling units with no other dwelling unit located above or below another and with each dwelling unit having at least one"
2,Article II Language and Definitions,Section 410.040 Definitions of Terms.,sub-sec-2.3,https://ecode360.com/27590906,https://zoneomics.com/code/16241/chapter_2#2.3,True,12,"(1) interior common wall and a private exterior entrance.
TOWN HOUSE SITE A town house, the total land area beneath the town house and the facilities associated with the town house.
TOWN HOUSE STRUCTURE A grouping of three
(3) or more town houses.
TRANSIENT GUEST A person who occupies a room in a hotel, motel, bed and breakfast, or short-term rental for less than thirty-one
(31) consecutive days.
TRANSIT FACILITY A facility used or intended to be used as an area for loading, unloading and interchange of transit passengers.
Typical uses include bus terminals, rail stations and passenger-related mass transit facilities.
TRANSITIONAL LIVING FACILITY A State-licensed group care home for juvenile delinquents, halfway houses providing residence, rehabilitation and counseling to persons on release from a more restrictive custodial confinement and residential rehabilitation treatment centers which also may provide outpatient rehabilitation for alcohol and other drug abuse.
TWIN HOME The use of a site for two
(2) dwelling units that are constructed with common or abutting walls and with each dwelling unit located on its own separate lot.
Twin homes are often created by subdividing a single duplex into two
(2) separate lots each of which contains one
(1) dwelling unit.
UNSECURED LOAN BUSINESS Any business which loans money on a short-term basis to members of the general public as an element of its operation, including businesses offering payday loans, signature loans and check cashing loans under
Chapter 367 or
Section 408.500 RSMo., and other similar businesses, but not to include banks, savings and loan associations or credit unions which are licensed under
Chapter 364 or 365 RSMo., or pawn brokers governed by
Chapter 367 RSMo., or retail merchants covered by
Chapter 400,
Article 2, RSMo.
USED CAR LOT OR SALES The annual sale of more than four
(4) used vehicles not in conjunction with an automotive sales establishment.
USED MERCHANDISE STORE The use of a building or premises primarily for the retail sale of used merchandise or secondhand goods, such as used clothes, antiques, secondhand books or rare manuscripts, or items of architectural salvage, but not including used cars or other motorized vehicles or pawn shops.
UTILITY, MAJOR Generating plants; electrical switching facilities and primary substations; water and wastewater treatment plants; water tanks; and radio, television and microwave transmission towers; and similar facilities of agencies that are under public franchise or ownership to provide the public with electricity, gas, heat, steam, communication, rail transportation, water, sewage collection or other similar service.
The term ""utility"" shall not be construed to include corporate or general offices; gas or oil processing; manufacturing facilities; postal facilities or other uses defined in this Section.
UTILITY, MINOR Services and facilities of agencies that are under public franchise or ownership to provide services that are essential to support development and that involve only minor structures, such as poles and lines.
VARIANCE A variation from a specific requirement in this Chapter, as applied to a specific piece of property, as distinct from rezoning.
VEHICLE Any device, or component thereof, in, upon or by which any person or property is or may be transported or pulled upon a highway, street or waterway, including, but not limited to, travel trailer, camper, motor home/coach, trailers of all kinds, trucks of all sizes, cars, buses, boats, and off-road vehicles.
Devices moved by human power or used exclusively upon stationary rails or tracks are not deemed to be a vehicle.
VEHICLE AND EQUIPMENT SALES An establishment engaged in the retail or wholesale sale or rental, from the premises, of motorized vehicles or equipment, along with incidental service or maintenance activities.
Typical uses include new and used automobile and truck sales, automobile rental, boat sales, motorcycle sales, moving trailer rental and farm equipment and machinery sales and rental.
VEHICLE/EQUIPMENT STORAGE YARD An outdoor area used or intended to be used for long-term storage of vehicles and equipment, other than a ""commercial parking lot"" or accessory parking to a principal use.
VEHICLE, MOTOR Any self-powered vehicle moving on wheels or runners used as a means of transport.
VEHICLE REPAIR, GENERAL An establishment primarily engaged in painting of or bodywork to motor vehicles or heavy equipment.
Typical uses include paint and body shops.
VEHICLE REPAIR, LIMITED A use providing automobile repair or maintenance services within completely enclosed buildings, but not including ""general vehicle repair"" services.
VEHICLE REPAIR SERVICES Garages specializing vehicle repair, including body shops.
VOCATIONAL SCHOOL A use providing education or training in business, commercial trades, language, arts or other similar activity or occupational pursuit and not otherwise defined as a ""college or university"" or ""school"".
WAREHOUSE, RESIDENTIAL STORAGE An enclosed storage facility containing independent, fully enclosed bays that are leased to individuals exclusively for dead storage of their household goods or personal property.
WAREHOUSING AND WHOLESALE An establishment primarily engaged in the storage or sale of materials, equipment or products or sale to wholesalers or retailers.
Typical uses include cold storage, warehousing and dead storage facilities, but exclude ""residential storage warehouses"" and sale of goods to the general public.
WELDING OR MACHINE SHOP A workshop where machines, machine parts or other metal products are fabricated.
Typical uses include machine shops, welding shops and sheet metal shops.
YARD An open space on the same lot with a building, unoccupied and unobstructed by any portion of a structure from the ground upward, except as otherwise provided herein.
In measuring a yard for the purpose of determining the width of a side yard, the depth of a front yard or the depth of a rear yard, the minimum horizontal distance between the lot line and the main building shall be used.
|  |  |
| --- | --- |
|  | FRONT — A yard extending the full width of the lot between a main building and the front lot line. |"
2,Article II Language and Definitions,Section 410.040 Definitions of Terms.,sub-sec-2.3,https://ecode360.com/27590906,https://zoneomics.com/code/16241/chapter_2#2.3,True,13,"|  | REAR — A yard extending the full width of the lot between a main building and the rear lot line. On corner lots, the rear yard shall be considered as parallel to the street upon which the lot has its least dimension. On both corner lots and interior lots, the rear yard shall in all cases be at the opposite end of the lot from the front yard. |
|  | SIDE — An open space between the front and rear yards of a lot and between the side lot lines and the main building or any projections thereof. | ZONE OR DISTRICT A section of the zoning area for which uniform regulations governing the use, height, area, size and intensity of use of structures, land and open space are herein established.
ZONING ADMINISTRATOR The person designated by the City to enforce and administer the provisions of this
Chapter or their duly appointed representative(s).
ZONING AREA The area to be zoned as set out on the official Zoning Map filed of record.
ZONING REGULATIONS The term ""zoning regulations"" or ""these regulations"" shall mean the requirements stipulated in the regulations herewith attached and shall mean the lawfully adopted zoning ordinances of the City of Higginsville."
3,Article III Establishment of Zoning Districts and Map,Section 410.050 Zoning Districts.,sub-sec-3.1,https://ecode360.com/27591324,https://zoneomics.com/code/16241/chapter_3#3.1,False,0,"[R.O.
2009
§ 410.050; Ord.
No.
2040
§ 3-1, 9-15-2003; Ord.
No.
2527
§ 1, 2-3-2014] The City of Higginsville is hereby divided into the following zoning districts:
|  |  |  |
| --- | --- | --- |
|  | ""AG"" | Agricultural District |
|  | ""SF-1"" | Single-Family Residential District—twelve thousand five hundred (12,500) square feet |
|  | ""SF-2"" | Single-Family Residential District—seven thousand five hundred (7,500) square feet |
|  | ""SF-3"" | Single- and Two-Family Residential District—seven thousand five hundred (7,500) square feet |
|  | ""MR"" | Multi-family Residential District |
|  | ""MHP"" | Manufactured Home Park Residential District |
|  | ""HS"" | Health Services District |
|  | ""GC"" | General Commercial District |
|  | ""DC"" | Downtown Commercial District |
|  | ""HC"" | Highway Commercial District |
|  | ""LI"" | Light Industrial District |
|  | ""HI"" | Heavy Industrial District |"
3,Article III Establishment of Zoning Districts and Map,Section 410.060 Requirements in Each District.,sub-sec-3.2,https://ecode360.com/27591325,https://zoneomics.com/code/16241/chapter_3#3.2,False,0,"[R.O.
2009
§ 410.060; Ord.
No.
2040
§ 3-2, 9-15-2003]
A. The requirements are divided as follows and are included in each district:
1. Permitted uses.
2. Accessory uses.
3. Conditional uses.
4. Area requirements.
5. Height requirements."
3,Article III Establishment of Zoning Districts and Map,Section 410.070 Zoning District Map.,sub-sec-3.3,https://ecode360.com/27591332,https://zoneomics.com/code/16241/chapter_3#3.3,False,0,"[R.O.
2009
§ 410.070; Ord.
No.
2040
§ 3-3, 9-15-2003] The boundaries of these districts are hereby established as shown upon the map accompanying and made a part of this Chapter, which map is designated as the ""Zoning District Map"".
The Zoning District Map and all the notations, references and other information shown thereon are a part of this
Chapter and shall have the same force and effect as if such map and all the notations, references and other information shown thereon were all fully set forth or described herein, which Zoning District Map is properly attested and is on file with the Office of the Zoning Administrator."
3,Article III Establishment of Zoning Districts and Map,Section 410.080 Annexed Land.,sub-sec-3.4,https://ecode360.com/27591333,https://zoneomics.com/code/16241/chapter_3#3.4,False,0,"[R.O.
2009
§ 410.080; Ord.
No.
2040
§ 3-4, 9-15-2003] All land which is annexed to the City shall be classified in the ""AG"" Agricultural District until, within a reasonable time following annexation, the annexed land shall be appropriately classified by amending this
Chapter in accordance with
Article XIV herein."
3,Article III Establishment of Zoning Districts and Map,Section 410.090 Vacation of Public Ways.,sub-sec-3.5,https://ecode360.com/27591334,https://zoneomics.com/code/16241/chapter_3#3.5,False,0,"[R.O.
2009
§ 410.090; Ord.
No.
2040
§ 3-5, 9-15-2003] In the event any street, alley, railroad right-of-way or other public way forming the boundary of a district is vacated, the new district boundary line shall be the former centerline of said vacated public way."
3,Article III Establishment of Zoning Districts and Map,Section 410.100 Boundaries of Districts.,sub-sec-3.6,https://ecode360.com/27591335,https://zoneomics.com/code/16241/chapter_3#3.6,False,0,"[R.O.
2009
§ 410.100; Ord.
No.
2040
§ 3-6, 9-15-2003]
A. Where uncertainty exists with respect to the boundaries of the various districts as shown on the Zoning District Map made a part of this Chapter, the following rules apply:
1. The district boundaries are the centerlines of streets, alleys, waterways and railroad rights-of-way, unless otherwise indicated; and where the designation of a boundary line on the Zoning District Map coincides with the location of a street, alley, waterway or railroad right-of-way, the centerline of such street, alley, waterway or railroad right-of-way shall be construed to be the boundary line of such district.
2. Where the district boundaries do not coincide with the location of streets, alleys, waterways or railroad rights-of-way but do coincide with lot lines, such lot lines shall be construed to be the boundary of such district.
3. Where the district boundaries do not coincide with the location of streets, alleys, waterways, railroad rights-of-way or lot lines, the district boundaries shall be determined by the use of the scale shown on the Zoning District Map."
3,Article III Establishment of Zoning Districts and Map,Section 410.110 Exemptions.,sub-sec-3.7,https://ecode360.com/27591340,https://zoneomics.com/code/16241/chapter_3#3.7,False,0,"[R.O.
2009
§ 410.110; Ord.
No.
2040
§ 3-7, 9-15-2003]
A. The following structures and uses shall be exempt from the provisions of these regulations:
1. Poles, wires, cables, conduits, vaults, laterals, pipes, mains, valves or other similar equipment for the distribution to consumers of telephone or other communications, electricity, gas or water, or the collection of sewage or surface water operated or maintained by a public utility but not including substations located on or above the surface of the ground.
2. Railroad tracks, signals, bridges and similar facilities and equipment located on a railroad right-of-way and maintenance and repair work on such facilities and equipment.
3. Agriculture as defined by these regulations.
In the event that any structure or land ceases to be used only for agriculture, then such structure or land shall be subject to the applicable regulations of these regulations.
4. Retaining walls on public property.
5. Public signs."
3,Article III Establishment of Zoning Districts and Map,Section 410.120 Separability.,sub-sec-3.8,https://ecode360.com/27591347,https://zoneomics.com/code/16241/chapter_3#3.8,False,0,"[R.O.
2009
§ 410.120; Ord.
No.
2040
§ 3-8, 9-15-2003]
A. It is hereby declared to be the intention of the City that the several provisions of these regulations are separable in accordance with the following rules:
1. If any court of competent jurisdiction shall adjudge any provision of these regulations to be invalid, such judgment shall not affect any other provisions of these regulations.
2. If any court of competent jurisdiction shall adjudge invalid the application of any provision of these regulations to a particular property or structure, such judgment shall not affect the application of said provisions to any other property or structure."
3,Article III Establishment of Zoning Districts and Map,Section 410.130 Repeal Clause.,sub-sec-3.9,https://ecode360.com/27591351,https://zoneomics.com/code/16241/chapter_3#3.9,False,0,"[R.O.
2009
§ 410.130; Ord.
No.
2040
§ 3-9, 9-15-2003] Upon the adoption of this Zoning Ordinance, the Higginsville Zoning Ordinance, adopted September 8, 1993, Ordinance No.
1540, as amended, is hereby repealed."
3,Article III Establishment of Zoning Districts and Map,Section 410.140 Legal Lots of Record.,sub-sec-3.10,https://ecode360.com/27591352,https://zoneomics.com/code/16241/chapter_3#3.10,False,0,"[R.O.
2009
§ 410.140; Ord.
No.
2040
§ 3-10, 9-15-2003] Platted prior to September 15, 2003 shall be required to meet yard area requirements as established by the pattern of development or record plat in the block or immediate residential environs."
3,Article III Establishment of Zoning Districts and Map,Section 410.150 Application of District Regulations.,sub-sec-3.11,https://ecode360.com/27591353,https://zoneomics.com/code/16241/chapter_3#3.11,False,0,"[R.O.
2009
§ 410.150; Ord.
No.
2040
§ 3-11, 9-15-2003]
A. Except as hereinafter specifically provided:
1. No building shall be erected, converted, constructed, reconstructed, moved or structurally altered, nor shall any building or land be used, except for a purpose permitted in the district in which the building or land is located.
2. No building shall be erected, converted, constructed, reconstructed or structurally altered except in conformity with the height, area, parking and loading regulations of the district in which the building is located.
3. The minimum yards and other open spaces, including lot area required by this
Chapter for each and every building existing at the time of the passage of this Chapter, or for any building hereafter erected, shall not be encroached upon or considered as part of the yard or open space required for any other building, nor shall any lot area be reduced below the requirements of this
Chapter for the district in which such lot is located.
4. Every building hereafter erected or structurally altered shall be located on a lot as defined in this
Chapter and in no case shall there be more than one
(1) main building on one
(1) lot except as specifically provided hereinafter.
5. Every building hereafter erected, converted, constructed, reconstructed or moved on a lot shall be connected to the City's sewer system unless circumstances prevent such connection and a waiver of this requirement is granted by the Board of Aldermen.
6. Cooperatives, condominiums and all other forms of property ownership do not affect the provisions of these regulations, and all requirements shall be observed as though the property were under single ownership."
4,Article IV District Regulations,"Section 410.160 ""AG"" Agricultural District.",sub-sec-4.1,https://ecode360.com/27591362,https://zoneomics.com/code/16241/chapter_4#4.1,False,0,"[R.O.
2009
§ 410.160; Ord.
No.
2040
§ §""AG""(4-1—4-6), 9-15-2003]
A. Intent.
It is the intent of this district to protect agricultural uses and future urban growth areas through control of density, land use and land coverage.
B. Permitted Uses.
Generally, agricultural and rural residential uses are permitted on parcels greater than twenty
(20) acres.
For a general listing of permitted and conditionally permitted uses, see
Article V of these regulations.
The raising and feeding of livestock and poultry shall be considered an agricultural venture if the area in which the livestock or poultry is kept is ten
(10) acres or more in area, and if such raising of livestock and poultry is incidental or supplemental to the raising of crops.
The storage of crops, grains, feeds or other products shall be limited to those raised on or to be consumed on the premises.
The permitted uses will be determined based on compatibility with other uses permitted in the district and with uses listed in
Article V.
C. Conditional Use Permits.
For a specific listing of conditional uses, see
Article V.
D. Intensity Of Use Regulations.
1. Minimum lot area.
Twenty
(20) acres.
A residence shall be permitted on a lot of record that is not less than the minimum lot size required to meet minimum standards for sewage treatment.
2. Minimum lot width.
The minimum lot width for residential uses shall be six hundred sixty (660) feet.
Minimum lot width shall be three
(3) acres for non-residential uses.
E. Height Regulations.
Maximum structure height:
Thirty-five
(35) feet.
F. Yard Regulations.
Except as modified by the provisions of
Article VI, minimum yard depths shall be as follows:
1. Front yard.
Forty
(40) feet.
2. Side yard.
Twenty
(20) feet and no less than twenty-five
(25) feet when abutting a local street and no less than forty
(40) feet when abutting an arterial or collector street.
3. Rear yard.
Forty
(40) feet."
4,Article IV District Regulations,"Section 410.170 ""SF-1"" Single-Family Residential District.",sub-sec-4.2,https://ecode360.com/27591374,https://zoneomics.com/code/16241/chapter_4#4.2,False,0,"[R.O.
2009
§ 410.170; Ord.
No.
2040
§ §""SF-1""(4-1—4-8), 9-15-2003]
A. Intent.
The intent of this district is to provide for low-density residential development including those uses which reinforce residential neighborhoods.
B. Permitted Uses.
Generally, single-family dwellings, parks and related accessory uses are permitted.
Educational and religious uses are permitted as conditional uses.
For a general listing of permitted and conditionally permitted uses, see
Article V of these regulations.
The permitted uses will be determined based on compatibility with other uses permitted in the district and with uses listed in
Article V.
C. Conditional Uses.
For a specific listing of conditional uses, see
Article V.
D. Intensity Of Use Regulations.
Except as modified by the provisions of
Article VI:
1. Minimum lot area.
Twelve thousand five hundred (12,500) square feet.
2. Minimum lot width.
Seventy-five
(75) feet; corner lots shall not be less than ninety
(90) feet.
3. Lot coverage.
The combined area of the main building and accessory buildings shall not cover more than forty percent (40%) of the total area of the lot.
E. Height Regulations.
Maximum structure height:
Thirty-five
(35) feet.
F. Yard Regulations.
Except as modified by the provisions of
Article VI, minimum yard depths shall be as follows:
1. Front yard.
Thirty
(30) feet.
2. Side yard.
Ten
(10) feet; structures on corner lots shall provide a side yard on the street side of not less than thirty
(30) feet or the established front yard setback of the adjoining residential structure fronting on the same side street, whichever is greater.
3. Rear yard.
Thirty
(30) feet G. Parking Regulations.
See
Article VII Off-Street Parking and Loading Regulations.
H. Sign Regulations.
See
Article XI Sign Regulations."
4,Article IV District Regulations,"Section 410.180 ""SF-2"" Single-Family Residential District.",sub-sec-4.3,https://ecode360.com/27591389,https://zoneomics.com/code/16241/chapter_4#4.3,False,0,"[R.O.
2009
§ 410.180; Ord.
No.
2040
§ §""SF-2""(4-1—4-8), 9-15-2003]
A. Intent.
The intent of this district is to provide for moderate density residential development in a manner which will encourage a strong residential neighborhood.
B. Permitted Uses.
Generally, single-family dwellings, parks and related accessory uses are permitted.
Educational and religious uses are permitted as conditional uses.
For a general listing of permitted and conditionally permitted uses, see
Article V of these regulations.
The permitted uses will be determined based on compatibility with other uses permitted in the district and with uses listed in
Article V.
C. Conditional Uses.
For a specific listing of conditional uses, see
Article V.
D. Intensity Of Use Regulations.
Except as modified by the provisions of
Article VI:
1. Minimum lot area.
Seven thousand five hundred (7,500) square feet.
2. Minimum lot width.
Fifty
(50) feet; corner lots shall not be less than sixty-five
(65) feet.
3. Lot coverage.
The combined area of the main building and accessory buildings shall not cover more than forty percent (40%) of the total area of the lot.
E. Height Regulations.
Maximum structure height:
Thirty-five
(35) feet.
F. Yard Regulations.
Except as modified by the provisions of
Article VI, minimum yard depths shall be as follows:
1. Front yard.
Twenty-five
(25) feet.
2. Side yard.
Five
(5) feet; structures on corner lots shall provide a side yard on the street side of not less than twenty-five
(25) feet or the established front yard setback of the adjoining residential structure fronting on the same side street, whichever is greater.
3. Rear yard.
Twenty-five
(25) feet.
G. Parking Regulations.
See
Article VII Off-Street Parking and Loading Regulations.
H. Sign Regulations.
See
Article XI Sign Regulations."
4,Article IV District Regulations,"Section 410.190 ""SF-3"" Single and Two-Family Residential District.",sub-sec-4.4,https://ecode360.com/27591404,https://zoneomics.com/code/16241/chapter_4#4.4,False,0,"[R.O.
2009
§ 410.190; Ord.
No.
2040
§ §""SF-3""(4-1—4-8), 9-15-2003]
A. Intent And Purpose Of District.
The ""SF-3"" Residential Dwelling District is intended for the co-mingling of compatible single-family and two-family dwellings and community facilities yet retain the basic residential quality.
B. Permitted Uses.
Generally, single-family and duplex dwellings, parks and related accessory uses are permitted.
Educational and religious uses are permitted as conditional uses.
For a general listing of permitted and conditionally permitted uses, see
Article V of these regulations.
The permitted uses will be determined based on compatibility with other uses permitted in the district and with uses listed in
Article V.
C. Conditional Uses.
For a specific listing of conditional uses, see
Article V.
D. Intensity Of Use Regulations.
Except as modified by the provisions of
Article VI:
1. Minimum lot area.
|  |  |  |
| --- | --- | --- |
|  | Single-family detached: | Seven thousand five hundred (7,500) square feet |
|  | Duplex: | Three thousand seven hundred fifty (3,750) square feet per family |
2. Minimum lot width.
Fifty
(50) feet; corner lots shall not be less than sixty-five
(65) feet.
3. Lot coverage.
The combined area of the main building and accessory buildings shall not cover more than forty percent (40%) of the total area of the lot.
E. Height Regulations.
Maximum structure height:
Thirty-five
(35) feet.
F. Yard Regulations.
Except as modified by the provisions of
Article VI, minimum yard depths shall be as follows:
1. Front yard.
Twenty-five
(25) feet.
2. Side yard.
Five
(5) feet; structures on corner lots shall provide a side yard on the street side of not less than twenty-five
(25) feet, or the established front yard setback of the adjoining residential structure fronting on the same side street, whichever is greater.
3. Rear yard.
Twenty-five
(25) feet G. Parking Regulations.
See
Article VII Off-Street Parking and Loading Regulations.
H. Sign Regulations.
See
Article XI Sign Regulations."
4,Article IV District Regulations,"Section 410.200 ""MR"" Multi-Family Dwelling District.",sub-sec-4.5,https://ecode360.com/27591419,https://zoneomics.com/code/16241/chapter_4#4.5,False,0,"[R.O.
2009
§ 410.200; Ord.
No.
2040
§ §""MR""(4-1—4-10), 9-15-2003; Ord.
No.
2674
§ 1, 5-15-2017]
A. Intent And Purpose Of District.
The ""MR"" Multi-Family Dwelling District is intended for the purpose of allowing high residential density land use with the co-mingling of compatible single-family and two-family dwellings, apartments, community facilities and other complimentary uses that retain a residential quality within the district.
B. District Regulations.
In the ""MR"" District, no structure or land shall be used and no structure altered, enlarged or erected which is arranged, intended or designed for other than one
(1) of the uses listed in the use regulations.
C. Permitted Uses.
Single-, two- and multi-family dwellings, apartments, nursing homes and boarding houses are permitted.
For a specific listing of permitted and conditionally permitted uses, see
Article V of these regulations.
D. Intensity Of Use Regulations.
Except as hereinafter provided, all dwellings hereafter erected, enlarged, relocated or reconstructed shall be located upon lots containing the following areas:
1. A lot on which there is erected a single-family dwelling shall contain an area of not less than six thousand five hundred (6,500) square feet.
No lot shall be less than fifty
(50) feet in width; corner lots shall be not less than seventy
(70) feet in width.
2. A lot on which there is erected a two-family dwelling shall contain an area of not less than three thousand (3,000) square feet per family.
No lot shall be less than sixty
(60) feet in width; corner lots shall be not less than eighty
(80) feet in width.
3. A lot on which there is erected a multi-family dwelling shall contain an area of not less than seven thousand five hundred (7,500) square feet or two thousand five hundred (2,500) square feet per unit, whichever area is the larger, except that this regulation shall not apply to dormitories or rooming and lodging houses where no cooking is done in individual rooms or apartments.
The Planning Commission may authorize an increase in the intensity of use for multi-family dwellings by one
(1) residential unit, if all of the following conditions can be met:
a. There is sufficient land area on the site to meet all other requirements, including parking and setbacks;
b. The additional unit permits a more economical design (e.g., an eight-plex rather than a seven-plex); and c. The increase may be used to achieve an even number of units only.
4. Where a single lot of record, as defined in
Section 410.040 of this Chapter, has less area than herein required and was recorded prior to January 22, 2001, the effective date of this Chapter, that lot may be used only for single-family dwelling purposes.
5. Multi-family uses shall not cover more than forty percent (40%) of the lot area.
E. Height Requirements.
No structure shall exceed thirty-five
(35) feet in height, except that for each one
(1) foot of additional front yard provided, two
(2) additional feet of height will be permitted.
F. Yard Requirements.
1. Front Yard.
a. The front yard shall be a minimum of twenty-five
(25) feet in depth measured from the front lot line; or on collector streets seventy
(70) feet measured from the centerline of the street; or on arterial streets eighty
(80) feet measured from the centerline of the street, whichever front yard setback would be greater.
b. Where a lot or lots have double frontage, the required front yard shall be provided on both streets.
c. Where a lot is located at the intersection of two
(2) or more streets, there shall be a front yard on each street side of the corner lot, except the buildable width of such lot shall not be reduced to less than twenty-eight
(28) feet, except where necessary to provide a yard along the side street with a depth of not less than five
(5) feet.
No accessory structure shall project beyond the front yard line of either street.
2. Side Yard.
a. There shall be a side yard not less than five
(5) feet on each side of structures up to thirty-five
(35) feet high.
b. There shall be a side yard of not less than ten
(10) feet on each side of a structure in excess of thirty-five
(35) feet in height.
c. Structures on corner lots shall provide a side yard (on the street side) of no less than twenty-five
(25) feet or meet the established front yard setback of the adjoining residential structure fronting on the same side street, whichever is greater.
3. Rear Yard.
There shall be a rear yard for structures in this district which shall have a depth of not less than twenty
(20) feet or twenty percent (20%) of the depth of the lot, whichever is the smaller.
G. Loading And Unloading Regulations.
See
Article VII on parking and loading regulations.
H. Parking Regulations.
Off-street parking is not required in this district for existing residential structures.
Any new structures, and any structure converted to multi-family residences, shall comply with the requirements of
Article VII ""Parking and Loading Regulations.""
I. Sign Regulations.
See
Article XI Sign Regulations.
J. Site Plan Review.
Development in the ""MR"" District shall be subject to the site plan review requirements and procedures.
(See
Article IX)"
4,Article IV District Regulations,"Section 410.210 ""MHP"" Manufactured Home Park District.",sub-sec-4.6,https://ecode360.com/27591447,https://zoneomics.com/code/16241/chapter_4#4.6,True,1,"[R.O.
2009
§ 410.210; Ord.
No.
2040
§ §""MHS""(4-1—4-9), 9-15-2003; Ord.
No.
2520
§ 1, 10-7-2013]
A. Intent.
It is the intent of this district to provide medium-density manufactured home park development that is compatible with the character of the surrounding neighborhood in which it is located.
Manufactured home parks are considered as a residential use and should be located in areas where services and amenities are available, such as those found in conventional residential areas.
B. Permitted Uses.
The listing of permitted uses is set out in
Article V.
C. Conditional Uses.
For a specific listing of special uses, see
Article V of these regulations.
D. Intensity Of Use Regulations.
1. Minimum park area: three
(3) acres.
2. Minimum park width: two hundred twenty-five (225) feet.
E. Height Regulations.
Maximum structure height:
Twenty
(20) feet.
F. Yard Regulations.
Except as modified by the provisions of
Article VI, minimum yard depths for each manufactured home space shall be as follows:
1. Front yard: twenty
(20) feet.
2. Side yard: ten
(10) feet.
3. Rear yard: fifteen
(15) feet.
G. Common Open Space.
No less than ten percent (10%) of the gross area of any manufactured home park shall be devoted to common recreational areas and facilities.
Such open space shall be separate and aside from the open space provided on each manufactured home space.
Said open space shall be sodded and/or landscaped or otherwise designed and made available for recreational use.
1. One
(1) principal recreation and community area shall be provided that contains at least one-half (1/2) of the total required open space.
2. To be countable as common recreational area, such areas shall contain at least one thousand (1,000) square feet and be at least twenty
(20) feet at its smallest dimension.
H. Use Limitations.
Each manufactured home park shall be designed in accordance with all City codes and to the following minimum design standards:
1. Minimum design standards.
a. The park shall be located on a well-drained site, properly graded to insure rapid drainage and freedom from stagnant pools of water.
b. Manufactured home parks hereafter approved shall have a maximum density of eight
(8) manufactured homes per gross acre, and a minimum area of five thousand (5,000) square feet shall be provided for each manufactured home space.
c. Each manufactured home space shall be at least fifty
(50) feet wide and be clearly defined.
d. All manufactured homes and additions thereto shall be so located as to maintain a clearance of not less than twenty
(20) feet from another manufactured home or twenty-five
(25) feet from any permanent structure within the park.
e. All manufactured home spaces shall front upon a private roadway of not less than twenty-five
(25) feet in width, including curbs on each side; provided, however, that no on-street parking is permitted.
If parallel parking is permitted on one
(1) side of the street, the width shall be increased to thirty
(30) feet, and if parallel parking is permitted on both sides of the street, the width shall be increased to thirty-six
(36) feet.
All roadways shall have unobstructed access to a public street.
f. All roadways and sidewalks within the manufactured home park shall be of all-weather surfacing and shall be adequately lighted at night.
g. A community structure may be provided which may include recreation facilities, laundry facilities and other similar uses.
h. The perimeter of all manufactured homes shall be fully skirted.
Skirting shall be of a finished nature and installed within thirty
(30) days of home placement and shall be used to conceal all underpinning, plumbing and support piers.
i. Sidewalks shall be required on one
(1) side of all streets.
j. Landscaping shall be shown on the site development plan.
k. All roadways shall meet the design standards as adopted by the City for private streets in manufactured home parks.
l. A structure permit for the park shall be obtained before moving a manufactured home into an ""MHP"" District.
2. Water supply.
a. Water shall be supplied to the park by a public water system."
4,Article IV District Regulations,"Section 410.210 ""MHP"" Manufactured Home Park District.",sub-sec-4.6,https://ecode360.com/27591447,https://zoneomics.com/code/16241/chapter_4#4.6,True,2,"b. The size, location and installation of water lines shall be in accordance with the requirements of the building codes of the City.
c. Individual water service connections shall be provided at each manufactured home space.
3. Sewage disposal.
Individual sewer connections shall be provided for each manufactured home space and shall be installed in accordance with the building codes of the City.
A public sewer system shall be used.
4. Tie-downs and ground anchors.
All manufactured homes shall be secured to the ground by tie-downs and ground anchors in accordance with the manufacturer's instructions.
5. Electrical.
Each manufactured home space shall be provided with an individual electrical outlet supply which shall be installed in accordance with the building codes of the City and requirements of the electric supplier.
6. Gas.
Natural gas hookups, when provided, shall be installed in accordance with the building codes of the City and the regulations of the gas supplier.
7. Refuse and garbage handling.
Storage, collection and disposal of refuse in a park shall be in accordance with City Code.
8. Blocking.
All manufactured homes shall be blocked at a maximum of ten-foot centers around the perimeter of each manufactured home in accordance with manufacturer's guidelines.
9. Pad requirements.
Pads shall be a flexible surface with a minimum of five-inch thick gravel, stone or compacted surface, treated to discourage plant growth, constructed to discharge water and edged to prohibit fraying or spreading of surfacing materials; or shall be of a hard surface of a minimum of two
(2) eighteen-inch wide concrete ribbons or slabs capable of carrying the weight and of sufficient length to support all blocking points of the manufactured home.
10. Recreational Vehicles.
A recreational vehicle may be used as a residence in a manufactured home park district as follows:
a. No recreational vehicle shall be placed closer than ten
(10) feet to any other recreational vehicle or manufactured home.
b. Recreational vehicles must be treated as manufactured homes for purposes of density requirements.
c. The minimum width of the space provided for the recreational vehicle shall be twenty-five
(25) feet, and so designed that any vehicle used for towing may be parked totally within such space.
d. No recreational vehicle shall be placed within thirty
(30) feet of the development's property line.
e. A suitable facility shall be provided on each parking space for sanitary disposal of wastewater and sewage.
f. The placement of recreational vehicles within a Manufactured Home Park District shall only be permitted for periods designated by motion of the Board of Aldermen, not to exceed 180 days, when economic activity or temporary housing demands justify use of this exception, as determined in the sound discretion of the Board of Aldermen.
I. Application Requirements.
1. An applicant for ""MHP"" Manufactured Home Park shall prepare or cause to be prepared a preliminary manufactured home park plan drawn to a scale of not less than one
(1) inch equals one hundred
(100) feet and twenty
(20) copies of said plan shall be submitted to the Planning Commission for its review and recommendations.
Said plan shall be designed in accordance with the minimum design standards herein and shall have contours shown at two-foot intervals.
2. Upon approval of the preliminary manufactured home park plan by the Planning Commission, the applicant shall prepare and submit a final plan which shall incorporate any changes or alterations requested.
The final plan and the Planning Commission recommendation shall be forwarded to the Governing Body for its review and final action.
3. Any substantial deviation from the approved plan, as determined by the Zoning Administrator, shall constitute a violation of these regulations.
Changes in plans shall be resubmitted for reconsideration and approval by the Planning Commission and Governing Body prior to the occupancy of the manufactured home park.J. Construction of an approved manufactured home park shall begin only after the use permit has been granted by the Governing Body."
4,Article IV District Regulations,"Section 410.220 ""HS"" Health Services District.",sub-sec-4.7,https://ecode360.com/27591492,https://zoneomics.com/code/16241/chapter_4#4.7,False,0,"[R.O.
2009
§ 410.220; Ord.
No.
2040
§ §""HS""(4-1—4-9), 9-15-2003]
A. Intent.
The intent of this district is to provide a zone which will accommodate a broad range of office and institutional business uses, along with a narrow range of retail shopping activities that are normally found in the core area of a City, as well as moderate-density town house and condominium dwellings; and where development is allowed based upon a site plan with setbacks averaged by the neighboring district regulations with off-street parking facilities required of the private development.
B. Permitted Uses.
For a general listing of permitted and conditionally permitted uses, see
Article V of these regulations.
The permitted uses will be determined based on compatibility with other uses permitted in the district and with uses listed in
Article V.
C. Conditional Uses.
For a specific listing of conditional uses, see
Article V.
D. Intensity Of Use Regulations.
Except as modified by the provisions of
Article VI:
1. Minimum lot area.
Twenty thousand (20,000) square feet.
2. Minimum lot width.
One hundred
(100) feet; corner lots shall not be less than one hundred fifteen
(115) feet.
3. Lot coverage.
The combined area of the main building and accessory buildings shall not cover more than seventy percent (70%) of the total area of the lot.
E. Height Regulations.
Maximum structure height:
Forty-five
(45) feet.
F. Yard Regulations.
Except as modified by the provisions of
Article VI, minimum yard depths shall be as follows:
1. Front yard.
Thirty
(30) feet.
2. Side yard.
Twenty
(20) feet; structures on corner lots shall provide a side yard on the street side of not less than twenty-five
(25) feet or the established front yard setback of the adjoining residential structure fronting on the same side street, whichever is greater.
3. Rear yard.
Thirty
(30) feet.
G. Parking Regulations.
See
Article VII Off-Street Parking and Loading Regulations.
H. Sign Regulations.
See
Article XI Sign Regulations.
I. Site Plan Review.
Planned developments zoned PD in the ""HS"" District shall be subject to site plan review requirements and procedures.
(See
Article IX)"
4,Article IV District Regulations,"Section 410.230 ""GC"" General Commercial District.",sub-sec-4.8,https://ecode360.com/27591508,https://zoneomics.com/code/16241/chapter_4#4.8,False,0,"[R.O.
2009
§ 410.230; Ord.
No.
2040
§ §""GC""(4-1—4-9), 9-15-2003]
A. Intent.
The intent of this district is to provide a zone for commercial uses such as retail sales, services, office and related uses which require direct access to major streets.
B. Permitted Uses.
Generally, retail sales, services, office and related uses related to the Fairground Avenue commercial area and compatible with small neighborhood commercial areas.
C. Conditional Uses.
For a specific listing of conditional uses, see
Article V.
D. Intensity Of Use Regulations.
Except as modified by the provisions of
Article VI:
1. Minimum lot area.
Seven thousand five hundred (7,500) square feet.
2. Minimum lot width.
Fifty
(50) feet; corner lots shall not be less than eighty-five
(85) feet.
3. Lot coverage.
The combined area of the main building and accessory buildings shall not cover more than eighty percent (80%) of the total area of the lot.
E. Height Regulations.
Maximum structure height:
Forty-five
(45) feet.
F. Yard Regulations.
Except as modified by the provisions of
Article VI, minimum yard depths shall be as follows:
1. Front yard.
Thirty
(30) feet.
2. Side yard.
Ten
(10) feet if adjacent to a residential district; otherwise five
(5) feet; structures on corner lots shall provide a side yard on the street side of not less than ten
(10) feet, or the established front yard setback of the adjoining residential structure fronting on the same side street, whichever is greater.
3. Rear yard.
Minimum depth of rear yard:
No rear yards are required for commercial buildings except on the rear of a lot abutting a dwelling district, in which case there shall be a rear yard of not less than twenty-five
(25) feet.
G. Parking Regulations.
See
Article VII Off-Street Parking and Loading Regulations.
H. Sign Regulations.
See
Article XI Sign Regulations.
I. Site Plan Review.
Development in the ""GC"" District shall be subject to site plan review requirements and procedures.
(See
Article IX)"
4,Article IV District Regulations,"Section 410.240 ""DC"" Downtown Commercial District.",sub-sec-4.9,https://ecode360.com/27591524,https://zoneomics.com/code/16241/chapter_4#4.9,False,0,"[R.O.
2009
§ 410.240; Ord.
No.
2040
§ §""DC""(4-1—4-9), 9-15-2003; Ord.
No.
2095
§ 1, 12-6-2004]
A. Intent.
The intent of this district is to provide a zone which will accommodate the broad range of retail shopping activities and office uses that are normally found in the core area of a City; and where development is allowed up to the property lot line with no off-street parking facilities required of the private development.
The ""DC"" Downtown Commercial District shall be limited to the Main Street commercial area.
B. Permitted Uses.
Generally retail, service, office and related uses.
Single-family dwelling units, when located on or above the second (2nd) story of a commercial structure.
Special consideration shall be given to the level of continuity between proposed uses and the Main Street commercial area.
C. Conditional Uses.
Multi-family residential, when located on or above the second (2nd) story of a commercial structure, may be permitted by conditional use.
For a specific listing of other conditional uses, see
Article V.
D. Intensity Of Use Regulations.
Except as modified by the provisions of
Article VI:
1. Minimum lot area.
Seven thousand five hundred (7,500) square feet.
2. Minimum lot width.
Fifty
(50) feet; corner lots shall not be less than sixty-five
(65) feet.
3. Lot coverage.
None.
E. Height Regulations.
Maximum structure height:
Forty-five
(45) feet.
F. Yard Regulations.
Except as modified by the provisions of
Article VI, minimum yard depths shall be as follows:
1. Front yard.
None.
2. Side yard.
None.
3. Rear yard.
None.
G. Parking Regulations.
See
Article VII Off-Street Parking and Loading Regulations.
H. Sign Regulations.
See
Article XI Sign Regulations.
I. Site Plan Review.
Development in the ""DC"" District shall be subject to site plan review requirements and procedures.
(See
Article IX)"
4,Article IV District Regulations,"Section 410.250 ""HC"" Highway Commercial District.",sub-sec-4.10,https://ecode360.com/27591540,https://zoneomics.com/code/16241/chapter_4#4.10,False,0,"[R.O.
2009
§ 410.250; Ord.
No.
2040
§ §""HC""(4-1—4-9), 9-15-2003]
A. Intent.
The intent of this district is to provide for specialty retail-commercial and service-commercial uses that serve traffic from regional roadways, as well as select local commercial areas.
B. Permitted Uses.
Generally, highway oriented retail, service, hospitality and ancillary uses commonly associated, yet clearly subordinate to, permitted principal uses.
C. Conditional Uses.
For a specific listing of conditional uses, see
Article V.
D. Intensity Of Use Regulations.
Except as modified by the provisions of
Article VI:
1. Minimum lot area.
Seven thousand five hundred (7,500) square feet.
2. Minimum lot width.
Fifty
(50) feet; corner lots shall not be less than sixty-five
(65) feet.
3. Lot coverage.
The combined area of the main building and accessory buildings shall not cover more than eighty percent (80%) of the total area of the lot.
E. Height Regulations.
Maximum structure height:
Forty-five
(45) feet.
F. Yard Regulations.
Except as modified by the provisions of
Article VI, minimum yard depths shall be as follows:
1. Front yard.
Thirty-five
(35) feet.
2. Side yard.
Five
(5) feet; structures on corner lots shall provide a side yard on the street side of not less than ten
(10) feet or the established front yard setback of the adjoining residential structure fronting on the same side street, whichever is greater.
3. Rear yard.
Minimum depth of rear yard:
No rear yards are required for commercial buildings except on the rear of a lot abutting a dwelling district, in which case there shall be a rear yard of not less than twenty-five
(25) feet.
G. Parking Regulations.
See
Article VII Off-Street Parking and Loading Regulations.
H. Sign Regulations.
See
Article XI Sign Regulations.
I. Site Plan Review.
Development in the ""HC"" District shall be subject to site plan review requirements and procedures.
(See
Article IX)"
4,Article IV District Regulations,"Section 410.260 ""LI"" Light Industrial District.",sub-sec-4.11,https://ecode360.com/27591556,https://zoneomics.com/code/16241/chapter_4#4.11,False,0,"[R.O.
2009
§ 410.260; Ord.
No.
2040
§ §""LI""(4-1—4-11), 9-15-2003; Ord.
No.
2395
§ 1, 9-7-2010]
A. Intent.
The intent of the district is to permit industrial and commercial uses that are not obnoxious due to appearance, noise, emissions or odor; that do not require intensive land coverage; and that can be compatibly developed with adjacent districts through site plan review.
B. Permitted Uses.
Generally, light manufacturing, wholesaling, trucking and warehousing uses, with limited retail and service uses permitted, as well.
For a specific listing of permitted uses, see
Article V of these regulations.
C. Conditional Uses.
The listing of special uses is set out in
Article V of these regulations.
D. Intensity Of Use Regulations.
1. Minimum lot area.
Subject to site plan review.
2. Minimum lot width.
Subject to site plan review.
E. Height Regulations.
Maximum height of structure:
Forty-five
(45) feet.
F. Supplemental height requirements are provided in
Article VI.
G. Yard Regulations.
Except as modified by the provisions of
Article VI, minimum yard depths shall be as follows:
1. Front yard.
Thirty-five
(35) feet.
2. Side yard.
The total of side yards shall be not less than forty
(40) feet, except that no side yard shall be less than ten
(10) feet and no less than twenty
(20) feet when abutting a street or residential district.
3. Rear yard.
Twenty
(20) feet.
H. Use Limitations.
1. All operations and activities shall be conducted within a structure or structures.
Storage may be maintained outside said structure or structures provided the view of said storage area is properly screened from adjacent residential areas.
Storage within ""LI"" Industrial—Light or ""HI"" Industrial—Heavy District shall be exempt from screening of exterior storage from streets.
2. A solid or semi-solid fence or wall six
(6) feet high and having a density of not less than seventy percent (70%) per square foot shall be provided adjacent to an adjoining residential district unless the adjacent residential district and the industrial district are separated by a street right-of-way.
Said fence or wall shall be maintained in good condition by the owner or owners of the property in the ""LI"" District.
3. No structure shall be used for residential purposes.
I. Parking Regulations.
See
Article VII Off-Street Parking and Loading Regulations.
J. Sign Regulations.
See
Article XI Sign Regulations.
K. Site Plan Review.
Development in the ""LI"" District shall be subject to site plan review requirements and procedures.
(See
Article IX)"
4,Article IV District Regulations,"Section 410.270 ""HI"" Heavy Industrial District.",sub-sec-4.12,https://ecode360.com/27591576,https://zoneomics.com/code/16241/chapter_4#4.12,False,0,"[R.O.
2009
§ 410.270; Ord.
No.
2040
§ §""HI""(4-1—4-11), 9-15-2003; Ord.
No.
2395
§ 1, 9-7-2010]
A. Intent.
The intent of the district is to permit a broad range of industrial uses, including uses that have a potential of obnoxious appearance, noise, emissions or odor; that require intensive land coverage; and that require careful site planning to be compatibly developed with adjacent districts.
B. Permitted Uses.
Generally, light manufacturing, wholesaling, trucking and warehousing uses.
For a specific listing of permitted uses, see
Article V of these regulations.
C. Conditional Uses.
The listing of special uses is set out in
Article V of these regulations.
D. Intensity Of Use Regulations.
1. Minimum lot area.
Subject to site plan review.
2. Minimum lot width.
Subject to site plan review.
E. Height Regulations.
Maximum height of structure:
Forty-five
(45) feet.
F. Supplemental height requirements are provided in
Article VI.
G. Yard Regulations.
Except as modified by the provisions of
Article VI, minimum yard depths shall be as follows:
1. Front yard.
Twenty-five
(25) feet.
2. Side yard.
Five
(5) feet.
3. Rear yard.
Twenty
(20) feet.
H. Use Limitations.
1. Storage may be maintained outside structures provided the view of said storage area is properly screened from adjacent residential areas.
Storage within ""LI"" Industrial—Light or ""HI"" Industrial—Heavy District shall be exempt from screening of exterior storage from streets.
2. A solid or semi-solid fence or wall six
(6) feet high and having a density of not less than seventy percent (70%) per square foot shall be provided adjacent to an adjoining residential district unless the adjacent residential district and the industrial district are separated by a street right-of-way.
Said fence or wall shall be maintained in good condition by the owner or owners of the property.
3. No structure shall be used for residential purposes.
I. Parking Regulations.
See
Article VII Off-Street Parking and Loading Regulations.
J. Sign Regulations.
See
Article XI Sign Regulations.
K. Site Plan Review.
Development in the ""HI"" District shall be subject to site plan review requirements and procedures.
(See
Article IX)"
4,Article IV District Regulations,"Section 410.280 ""P-D"" Planned Development District.",sub-sec-4.13,https://ecode360.com/27591596,https://zoneomics.com/code/16241/chapter_4#4.13,True,1,"[R.O.
2009
§ 410.280; Ord.
No.
2040
§ §""PD""(4-1—4-14), 9-15-2003]
A. Purpose.
The purpose of this district is to provide for elements of flexibility in design, placement, arrangement, bulk and other considerations involved in planned districts; to provide a framework within which the structures and uses in the planned district may be interrelated with adjacent development and areas; and to maintain the desired overall intensity of land use, desired population densities and desired areas of open space.
The use of planned zoning procedures is intended to encourage large-scale developments, efficient development of small tracts, innovative and imaginative site planning and conservation of resources.
B. Use Of The ""P-D"" District.
1. With the exception of standard single-family and two-family residential subdivisions, zoning proposals which are intended to be subdivided into multiple lots should seek the ""P-D"" zoning district classification.
Planned developments are groupings of structures or sites that are planned as an integrated unit or cluster on property under unified control at the time of zoning.
The sale, subdivision or other partition of the site after zoning approval does not exempt the project or portions thereof from complying with the development standards and other conditions that were committed to at the time of the rezoning.
The Planned Development District must always be used in conjunction with one
(1) of the other zoning districts, known as the ""underlying district"".
The requirements of the ""P-D"" District shall be in addition to the requirements of the underlying district, except that the ""P-D"" District may modify some of the regulations of the underlying district in specific situations.
A ""P-D"" District may be used in conjunction with any of the other zoning districts or with any combination of districts.
2. An application for rezoning to the ""P-D"" District shall include a preliminary development plan and may include a concurrent request to change the underlying zoning classification.
If the rezoning is approved, the new district shall include the designation of the underlying district followed by ""P-D"".
For example, a planned development district of an ""SF-2"" District shall be known as ""SF-2PD"".
3. Approval of the rezoning based on the preliminary development plan shall allow the applicant to submit a final development plan for approval.
No structure or occupancy permit shall be issued until a final development plan has been approved.
The use of the ""P-D"" District shall be separate from the subdivision regulations of the City, and the development plans required by the ""P-D"" District shall not be construed as plats.
It is recommended that the subdivision process follow the rezoning/preliminary plan approval, but precede the approval of the final development plan.
Resubdivision may be a prerequisite to approval of the final development plan.
C. Use Regulations.
Any use permitted in the underlying zone may be permitted.
The uses permitted may be voluntarily restricted by the applicant or restricted as a condition of approval by the Planning Commission.
D. Height Regulations.
The height regulations provided for the underlying zoning district shall be required, provided that the allowed height may be increased by one
(1) floor or fifteen
(15) feet upon a showing that the proposed structure is consistent in scale and bulk to the character of the community, and the increase in density as a result of the increase in height does not create an adverse effect on the value or utility of adjacent property.
E. Yard Regulations.
The yard regulations provided for the underlying zoning district shall be required, provided that the yard regulations may be reduced upon a showing of sufficient open space accessible to occupants; a separation between structures for fire-fighting purposes; and that there is consistency with the visual character of the community.
F. Use Regulations.
1. The proposed development shall provide access to the major street system in such a way that the traffic generated by the development will not cause an unreasonably hazardous condition or inconvenience in the area.
2. Structures and traffic shall be arranged so that all principal structures are accessible to emergency vehicles.
3. Parking shall be provided in a manner which reduces to a minimum its adverse physical impact in the area.
Screening parking areas with landscaping or walls, breaking parking areas into smaller units by introducing landscaped areas or other physical separators is suggested approaches.
The parking areas should be appropriately spaced to serve those units they represent.
4. The availability of services and location of public utilities shall have the approval of each agency involved.
Evidence to this effect shall be presented with the preliminary development plans.
5. Approval of the final development plan may be conditioned by the Planning Commission or Governing Body to minimize any negative impact on the community.
G. Application For Rezoning.
A petition to change to a ""P-D"" Planned District shall be filed with the City, along with the filing fee as set forth by separate ordinance."
4,Article IV District Regulations,"Section 410.280 ""P-D"" Planned Development District.",sub-sec-4.13,https://ecode360.com/27591596,https://zoneomics.com/code/16241/chapter_4#4.13,True,2,"A preliminary development plan shall be attached and shall include the elements set forth in these regulations.
The process for approval shall be the same as for any rezoning as provided by these regulations.
H. Approval Procedure.
The approval by the Governing Body of the preliminary development plan and the concurrent rezoning to the ""P-D"" District shall be preceded by the publication and mailing of notice, a public hearing and a recommendation by the Planning Commission.
If the Governing Body disagrees with the recommendation, the application shall be returned to the Planning Commission for reconsideration.
Approval of the preliminary development plan shall be valid for two
(2) years from the date of its approval.
The filing and approval of a final development plan for any phase of the area contained in the preliminary plan shall extend the period of validity an additional two
(2) years.
Once approved, the zoning classification can only be changed through rezoning and cannot be changed by expiration of the preliminary development plan.
I. Preliminary Development Plan.
The preliminary development plan shall be prepared at a scale dimension of not more than 1"" = 100' and shall include:
1. Boundaries of the project with dimensions to scale;
2. Contour intervals of two
(2) feet;
3. Proposed size, height, location and arrangement of structures, parking areas with proposed arrangement of stalls and number of cars, entrance and exit driveways and their relationship to existing and/or proposed streets;
4. Preliminary drainage plan in sufficient detail to show direction of flow, stormwater detention facilities, if needed, and major drainage structures;
5. General landscape plan to include location and height of all walls, fences, signs and screen plantings;
6. Note provision for dedication of new or additional rights-of-way, if needed; such to be dedicated to the City prior to approval of a final development plan;
7. Phases of final development;
8. Name and address of owner, applicant and engineering firm which prepared the plan;
9. Seal of engineering firm licensed in the State of Missouri developing the plan, scale, north point and date of plan;
10. A description of any limitations to be placed on the range of permitted uses, the hours of operation, the structure materials to be used or other similar factors; and
11. Ten
(10) copies shall be submitted.
J. Final Development Plan.
The final development plan shall be prepared in the same manner and include the same type of information as the preliminary development plan (updated to show final sizes, dimensions and arrangement) with the following additions:
1. Contour lines shall show finished grading only;
2. The landscaping plan shall show the size and type of each tree, shrub and ground cover; and
3. Drawings showing the size, appearance and method of illumination for each sign.
|  |  |
| --- | --- |
|  | The final development plan shall substantially conform to the approved preliminary plan, shall be in final form for the issuance of a building permit, shall have been previously reviewed by the appropriate City staff and shall include a construction schedule. A final approval by the Governing Body shall authorize construction to begin according to the construction schedule providing all appropriate permits have been received. Construction of at least the first (1st) stage of development shall begin within three (3) years from the date the ordinance of the zoning change was published in the newspaper. If construction does not begin within this period and no effort is made for an extension of time by the owner, the final development plan shall be voided. | K. Building Permits.
On final approval by the Governing Body, the owner shall provide five
(5) copies of the approved final development plan to the City.
The Zoning Officer or his/her designee shall issue building permits only in accordance with the approved final development plan.
L. Amendments.
If any substantial variation or rearrangement of structures, parking area and drives, entrances, heights or open spaces is requested by the applicant, the applicant shall proceed by following the same procedure previously followed and outlined in the preliminary development plan.
M. Open Space.
The Planning Commission may require the provision of open space to buffer dissimilar uses; to protect environmentally sensitive areas; or to counterbalance any reduction in lot area, yard size or bulk limitations.
1. Open space requirements.
If the Planning Commission requires open space, the City and the applicant shall enter into an agreement providing for the establishment of an agency to maintain the open space.
Such agreement shall include provision for default, cure by the City and enforcement.
2. Disposition of open space.
The agency established in the preceding Subsection shall not be dissolved or permitted to otherwise dispose of any open space by sale or otherwise without first offering to dedicate the same to the City.
The development plan process shall be required prior to any rezoning or issuance of a building permit for other than a single-family dwelling.
N. Time Limit.A site plan approval for a ""P-D"" District shall expire automatically unless a building permit is taken within twelve
(12) months after the approved date for commencement to effectuate such site plan."
5,Article V Use Regulations,Section 410.290 Use Table.,sub-sec-5.1,https://ecode360.com/27591636,https://zoneomics.com/code/16241/chapter_5#5.1,False,0,"[R.O.
2009
§ 410.290; Ord.
No.
2040
§ 5-1, 9-15-2003]
A. The use table of this
Article provides a tabular summary of the land use types allowed within each base zoning district.
The table is intended for reference and does not necessarily reflect all of the regulations that may apply to particular uses or districts.
In the event of conflict between the use regulations of
Article V and the zoning district regulations of
Article IV, the text of the zoning district regulations shall prevail.
1. Permitted (by right).
Uses identified in a zoning district column of the Use Table with a ""P"" are ""permitted by right"" and shall be permitted in such zoning district, subject to such conditional use regulations as may be indicated in the ""conditions"" column and all other requirements of this zoning ordinance.
2. Conditional uses.
Uses identified in a zoning district column of the Use Table with a ""C"" are ""conditional uses"" and shall be permitted in such zoning district if reviewed and approved in accordance with the standards of this Section.
Conditional uses shall be subject to such conditional use regulations as may be indicated in the ""use standards"" column and all other requirements of this zoning ordinance.
3. Not permitted.
Any use not shown as a use permitted by right (""P"") or as a conditional use (""C"") in a zoning district is specifically prohibited in that district.
Uses not listed have been determined either not to be appropriate in any district, incompatible with certain existing uses or sufficiently rare or unexpected as to be incapable of being listed at the time of adoption of this Code.
Any use not shown as a use permitted by right or conditional use in any zoning district, but constituting a use that is required to be permitted by law, shall be authorized only in the ""HI"" Industrial District subject to the following conditions.
a. The use shall be permitted only to the extent required by law to be permitted;
b. The use shall be approved only as a conditional use, except if by law it is required to be permitted by right; c. The use shall be located no closer than one thousand (1,000) feet from any residence, residential property, park, school or church, except as may be modified by the Governing Body through a planned use procedure; and d. The use shall maintain a distance of at least one thousand (1,000) feet from any other such use having the same description."
5,Article V Use Regulations,Section 410.300 Use Standards Chart.,sub-sec-5.2,https://ecode360.com/27591645,https://zoneomics.com/code/16241/chapter_5#5.2,False,0,The Use Standards Chart is included as 410 Attachment 1 to this chapter.
5,Article V Use Regulations,Section 410.305 Marijuana.,sub-sec-5.3,https://ecode360.com/34992712,https://zoneomics.com/code/16241/chapter_5#5.3,False,0,"
A. The purpose of these regulations is to provide a uniform and comprehensive set of standards for the location and development of facilities intended for the production, testing, and distribution of marijuana/cannabis, as provided in the Missouri Constitution and regulated by the Missouri Department of Health and Senior Services.
The intent of these regulations is to protect the public health, safety and community welfare, while allowing the development of centers for the regulated and controlled production, testing, and distribution of Cannabis for medical purposes, while ensuring that the provisions of State and City law are met.
B. Marijuana/Cannabis cultivation centers and marijuana-infused manufacturing facilities, whether medical or otherwise, shall be permitted uses by right in the Agricultural (""AG""), Light Industrial (""LI""), and Heavy Industrial (""HI"") zoning districts.
Medical marijuana/Cannabis dispensing organizations shall be permitted uses by right in Heavy Industrial (""HI""), Light Industrial (""LI""), Health Service (""HS""), and Highway Commercial (""HC"") districts, and permitted as a conditional use in Downtown Commercial (""DC"") and General Commercial (""GC"") districts.
Marijuana testing facilities and marijuana transportation facilities shall be a permitted use by right in Light Industrial (""LI""), Heavy Industrial (""HI""), and Highway Commercial (""HC"") districts, and as a conditional use in General Commercial (""GC""), Downtown Commercial (""DC""), and Health Service (""HS"") districts.
C. Cultivation centers, manufacturing facilities, testing facilities, transportation facilities and dispensing organizations shall conform to and meet all regulations established by the State of Missouri and the City of Higginsville.
D. Where a conditional use permit is required by this Section, all policies, procedures and standards of
Article VIII, Conditional Use Regulations, shall apply, except as otherwise noted in
Section 410.310, Use Standards.
E. Signage shall be as permitted under
Article XI of this Code."
5,Article V Use Regulations,Section 410.310 Use Standards.,sub-sec-5.4,https://ecode360.com/27591646,https://zoneomics.com/code/16241/chapter_5#5.4,True,1,"[R.O.
2009
§ 410.310; Ord.
No.
2040
§ 5-3, 9-15-2003; Ord.
No.
2076
§ 1, 6-21-2004; Ord.
No.
2395
§ 1, 9-7-2010; Ord.
No.
2527
§ 2, 2-3-2014; Ord.
No.
2565
§ 1, 12-15-2014; Ord.
No.
2573
§ 1, 3-2-2015; Ord.
No.
2673
§ 1, 5-15-2017; Ord.
No.
2693, 11-6-2017; Ord.
No.
2785, 3-4-2019; Ord.
No.
2801, 7-15-2019; Ord.
No.
2932, 5-2-2022; Ord.
No.
2933, 5-2-2022; Ord.
No.
2971, 10-17-2022] The conditional use standards of this
Section shall apply to permitted, conditional uses and accessory uses, as noted.
A. Accessory Uses.
Permitted uses and approved conditional uses shall be deemed to include accessory uses and activities that are necessarily and customarily associated with, and appropriate, incidental and subordinate to the principal uses allowed in zoning districts.
Accessory uses and activities shall be subject to the same regulations as apply to principal uses in each district, unless otherwise stated in this zoning ordinance.
1. Residential Accessory Uses.
Residential uses shall include, but not be limited to, the following accessory uses, activities and structures:
a. Fences and walls;
b. For lots of twenty thousand (20,000) square feet or less; garages, carports and off-street parking and loading areas, provided that a detached garage or carport in a residential district shall not cover more than a total of seven hundred fifty (750) square feet, or up to ten percent (10%), of the total lot area, whichever is less; c. For lots greater than twenty thousand (20,000) square feet; garages, carports and off-street parking and loading areas, provided that a detached garage or carport in a residential district shall not cover more than a total of five percent (5%) of the total lot area; d. Gardens, provided that they meet the required front yard setbacks of the district in which they are located; e. Gates And Guard Houses; f. Guest house or guest rooms, neither of which may include kitchen facilities, provided such facilities are used for the occasional housing of guests of the occupants of the principal building and not as rental units for permanent occupancy as housekeeping units; g. Home occupations, subject to the home occupation requirements of this Section; h. Playhouses, patios, cabanas, porches, gazebos, and similar structures for outdoor use, provided that such structures shall not cover more than five percent (5%) of the total lot area;
i. Radio and television receiving antennas and support structures, not to exceed thirty
(30) feet or a height as approved by the City;
j. Recreational and play facilities for residents; k. Storage of recreational equipment, such as boats, boat trailers, camping trailers, converted buses or trucks, house trailers, provided that storage shall be limited to private garages, side or rear yards of private homes and in the driveways of private homes.
Stored vehicles or equipment shall not protrude onto public property or obstruct any sidewalks.
Recreational vehicles or equipment shall not be stored within required off-street parking spaces.
No recreational vehicle shall be used for living or sleeping purposes, while stored on the premises for a period exceeding fourteen
(14) days in a calendar year; l. Storm shelters and fallout shelters; m. Other necessary and customary uses, determined by the Zoning Administrator to be appropriate, incidental and subordinate to the principal use on the lot, subject to compliance with any development and performance standards imposed by the Zoning Administrator to ensure land use compatibility; and n. Swimming pools, subject to a setback of no less than four
(4) feet from a protective fence, no less than four
(4) feet in height around the perimeter of the pool; with a self-closing and self-latching gate.
Required fencing around swimming pools shall comply with
Section 3109 of the
2009 International Building Code, or the most recently adopted version, and Appendix G of the
2009 International Residential Code, or the most recently adopted version.
2. Non-Residential Accessory Uses.
Non-residential uses shall include, but not be limited to, the following accessory uses, activities and structures:
a. Cafeterias, dining halls and similar food services, when operated primarily for the convenience of employees, residents, clients or visitors to the principal use; b. Dwelling units, when located on the second story of a commercial structure located in the ""DC"" District; c. Fences and walls; d. Gates and guard houses; e. Offices for allowed business and industrial uses, when the office is located on the same site as the principal use; f. Parking garages and off-street parking areas; g. Radio and television receiving antennas and support structures; h. Restaurants, newsstands, gift shops, swimming pools, tennis courts, clubs and lounges, when in a permitted hotel, motel or office building;
i. Sales of goods produced as a part of allowed industrial activities, when on the same site as the principal industrial use;
j. Recycling collection stations, subject to the provisions of Subsection (A)(4) of this Section; k. The storage of merchandise, when located within the same building as the principal business; and l. Other necessary and customary uses, determined by the Zoning Administrator to be appropriate, incidental and subordinate to the principal use on the lot, subject to compliance with any development and performance standard imposed by the Zoning Administrator to ensure land use compatibility.
3. Accessory Use Development And Operational Standards.
The following standards shall apply to all accessory uses and structures, unless otherwise specifically provided.
a. Exterior Setback.
No accessory structure shall be located within a required exterior setback.
b. Interior (Rear) Setback.
Accessory structures shall not be required to comply with the interior rear setback standard that applies to principal uses.
Accessory structures shall, however, be set back at least five
(5) feet from rear lot lines and shall not be closer to the side lot line than the applicable minimum interior setback.
c. Interior (Side) Setbacks.
No accessory structure shall be located within a required interior side setback.
d. Setbacks From Easements.
No accessory structure shall be located within any platted or recorded easement or over any known utility.
e. Height.
No accessory structure shall exceed the maximum height standards of the underlying district unless specifically authorized."
5,Article V Use Regulations,Section 410.310 Use Standards.,sub-sec-5.4,https://ecode360.com/27591646,https://zoneomics.com/code/16241/chapter_5#5.4,True,2,"f. Building Separation.
Unless attached to the principal structure, accessory structures shall be located at least five
(5) feet from any other structure.
g. Building Coverage.
No detached accessory structure shall cover more than ten percent (10%) of the total lot area.
Accessory buildings and structures shall be included in the total lot coverage.
4. Recycling Collection Stations.
Recycling collection stations shall be allowed as an accessory use, in accordance with the following standards:
a. Maximum Size And Approval Required.
Recycling collection stations shall be allowed as an accessory use, only if it does not exceed one thousand (1,000) square feet in area and only if shown on a site plan that has been reviewed and approved in accordance with
Article IX.
b. Screening.
All collection stations shall be screened from public view of adjoining properties or any street right-of-way with a six
(6) foot tall, one hundred percent (100%) opaque, solid screen, or be wholly contained within a structure.
c. Separation From Residential.
Recycling collection station structures shall be located at least one hundred fifty (150) feet from adjacent property zoned ""SF-1,"" ""SF-2,"" ""SF-3,"" ""MR"" or ""MHP.""
d. Reverse Vending Machines.
Reverse vending machines shall be located or soundproofed, such that the noise of operation is imperceptible from the property line of property zoned or used for residential purposes.
e. Maintenance.
An employee, business owner or property owner shall be responsible for keeping the recycling sites in a clean and safe condition, and shall pick up any recycled materials that have blown around the site or adjacent area.
All materials shall be stacked properly, within a recycling bin, and be monitored on a frequent basis.
f. Hours Of Operation.
A sign shall be posted on the recycling enclosure, stating the hours when collection of materials may be conducted.
Collection hours of recyclables shall be determined by the Zoning Administrator.
g. Signs.
A sign shall be posted on the recycling enclosure, stating the hours when collection of materials may be conducted.
Collection hours of recyclables shall be determined by the Zoning Administrator.
B. Concentrated feeding operations shall not be permitted.
C. Adult Entertainment Establishments — Both Categories.
1. Adult Entertainment Establishments Enhanced.
a. The enhanced adult entertainment establishments are hereby prohibited in all zoning districts within the City of Higginsville, and no building, structure, premises or land shall be used, constructed, reconstructed, altered or expanded as or for an adult entertainment establishment, enhanced.
2. Adult Entertainment Establishments.
a. Adult entertainment establishments (not enhanced) are permitted only in ""GC,"" ""LI"" and ""HI"" Districts.
b. Adult entertainment establishments may not be located within one thousand (1,000) feet of any school, religious assembly, public park, property zoned for residential purposes, day care center, commercial day care, limited day care or other adult entertainment establishment.
c. Measurements shall be made in a straight line, without regard to intervening structures or objects, from the nearest point of the premises from which the adult entertainment establishment would be operated, to the nearest point on the property line of any school, religious assembly, public park, property zoned for residential purposes, day care center, commercial day care or limited day care located within the City.
D. Bed And Breakfast.
Bed and breakfast facilities shall be allowed in ""SF-1"" Single-Family Residential, ""SF-2"" Single-Family Residential, ""SF-3"" Single and Two-Family Residential, ""MR"" Multi-family Dwelling, ""AG"" Agricultural, ""GC"" General Commercial and ""DC"" Downtown Commercial Districts, by conditional use permit.
The following requirements shall apply to all bed and breakfast facilities:
1. The structure in which the bed and breakfast facility is located shall contain no less than two thousand (2,000) square feet of habitable floor area, and shall comply with standards for minimum dwelling size, as required in the ""MR"" District for multi-family dwellings.
2. The establishment is located in a dwelling unit permanently occupied by the owner or manager, wherein as an accessory use to the residential use, rooms are rented to the public for not more than fourteen
(14) consecutive nights.
3. Two
(2) off-street parking spaces with one
(1) additional off-street parking space, per lodging room, shall be provided and said spaces shall be adequately screened from neighboring property.
4. A time period may be established by the Board of Aldermen for each bed and breakfast establishment.
5. No more than four
(4) bedroom units may be provided to guests.
The Board of Aldermen may, however, further limit the number of lodging rooms allowed, in order to maintain the character of the neighborhood in which the bed and breakfast facility is located.
E. Cemeteries, Crematories And Mausoleums.
The following standards shall apply to cemeteries, crematories and mausoleums:
1. Entrances.
All cemeteries, crematories and mausoleums shall provide entrances on an arterial or collector street, with ingress and egress so designed as to minimize traffic congestion.
2. Landscape Buffer.
A landscape buffer shall be provided along all property lines abutting any ""SF-1,"" ""SF-2,"" ""SF-3,"" ""MR"" or ""MHP"" zoned property pursuant to
Article XII.
3. Crematories shall not abut a residential district.
F. Communication Towers.
Communication towers shall be subject to the following standards:
1. Intent And Purpose.
The purpose of this Subsection is to regulate the placement, construction and modification of communications towers, support structures and antennas, in order to protect the health, safety and welfare of the public, while at the same time not unreasonably interfering with the development of the competitive wireless telecommunications marketplace in the City.
This
Section is intended to:
a. Provide for the appropriate location and development of telecommunications facilities and systems to serve the citizens and businesses of the City;"
5,Article V Use Regulations,Section 410.310 Use Standards.,sub-sec-5.4,https://ecode360.com/27591646,https://zoneomics.com/code/16241/chapter_5#5.4,True,3,"b. Minimize adverse visual impacts of communications antennas and support through the careful design, siding, landscape screening and innovative camouflaging techniques; c. Maximize the use of existing and new support structures so as to minimize the need to construct new or additional facilities; d. Maximize the collocation of facilities on any new support structures; e. Ensure that any new communications tower or structure is located in an area compatible with the neighborhood or surrounding community, to the extent possible; f. Ensure that regulation of communications towers and structures does not have the effect of prohibiting the provision of personal wireless services, and does not unreasonably discriminate among functionally equivalent providers of such service; g. This
Section will be interpreted and enforced in compliance with the requirements of
Sections 67.5092 through 67.5104, RSMo., 47 CFR 1.40001, and any applicable Federal or State limitations on local regulation.
2. Legislative Findings.
a. On February 8, 1996, Congress enacted the Federal Telecommunications Act of
1996 P.L.
No.
104-104. The purpose of the Act included deregulation of the telecommunications industry and providing a more competitive environment for wired and wireless telecommunications services in the United States.
b. The Telecommunications Act of
1996 preserves the authority of the City to regulate the placement, construction and modification of towers and antenna support structures and to protect the health, safety and welfare of the public.
c. The City has been granted the authority to enact legislation to regulate the construction, placement and operation of telecommunications towers and antennas pursuant to its zoning powers established in
Chapter 89, RSMo., as amended, State Statute and additionally pursuant to its general and specific police powers established by Statute authorizing the regulations herein to protect the public health, safety and welfare.
d. The Federal Communications Commission (FCC) has exclusive jurisdiction over:
(1) The regulation of the environmental effects of radio frequency emissions from telecommunication facilities; and
(2) The regulation of radio signal interference among users of the radio frequency spectrum.
e. Consistent with the Telecommunications Act of 1996, the regulations of this
Section will not have the effect of prohibiting the provision of personal wireless services and do not unreasonably discriminate among functionally equivalent providers of such service.
The regulations also impose reasonable restrictions to protect the public safety and welfare and ensure opportunities for placement of antennas with prompt approval by the City.
The
Section does not attempt to regulate in areas within the exclusive jurisdiction of the FCC.
f. The uncontrolled proliferation of towers in the City is threatened, without adoption of new regulations, and diminished property values, harmed aesthetic quality of the City, and threat to the health, safety and welfare of the public would all result from lack of regulation.
3. General Requirements.
a. The requirements set forth in this
Section shall be applicable to all communications towers, antennas and other support structures installed, built or modified after the effective date of this
Section the full extent permitted by law, except with respect to collocations, which shall be governed by Subsection (F)(7) below.
b. Building Codes, Safety Standards And Zoning Compliance.
The design for a communications tower shall bear the seal of a structural engineer licensed and in good standing with the State of Missouri.
The structural engineer shall certify that the tower has been designed such that in the event of structural failure, it shall only fall on the property upon which it has been erected and shall not fall on any neighboring property.
To ensure the structural integrity of antenna support structures, the owner shall see that it is constructed and maintained in compliance with all standards contained in applicable State and local building codes and the applicable standards published by the Electronics Industries Association, as amended from time to time.
In addition to any other approvals required by this Section, no antenna, tower or support structure shall be erected without verification of zoning compliance and issuance of a building permit.
c. Regulatory Compliance.
All antennas and support structures shall meet or exceed current standards and regulations of the FAA, FCC and any other of State or Federal agency with the authority to regulate communications antennas and support structures.
Should such standards or regulations be amended, then the owner shall bring such devices and structure into compliance with the revised standards or regulations within the time period mandated by the controlling agency.
No approval for any placement, construction or modification of any antenna or structure permitted by this
Section shall be granted for any applicant having an uncured violation of this
Section or any other governmental regulatory requirement related to such antenna or structures within the City.
d. Security Fences And Walls.
A fence or wall not less than seven
(7) feet in height from finished grade shall be constructed around each communication tower and around each guy anchor and peripheral support.
The fence or wall shall comply with the following standards.
(1) Access to the tower shall be through a locked gate in the required fence or wall.
(2) If the communication tower is adjacent to a residential zoning district or a lot occupied by a residential dwelling unit, the required fencing shall consist of a masonry wall or solid fence with trees and shrubs planted along the exterior of the fence or wall.
At least one
(1) tree and one
(1) shrub shall be required for each thirty
(30) linear feet of fence or wall line.
(3) If high voltage is necessary for the operation of the communication tower and if it is present in a ground grid or in a tower, signs located every twenty
(20) feet and attached to the fence or wall shall display in large bold letters the following: ""HIGH VOLTAGE - DANGER.""
e. Airport Approach Paths.
Communication towers shall not encroach into or through any established public or private airport approach path as established by the Federal Aviation Administration (FAA).
f. Security."
5,Article V Use Regulations,Section 410.310 Use Standards.,sub-sec-5.4,https://ecode360.com/27591646,https://zoneomics.com/code/16241/chapter_5#5.4,True,4,"All antennas and support structures shall be protected from unauthorized access by appropriate security measures.
A description of proposed security measures shall be provided as part of any application to install, build or modify antennas or support structures.
g. Interpretation.
This
Section will be interpreted and enforced in compliance with the requirements of
Sections 67.5092 through 67.5104, RSMo., and 47 CFR 1.40001, and any applicable Federal or State limitations on local regulation.
h. Lighting.
Antennas and support structures shall not be lighted unless required by the FAA or other State or Federal agency with authority to regulate, in which case a description of the required lighting scheme will be made a part of the application to install, build or modify the antennas or support structure.
Equipment cabinets and shelters may have lighting only as approved by the Board of Aldermen as part of the conditional use permit approval.
i. Removal Of Obsolete And Unused Towers.
All obsolete or unused communication towers shall be removed within twelve
(12) months of cessation of use.
j. Advertising.
Except for disguised antenna support structure in the form of attachment to an existing and otherwise lawfully permitted pylon sign, the placement of advertising on structures regulated by this
Section is prohibited.
k. Design.
(1) Communication towers, except towers owned or operated by the City, shall not exceed one hundred
(100) feet unless approved by a conditional use permit.
(2) No two
(2) towers, except towers owned or operated by a government entity, shall be located within a one thousand (1,000) foot radius.
The distance shall be calculated from the center of the base of the tower.
(3) The design of the tower, compound and building mounted antennas shall maximize use of building materials, colors, textures, screening and landscaping that effectively blend the communication facilities within the surrounding natural setting and built environment.
(4) Landscaping or sight proof fencing shall be required around the base of the communication tower and around ancillary structures, as indicated on a sketch plan.
Landscaping shall be required to effectively screen ancillary structures from adjacent development and roadways.
Landscaping shall include evergreen trees a minimum of six
(6) feet in height.
The evergreen trees shall be planted ten
(10) foot on center.
(5) Communication towers, excluding stealth towers, shall be set back from any public right-of-way a minimum of fifty
(50) feet.
Stealth towers shall be set back from a public right-of-way, the minimum setback required by the zoning district in which the tower is located.
(6) All towers, disguised support structures, and related structures, fences and walls shall be separated from the property line of any adjacent property at least a distance equal to one-half (1/2) of the height of the tower or structure.
(7) Antennas on structures, including signage, shall be painted or treated to match the structure to which they are attached.
Antennas shall not exceed five
(5) feet above the structure, unless additional height is authorized in the conditional use permit approving the antennas.
(8) Towers shall not exceed the height limitation of any overlay zone, as may be adopted by the City.
(9) On-site parking for periodic maintenance and service shall be provided as all antenna or tower locations consistent with the underlying zoning district.
4. Shared Use.
All new communication towers shall be constructed to accommodate at least one
(1) additional user.
Collocation on towers shall be encouraged; the applicant for a permit for a communication tower shall submit a report to show that no viable collocation site exists to meet the applicant's coverage requirement.
The report shall address all the existing towers within one
(1) mile of the proposed tower location and shall indicate the reasons the existing tower(s) cannot include the proposed tower/antenna for collocation.
The report shall include RF frequency coverage map(s) for the proposed tower and the existing towers within the one
(1) mile radius.
The report shall be signed and certified by an electrical frequency engineer.
5. Obsolete Equipment.
Any antenna or other attachment to a communications tower, which is not in use for a period of six
(6) months or more, shall be removed by the tower owner.
6. Commercial Operation Of Unlawful Tower Or Antennas.
Notwithstanding any right that may exist for a governmental entity to operate or construct a tower or structure, it shall be unlawful for any person to erect or operate for any private commercial purpose of any antenna, tower or disguised support structure in violation of any provision of this Section, regardless of whether such antenna or structure is located on.
7. Permitted Use.
The placement of antennas and equipment is permitted in all zoning districts without conditional use permit only as follows:
a. The attachment, antenna or equipment is a ""collocation,"" as that term is defined in
Section 67.5092, RSMo., and as amended.
b. The mounting of antennas on any existing building or structure, such as a water tower, provided that the presence of the antennas is concealed by architectural elements or fully camouflaged by painting a color identical to the surface to which they are attached.
8. Application Procedures.
Applications for permits for placement of allowed antennas and equipment shall be made on appropriate forms to the Zoning Administrator and accompanied by payment of five hundred dollars ($500.00), or such other fee as may be established by the Board.
a. A detailed site plan, based on a closed boundary survey of the host parcel, shall be submitted indicating all existing and proposed improvements including buildings, drives, walkways, parking areas and other structures, public rights-of-way, the zoning categories of the subject and adjoining properties, the location of and distance to off-site residential structures required setbacks, required buffer and landscape areas, hydrologic features and the coordinates and height of existing or proposed tower.
b. The application shall be reviewed by the Zoning Administrator to determine compliance with the above standards and transmit the application for review and comment by other departments and public agencies as may be affected by the proposed facility."
5,Article V Use Regulations,Section 410.310 Use Standards.,sub-sec-5.4,https://ecode360.com/27591646,https://zoneomics.com/code/16241/chapter_5#5.4,True,5,"c. The Zoning Administrator shall issue a decision on the permit within forty-five
(45) days of the date of application shall be deemed approved unless the time period for review and action was extended pursuant to Section.
The Zoning Administrator may deny the application or approve the application as submitted or with such modifications as are, in his/her judgment, reasonably necessary to protect the safety or general welfare of the citizens consistent with the purpose of this Article.
d. A decision to deny an application shall be made in writing and state the specific reasons for the denial.
e. Appeals.
Appeals from the decision of the Zoning Administrator shall be made in the same manner as otherwise provided for the appeal of administrative decisions.
9. Conditional Use Permit Required.
All proposals to install, build or modify a communications tower or an antenna or support structure not permitted by Subsection (F)(7) above shall require the approval of conditional use permit, following a duly advertised public hearing by the Planning Commission, subject to the following limitations.
a. Applications of conditional use permits shall be filed and processed, subject to the requirements of and in the manner and time frame as established in
Article VIII of this Chapter.
A decision by the Governing Body shall be accompanied by substantial evidence supporting the decision, which shall be made a part of the written record of the meeting at which a final decision on the application is rendered.
Evidence shall be under oath and may be submitted with the application, or thereafter, or presented during the public hearing by the applicant or others.
The fee for application for a conditional use permit under this Subsection shall be five hundred dollars ($500.00).
b. Additional Minimum Requirements.
No conditional use permit shall be issued unless the applicant has clearly demonstrated, by substantial evidence, that placement of an antenna or support structure, pursuant to Subsection (F)(7) of this
Section is not technologically or economically feasible.
The Governing Body may consider current or emerging industry standards and practices among other information, in determining feasibility.
c. Final action on conditional use permits shall be taken within one hundred twenty
(120) days, except for applications for substantial modifications as defined in
Section 67.5092, RSMo., and as amended, which shall require final action within forty-five
(45) days.
10. Deficient Applications.
Any applicant for collocation whose application is insufficient shall be notified of that fact within fifteen
(15) days.
Any other applicant whose application is insufficient shall be notified within thirty
(30) days.
G. Composting Facility.
The following standards shall apply to all compost facilities.
1. Landscape Buffer.
Compost facilities shall have a landscape buffer around its perimeter, pursuant to
Article XII.
The decision-making body may require a greater buffer to protect adjacent property from adverse visual and other impacts associated with a specific compost facility.
2. Traffic Circulation.
The operation shall provide entrances on arterial or collector streets, only with ingress and egress, so designed as to minimize traffic congestion.
No more than one
(1) vehicle entrance shall be allowed for each six hundred sixty (660) feet of lot frontage on a public street.
There shall be enough room on site to accommodate peak traffic volume and company vehicles.
The Zoning Administrator may require a traffic report to be submitted with the conditional use permit application.
3. Storage Bins.
Storage bins or trailers will be allowed to be stored on site as an ancillary use, providing they are durable, covered and meet the same setbacks required for the structure on the site.
The bins shall be completely screened from view from off site.
4. Setbacks.
Structures shall be set back at least one hundred
(100) feet from all lot lines and at least three hundred (300) feet from the lot line of any property zoned ""SF-1,"" ""SF-2,"" ""SF-3,"" ""MR"" or ""MHP.""
5. Hours Of Operation.
Uses shall not operate before sunrise or after sunset.
When located within one thousand (1,000) feet of an ""SF-1,"" ""SF-2,"" ""SF-3,"" ""MR"" or ""MHP"" Zoning District, the use shall not operate after
7:00 P.M. or before
8:00 A.M.
6. Paving.
All roads, driveways, parking lots and loading/unloading areas within five hundred (500) feet of any lot line shall be graded and improved with all-weather material.
7. Stormwater Management.
A stormwater management plan may be required at the discretion of the City Engineer.
8. Litter Control.
The operation shall be attended on days of operation to maintain the property in a clean, litter-free condition.
9. Hazardous Material.
Operations shall not involve the on-site holding, storage or disposal of hazardous substances, except for such substances used for the operation of the facility such as fuel and pesticides.
10. Material.
No food scraps (except for vegetable scraps) or other vermin-attracting materials shall be processed, stored or disposed of on the site of the compost facility.
Only yard/garden wastes are allowed as compost material.
11. Other Regulations.
All operations shall be licensed if required, have proper permits from the Missouri Department of Natural Resources and shall meet all City, County, State and Federal Health Department requirements pertaining to facilities, equipment and other features.
H. Convalescent Care.
At least seventy
(70) square feet of usable open space shall be provided for each patient bed.
This required open space may be designed to provide outdoor space for recreational activities or landscaped outdoor sitting areas.
I. Day Care.
1. Day Care, Limited.
Limited day care uses shall be conducted in a single-family or two-family dwelling unit that is occupied as a permanent residence by the day care provider.
2. Day Care, Commercial.
a. State Licensing.
Commercial day care uses shall be licensed by the State of Missouri and shall meet all City, County and State Health Department requirements pertaining to facilities, equipment and other features.
b. Vehicle Drop-Off Area.
An off-street loading zone, capable of holding one
(1) car per ten
(10) individuals cared for, shall be provided, in addition to the required parking area, in order to provide for easy pickup and discharge of passengers.
J. Golf Courses."
5,Article V Use Regulations,Section 410.310 Use Standards.,sub-sec-5.4,https://ecode360.com/27591646,https://zoneomics.com/code/16241/chapter_5#5.4,True,6,"1. Location Of Restaurants.
Facilities such as restaurants and bars shall be allowed when an integral part of a principal clubhouse building, provided there is no exterior display or advertising for the restaurant or bar.
2. Location Of Recreation Facilities.
Buildings, swimming pools, tennis courts and similar recreational facilities shall be set back at least twenty-five
(25) feet from the property line of any ""SF-1,"" ""SF-2"" or ""SF-3"" Zoning District.
K. Group Home.
Group homes shall be subject to the following standards, only when located in an ""AG,"" ""SF-1,"" ""SF-2,"" ""SF-3,"" ""MR"" or ""MHP"" District.
1. Exterior Appearance.
There shall be no alteration of the exterior of the group home that shall change the character thereof, as a single-family residence.
There shall be no alteration of the property on which the group home is located that will change the character thereof, as property within a single-family dwelling district.
2. Neighborhood Character.
A group home constructed in an ""AG,"" ""SF-1,"" ""SF-2"" or ""SF-3"" District shall be constructed to be compatible with the architectural character of the neighborhood in which it is located.
L. Home Occupations.
Home occupations shall be permitted in all districts permitting dwellings.
1. As used in this Section, the following terms shall have the meanings indicated:
GOODS Any merchandise, equipment, products, supplies, or materials.
HOME-BASED BUSINESS/HOME OCCUPATION Any business operated in a residential dwelling that manufactures, provides, or sells goods or services, and that is owned and operated by the owner or tenant of the residential dwelling.
Any home occupation must consist solely of ""home-based work"" that is performed by a resident within a residential home or accessory structure.
HOME-BASED WORK Work performed by a resident within a residential home or accessory structure, which is clearly incidental and secondary to the use of the dwelling unit for residential purposes, and does not change the residential character of the residential building or adversely affect the character of the surrounding neighborhood.
NO IMPACT HOME OCCUPATION Any business operated in a residential dwelling that manufactures, provides, or sells goods or services, and that is owned and operated by the owner or tenant of the residential dwelling; and:
a. The total number of employees and clients on site at one time does not exceed the occupancy limit for the residential dwelling; and
b. The activities of the business:
(1) Are limited to the sale of lawful good and services;
(2) May involve having more than one
(1) client on the property at one time;
(3) Do not cause a substantial increase in traffic through the residential area;
(4) Do not violate any parking regulations established by the political subdivision;
(5) Occur inside the dwelling or in the enclosed yard of the residential dwelling;
(6) Are not visible from the street; and
(7) Do not violate any narrowly tailored regulations established under Subsection three
(3) of this Section.
c. Restrictions And Limitations.
(1) All materials or equipment used in the home occupation shall be stored within an enclosed structure.
(2) No alteration of the exterior of the principal residential structure shall be made which changes the character thereof as a dwelling.
(3) No sign shall exceed four
(4) square feet, shall not be illuminated and shall be placed flat against the main wall of the principal residential structure.
(4) No equipment shall be utilized that creates a nuisance due to noise, odor, emissions or electrical interference.
(5) No traffic shall be generated by the activity of the home occupation that is abnormal to a residential neighborhood.
M. Kennel.
A kennel shall harbor no more than twenty
(20) animals and located no closer than fifty
(50) feet to another dwelling, including outside runs, and shall contain at least one
(1) fully enclosed shelter for each animal or animals and provide an exercise area.
N. Landfills And Mining And Quarrying.
Landfills and mining and quarrying uses shall be subject to the following standards:
1. Minimum Site Area.
A minimum site area of thirty-five
(35) acres shall be required.
2. Entrances.
There shall be no more than one
(1) entranceway from a public street for each six hundred sixty (660) feet of street frontage.
A traffic study shall be required.
3. Hours Of Operation.
Uses shall not operate before sunrise or after sunset if located within one thousand (1,000) feet of an ""SF-1,"" ""SF-2,"" ""SF-3,"" ""MR"" or ""MHP"" zoned property.
4. Separation From Residential.
No digging or excavating shall occur within one hundred
(100) feet of any lot line or within three hundred (300) feet of the lot line of an ""SF-1,"" ""SF-2,"" ""SF-3,"" ""MR"" or ""MHP"" zoned property.
5. Paving.
All roads, driveways, parking lots and loading and unloading areas within five hundred (500) feet of any lot line shall be graded and paved with an approved concrete or asphalt/concrete surface as to limit adjoining lots and public roads the nuisance caused by wind-borne dust.
6. Slopes.
The slope of material in any excavation shall not exceed the normal angle of repose or fifty-five degrees (55°), whichever is less.
7. Buffers And Fences.
When any open excavation will have a depth of ten
(10) feet or more and create a slope of more than thirty degrees (30°), there shall be erected a fence of not less than six
(6) feet in height, with suitable gates where necessary, effectively blocking access to the area in which such excavation is located.
Such fences shall be located fifty
(50) feet or more from the edge of the excavation.
Fences shall be adequate to prevent trespass and shall contain warning signs spaced no more than one hundred
(100) feet apart to be visible along the entire length of said fences.
A buffer shall be provided around the site pursuant to
Article XII.
8. Stormwater Management.
A stormwater management plan shall be required.
9. Site Restoration.
The following restoration requirements shall apply to all excavation uses, provided that landfills shall, instead, be subject to State and Federal requirements.
a. Restoration Plan."
5,Article V Use Regulations,Section 410.310 Use Standards.,sub-sec-5.4,https://ecode360.com/27591646,https://zoneomics.com/code/16241/chapter_5#5.4,True,7,"Before approval of a conditional use permit for an excavation use, the operation shall submit to the Zoning Administrator a detailed plan for restoration of the site, including information on the anticipated future use of the restored land, existing and proposed final contours, with an interval of no more than five
(5) feet.
The plan shall include type and number per acre of trees or shrubs to be planted and the location of future roads, drives, drainage courses or other improvements contemplated.
b. The restoration plans shall be filed with and approved by the Planning Commission before quarrying or removal operations begin.
The plans shall be prepared by a soil or geological engineer.
c. Bonds.
Before the issuance of any conditional use permit, the owner shall execute a bond sufficient to ensure restoration of the site in accordance with the approved restoration plan.
Such bonds shall also be approved by the Board of Aldermen as to form, sufficiency and manner of execution and shall run for the same term as the term of the conditional use permit and any renewals.
d. Water Quality.
In restoration, no filling operations shall be permitted which will likely result in contamination of groundwater or surface water, or soils, through seepage of liquid or solid waste or which will likely result in the seepage of gases into surface or subsurface water or into the atmosphere.
e. Appearance.
The restoration plan shall provide that all areas within any single development be rehabilitated progressively, as they are worked out or abandoned, to a condition of being entirely lacking in hazards, inconspicuous and blended with the general surrounding ground form, so as to appear reasonably natural, or they shall be restored pursuant to an approved restoration plan.
f. Top Soil And Fills.
Where topsoil is removed, sufficient arable soil shall be set aside for reclamation of the premises and shall be re-spread over the premises after the operation.
The area shall be brought to final grade by a layer of earth of two
(2) feet or original thickness, whichever is less, capable of supporting vegetation.
The area shall be seeded or sodded in a manner approved by the Planning Commission.
Fill shall be of a suitable material approved by the Planning Commission.
10. City, County, State And Federal Standards.
All operations shall be licensed if required, have proper permits from the Missouri Department of Natural Resources, and shall meet all City, County and Federal Health Department requirements pertaining to facilities, equipment and other features.
O. Manufactured Home — Residential Design.
Dwellings proposed for manufactured home residential-design development shall be sited only in designated overlay districts, as defined by the City of Higginsville.
The following standards shall apply to all manufactured home residential design dwellings.
1. The manufactured home shall have minimum dimensions of twenty-two
(22) feet in width and forty
(40) feet in length;
2. The pitch of the roof of the manufactured home shall have a minimum vertical rise of four
(4) feet for each twelve
(12) feet of horizontal run and the roof finished with a type of shingle that is commonly used in standard residential construction in the City;
3. All roof structures shall provide an eave projection of no less than twelve
(12) inches, exclusive of any guttering;
4. The exterior siding shall consist of vinyl or metal horizontal lap siding (whose reflectivity does not exceed that of low-luster white paint), wood or hardboard, comparable in composition, appearance and durability to the exterior siding commonly used in standard residential construction in the City;
5. The manufactured home shall be set up in accordance with the recommended installation procedures of the manufacturer and the standards set by the National Conference of States on Building Codes and Standards and published in ""Manufactured Home Installations, 1987"" (NCS BCS A225.1) as required of the City and a continuous, permanent masonry foundation or masonry curtain wall or poured concrete wall, unpierced, except for required ventilation and access, is installed under the perimeter of the residential-design manufactured home;
6. Stairs, porches, entrance platforms, ramps and other means of entrance and exit to and from the home shall be installed or constructed in accordance with the standards set by the building code and attached firmly to the primary structure and anchored securely to the ground; and
7. A manufactured home residential design, when installed, shall have substantially the same appearance of an on-site, conventionally built, single-family dwelling.
P. Multi-Family.
Multi-family land uses are allowed in the ""DC"" District, provided they are located on or above the second floor of a commercial building.
All other multi-family development shall be subject to the following design guidelines and standards:
1. Site Plan Review.
Multi-family development shall be subject to site plan review requirements and procedures of
Article IX.
2. Natural Features And Environment.
Each site should be designed to preserve natural features and environmental resources, such as:
a. Floodplains and drainage ways.
b. Bodies of water.
c. Prominent ridges and rock ledges.
d. Existing tree cover, including tree masses, windrows and significant individual trees.
3. Cut And Fill.
Excessive cut and fill are unacceptable.
The site plan should preserve the natural topography of the site.
4. Pedestrian Circulation.
Pedestrian circulation systems (sidewalks, walkways and paths) shall be located and designed to provide physical separation from vehicles along all public and private streets and within any parking area.
5. Building Separation.
All buildings shall be separated by a minimum distance of fifteen
(15) feet.
6. Lot Coverage.
Each site plan should be designed to reflect unique site characteristics and strong neighborhood environments without overcrowding the site.
7. Access.
All multi-family residential developments of four
(4) units or more shall have direct vehicular access to collector, arterial or higher classification streets.
Multi-family residential development shall not take access to local streets.
8. Open Space.
Open space should be provided to meet active and passive use requirements of the neighborhood.
a. At least ten percent (10%) of the total site area shall be set aside as common open space."
5,Article V Use Regulations,Section 410.310 Use Standards.,sub-sec-5.4,https://ecode360.com/27591646,https://zoneomics.com/code/16241/chapter_5#5.4,True,8,"The common open space shall be suitable for active or passive recreational use.
Common open space areas should be centrally placed within the neighborhood.
Common open space may include pools, tennis courts and playgrounds.
Common open space may not be counted toward nor located in required zoning district setbacks.
b. A minimum of sixty
(60) square feet of private open space shall be provided for each ground-level dwelling unit and each dwelling unit that is accessible from a walk-out basement.
Private areas should allow only limited access and be enclosed to ensure privacy.
Private areas typically include yards, balconies and patios.
9. Building Clustering.
Unusable and unassigned open space surrounding buildings should be reduced by clustering buildings.
Buildings should be clustered around a central common area and not have the primary orientation directed toward the parking area.
10. Building Orientation.
a. Individual Buildings.
Individual buildings should be oriented in a way that established neighborhoods and sub-neighborhoods.
b. Reduction Of Unusable Open Space.
Unusable open space should be reduced through building orientation, the use of low walls, fencing, landscaping and entry design.
11. Vehicular Circulation And Parking.
a. Street Layout.
The layout of streets should provide for safe operation of vehicles within the neighborhood.
Excessively straight and wide streets encourage high-speed traffic and should be avoided.
Curvilinear designs, reduced street widths and cul-de-sacs create stronger neighborhood environments.
b. Parking Area Layout.
Double-loaded parking areas along private streets or drives are generally not acceptable.
Parking areas should be clustered and separated from the street.
c. Parking Enclosures.
Parking enclosures should be designed and sited so as to compliment the primary structures and to provide visual relief from extensive pavement area.
12. Pedestrian Circulation.
a. Pedestrian Linkages.
Pedestrian access should be designed to provide reasonable linkages of dwelling units to neighborhood facilities such as recreation, services, mail and parking.
b. Landscaping Details.
Pedestrian systems should incorporate landscaping details to increase the visual interest and character of the neighborhood.
c. Landscaping.
Landscaping should be designed in sufficient form, quantity and location to reduce, to the greatest extent possible, negative impacts affecting the site and adjacent properties and to increase the sense of neighborhood scale, character and identity.
d. Architectural Design.
The architecture of multi-family housing is a key element in determining the character of a neighborhood.
The architecture should create a strong feeling of identity through design principles of scale, harmony, rhythm and balance.
e. Elongated sites with rectangular, double-loaded building footprints should be avoided.
These designs typically lack interest and fail to create a strong sense of neighborhood.
f. The architectural design of each unit or building should impart a feeling of neighborhood scale.
Units should be designed with vertical and horizontal offsets to break up roof lines, define private outdoor areas, allow greater views and admit light and air to unit interiors.
Large, blank wall surfaces should be avoided.
Windows and projecting wall surfaces should be used to break up larger wall surfaces and establish visual interest.
g. The same level of architectural design and quality of materials should be applied to all sides of the building.
The side and rear elevations, garages, carports, and all accessory structures should maintain the same level of design, aesthetic quality and architectural compatibility.
h. Screening from the street of all outdoor refuse areas, ground-mounted mechanical equipment, utilities, and banks of meters shall be provided.
The screening of these items is to be architecturally compatible with the major building components and may include landscaping.
Q. Recreation And Entertainment, Outdoor.
Outdoor recreation and entertainment uses shall be located on arterial or collector streets.
Public activity areas shall be located at least two hundred (200) feet from any adjacent ""SF-1,"" ""SF-2,"" ""SF-3,"" ""MR"" or ""MHP"" Zoning District.
R. Recreational Vehicle Parks.
Recreational vehicle parks shall be permitted subject to the following conditions:
1. The site selected for recreational vehicle parks shall be well drained and primarily designed to provide space for short-term occupancy to the traveling public.
Location of the site may not necessarily front on a major roadway or thoroughfare, but it shall be directly accessible to the major roadway by means of a private road or public road that it has frontage on.
Short-term occupancy shall not exceed thirty
(30) days, except as approved by the Zoning Administrator.
2. Minimum tract size shall be two
(2) acres and shall be in one
(1) ownership.
RV parks shall be located at least two hundred (200) feet from any residential district.
3. The maximum number of recreational vehicle spaces allowed within the permitted districts shall not be more than twenty
(20) per acre.
Consideration shall be given to whether the recreational vehicle park and the density level are designed accordingly.
The densities of overnight use may be higher than destination type since it primarily serves as a short stopping point while the destination type recreational vehicle park located at or near a scenic historical or outdoor recreational area provides for longer and extended stays of several days or weeks.
4. Minimum width of a recreational vehicle space shall be twenty-five
(25) feet.
The space shall be so designed to provide space for parking both a travel trailer and towing vehicle off the roadway.
No travel trailer unit shall be closer than ten
(10) feet to any other adjacent unit, structure or roadway and all spaces shall have direct access to the roadway.
No unit shall be placed closer than thirty
(30) feet to any of the development property lines and the ten
(10) feet nearest the property line shall be permanently maintained as a sodded and/or landscaped area.
5. A central office or convenience establishment with an attendant shall be provided within the recreational vehicle park to register guests and provide service and supervision to the camp for camps in excess of five
(5) acres."
5,Article V Use Regulations,Section 410.310 Use Standards.,sub-sec-5.4,https://ecode360.com/27591646,https://zoneomics.com/code/16241/chapter_5#5.4,True,9,"6. The applicant for a recreational vehicle park shall submit a development plan to the Planning Commission for approval.
Such plan shall contain the information as required below and any other information the Board reasonably shall deem necessary to fully evaluate the proposed development.
The applicant shall submit the information on a sheet size not to exceed twenty-four
(24) inches by thirty-six
(36) inches dimensions as a proposed development plan showing:
a. General layout of development with dimensions, depths, number of spaces and related sanitation accommodations.
b. Parking area location, sizes and capacity.
c. Ingress and egress points for the project.
d. Use of structures.
e. General layout of typical recreational vehicle space showing size of space and proposed improvements.
f. Layout of roadway within the camp.
g. Net density of proposed project, expressed in terms of units per acre.
h. General landscaping plan indicating all new and retained plant material to be incorporated within the new development and layout of outdoor lighting system.
i. Plan and method of sewage disposal and water supply.
j. Location plan and number of proposed sanitary conveniences, including proposed toilets, washrooms, laundries and utility areas.
k. The development shall provide a general refuse storage area or areas that shall be provided with a paved concrete surface and shall be enclosed to screen it from view.
7. The recreational vehicle parks shall be planned and constructed in accordance with the minimum standards as established in this
Section and as outlined below:
a. All parking areas and roadways shall be constructed and paved with a hard surface bituminous or concrete material.
b. All camps shall be provided with general outdoor lighting with a minimum of three-tenths (0.3) foot-candles of general illumination.
c. All yard areas and other open spaces not otherwise paved or occupied by structures shall be sodded and/or landscaped and shall be maintained.
S. Auditorium Or Stadium.
Any parking area used for the overnight parking of buses and vehicles shall be at least one hundred
(100) feet from the lot line of any lot zoned ""SF-1,"" ""SF-2,"" ""SF-3,"" ""MR"" or ""MHP.""
Any such parking area shall be screened from view of adjacent ""SF-1,"" ""SF-2"" or ""SF-3"" Districts by a landscape buffer approved by the Planning Commission.
T. Salvage Yards.
The following standards shall apply to salvage yards, scrap and waste material storage yards, auto wrecking and junk yards.
1. Separation From Residential.
No salvage yard shall be located within three hundred (300) feet of an ""SF-1,"" ""SF-2,"" ""SF-3,"" ""MR"" or ""MHP"" Zoning District.
2. Screening.
The operation shall be conducted wholly within a non-combustible building, or within an area surrounded on all sides by a fence or wall at least six
(6) feet in height.
The fence or wall shall be of uniform height, uniform texture and color and shall be so maintained by the proprietor as to insure maximum safety to the public, obscure the junk from normal view of the public and preserve the general welfare of the neighborhood.
The fence or wall shall be installed in a way that retains all scrap, junk or other materials within the yard.
Scrap, junk or other salvaged materials shall be piled or stored so that they are not visible from outside the fenced in area and do not exceed the height of the enclosing fence or wall.
3. Loading/Unloading.
No junk shall be loaded, unloaded or otherwise placed either temporarily or permanently outside the enclosed building, fence or wall or within the public right-of-way.
U. Solid Waste Collection/Processing Facilities.
The following standards shall apply to solid waste collection/processing facilities.
1. Screening.
The operation shall be conducted wholly within a non-combustible building or within an area surrounded on all sides by a fence or wall at least eight
(8) feet in height.
The fence or wall shall be of uniform height, uniform texture and color and shall be so maintained by the proprietor as to insurance maximum safety to the public, obscure the junk from normal view of the public and preserve the general welfare of the neighborhood.
The fence or wall shall be installed in a way that retains all scrap, junk or other materials within the yard.
No scrap, junk or other salvaged materials may be piled so to exceed the height of this enclosing fence or wall.
2. Traffic Circulation.
The operation shall provide entrances on arterial or collector streets only with ingress and egress so designed as to minimize traffic congestion.
There shall be enough room on site to accommodate peak traffic volume and company vehicles.
A traffic analysis shall be required.
a. Storage Bins.
Storage bins or trailers will be allowed to be stored on site as an ancillary use, providing they are durable, covered and meet the same setbacks required for the structure on the site.
The bins shall be screened as part of the operation.
b. Loading/Unloading.
No solid waste or junk shall be loaded, unloaded or otherwise placed either temporarily or permanently outside an enclosed building, fence or screened area or within the public right-of-way, except the use of storage bins placed on the outside an enclosed building for recycling.
The operation shall be attended on days of operation to maintain the property in a clean, litter-free condition.
c. Separation For Residential.
No structures shall be located within three hundred (300) feet of an ""SF-1,"" ""SF-2,"" ""SF-3,"" ""MR"" or ""MHP"" zoned property.
d. Hours Of Operation.
Uses shall not operate before sunrise or after sunset if located within one thousand (1,000) feet of an ""SF-1,"" ""SF-2,"" ""SF-3,"" ""MR"" or ""MHP"" zoned property.
e. Paving.
All roads, driveways, parking lots and loading/unloading areas within five hundred (500) feet of any lot line shall be graded and paved with an approved concrete or asphalt/concrete surface.
f. Stormwater Management.
A stormwater management plan shall be required at the discretion of the City.
g. Other Regulations.
All operations shall be licensed if required, have proper permits from the Missouri Department of Natural Resources and shall meet all City, County, State and Federal Health Department requirements pertaining to facilities, equipment and other features.
h. Time Limit And Renewal Of Conditional Use Permit.
The conditional use permit shall be effective for one"
5,Article V Use Regulations,Section 410.310 Use Standards.,sub-sec-5.4,https://ecode360.com/27591646,https://zoneomics.com/code/16241/chapter_5#5.4,True,10,"(1) year, at which time it may be renewed in accordance with procedures applicable to the original approval.
If renewed, a new time limit on the conditional use permit shall be established at the public hearing.
The conditional use permit shall be revoked by the Zoning Administrator if it is determined by the Zoning Administrator that the use is creating a nuisance for nearby residents or businesses or is failing to comply with the conditions imposed on the operation.
V. Temporary Uses Permitted.
The following uses shall be allowed on a lot for which the vendor has permission by property owners.
1. Christmas Tree Sales.
Christmas tree sales in any business or industrial district for a period not to exceed sixty
(60) days.
Display of Christmas trees need not comply with the yard and setback requirements of these regulations, provided that no trees shall be displayed within thirty
(30) feet of the intersection of the curb line of any two
(2) streets.
2. Contractor's Office.
Contractor's office and equipment sheds (containing no sleeping or cooking accommodations) accessory to a construction project and to continue only during the duration of such project.
3. Real Estate Office.
Real estate office (containing no sleeping or cooking accommodations unless located in a model dwelling unit) incidental to a new housing development to continue only until the sale or lease of all dwelling units in the development.
4. Seasonal Sales.
Seasonal sale of farm produce grown on the premises in an ""AG"" District.
Structures incidental to such sale need not comply with the applicable front yard requirements if the structures are not located within the sight triangle of an intersection, as defined by these regulations, and are removed or moved back of the required front yard setback line at the end of the season during which they are used.
5. Carnivals And Circuses.
A carnival or circus, but only in a commercial or industrial district, and then only for a period that does not exceed three
(3) weeks.
Such use need not comply with the front yard requirements, provided that structures or equipment which might block the view of operators of motor vehicles on the public streets shall conform to the requirements of the sight triangle as defined by these regulations.
6. Garage Or Porch Sales.
The sale of used or secondhand merchandise shall be permitted in any residential district, providing that such use shall not exceed three
(3) consecutive days in duration, nor occur more than twice during a twelve
(12) month period at one
(1) residence, excluding City-wide sales.
7. Temporary Sales, General.
No temporary sales establishment shall be allowed to operate for more than three
(3) consecutive days or more than four
(4) separate occasions during a calendar year.
W. Transitional Living Facility.
Transitional living centers shall be subject to the following standards.
1. Size.
No more than ten
(10) persons, including staff, shall reside in the center at one time.
2. Separation.
No transitional living center shall be located within one thousand five hundred (1,500) feet of any other transitional living center or substance abuse treatment facility, nor shall a transitional living center be located within three hundred (300) feet of any school, or any ""SF-1,"" ""SF-2,"" ""SF-3,"" ""MR"" or ""MHP"" zoned property.
X. Vehicle/Equipment Sales, Vehicle/Equipment Storage Yards And Vehicle Repair (Limited And General).
1. All vehicles and equipment for display to customers shall be parked or stored on a hard surface and dust free.
2. Storage areas for vehicles and equipment shall be fenced and screened from customers and pedestrians.
Y. Mobile Homes Are Not Permitted.
Z. Special Provisions For Title Loan, Check Cashing, And Unsecured Loan Businesses.
1. Separation from residential districts: two hundred (200) feet from residential districts and five hundred (500) feet from any school, day care facility, church, or parks and recreation use.
This separation distance shall be measured as a straight line, without regard to intervening properties, from the nearest exterior wall of the short-term loan service establishment to the nearest lot line of the lot that is zoned ""SF-1,"" ""SF-2,"" ""SF-3,"" ""MR,"" ""MHP"" or that contains a school, day care facility, church, or parks and recreation use.
2. Separation From Other Short-Term Loan Service.
No short-term loan service establishment shall be allowed to locate or expand within one thousand five hundred (1,500) feet of any other short-term loan service use or within one thousand five hundred (1,500) feet of any pawn shop or precious metal and gem dealer.
This separation distance shall be measured as a straight line, without regard to intervening properties, from the nearest exterior wall of the short-term loan service establishment to the nearest lot line of the lot that contains the other short-term loan service or the pawn shop or precious metal and gem dealer use.
AA.
Special requirements/use standards for cultivation centers, testing facilities, and medical marijuana-infused manufacturing facilities.
1. Location.
No medical marijuana cultivation center or medical marijuana-infused manufacturing facilities shall be located within three hundred (300) feet of the property line of a preexisting public or private pre-school or elementary or secondary school or day care center, day care home, group day care home, part day care facility, place of worship, public park, or an area zoned for residential use.
No medical marijuana dispensary or testing facility shall be located within three hundred (300) feet of the property line of a pre-existing public or private pre-school or elementary or secondary school or day care center, palace of worship, or public park.
2. Setback from Other Cultivation Centers And Dispensaries.
No cultivation center may be located within one thousand (1,000) feet of another cultivation center or a dispensary.
3. Perimeter Setbacks Of Structures On A Site.
Unless otherwise limited under this Chapter, the perimeter setback for a cultivation center shall be the same as that of the zoning district in which it is located.
4. Minimum Yard Requirements.
Unless otherwise limited under this Chapter, cultivation centers must meet the requirements for the zoning district in which it is located.
5. Parking.
Parking shall be provided according to
Article VII,
Section 410.420."
5,Article V Use Regulations,Section 410.310 Use Standards.,sub-sec-5.4,https://ecode360.com/27591646,https://zoneomics.com/code/16241/chapter_5#5.4,True,11,"6. There is no drive-through service, take-out window, or drive-in service.
7. All operations are conducted within a completely enclosed building.
8. Age And Access Limitations.
It shall be unlawful for any cultivation center to allow any person who is not at least eighteen
(18) years of age on the premises.
Cultivation centers shall not employ anyone under the age of twenty-one
(21) years.
Access shall be limited exclusively to cultivation center staff, and local and State officials, and those specifically authorized under Missouri
Article XIV, and any subsequent implementing regulations.
9. Standards For Buffer Measurement.
The distances to be measured in this
Section shall be determined as follows:
a. For all marijuana uses, except medical marijuana transportation facilities, distance shall be measured as follows:
(1) In the case of a freestanding facility, the distance between the facility and the buffered location shall be measured from the external wall of the facility structure closest in proximity to the buffered location to the closest point of the property line of the buffered location.
If the buffered location is part of a larger structure, such as an office building or strip mall, the distance shall be measured to the entrance or exit of the buffered location that is closest in proximity to the facility.
(2) In the case of a facility that is part of a larger structure, such as an office building or strip mall, the distance between the facility and the buffered location shall be measured from the property line of the buffered location to the facility's entrance or exit closest in proximity to the buffered location.
If the buffered location is part of a larger structure, such as an office building or strip mall, the distance shall be measured to the entrance or exit of the buffered location that is closest in proximity to the facility.
(3) Measurements shall be made along the shortest path between the measurement points that can be lawfully travelled by foot along public routes.
b. For medical marijuana transportation facilities, distance shall be measured as follows:
(1) In the case of a freestanding facility, the distance between the facility and the buffered location shall be measured from the property line of the facility to the closest point of the property line of the buffered location.
(2) In the case of a facility that is a part of a larger structure, such as an office building or strip mall, the distance between the facility and the buffered location shall be measured from the property line of the buffered location and the facility's entrance or exit that is in closest proximity to the buffered location.
(3) Measurements shall be made along the shortest path between the measurement points that can be lawfully travelled by foot along public routes.
AB.
(Reserved)
AC.
Special Requirements/Use Standards For Cultivation Centers, Testing Facilities, and Marijuana-Infused Manufacturing Facilities.
1. Location.
No marijuana cultivation center or marijuana-infused manufacturing facilities shall be located within three hundred (300) feet of the property line of a pre-existing public or private pre-school or elementary or secondary school or day care center, day care home, group day care home, part day care facility, place of worship, public park, or an area zoned for residential use.
No marijuana dispensary or testing facility shall be located within three hundred (300) feet of the property line of a pre-existing public or private pre-school or elementary or secondary school or day care center, place of worship, or public park .
2. Setback From Other Cultivation Centers And Dispensaries.
No cultivation center may be located within one thousand (1,000) feet of another cultivation center or a dispensary.
3. Perimeter Setbacks Of Structures On A Site.
Unless otherwise limited under this Chapter, the perimeter setback for a cultivation center shall be the same as that of the zoning district in which it is located.
4. Minimum Yard Requirements.
Unless otherwise limited under this Chapter, cultivation centers must meet the requirements for the zoning district in which it is located.
5. Parking.
Parking shall be provided according to
Article VII,
Section 410.420.
6. There is no drive-through service, take-out window, or drive-in service.
7. All operations are conducted within a completely enclosed building.
8. Age And Access Limitations.
It shall be unlawful for any cultivation center to allow any person who is not at least eighteen
(18) years of age on the premises.
Cultivation centers shall not employ anyone under twenty-one
(21) years of age .
Access shall be limited exclusively to cultivation center staff, and local and State officials, and those specifically authorized under Missouri
Article XIV, and any subsequent implementing regulations.
9. Standards For Buffer Measurement.
The distances to be measured in this
Section shall be determined as follows:
a. For all marijuana uses, except marijuana transportation facilities, distance shall be measured as follows:
(1) In the case of a freestanding facility, the distance between the facility and the buffered location shall be measured from the external wall of the facility structure closest in proximity to the buffered location to the closest point of the property line of the buffered location.
If the buffered location is part of a larger structure, such as an office building or strip mall, the distance shall be measured to the entrance or exit of the buffered location that is closest in proximity to the facility.
(2) In the case of a facility that is part of a larger structure, such as an office building or strip mall, the distance between the facility and the buffered location shall be measured from the property line of the buffered location to the facility's entrance or exit closest in proximity to the buffered location.
If the buffered location is part of a larger structure, such as an office building or strip mall, the distance shall be measured to the entrance or exit of the buffered location that is closest in proximity to the facility.
(3) Measurements shall be made along the shortest path between the measurement points that can be lawfully travelled by foot along public routes.
b. For marijuana transportation facilities, distance shall be measured as follows:"
5,Article V Use Regulations,Section 410.310 Use Standards.,sub-sec-5.4,https://ecode360.com/27591646,https://zoneomics.com/code/16241/chapter_5#5.4,True,12,"(1) In the case of a freestanding facility, the distance between the facility and the buffered location shall be measured from the property line of the facility to the closest point of the property line of the buffered location.
(2) In the case of a facility that is a part of a larger structure, such as an office building or strip mall, the distance between the facility and the buffered location shall be measured from the property line of the buffered location and the facility's entrance or exit that is in closest proximity to the buffered location.
(3) Measurements shall be made along the shortest path between the measurement points that can be lawfully travelled by foot along public routes.
AD.
Special Requirements/Use Standards For Short-Term Rentals.
1. Applications.
a. Permit Application.
A permit must be obtained from the Higginsville City Clerk by any individual or entity wishing to use a building or premises for short-term rentals, in advance of any short-term rental.
Applications for short-term rental uses shall be filed upon forms provided by the City, and will include the legal description of the lot, tract, or parcel of land, together with a general description of any building or structure thereon, including the approximate size, square footage, number of bedrooms, and number of parking spaces; location of the building and parking upon the lot, tract, or parcel.
The permit application will require emergency contact numbers for the owner, or his or her designee.
b. Applications for short-term rental permits shall be submitted to the City Clerk, who shall forward the application to the City Building Official.
c. Each application shall be accompanied by a fee of fifty dollars ($50.00), plus the actual cost of any publication for legal notices, and the actual cost of certified mailings to surrounding property owners.
Said fee shall be deposited with the City Clerk after said application is filed, and prior to permit issuance, the rental building is to be inspected and approved by the City Building Official, based on the standards of the most recent version of the International Property Maintenance Code, adopted by the City of Higginsville.
d. Applicants must provide proof of a minimum of three hundred thousand dollars ($300,000.00) liability insurance (annual aggregate coverage) to the City Clerk, when applying for a permit
2. Permits — Issuance.
a. Short-term rental permits shall be issued or refused by the City Building Official within forty-five
(45) days after receipt of an application, or within such further period as may be agreed to by the applicant.
No short-term rental permit shall be issued, unless all requirements set forth herein are met and the property is in compliance with all other applicable ordinances of the City.
In the event of refusal to issue a short-term rental permit, upon an application, based upon non-compliance with the provisions of this Subsection, within fifteen
(15) days of refusal or denial, the applicant shall have the right to appeal to the Planning and Zoning Commission, who shall consider the application de novo under the provisions of
Chapter 410,
Article VIII, in accordance with the procedures for conditional use permits.
b. The City Building Official shall provide written notice that a short-term rental application has been received to all owners of record of lands located within at least one hundred eighty-five (185) feet of the property, indicated in said application, by First Class Mail, postage prepaid, at the address shown in the County records for receipt of property tax bills.
Notices shall include a statement that a complete legal description is available for public inspection and shall indicate where such information is available.
When the notice has been deposited in the mail, failure of a party to receive such notice shall not invalidate any subsequent action taken by the City Building Official.
c. If a protest against such permit is filed with the City, duly signed by the owners of fifty percent (50%) or more, within an area determined by lines drawn parallel to and one hundred eighty-five (185) feet distant from the boundaries of the property indicated in said application, the application for a short-term rental permit shall be forwarded by the Building Official to the Planning and Zoning Commission for initial consideration under the provisions of
Chapter 410,
Article VIII, in accordance with the procedures for conditional use permits.
All protests to the issuance of the permit must be received by the City no later than fifteen
(15) days after the date of postmark on the written notice mailed to owners of record of lands located within at least one hundred eighty-five (185) feet from the subject property.
d. Annual Inspection.
Short-term rental units are subject to an annual inspection by the Building Official, prior to business license renewal.
e. Transferability.
Short-term rental permits are not transferable to new property owners.
f. Non-Compliance.
After a public hearing, the Board of Aldermen may revoke a short-term rental permit for failure to comply with the regulations and the requirements of this Chapter, or violations of City ordinances.
3. Use Regulations.
a. Short-term rentals may only be made for the primary residential structure.
If the property contains an accessory building or unit, the accessory building or unit may not be used for a short-term rental.
b. Reservations.
Only one
(1) rental reservation at a time shall be permissible for each short-term rental.
c. Dwelling Unit Usage.
Dwellings licensed for short-term rental usage shall not be used for special events, such as weddings, corporate events, commercial functions, large parties [greater than eight
(8) persons], and other similar events or activities otherwise prohibited by this Code.
d. Maximum Occupancy.
The maximum number of occupants permitted in a dwelling unit offered and operated as a short-term rental shall be subject to the ""occupancy limitations"" of the most recently adopted Edition of the International Property Maintenance Code.
In no instance, shall a dwelling unit be occupied by more than a total of eight
(8) occupants.
e. A single short-term rental renter cannot occupy a specific property for which a short-term rental permit has been issued for more than a total of twenty-nine
(29) days per year."
5,Article V Use Regulations,Section 410.310 Use Standards.,sub-sec-5.4,https://ecode360.com/27591646,https://zoneomics.com/code/16241/chapter_5#5.4,True,13,"f. A property for which a short-term rental permit has been issued must provide adequate off-street parking for the renters/lessees, a minimum of one
(1) space per bedroom.
g. Both the short-term rental owner(s) and renter(s) will maintain strict adherence to all City of Higginsville Code regulations throughout the term of a rental period, including but not limited to the following:
(1) Building and Property Maintenance Codes.
(2) Noise regulations.
(3) Light regulations.
(4) Health standards.
h. Display Of Materials.
All short-term rental uses shall be required to conspicuously post the following information within the rental:
(1) Name and contact information for the individual responsible for the day-to-day operations of the rental.
(2) A copy of the approved business license and short-term rental permit.
(3) Trash collection schedule.
(4) City of Higginsville noise and nuisance ordinances.
(5) Statement that no short-term rental shall be rented or used for the sole purpose of receptions, parties, weddings, or other similar events.
i. Exterior.
There shall be no alteration to the exterior of a structure or site that changes the residential character of said structure or site."
6,Article VI General Provisions,Section 410.315 General.,sub-sec-6.1,https://ecode360.com/27591956,https://zoneomics.com/code/16241/chapter_6#6.1,False,0,"[R.O.
2009
§ 410.315; Ord.
No.
2040
§ 6, 9-15-2003] This
Article provides the general provisions to be used in administering and interpreting the intent of the zoning ordinance."
6,Article VI General Provisions,Section 410.320 Height Exceptions and Limitations.,sub-sec-6.2,https://ecode360.com/27591957,https://zoneomics.com/code/16241/chapter_6#6.2,False,0,"[R.O.
2009
§ 410.320; Ord.
No.
2040
§ 6-1, 9-15-2003]
A. The height limitations stipulated in the applicable districts shall not apply to the following, provided that no such structure exceeds the height limits for airport approach areas as established in this Chapter:
1. Church steeples;
2. Chimneys;
3. Flagpoles;
4. Silos;
5. Elevator towers;
6. Air-conditioning units;
7. Windmills;
8. Utility transmission towers; and
9. Similar structures.
|  |  |
| --- | --- |
|  | No structure shall be erected to a height that would encroach into or through any established public or private airport approach plan prepared in accordance with the criteria established by the Federal Aviation Administration. |"
6,Article VI General Provisions,Section 410.330 Yard Encroachments.,sub-sec-6.3,https://ecode360.com/27591968,https://zoneomics.com/code/16241/chapter_6#6.3,False,0,"[R.O.
2009
§ 410.330; Ord.
No.
2040
§ 6-2, 9-15-2003; Ord.
No.
2172
§ 1, 4-17-2006]
A. Every part of a required yard shall be open and unobstructed from the ground to the sky, except as herein provided or as otherwise permitted in this Chapter.
1. Structural overhangs.
Cornices, awnings, eaves, gutters or other similar structural overhangs at least seven
(7) feet above grade may extend up to four
(4) feet into any required yard, provided that no such overhang shall extend to within four
(4) feet of any property line.
2. Sills and belt courses.
Sills, belt courses and similar ornamental features may extend six
(6) inches into any required yard.
3. Air conditioners and similar mechanical equipment.
Air conditioning equipment, sprinkler system controls and similar mechanical (including utility's pad-mounted equipment) may project into any required yard, provided that the equipment is mounted in a manner contiguous to the building.
4. Fire escapes, outside stairways, balconies, chimneys, etc.
Open or enclosed fire escapes, outside stairways, balconies and chimneys and flues may project up to four
(4) feet into any required yard, provided such projections shall not unduly obstruct light and ventilation.
5. Swimming pools and related structures.
Swimming pools may be located in a required rear yard or side yard, provided that they meet safety requirements for setbacks from protective fencing around the pool.
Required fencing around swimming pools shall comply with
Section 410.310, Use Standards, Subsection (A)(1)(n).
Decks or patios constructed in conjunction with any swimming pool may be located within a required rear yard, provided that they are not located within an easement or closer than five
(5) feet to any property line.
6. Trellises, play equipment, lights, outdoor furniture, etc.
Trellises and trelliswork, wires, lights, mailboxes, ornamental entry columns and gates are allowed within required yards.
Play equipment, outdoor furniture and other outdoor equipment are allowed in required rear yards.
7. Unenclosed porches, steps and paved terraces.
An unroofed porch, steps or paved terrace area may project into the front yard for a distance not to exceed ten
(10) feet.
8. Gasoline pumps and islands.
Gasoline pumps and pump islands, associated with either a service station or as an accessory facility, may be located within a front yard, provided they are located no closer than fifteen
(15) feet to any public right-of-way.
9. Fences and walls.
Fences and walls are allowed within required yards, subject to the provisions of
Section 410.370.
10. Utility buildings.
Utility buildings or sheds of one hundred
(100) square feet or less may be located within a required side or rear yard, provided a minimum of five
(5) feet is maintained from the side or rear property line and the structure is clear of any easements.
11. Parking areas and driveways.
Off-street parking areas may encroach into the required front yard setbacks providing that the encroachment does not extend into a required landscape buffer along the street frontage.
Parking areas and driveways may encroach into required side yards of multi-family residential and non-residential districts.
On single-family zoned lots, driveways must be located a minimum of five
(5) feet from the nearest side lot line at the point of intersection with the right-of-way.
12. Sidewalks.
Sidewalks may be located within any required yard.
13. Satellite dish antennas.
Satellite dish antennas may encroach into the required rear or side yard based on the provisions of
Section 410.400."
6,Article VI General Provisions,Section 410.340 Parking of Commercial Vehicles in Residential Areas.,sub-sec-6.4,https://ecode360.com/27591983,https://zoneomics.com/code/16241/chapter_6#6.4,False,0,"[R.O.
2009
§ 410.340; Ord.
No.
2040
§ 6-3, 9-15-2003]
A. No commercial vehicle which is used for hauling explosives, gasoline or liquefied petroleum products shall be permitted to be parked in a residential area except for short periods of time (less than one
(1) hour).
No commercial vehicles shall be parked on any residentially used lot, in the street abutting such lot or on residentially zoned land, except:
1. Commercial vehicles not exceeding one
(1) ton rated capacity used by the resident of the premises, limited to one
(1) per premises.
No construction or similar materials shall be stored or transported on the outside of such vehicles.
2. Commercial vehicles temporarily parked on a lot for the purpose of providing construction, transportation or other services specifically for the location where such vehicles are parked."
6,Article VI General Provisions,Section 410.350 Parking or Storage of Vehicles.,sub-sec-6.5,https://ecode360.com/27591987,https://zoneomics.com/code/16241/chapter_6#6.5,False,0,"[R.O.
2009
§ 410.350; Ord.
No.
2040
§ 6-4, 9-15-2003]
A. No inoperative vehicle shall be parked and no motor vehicle frame, vehicle body or vehicle body part shall be stored on residentially zoned property, except when parked or stored in a completely enclosed garage or building.
B. A maximum of three
(3) automobiles may be parked in an unenclosed area on a single-family zoned lot.
However, one
(1) additional vehicle for each licensed driver permanently residing at the premises may be parked on the lot and this
Section does not preclude the parking of automobiles by persons visiting a single-family home.
No automobile may be parked or stored in any required yard area."
6,Article VI General Provisions,Section 410.360 Accessory Uses and Structures.,sub-sec-6.6,https://ecode360.com/27591990,https://zoneomics.com/code/16241/chapter_6#6.6,False,0,"[R.O.
2009
§ 410.360; Ord.
No.
2040
§ 6-5, 9-15-2003; Ord.
No.
2395
§ 1, 9-7-2010; Ord.
No.
2546
§ 1, 7-7-2014]
A. Authorization.
Accessory uses are permitted in all zoning districts as provided herein.
B. Use Limitations.
1. No accessory structure shall be built prior to the construction of the principal use.
2. No accessory structure shall be occupied or utilized unless the principal structure to which it is accessory is occupied or utilized.
3. All accessory uses and structures shall comply with the use limitations applicable in the zoning district in which located.
4. All accessory uses and structures shall comply with the maximum height regulations applicable in the zoning district in which they are located, except as provided in
Section 410.320.
5. The architectural design and material used for the construction of accessory buildings shall harmonize with the main building to which said building is accessory.
6. Transportation storage containers are not permitted in any residential zone or lot used for residential purposes.
7. Semitruck beds or trailers may not be used as permanent storage containers on or adjacent to any residential lot.
C. Location.
1. If an accessory-type building shares a structural wall with a principal building, it shall be deemed to be a part of the principal building and shall comply in all respects with the requirements of this
Chapter applicable to a principal building.
2. If an accessory building is detached from the principal building, it shall be located at least five
(5) feet from the principal building.
3. No accessory structure or use shall be located in any required corner visibility triangle.
4. No accessory structure shall be located within any platted or recorded easement or over any known utility.
Accessory buildings and structures shall be included in the calculation of total building coverage.
5. Front Setback.
No accessory structure shall be located within a required front setback.
6. Dog kennels, dog runs, or other similar enclosure for domestic animals are considered to be accessory structures and are restricted to the rear and side yards.
7. Accessory structures located on corner lots may have a side yard setback of ten
(10) feet or the width of the right-of-way from the curb, whichever is larger, provided the following conditions are met:
a. The accessory structure sits within the parcel line boundary;
b. The proposed accessory structure sits on the rear fifty percent (50%) portion of the parcel; c. The accessory structure is located at least five
(5) feet from the rear property lot line; d. The corner street which provides access to the accessory structure, such as a garage, is not a Highway, Arterial, or Collector roadway, as specified in
Section 410.440, Table
7.
1.
e. The principal structure on the lot fronts the same street as the rest of the homes on that block; f. The opposing lot, either sharing a common rear property line or directly across the alley, is oriented the same as other houses on that side of the street, all facing the street in the same manner.
g. In the case where the rear property line of the lot wanting an accessory structure within the side yard setback abuts a side property line of the adjacent lot (the lots are perpendicular to each other), then the accessory structure is to be the same distance from the street as the majority of other houses on that side of the street or the established setback for that zoning district, whatever is greater."
6,Article VI General Provisions,Section 410.370 Fences and Walls.,sub-sec-6.7,https://ecode360.com/27592001,https://zoneomics.com/code/16241/chapter_6#6.7,False,0,"[R.O.
2009
§ 410.370; Ord.
No.
2040
§ 6-6, 9-15-2003; Ord.
No.
2934, 5-2-2022] A. Easements And Rights-Of-Way.
Fences and walls shall not be constructed on or over any dedicated public drainage, utility easement or public right-of-way.
B. Side Yard.
Fences not exceeding six
(6) feet in height may be erected in the side yard of any lot, subject to the provisions of Subsection (A) above.
C. Rear Yard.
Fences not exceeding six
(6) feet in height may be erected in the rear yard of any lot, subject to the provisions of Subsection (A) above.
D. Front Yard.
Fences may not be constructed in the front yard of any lot, with the exception of LI-Light Industrial or HI-Heavy Industrial Zoning Districts, and within LI or HI zones, only subject to Subsection (A) above.
E. Prohibited Materials.
No barbed wire electrical elements or other hazardous materials shall be maintained as a fence, or part of a fence or wall, in a Residential District.
T-Post and/or welded wire mesh fencing is not permitted in Residential Districts to be used as yard fencing.
with the exception of as a temporary garden enclosure."
6,Article VI General Provisions,Section 410.380 Non-Conformities.,sub-sec-6.8,https://ecode360.com/27592006,https://zoneomics.com/code/16241/chapter_6#6.8,False,0,"[R.O.
2009
§ 410.380; Ord.
No.
2040
§ 6-7, 9-15-2003]
A. Purpose And Intent.
It is the purpose and intent of this
Section to permit the continuation of those lots, structures, uses, characteristics of use or combinations thereof which were lawful before the passage of this Chapter, but which would be prohibited, regulated or restricted under the terms of this
Chapter or future amendments.
It is the further purpose and intent of this
Section to allow non-conforming lots, structures, uses and characteristics of uses and combinations thereof to continue subject to specific conditions or limitations.
B. Continuation Of Non-Conformities.
Non-conformities may be continued so long as they remain otherwise lawful, subject to the remaining provisions of this Section.
C. Expansion Or Change Of Non-Conformities.
1. No non-conformity shall be enlarged or changed to a different non-conformity, except upon a determination by the zoning official that the change results in a lessening of the degree of non-conformity.
2. Additions to non-conforming structures containing conforming uses shall be permitted if the additions comply with setback and other applicable site-related regulations.
3. Additions to structures on a non-conforming lot may be permitted provided that such addition is in conformance with all applicable laws and ordinances of the City and does not create a non-conforming use or structure or increase the existing site-related non-conformity.
D. Repair Or Alteration Of Non-Conformities.
Repairs, maintenance and improvements of non-conformities may be carried out provided that such work does not increase the cubic content of the building or the floor or ground area devoted to the non-conforming use or in any way increases or creates a site-related non-conformity.
The preceding requirement does not prevent compliance with applicable laws or requirements relative to the safety and sanitation of a building occupied by a non-conforming use.
E. Reconstruction Of Non-Conformities After Catastrophe.
Any non-conforming structure or use or establishment containing a site-related non-conformity which is damaged by fire, flood, explosion, collapse, wind or other catastrophe to such an extent that the cost of repair or reconstruction will exceed seventy-five percent (75%) of the building's value as shown on the tax assessment roll by current appraisal at the time of the damage shall be deemed to be terminated.
No repair or reconstruction may occur except when such repair or reconstruction results in the conversion of the previous non-conformity to a conforming structure and/or use or site.
In the event that damage to a non-conformity may be repaired by an investment of less than seventy-five percent (75%) of the appraised value of the non-conformity as shown on the tax assessment roll at the time of the damage, such repair shall be permitted and the non-conformity may continue.
F. Cessation Of Non-Conformities.
Any non-conforming use of land, structures or an establishment having a site-related non-conformity which ceases operations for a continuous period of twelve
(12) months or more, or if a non-conforming structure is removed, all non-conformities shall be considered terminated and shall not thereafter be re-established; provided, however, that the right to the continued use of any sign not in conformity with
Article XI of this Higginsville Zoning Ordinance shall be terminated if the sign is deemed abandoned.
Exception:
Dwelling units in existence in the ""DC"" District may continue as legal nonconforming structures/uses.
Once the structure is demolished or removed from the lot in this district, the replacement of a dwelling of any type will require approval from the Planning and Zoning Commission and Board of Aldermen.
G. Residential Uses In Non-Residential Districts.
The other provisions of this
Section notwithstanding, any structure that is devoted to a non-conforming residential use and that is located in an ""DC"" or ""GC"" District may be remodeled, extended, expanded and enlarged, provided that after any such remodeling, extension, expansion or enlargement, such structure shall not be used to accommodate a greater number of dwelling or lodging units than such structure accommodated prior to any such work.
H. Non-Conforming Lots Of Record.
Any lot which was lawfully created and recorded prior to the enactment of this
Chapter but does not meet the minimum size and/or dimension requirements of the zoning district in which it is located shall be considered a legal non-conforming lot of record.
A legal non-conforming lot of record may be used, conveyed or sold the same as if it were a conforming lot, provided that the use of such lot meets the requirements of the zoning district in which it is located."
6,Article VI General Provisions,Section 410.390 Required Corner Visibility.,sub-sec-6.9,https://ecode360.com/27592017,https://zoneomics.com/code/16241/chapter_6#6.9,False,0,"[R.O.
2009
§ 410.390; Ord.
No.
2040
§ 6-8, 9-15-2003] On every corner lot, the triangle formed by the street lines of such lot and a line drawn between points on such street lines which are thirty
(30) feet from the intersection thereof shall be clear of any structure or planting of such nature and dimension as to obstruct lateral vision; provided that this requirement shall generally not apply to the trunk of a tree (but not branches or foliage) or a post, column or similar structure which is no greater than one
(1) foot in cross section or diameter.
Lateral vision shall be maintained between a height of thirty
(30) inches and ten
(10) feet above the average elevation of the existing surface of both streets measured along the centerlines adjacent to the visibility triangle."
6,Article VI General Provisions,Section 410.400 Satellite Dish Antennas.,sub-sec-6.10,https://ecode360.com/27592018,https://zoneomics.com/code/16241/chapter_6#6.10,False,0,"[R.O.
2009
§ 410.400; Ord.
No.
2040
§ 6-9, 9-15-2003]
A. Location.
No satellite dish shall be located between any building and any front property line.
All antennas shall have a setback from the rear and side lot lines equal to or greater than the height of the proposed dish antenna.
Only one
(1) such antenna shall exist at any one time on any residentially zoned lot.
B. Screening.
All dish antennas located within a residential district or which abut a residential district shall provide an opaque screen of fences, berms, planted material or some combination thereof to a height of six
(6) feet in order to shield the antenna from the ground level view of surrounding properties."
6,Article VI General Provisions,Section 410.410 Temporary Trailers.,sub-sec-6.11,https://ecode360.com/27592021,https://zoneomics.com/code/16241/chapter_6#6.11,False,0,"[R.O.
2009
§ 410.410; Ord.
No.
2040
§ 6-10, 9-15-2003] Trailers, which are used temporarily in connection with construction activities and are used as either an office or watchman's residence or storage area, may be permitted if approved by the zoning official.
On any single-family lot, such trailers shall not exceed one hundred
(100) square feet and shall not be used for living purposes."
7,Article VII Off-Street and Loading Regulations,Section 410.420 General Parking Standards.,sub-sec-7.1,https://ecode360.com/27592023,https://zoneomics.com/code/16241/chapter_7#7.1,False,0,"[R.O.
2009
§ 410.420; Ord.
No.
2040
§ 7-1, 9-15-2003; Ord.
No.
2565
§ 1, 12-15-2014] A. Off-street parking and loading spaces are required for all uses in all zoning districts except the ""DC"" District or as otherwise specified in the applicable zoning district requirements.
General parking standards follow.
All off-street parking areas, access drives and parking lots are to be paved as specified in
Section 410.420 B(1).
1. Parking space size.
Off-street parking spaces shall have minimum dimensions of nine
(9) feet in width and eighteen
(18) feet in depth, exclusive of access drives or aisles thereto.
Minimum dimensions for parallel parking spaces shall be twenty-three
(23) feet in length and eight
(8) feet in width.
Up to twenty percent (20%) of the number of off-street parking spaces required for the site may receive approval by the Planning Commission and be constructed to compact car standards.
A compact car space shall consist of a minimum net area of one hundred twenty
(120) square feet with minimum dimensions of eight
(8) feet in width and fifteen
(15) feet in depth.
Each space shall be conspicuously identified as a compact car space.
2. Shared parking.
Parking requirements for two
(2) or more principal uses may be satisfied by the allocation of the required number of spaces for each principal use in a common parking facility.
3. Backing apron required.
Parking lots or loading areas shall have no driveway aisle which dead ends without a backing apron with a minimum depth of five
(5) feet.
4. Location of accessible parking.
Accessible parking spaces shall be reserved and posted, located in proximity to the main and secondary entrances, and ramps shall be provided and conveniently located in relationship to the parking spaces.
All accessible parking shall be in conformance with the Americans with Disabilities Act of
1991.
5. Accessible parking space size.
Where accessible parking is required, each space shall have a minimum length of eighteen
(18) feet, a minimum width of not less than eight
(8) feet and shall be located adjacent to a five-foot wide accessway.
Accessible parking spaces must comply with
Section 301.143, RSMo.
to include a van-accessible parking space as the first accessible parking space, with an access aisle a minimum of ninety-six
(96) inches wide.
B. Off-Street Parking, Access Drives and Loading Area Design Standards.
1. Surfacing.
The minimum paving standard for all off-street parking, access drives, and loading areas, except those required for single-family or duplex uses, shall be:
a. Five
(5) inches of concrete; or
b. Six
(6) inches of asphalt; or c. Three
(3) inches of asphalt combined with eight
(8) inches of aggregate base and subgrade base.
d. Off-street parking and driveway areas serving single-family and duplex residences shall be graded and paved with an approved asphalt, concrete or paver brick over an approved base.
On single-family lots, rear yard parking areas may be a minimum of six
(6) inches of gravel commonly referred to as ""road rock,"" one
(1) inch minus, MoDOT Type 5 aggregate or similar in the rear yard only.
These parking areas are to be maintained dirt and vegetation free.
The property owner shall be responsible for maintaining erosion control of the gravel.
e. An alternative paving specification designed by a Missouri registered engineer and approved by the City Building Official.
f. In lots zoned ""LI"" Light Industrial and ""HI"" Heavy Industrial, the Planning Commission may approve an alternative parking and driveway material, such as a minimum of six-inch-thick ""road rock,"" one
(1) inch minus, MoDOT Type 5 aggregate or similar, provided such areas do not front Highway 13, Fairground Avenue, West 19th Street, or Main Street.
Gravel drives are to be maintained free from dirt, dust, and vegetation.
The property owner is responsible for maintaining erosion control of his or her parking areas.
The approval by the Commission for use of gravel in ""LI"" and ""HI"" zoned lots shall be as a conditional use according to
Article VIII.
2. Lighting.
Any off-street parking areas providing space for five
(5) or more vehicles that are used after dark shall be provided with lights that provide at least an average of one-fourth (1/4) footcandle over the entire parking area, measured on the ground surface within the parking area.
3. Maintenance.
Vehicle parking areas, including drives and drive aisles, shall be maintained in proper repair with the required surfacing and curbing.
Pot holes and surface cracks shall be filled and sealed in a timely manner.
4. Time limit.
All required vehicle parking areas shall be ready for use, including the above surfacing requirement, before the issuance of a final certificate of occupancy (in the case of a new building or addition) or within forty-five
(45) days after the issuance of an occupational license (in the case of a change of occupancy use in an existing building).
An extension of time may be granted by the Building Official due to adverse weather conditions.
5. Minimum Configuration Of Acceptable Parking Spaces For Residential Uses.
Each garage or carport and driveway combination shall be counted as compliant off-street parking spaces per the following:
a. A one-lane driveway shall be a minimum of twelve
(12) feet in width.
A multi-lane driveway shall require ten
(10) feet in width for each lane of the driveway.
b. Each twenty-three
(23) linear feet of a lane of a driveway between a garage or carport and the property line may count as one
(1) parking space, up to a maximum of two
(2) spaces per lane.
c. Each garage or carport bay shall count as one
(1) additional parking space.
d. Each driveway shall be allowed one
(1) wing-out parking space per the minimum length and width requirements as stated above.
A second wing-out parking space shall be allowed when the single-lane approach is in excess of fifty
(50) linear feet.
e. Each driveway is allowed a maximum of one
(1) lane width which does not terminate in a garage or carport bay.
|  |  |
| --- | --- |
| One-Wing Allowed | Two-Wings Allowed |
|  |  |"
7,Article VII Off-Street and Loading Regulations,Section 410.430 Required Off-Street Parking Spaces.,sub-sec-7.2,https://ecode360.com/27592030,https://zoneomics.com/code/16241/chapter_7#7.2,False,0,"[R.O.
2009
§ 410.430; Ord.
No.
2040
§ 7-2, 9-15-2003] A. Amusement game parlors, pool halls and other similar recreational buildings: one
(1) space per two hundred (200) square feet of gross building area.
B. Automotive, boat, trailer and farm implements sales: one
(1) space per five hundred (500) square feet of gross building area plus one
(1) space per three thousand (3,000) square feet of outdoor display area.
C. Banks and savings and loans: one
(1) space per two hundred (200) square feet of gross building area.
D. Bowling lanes: five
(5) spaces per lane.
E. Child care facilities: one
(1) space per staff person on the maximum shift.
F. Churches, temples, places of worship, public buildings, auditoriums and other places of public assembly: one
(1) space for each five
(5) seats in the main auditorium.
G. Contractor's office or trade building: one
(1) space per five hundred (500) square feet of gross building area.
H. Convalescent homes, homes for the aged, retirement homes, nursing homes and other similar health care facilities: one
(1) space shall be reserved for doctors for each fifteen
(15) patient beds, plus one
(1) space per ten
(10) patient beds, plus one
(1) space per two and one-half (2.5) employees, exclusive of doctor parking spaces.
I. Flea markets and farmer's markets: one and one-half (1.5) spaces per each booth or stand.
J. Funeral homes, mortuaries and crematoriums: one
(1) space per sixty-five
(65) square feet of gross floor area within the chapel, plus one
(1) space per employee, plus one
(1) space per company-owned vehicle.
K. Furniture, carpet and major appliance stores: one
(1) space per four hundred (400) square feet of gross building area.
L. General commercial establishments: one
(1) space per two hundred (200) square feet of gross building area.
M. Golf courses: four
(4) spaces per hole.
N. Hospitals: one
(1) space shall be reserved for doctors for each ten
(10) patient beds, plus one
(1) space per four
(4) patient beds, plus one
(1) space per one and one-half (1.5) employees, exclusive of doctor parking spaces.
O. Hotels and motels: one and three-tenths (1.3) spaces per rentable room plus one
(1) space for each three
(3) seats in the restaurant and lounge.
P. Medical and dental offices and outpatient clinics: one
(1) space per two hundred (200) square feet of gross floor area.
Q. Manufacturing, wholesaling and storage businesses: one
(1) space per five hundred (500) square feet of gross floor area.
R. Multi-family dwellings and duplexes: parking space per each dwelling unit.
Studio/efficiency apartment:
1.5 parking spaces per unit, two
(2) bedrooms or less: two
(2) parking spaces, three and four (3-4) bedrooms: three
(3) parking spaces, five
(5) or more bedrooms: four
(4) parking spaces, plus one
(1) parking space for each additional bedroom over five (5).
S. Private club or country club: one
(1) space per six hundred (600) square feet of gross floor area.
T. Professional offices: one
(1) space per three hundred (300) square feet of gross building area.
U. Public or private commercially operated recreational complexes and associated structures: five
(5) spaces per gross acre plus one
(1) space per one hundred
(100) square feet of gross floor area for associated support buildings.
V. Restaurants or bars: one and one-half (1.5) spaces per one hundred
(100) square feet of gross floor area.
W. Schools:
1. Colleges, universities, business school and technical/vocational schools: one
(1) space per three
(3) seats of seating capacity.
2. High schools: seven
(7) spaces per classroom.
3. Junior high and elementary schools: two
(2) spaces per classroom.
X. Single-family dwellings: two
(2) bedrooms or less: two
(2) parking spaces, three and four (3-4) bedrooms: three
(3) parking spaces, five
(5) or more bedrooms: four
(4) parking spaces, plus one
(1) for each additional bedroom over five (5).
Y. Tennis courts: three
(3) spaces per court.
Z. Theatres:
1. Single theatres: one
(1) space per three
(3) seats.
2. Multi-plex theatres: one
(1) space per four
(4) seats except when located with shopping centers over twenty-five thousand (25,000) gross square feet which provide at least one
(1) parking space per two hundred (200) square feet of gross building area, the following shall then apply:
|  | **Gross Retail Area** | **Parking Standard** |
| --- | --- | --- |
|  | 25,000—49,999 | 1 space per 5 seats |
|  | 50,000—79,999 | 1 space per 6 seats |
|  | 80,000—99,999 | 1 space per 7 seats |
|  | 100,000 sq. ft. and larger | 1 space per 8 seats | AA.
Other uses:
Off-street parking requirements for any use not specifically mentioned in this
Section shall be the same as for the most similar use listed.
BB.
An adjustment in the number of parking spaces required by
Section 410.430 may be obtained from the Planning and Zoning Commission with approval by the Board of Aldermen.
The approval by the Commission for an adjustment in the required number of parking spaces shall be as a conditional use according to
Article VIII.
CC.
Use of parking areas:
Parking areas shall be used for automobile parking only with no sales, storage, repair work, dismantling or servicing of any kind."
7,Article VII Off-Street and Loading Regulations,"Section 410.440 Entries, Exits, Drives and Maneuvering Areas.",sub-sec-7.3,https://ecode360.com/27592062,https://zoneomics.com/code/16241/chapter_7#7.3,False,0,"[R.O.
2009
§ 410.440; Ord.
No.
2040
§ 7-3, 9-15-2003; Ord.
No.
2172
§ 1, 4-17-2006]
A. Generally.
All uses which are required to provide three
(3) or more off-street parking spaces shall have entries and exists and drives at least twenty-two
(22) feet in width to accommodate two-way traffic unless a one-way traffic system is utilized, in which case entry and exits and drives shall be a minimum of eleven
(11) feet in width.
If a one-way traffic system is utilized, appropriate traffic direction markers shall be installed at all appropriate intersections.
Drives and maneuvering areas shall provide proper turning radii to permit convenient maneuvering of cars and service vehicles into and out of each parking and loading space.
B. Prohibition On Back-Out Spaces.
Except for single-family residential dwellings and duplexes, all parking access shall be designed to prevent the need to back directly onto a public road or right-of-way.
Exception:
Backing onto a public road or right-of-way shall be allowed for residential structures up to and including a four-plex where:
1. Each dwelling unit has at least a single car garage, and
2. The residential structure is not located on one of the roads listed in Table
7.
1 of the Comprehensive Plan (see copy below).
Other roads where backing shall not be allowed include, but shall not be limited to:
East 15th Street from Main Street to the City limits, 9th Street from Main Street to Lipper Avenue, 31st Street from Highway 13 to Oak Street, 34th Street from Highway 13 to Oak Street and Hickory Street from Fairground Avenue to 34th Street.
|  | **Table 7.1 Major Roadway Classifications** | |
| --- | --- | --- |
|  | **Name of Roadway** | **Roadway Classification** |
|  | I-70 | Freeway |
|  | State Highway M-13 | Highway |
|  | Business 13 | Arterial |
|  | South Highway T | Arterial |
|  | Fairground Avenue/Business Highway | Arterial |
|  | Highway FF (Truman Road) 19th Street | Arterial |
|  | Main Street | Arterial |
|  | State Highway 13 | Arterial |
|  | South Highway 20 | Arterial |
|  | South Highway 213 | Arterial |
|  | West 29th Street | Collector |
|  | Cypress Street | Collector |
|  | Shelby Street | Collector |
|  | Lipper Avenue | Collector |
|  | West 22nd Street | Collector |
|  | West 17th Street | Collector |
|  | 12th Street | Collector |"
7,Article VII Off-Street and Loading Regulations,Section 410.450 Off-Street Loading Requirements.,sub-sec-7.4,https://ecode360.com/27592068,https://zoneomics.com/code/16241/chapter_7#7.4,False,0,"[R.O.
2009
§ 410.450; Ord.
No.
2040
§ 7-4, 9-15-2003]
A. These requirements shall apply to all commercial and industrial uses requiring the receipt or distribution by service vehicles of materials or merchandise.
1. Minimum number of spaces.
The minimum number of loading spaces shall be as follows:
|  | **Building Size in Square Feet** | **Number of Spaces** |
| --- | --- | --- |
|  | 5,000--24,999 | 1 |
|  | 25,000--59,999 | 2 |
|  | 60,000--119,999 | 3 |
|  | 120,000--199,999 | 4 |
|  | Over 200,000 | 5 |"
8,Article VIII Conditional Use Regulations,Section 410.455 Generally.,sub-sec-8.1,https://ecode360.com/27592072,https://zoneomics.com/code/16241/chapter_8#8.1,False,0,"[R.O.
2009
§ 410.455; Ord.
No.
2040
§ 8, 9-15-2003] The Board of Aldermen by conditional use permit,and subject to such protective restrictions as it deems necessary, may authorize the location, extension or structural alteration of any one
(1) of the buildings or uses listed in each district as a conditional use.
No conditional use permit may be granted until the Planning Commission has held a public hearing and submitted its recommendations.
Conditional use permits shall be issued to tenants and operators."
8,Article VIII Conditional Use Regulations,Section 410.460 Introduction.,sub-sec-8.2,https://ecode360.com/27592073,https://zoneomics.com/code/16241/chapter_8#8.2,False,0,"[R.O.
2009
§ 410.460; Ord.
No.
2040
§ 8-1, 9-15-2003] Conditional uses are those type of uses which, due to their nature, are dissimilar to the normal uses permitted within a given zoning district or where product, process, mode of operation or nature of business may prove detrimental to the health, safety, welfare or property values of the immediate neighborhood and its environs.
Within the various zoning districts, specific uses may be permitted only after additional requirements are complied with as established within this Article."
8,Article VIII Conditional Use Regulations,Section 410.470 Application For Conditional Use Permit.,sub-sec-8.3,https://ecode360.com/27592074,https://zoneomics.com/code/16241/chapter_8#8.3,False,0,"[R.O.
2009
§ 410.470; Ord.
No.
2040
§ 8-2, 9-15-2003]
A. A written application shall be filed with the Zoning Administrator to obtain a conditional use permit for the uses hereinafter set forth in this
Article or for uses previously issued a conditional use permit where alteration or an extension is requested.
B. Upon receipt of an application, together with a site plan and necessary descriptive material of the entire parcel including all permitted and conditional uses, the Zoning Administrator shall submit the application to the Planning Commission.
A fee (as indicated in Appendix A to this Chapter) shall be paid upon the filing of each application for a conditional use permit."
8,Article VIII Conditional Use Regulations,Section 410.480 Planning Commission Review.,sub-sec-8.4,https://ecode360.com/27592077,https://zoneomics.com/code/16241/chapter_8#8.4,False,0,"[R.O.
2009
§ 410.480; Ord.
No.
2040
§ 8-3, 9-15-2003; Ord.
No.
2395
§ 1, 9-7-2010] The Commission shall hold a public hearing in accordance with the procedures set forth in
Article XIV and review the application based on the criteria set forth in
Section 410.500 of this Article, approve or disapprove the application and submit a report of its recommendations to the Board of Aldermen within sixty
(60) days.
Failure of the Commission to act within sixty
(60) days after official submission to it shall be deemed approval."
8,Article VIII Conditional Use Regulations,Section 410.490 Action By The Board of Aldermen.,sub-sec-8.5,https://ecode360.com/27592078,https://zoneomics.com/code/16241/chapter_8#8.5,False,0,"[R.O.
2009
§ 410.490; Ord.
No.
2040
§ 8-4, 9-15-2003; Ord.
No.
2395
§ 1, 9-7-2010] No action shall be taken upon any applications for a proposed building or use referred to above until and unless the report of the Planning Commission has been filed; provided however, that if no report is received from the Commission within sixty
(60) days, the Board of Aldermen may proceed with its action upon the application.
A two-thirds (2/3) majority vote of the Board of Aldermen shall be required to authorize and approve the issuance of any conditional use permit contrary to the recommendation of the Planning Commission."
8,Article VIII Conditional Use Regulations,Section 410.500 Criteria For Reviewing All Applications.,sub-sec-8.6,https://ecode360.com/27592079,https://zoneomics.com/code/16241/chapter_8#8.6,False,0,"[R.O.
2009
§ 410.500; Ord.
No.
2040
§ 8-5, 9-15-2003]
A. In considering whether or not such application for a conditional use permit should be granted, it shall be the duty of the Planning Commission and the Board of Aldermen to give consideration to the effect of the requested use on the health, safety, morals and general welfare of the residents of the area in the vicinity of the property in question and the residents of the City generally.
In considering the conditional use, the Commission and the Board should consider the following:
1. The proposed conditional use complies with all applicable provisions of these regulations, including intensity of use regulations, yard regulations and use limitations.
2. The proposed conditional use at the specified location will contribute to the health, safety, welfare or convenience of the public.
3. The proposed conditional use will not cause substantial reduction to the value of other property in the surrounding neighborhood or to the City's overall tax base.
4. The location and size of the conditional use, the nature and intensity of the operation involved in or conducted in connection with it and the location of the site with respect to streets giving access to it are such that the conditional use will not dominate the immediate neighborhood so as to prevent development and use of neighboring property in accordance with the applicable zoning district regulations.
5. The size, floor area, mass and general appearance of the proposed structure is compatible with adjacent structures and buildings in the surrounding properties and neighborhood.
6. Adjacent streets have the capacity to handle increased traffic volumes both on a daily basis and at peak times.
7. Adequate access roads or entrance and exit drives will be provided to minimize traffic congestion and hazards in public streets and alleys.
8. Off-street parking and loading areas will be provided in accordance with the standards set forth in these regulations and such areas will be screened from adjoining residential uses and located so as to protect such residential uses from any injurious effect.
9. Adequate utilities, drainage and other facilities will be provided.
10. The impact of night lighting in terms of intensity, duration and frequency of use on adjacent properties is minimized.
11. The added noise created by activities associated with the proposed use on adjacent properties is minimized."
8,Article VIII Conditional Use Regulations,Section 410.510 Standards For Issuance of Conditional Use Permits.,sub-sec-8.7,https://ecode360.com/27592092,https://zoneomics.com/code/16241/chapter_8#8.7,False,0,"[R.O.
2009
§ 410.510; Ord.
No.
2040
§ 8-3, 9-15-2003]
A. Before any permit shall be granted, the Planning Commission shall make written findings certifying that adequate provision has been made for the following:
1. The location and size of the proposed use in relation to the site and to adjacent sites and uses of property and the nature and intensity of operations proposed thereon.
2. Accessibility of the property to Police, fire, refuse collection and other municipal services; adequacy of ingress and egress to and within the site; traffic flow and control; and the adequacy of off-street parking and loading areas.
3. Utilities and services, including water, sewer, drainage, gas and electricity, with particular reference to location, availability, capacity and compatibility.
4. The location, nature and height of structures, walls, fences and other improvements; their relation to adjacent property and uses; and the need for buffering or screening.
5. The adequacy of required yard and open space requirements and sign provisions.
6. The general compatibility with adjacent properties, other properties in the district and the general safety, health, comfort and general welfare of the community."
8,Article VIII Conditional Use Regulations,Section 410.520 Additional Conditions For Conditional Uses.,sub-sec-8.8,https://ecode360.com/27592100,https://zoneomics.com/code/16241/chapter_8#8.8,False,0,"[R.O.
2009
§ 410.520; Ord.
No.
2040
§ 8-4, 9-15-2003] In granting a conditional use, the City may impose such conditions, safeguards and restrictions upon the premises to reduce or minimize any potential injurious effect of such conditional uses upon other property in the neighborhood and to carry out the general purpose and intent of these regulations.
The use standards specified for the uses listed in
Article V shall also be requirements for the approval of a conditional use permit."
8,Article VIII Conditional Use Regulations,"Section 410.530 Conditions, Safeguards and Restrictions.",sub-sec-8.9,https://ecode360.com/27592101,https://zoneomics.com/code/16241/chapter_8#8.9,False,0,"[R.O.
2009
§ 410.530; Ord.
No.
2040
§ 8-6, 9-15-2003] In granting a conditional use, the City may impose such conditions, safeguards and restrictions upon the premises benefited by the conditional use as may be necessary to reduce or minimize any potential injurious effect of such conditional uses upon other property in the neighborhood and to carry out the general purpose and intent of these regulations.
Such restrictions may implement general City plans and policies, requirements of the zoning ordinance and other City ordinances."
8,Article VIII Conditional Use Regulations,Section 410.540 Transferability.,sub-sec-8.10,https://ecode360.com/27592102,https://zoneomics.com/code/16241/chapter_8#8.10,False,0,"[R.O.
2009
§ 410.540; Ord.
No.
2040
§ 8-7, 9-15-2003; Ord.
No.
2590
§ 1, 7-20-2015] Conditional use permits allow an approved use on a specific site.
Conditional use permits are to remain in place under new ownership or new operator, so long as the use is not substantially altered and all conditions of the permit remain in place."
8,Article VIII Conditional Use Regulations,Section 410.550 Revocation.,sub-sec-8.11,https://ecode360.com/27592103,https://zoneomics.com/code/16241/chapter_8#8.11,False,0,"[R.O.
2009
§ 410.550; Ord.
No.
2040
§ 8-8, 9-15-2003] The Board of Aldermen may revoke all or part of a conditional use permit if it is not put into use within twelve
(12) months of the date of approval.
The Board of Aldermen after a public hearing may revoke a conditional use permit for failure of compliance with the regulations and restrictions of this
Chapter or the requirements of the conditional use permit."
9,Article IX Site Plan Review,Section 410.560 Applicability.,sub-sec-9.1,https://ecode360.com/27592105,https://zoneomics.com/code/16241/chapter_9#9.1,False,0,"[R.O.
2009
§ 410.560; Ord.
No.
2040
§ 9-1, 9-15-2003] A. Applicable Zoning Districts.
An approved site plan is required for the development or redevelopment of all parcels of land in the following zoning districts:
1. ""MR"" Multi-Family Residential;
2. ""GC"" General Commercial;
3. ""HC"" Highway Service Commercial;
4. ""LI"" Light Industrial; and
5. ""HI"" Heavy Industrial Districts.
|  |  |  |
| --- | --- | --- |
|  | Development proposals in the following overlay districts: | |
|  | 1. | Downtown Overlay District; |
|  | 2. | Transitional Multi-Use Overlay District; |
|  | 3. | Corridor Review Overlay District; and |
|  | 4. | Manufactured Home—Residential Design Overlay District. |
|  | The purpose of the site plan review procedures is to enable the City to consider potential impacts upon the area in the vicinity of the property, consistency with good planning practice, and to ensure high standards of site and building design for the general welfare of the City and its residents. | |
B. Types Of Site Plans.
1. Site plans shall be divided between major and minor site plans.
Major site plans shall follow the procedures outlined in this Section.
A ""major site plan"" is defined as a plan for the development of a parcel of land that contains no buildings or for which the existing buildings are to be removed and a new building or buildings constructed.
In addition, a major site plan shall be required for any development that is adding more than five thousand (5,000) square feet of new impermeable surface to a site.
A major site plan must be approved by the Planning Commission.
2. ""Minor site plans"" shall be defined as plans for the expansion, change in use or redevelopment of a site that already contains a building or buildings and adds less than five thousand (5,000) square feet of new impermeable surface to a site.
A minor site plan may be approved by the Zoning Administrator if it meets all of the requirements of the zoning ordinance.
3. Within this Article, references to site plans include requirements for both major and minor site plans.
Requirements that deal specifically with major site plans or minor site plans are so indicated.
C. Major Site Plan Procedure.
The procedure for obtaining approval of a major site plan includes:
1. The filing of an application with the site plan;
2. The review and comments by City departments; 3. Review of the site plan and comments from City departments by the Planning Commission; and
4. Approval of the site plan by the Planning Commission.
D. Relationship To Other Ordinance Requirements.
The requirements, procedures and standards contained in this
Article are in addition to the requirements, procedures and standards contained in other Sections of the zoning ordinance which shall remain applicable to the parcel for which the application is filed.
In case of conflict between the general provisions and district regulations of the zoning ordinance with provisions of this
Article IX, the more restrictive requirement shall control."
9,Article IX Site Plan Review,"Section 410.570 Application, Review and Approval of A Site Plan.",sub-sec-9.2,https://ecode360.com/27592126,https://zoneomics.com/code/16241/chapter_9#9.2,False,0,"[R.O.
2009
§ 410.570; Ord.
No.
2040
§ 9-2, 9-15-2003]
A. Application.
An applicant shall confer with the Zoning Administrator or the Administrator's designee to become familiar with the City's regulations and requirements affecting the district in which the parcel in question lies and shall obtain copies of all provisions of the City ordinances pertaining to procedures and requirements for site plan approval.
1. An application may be made by the owner or by any person with a contractual interest in the property.
Written consent of the owner shall be required if the applicant is not the owner.
All owners must sign if more than one (1).
2. The written application for review and approval of the site plan shall be filed on a form supplied by the Zoning Administrator and shall be accompanied by a site plan as described in
Section 410.580. The application shall be signed by the applicant and shall state the name and address of the applicant and of the owner.
If the applicant is not the owner, the application shall identify the applicant's specific contractual interest in the property.
A fee (as indicated in Appendix A to this Chapter) for reviewing the site plan shall be paid to the City at the time of filing the application.
B. Review Of Application.
Upon receipt of an application completed in satisfactory form, the Zoning Administrator shall deliver a copy of the application and accompanying papers including the site plan to the appropriate City departments—the site plan review team—for their review and comments on the impact of the proposed development on health, safety, traffic, public services or facilities and other relevant considerations, in both the area of the project and other areas of the City which may be affected.
Such comments shall be sent to the Zoning Administrator and forwarded to the applicant within twenty-one
(21) days of the receipt of the completed application.
1. Within twenty-one
(21) days from the forwarding of comments to the applicant, the applicant shall advise the Zoning Administrator of the applicant's desire to revise the application and site plan based on the City's comments or proceed to a review by the Planning Commission if the application is for a major site plan.
If the applicant opts to proceed to a review of the major site plan by the Planning Commission, the application shall be placed on the agenda of the next available meeting of the Commission.
If the applicant opts to revise the major site plan, the previously outlined review periods will be repeated.
C. Major Site Plan Approval.
The Planning Commission shall review the major site plan at a regular meeting and the major site plan shall be approved, disapproved or approved with conditions.
In determining whether to approve, disapprove or approve the major site plan with conditions, the Planning Commission shall consider:
1. All relevant information, including the comments of City Officials, the major site plan's consistency with good planning practices, its compatibility with adjacent developments and uses and its effect on the health, safety, morals and general welfare of the residents of the area in the vicinity of the property subject to the major site plan and upon the residents of the City generally; and
2. The likely effect of the major site plan on vehicular or pedestrian traffic, fire hazards, fire, police and utility services, municipal expenditures, surface water drainage and control facilities and environmental aspects.
D. Minor Site Plan Approval.
The Zoning Administrator may approve a minor site plan if the site plan complies with all requirements of the City's zoning ordinance.
If the Zoning Administrator denies approval of a minor site plan including the provision of written comments as to the reason for such denial, the denial may be appealed by the applicant to the Planning Commission for review.
The Planning Commission shall then approve the minor site plan, approve the minor site plan with conditions or deny the site plan.
E. Validity Of A Site Plan.
Approval of a site plan shall be valid for a period of twelve
(12) months from the date of approval by the City.
If no building permit is obtained during that period, the approval shall terminate.
The Planning Commission may grant extensions of time not to exceed twelve
(12) months each, upon written request of the applicant for a substantially similar major site plan provided that the request is filed prior to the expiration date.
The Planning Commission may attach new conditions when an extension is granted.
If, in the opinion of the Planning Commission, the application contains substantial changes to the originally approved plan, a new major site plan review process must occur including the payment of a new application fee.
The same procedure shall be followed by the Zoning Administrator for minor site plans."
9,Article IX Site Plan Review,Section 410.580 Site Plan Required.,sub-sec-9.3,https://ecode360.com/27592137,https://zoneomics.com/code/16241/chapter_9#9.3,False,0,"[R.O.
2009
§ 410.580; Ord.
No.
2040
§ 9-3, 9-15-2003]
A. Each application for a conditional use permit shall require the submission of an accompanying site plan.
The site plan shall include, as a minimum, the following information:
1. The site plan shall be drawn at a scale of 1"" = 50' or larger.
2. The site plan shall delineate the property lines of the proposed project and shall indicate the zoning and present use of abutting properties and the location of the parcel in relation to surrounding uses, buildings and zoning.
3. The site plan shall delineate existing rights-of-way and easements.
4. The site plan shall delineate the general location and width of all proposed streets and public rights-of-way, such as alleys, pedestrian ways and easements.
5. The site plan shall delineate the boundaries, dimensions and area of the parcel and the proposed building layout with the front, side and rear building setbacks.
6. The site plan shall characterize the proposed usage of the building and description of the proposed use by type, character and intensity.
7. The site plan shall delineate the location, number of parking spaces, and the proposed parking and loading ratio and its location and requirements in accordance with
Article VII.
8. The site plan shall delineate all points of access and egress, their general design and width and the location of the parcel in relation to major thoroughfares and any roadways or drives connecting the parcel to those major thoroughfares.
9. The site plan shall indicate the location, dimensions and number of proposed parking and loading spaces and provide, in tabular form, the proposed net density of the use requested, the number of seats, employees or other applicable units of measure necessary to determine parking requirements, if applicable.
10. The site plan shall delineate the gross floor area of the building or structure, the height and number of stories of proposed buildings and structures and the amount of land area covered by buildings, structures, drives and parking facilities.
11. The site plan shall detail the proposed stages of construction for all land in development and improvements within the proposed district.
12. A landscape plan, including a detailed drawing to scale and a corresponding schedule of all plant material to be provided.
13. The site plan shall depict the location of any refuse collection facilities and all proposed screening and buffering techniques.
14. The site plan shall delineate the proposed exterior lighting.
15. The site plan shall delineate the proposed architectural details of the facility.
16. The site plan shall indicate the type, size and location of all signs.
17. The site plan shall set forth any other information necessary for determination of the suitability of the proposed use for the site.
18. The site plan shall show that the measurements from the building to surrounding structures and property lines comply with this Chapter.
19. The site plan shall depict the location and size of existing and proposed utilities including water, storm sewer, sanitary sewer, gas and electric."
9,Article IX Site Plan Review,Section 410.585 Compliance With Subdivision Regulations.,sub-sec-9.4,https://ecode360.com/27592158,https://zoneomics.com/code/16241/chapter_9#9.4,False,0,"[R.O.
2009
§ 410.585; Ord.
No.
2040
§ 9-4, 9-15-2003] All proposed improvements shall be in accordance with the final improvement standards set forth in the City's Land
Subdivision Control Ordinance.
Exceptions to these requirements may be granted subject to approval by Board.
Final site plan approval, including compliance with the City's Land
Subdivision regulations as they apply to the development, shall be required prior to the authorization of any clearing, grading or construction permit(s)."
9,Article IX Site Plan Review,Section 410.590 Maintenance of Constructed Improvements.,sub-sec-9.5,https://ecode360.com/27592159,https://zoneomics.com/code/16241/chapter_9#9.5,False,0,"[R.O.
2009
§ 410.590; Ord.
No.
2040
§ 9-5, 9-15-2003] Buildings, structures, landscaping and other improvements shall be constructed, installed and maintained in accordance with the site plan as approved by the City.
It shall be the duty of the owner of the property to maintain such improvements."
9,Article IX Site Plan Review,Section 410.600 Overlay Districts.,sub-sec-9.6,https://ecode360.com/27592160,https://zoneomics.com/code/16241/chapter_9#9.6,False,0,"[R.O.
2009
§ 410.600; Ord.
No.
2040
§ 9-6, 9-15-2003] Project proposals in each ""overlay district"" listed below subject to site plan review shall demonstrate compliance with specific standards in each district.
The overlay district regulations apply in addition to underlying zoning regulations; and in case of conflict, the overlay district regulations shall guide site plan review and approval.
The site plans must show the extent to which structures, walkways, roads, signage, driveways, open space (if any), parking lots and related on-site and off-site improvements are proposed to be planned and made to achieve the objectives in each of the following overlay districts:
Downtown Overlay District; Transitional Multi-Use Overlay District; Corridor Review Overlay District; and Manufactured Home—Residential Design Overlay District."
9,Article IX Site Plan Review,Section 410.610 Downtown Overlay District.,sub-sec-9.7,https://ecode360.com/27592161,https://zoneomics.com/code/16241/chapter_9#9.7,False,0,"[R.O.
2009
§ 410.610; Ord.
No.
2040
§ 9-6(A), 9-15-2003; Ord.
No.
2395
§ 1, 9-7-2010]
A. The Downtown Overlay District intends to maintain the downtown character through an increased emphasis on compatible design and community appearance, while accommodating sensitive adaptive reuse of Main Street buildings.
The district seeks to ensure that new development maintains the historic nature of the area, rather than sharp, incompatible changes in land uses.
The site plan shall demonstrate the extent to which the proposal achieves the objectives of this Article.
1. Applicable area.
As designated in the Comprehensive Plan Future Land Use Map ""Downtown Commercial"" area.
2. Compliance.
As prescribed in
Article V, Use Table.
3. Land use limitations and standards.
a. Site plan review shall be conducted by the Planning Commission.
b. Downtown design standards and guidelines in the Comprehensive Plan shall be applied during site plan review."
9,Article IX Site Plan Review,Section 410.620 Transitional Multi-Use Overlay District.,sub-sec-9.8,https://ecode360.com/27592168,https://zoneomics.com/code/16241/chapter_9#9.8,False,0,"[R.O.
2009
§ 410.620; Ord.
No.
2040
§ 9-6(B), 9-15-2003]
A. The site plan shall demonstrate the extent to which the structures, walkways, roads, driveways, open space (if any) and parking lots in the ""Transitional Multi-Use Overlay District"" have been proposed to achieve the following objectives.
The overlay district seeks to maintain the residential character of the Fairgrounds Avenue corridor where homes are developed and accommodate limited retail commercial uses.
1. Applicable area.
As designated in the Comprehensive Plan Future Land Use Map ""Transitional Multi-Use Area"".
2. Compliance.
a. Any change in land use shall require a conditional use permit.
b. Transitional multi-use design guidelines in the Comprehensive Plan shall be applied during site plan review site plans.
3. Land use limitations.
a. Development should be compatible with the surrounding area, including planned future land uses, and should not limit or adversely affect the growth and development potential of adjoining lands or the general area in which it is proposed to be located.
Compatibility shall consider, without limitation, the type and intensity of use.
b. Development shall be appropriately buffered and screened consistent with City regulations and by using generally accepted planning principles and techniques to minimize interference with adjoining properties and public roadways.
c. All uses or activities shall be operated in such a manner as to not be objectionable by reason of noise, odor, dust, glare/light, fumes, smoke, gas, vibrations or other similar causes which would constitute a public nuisance.
d. All uses shall have adequate public facilities, utilities and services, in accordance with all applicable governmental regulations, prior to the commencement of operations.
e. Commercial uses should be sited so that exterior finishes are compatible with the adjacent use.
Outdoor refuse storage areas should be designed as residential refuse enclosures if adjacent to residences."
9,Article IX Site Plan Review,"Section 410.630 ""M-13"" Highway Corridor Overlay District.",sub-sec-9.9,https://ecode360.com/27592180,https://zoneomics.com/code/16241/chapter_9#9.9,False,0,"[R.O.
2009
§ 410.630; Ord.
No.
2040
§ 9-6(C), 9-15-2003; Ord.
No.
2071
§ 1, 5-17-2004]
A. Objectives.
The ""M-13"" Highway Corridor Overlay District intends to preserve land use order through an increased emphasis on compatible design and community appearance along the highway entrances to the City.
The district seeks to ensure that new development is compatible with highway access and best management practices for strip commercial development.
The site plan shall demonstrate the extent to which the proposal achieves the objectives of this Article.
1. Applicable area.
As designated in the Comprehensive Plan Future Land Use Map ""Corridor Review District"" area.
2. Compliance.
a. As prescribed in
Article V, Use Table.
b. Development approval subject to proposed M-13 Highway realignment plans.
3. Land use limitations and standards
a. Site plan review shall be conducted by the Planning Commission.
b. Corridor review design guidelines in the Comprehensive Plan shall be applied during site plan review site plans.
c. The ""clustering"" of commercial and retail uses should be encouraged close to intersections of the highway and major streets.
d. Buildings visible from M-13 Highway shall have either their main entrance or a principal wall facing the highway.
These main entries or principal walls shall be emphasized by distinct and accented features scaled and oriented to the highway.
Views of building-related elements such as service areas, parking lots, utilities, building equipment (e.g., roof-mounted air conditioners), loading docks, trash containers and storage areas shall not be directly visible from M-13 Highway.
e. Additions to existing buildings shall adhere to the setback standards in the underlying zoning requirements, however, building additions that correct or improve existing non-conforming or substandard conditions will be allowed.
f. All commercial, retail and business buildings other than industrially zoned buildings shall have a setback at least fifty
(50) feet from the nearest M-13 Highway right-of-way line.
All multi-family housing and all industrially zoned buildings shall have a setback at least one hundred
(100) feet from the highway right-of-way.
g. All non-residential and multi-family housing parking lots shall be set back at least fifteen
(15) feet from the nearest M-13 Highway right-of-way line and loading areas shall not encroach into any required yard setback.
h. Architectural design shall not be monotonous or without variation or variety and shall create visual interest through the use of different textures, complementary colors, shadow lines and contrasting shapes.
Walls facing M-13 Highway shall not appear to be the back or rear side of a building.
The use of walls with little detailing, devoid of windows and/or doors or completely blank is prohibited if facing onto M-13 Highway.
Mirrored or reflective glass on buildings shall be designed to minimize glare onto M-13 Highway.
A coordinated color palette is required for all developments.
No outside storage areas shall be directly visible from M-13 Highway.
Cooperative design/planning by adjoining property owners shall be addressed, and site plans shall reflect an understanding of and coordination with existing or proposed facilities on adjoining properties.
i. Building facades that are one hundred
(100) feet or greater in length shall incorporate recesses and projections along at least twenty percent (20%) of the length of the building facade.
Windows, awnings, arches and arcades must total at least sixty percent (60%) of the facade length abutting any public street.
j. Overly long horizontal facades shall be articulated with variations in the building plane and parapet height, materials and colors, entrance canopies and landscaping.
Visual relief for parking lots along the facade should be achieved horizontally through the use of landscaped fingers and islands containing trees and shrubs.
k. New development occurring on Highway 13 between 29th Street south to State Highway MM shall require an additional ten
(10) feet of right-of-way on each side of Highway 13 for possible future turn lanes and allow no sidewalks in the right-of-way."
9,Article IX Site Plan Review,Section 410.640 Manufactured Home - Residential Design Overlay District.,sub-sec-9.10,https://ecode360.com/27592198,https://zoneomics.com/code/16241/chapter_9#9.10,False,0,"[R.O.
2009
§ 410.640; Ord.
No.
2040
§ 9-6(D), 9-15-2003]
A. The site plan shall demonstrate the extent to which the structures proposed within the overlay district achieve the following objectives:
1. Applicable area.
As designated in the Comprehensive Plan Future Land Use Map ""Manufactured Home—Residential Design"" area.
2. Compliance.
As prescribed in
Article V, Use Table.
3. Land use limitations and standards.
a. As required in
Article V, Use Table, ""Use Standards"".
b. Manufactured home—residential design structures shall be not be granted variances from lot and yard requirements of the underlying district.
c. Manufactured home—residential design structures shall be allowed only as infill development on an existing conforming lot of record, not as a newly platted subdivision."
10,Article X Residential Planned Unit Development,Section 410.650 Intent.,sub-sec-10.1,https://ecode360.com/27592207,https://zoneomics.com/code/16241/chapter_10#10.1,False,0,"[R.O.
2009
§ 410.650; Ord.
No.
2040
§ 10-1, 9-15-2003]
A. The residential planned unit development (""PUD"") is designed to provide small and large scale developments incorporating a single type or a variety of residential and related uses which are planned and developed as a unit.
Such developments may consist of individual lots or may have common building sites.
Buildings may be grouped in clusters or around courts and may be served by private drives in lieu of public streets.
Common land must be an essential and major element of the plan, which is related to and affects the long-term value of the homes and other development.
A planned district shall be a separate entity with a distinct character in harmony with surrounding development.
A residential planned unit development may be established in any residential district and shall not require a zoning change.
However, a residential ""PUD"" shall be subject to all other applicable provisions of the Chapter.
The residential planned unit development is intended to provide for a greater flexibility in the design of buildings, yards, courts and circulation than would otherwise be possible through the strict application of district regulations and to produce:
1. A maximum choice in the type of environment and living units available to the public.
2. Open space and recreation areas.
3. A pattern of development which preserves trees, outstanding natural topography and geologic features and prevents soil erosion.
4. A creative approach to the use of land and related physical development.
5. An efficient use of land and related physical development.
6. An environment of stable character in harmony with surrounding development.
7. A more desirable environment than would be possible through the strict application of other Articles of this Chapter."
10,Article X Residential Planned Unit Development,Section 410.660 Permitted Uses.,sub-sec-10.2,https://ecode360.com/27592216,https://zoneomics.com/code/16241/chapter_10#10.2,False,0,"[R.O.
2009
§ 410.660; Ord.
No.
2040
§ 10-2, 9-15-2003] The uses permitted by right in a residential ""PUD"" shall be only those designated ""SF-1"", ""SF-2"", ""SF-3"" and ""MR""."
10,Article X Residential Planned Unit Development,Section 410.670 Standards and Conditions For Residential Planned Unit Developments.,sub-sec-10.3,https://ecode360.com/27592217,https://zoneomics.com/code/16241/chapter_10#10.3,False,0,"[R.O.
2009
§ 410.670; Ord.
No.
2040
§ 10-3, 9-15-2003]
A. Location.
The residential ""PUD"" shall be designated as follows:
|  | **""PUD""** | **Corresponding District** |
| --- | --- | --- |
|  | ""SF-1""/""PUD"" | ""SF-1"" Single-Family Dwelling District 12,500 square feet |
|  | ""SF-2""/""PUD"" | ""SF-2"" Single-Family Dwelling District 7,500 square feet |
|  | ""SF-3""/""PUD"" | ""SF-3"" Single-Family Two-Family Residential District 7,500 square feet |
|  | ""MR""/""PUD"" | ""MR"" Multi-Family Residential: single-family 6,500 square feet, two-family 3,000 square feet, multi-family 7,500 square feet |
B. Minimum Size.
One
(1) acre if one
(1) land use.
Ten
(10) acres if involving more than one
(1) land use.
C. Height Limitations.
The height limitations for structures in residential ""PUDs"" shall be the same as those for corresponding residential districts.
However, the Board of Aldermen may vary said maximum building height where such an alteration would permit a more harmonious relationship to adjacent property and where the public health, safety and welfare will be preserved.
D. Yard Limitations.
1. The design of the residential ""PUD"" may provide for modifications of interior yard setbacks provided that the plan provides adequate space between buildings for access by emergency vehicles.
2. Yard setbacks on the outside perimeter of the ""PUD"" shall not be reduced and shall meet the yard setback requirements of the corresponding zoning district.
However, the Board of Aldermen may vary said perimeter setback requirement where such an alteration will not be detrimental to adjacent property.
E. Minimum Floor Area.
The minimum floor area for dwelling units shall be the same as those required for corresponding residential districts.
F. Off-Street Parking.
The minimum off-street parking requirements set forth in
Article VII of this
Chapter shall be complied with.
G. Streets.
1. Buildings need not abut public streets but may be served by private roadways.
Standards of design and construction for roadways, both public and private, within residential ""PUDs"" may be modified as is deemed appropriate by the Board of Aldermen after reviewing recommendations from the City Engineer.
Right-of-way width and street roadway widths may be reduced as deemed appropriate by the Board of Aldermen, especially where it is found that the plan for the ""PUD"" provides for the separation of vehicular and pedestrian circulation patterns and provides for adequate off-street parking facilities.
2. If owners in the future should request that the private streets be changed to public streets, the owners do fully agree that, before acceptance of such streets by the local government body, the owners will bear full expense of reconstruction or any other action necessary to make the streets fully conform to the requirements applicable at that time for public streets, prior to dedication and acceptance.
Finally, the owners also agree that these streets shall be dedicated to public use without compensation to the owners.
H. Number Of Permitted Dwelling Units.
It is the intent of this
Section that the number and type of dwelling units permitted within the residential ""PUD"" shall remain the same as would be permitted if the area were to be developed conventionally.
However, the dwelling units so permitted shall be clustered and located irrespective of yard setback requirements or lot lines in order to create a smaller network of streets and utility lines and to create additional open spaces for the enjoyment of the residents.
The maximum number of permitted dwelling units within a residential planned unit development (""PUD"") shall be computed as follows:
|  |  |
| --- | --- |
|  | Permitted dwelling units = Net project area of the ""PUD"" divided by minimum average land area per dwelling unit in the applicable ""PUD"". |
1. Notwithstanding the provisions herein, the minimum area for a single-family dwelling unit shall be six thousand (6,000) square feet.
2. Residential area.
The residential area for the purposes of the above-described computation shall be the gross area of the ""PUD"" less the area of non-residential land.
a. Non-residential land shall include street pavement, parking lot pavement and all land allocated to schools, churches, accessory commercial development and other non-residential uses.
b. Residential area shall include land allocated to dwellings, accessory buildings, recreational and community facilities serving the homeowners and open space.
3. Minimum land area.
The minimum land area for the purposes of the described compilation shall be:
|  | **Zone District** | **Average Land Area Per Dwelling Unit** |
| --- | --- | --- |
|  | ""SF-1""/""PUD"" | 12,500 |
|  | ""SF-2""/""PUD"" | 7,500 |
|  | ""SF-3""/""PUD"" | 7,500/3,750 |
|  | ""MR""/""PUD"" | 6,500/3,000/7,500 |
I. Common Open Space.
1. Open space resulting from the application of the residential ""PUD"" standards for density or intensity of land use shall be set aside for the use and benefit of the residents in such development.
2. Such open space shall be owned and maintained in common by the residents through a homeowners' association.
The residential ""PUD"" shall include such provisions for the ownership and maintenance of the common open spaces as are reasonably necessary to insure its continuity, care, conservation and maintenance and to insure that remedial measures will be available to the City if the common open space is permitted to deteriorate or is not maintained in a condition consistent with the best interests of the planned development or of the entire community.
Such remedial measures shall include provisions for right of access over private streets, if necessary.
J. Staged Development.
The residential ""PUD"" may be developed in stages.
In such case, the owner of the ""PUD"" shall designate divisible geographic sections of the entire parcel to be developed as a unit and shall specify the intended sequence of development for each such unit.
K. Landscaping And Screening Requirements.
Additional landscaping requirements may be contained in the conditions in each ordinance authorizing the establishment of the particular residential ""PUD"".
L. Sign Regulations.
Specific sign regulations may be contained in the conditions in each ordinance authorizing the establishment of the particular residential ""PUD"".
M. Homes Association.
The developer shall provide for a homes association for improving, operating and maintaining common facilities including streets, drives, service and parking areas and recreation areas.
N. Financial Guarantees.
The developer may be required to furnish such performance bonds, escrow deposit or other financial guarantees as may be determined by the Board of Aldermen to be reasonably required to assure performance in accordance with the development plan and to protect the public interest in the event of abandonment of said plan before completion."
11,Article XI Sign Regulations,Section 410.680 Applicability.,sub-sec-11.1,https://ecode360.com/27592244,https://zoneomics.com/code/16241/chapter_11#11.1,False,0,"[R.O.
2009
§ 410.680; Ord.
No.
2040
§ 11-1, 9-15-2003] Any sign shall be a structure.
No land or building or structure shall be used for sign purposes except within the stipulated districts listed in the sign use regulations specified herein.
All signs legally existing at the time of passage of these regulations may remain in use under the conditions of legal non-conformance in accordance with
Article VI of this zoning ordinance.
Signs in legal non-conformance shall not be enlarged, moved, lighted or reconstructed; however, the change of the advertising display shall not be restricted except as stated.
After the effective date of this regulation, no sign shall be erected, enlarged, constructed or otherwise installed without first obtaining a sign permit.
All signs shall be constructed in such a manner and of such material that they shall be safe and substantial.
Except for those signs exempted from regulation, all signs shall be permanently and securely mounted to the ground or a building.
Scale drawings of the sign and manner of supports shall be furnished to the Zoning Administrator concurrently with any application for a sign permit."
11,Article XI Sign Regulations,Section 410.690 Classification of Signs.,sub-sec-11.2,https://ecode360.com/27592245,https://zoneomics.com/code/16241/chapter_11#11.2,False,0,"[R.O.
2009
§ 410.690; Ord.
No.
2040
§ 11-2, 9-15-2003] A. Functional Types.
1. Advertising sign.
A sign which directs the attention of the public to any goods, merchandise, property, business, service, entertainment or amusement conducted or produced which is bought or sold, furnished, offered or dealt in elsewhere than on the premises where such sign is located or to which it is affixed.
2. Bulletin board sign.
A sign that indicates the name of an institution or organization on whose premises is located and which contains the name of the institution or organization, the name or names of person connected with it and announcement of persons, events or activities occurring at the institution.
Such sign may also present a greeting or similar message.
3. Business sign.
A sign which directs attention to a business or profession conducted or to products, services or entertainment sold or offered upon the premises where such sign is located or to which it is affixed.
4. Construction sign.
A temporary sign indicating the names of the architects, engineers, landscape architects, contractors and similar artisans involved in the design and construction of a structure, complex or project only during the construction period and only on the premises on which the construction is taking place.
5. Identification sign.
A sign giving the name and address of a building, business, development or establishment.
Such signs may be wholly or partly devoted to a readily recognized symbol.
In the ""DC"" zone, identification signs shall have a maximum length of seventy-two
(72) inches, a maximum width of thirteen
(13) inches and a minimum clearance below the sign of seven
(7) feet six
(6) inches.
6. Name plate sign.
A sign giving the name and/or address of the owner or occupant of a building or premises on which it is located and, where applicable, a professional status.
7. Real estate sign.
A sign pertaining to the sale or lease of a lot or tract of land on which the sign is located, or to the sale or lease of one
(1) or more structures, or a portion thereof on which the sign is located.
B. Structural Types.
1. Awning, canopy or marquee sign.
A sign that is mounted on, painted on or attached to an awning, canopy or marquee.
No such signs shall project above, below or beyond the awning, canopy or marquee.
|  | **Figure 5 Canopy Sign** |
| --- | --- |
|  |  |
2. Ground sign.
Any sign placed upon, or supported by, the ground independent of the principal building or structure on the property, where the bottom edge of the sign is less than six
(6) feet above the ground.
|  | **Figure 6 Ground Sign** |
| --- | --- |
|  |  |
|  | \* 10' maximum height |
3. Pole sign.
Any sign placed upon or supported by the ground independent of the principal building or structure on the property where the bottom edge of the sign is more than ten
(10) feet above the ground level.
Figure 7 below shows the tall pedestal of a highway pole sign at the left edge of the picture.
|  | **Figure 7 Pole Sign** |
| --- | --- |
|  |  |
4. Projecting sign.
A sign that is wholly or partly dependent upon a building for support and which projects more than twelve
(12) inches from such building.
|  | **Figure 8 Projecting Sign** |
| --- | --- |
|  |  |
5. Wall sign.
A sign fastened to or painted on a wall of a building or structure in such a manner that the wall becomes merely the supporting structure or forms the background surface and which does not project more than twelve
(12) inches from such building.
|  | **Figure 9 Wall Sign** |
| --- | --- |
|  |  |
6. Roof sign.
A sign totally supported on the roof of a structure.
Roof signs shall not project more than twelve
(12) inches beyond the face of the building, nor above the ridge of the roof.
|  | **Figure 10 Roof Sign** |
| --- | --- |
|  |  |"
11,Article XI Sign Regulations,Section 410.700 General Standards.,sub-sec-11.3,https://ecode360.com/27592261,https://zoneomics.com/code/16241/chapter_11#11.3,False,0,"[R.O.
2009
§ 410.700; Ord.
No.
2040
§ 11-3, 9-15-2003]
A. Gross Area Of Sign.
Gross area shall include the entire area within a single continuous perimeter enclosing the extreme limits of the sign, exclusive of the base on which it is mounted or from which it is suspended.
If more than one
(1) side of a sign structure is utilized as a sign surface, only one
(1) side shall be counted as a portion of the gross area.
On zoning lots where more than one
(1) sign is located, the total gross area of all signs combined shall not exceed the maximum gross area permitted by this regulation.
For computing the gross area of any wall sign which consists of letters mounted or painted on a wall, the area shall be deemed to be the area of the smallest rectangular figure which can encompass all of the letters.
B. Sign Height.
Sign height shall be measured from the ground elevation at the base of the sign to the highest elevation of the sign, unless otherwise required.
C. Illuminated Signs.
A sign designed to give forth artificial light or designed to reflect light derived from any source:
1. Illuminated signs shall be designed as to reflect or direct light away from any residential dwelling district.
2. Lighted signs in direct vision of a traffic signal shall not be in red, amber or green illumination.
D. Flashing Or Moving Signs.
Any illuminated sign on which the artificial light is not constant in intensity and color at all times.
For the purpose of this regulation, any revolving, rotating, moving, animated, signs with moving lights or signs which create the illusion of movement shall be considered as a flashing sign.
1. Flashing signs shall not be permitted in any residential district.
2. Flashing signs similar in color and form to traffic signals or emergency vehicle lights shall not be permitted.
3. A sign whereon the current time and/or temperature is indicated by intermittent lighting shall not be deemed as a flashing sign if the lighting changes are limited to the numerals indicating the time and/or temperature and public messages and not more frequent than every four
(4) seconds.
E. Access Way Or Window.
No sign shall block any required access way or window.
F. Signs On Trees Or Utility Poles.
No sign shall be attached to a tree or utility pole whether on public or private property.
G. Metal Signs.
Signs constructed of metal and illuminated by any means requiring internal wiring or electrically wired accessory fixtures attached to a metal sign shall maintain a free clearance to grade of nine
(9) feet.
Accessory lighting fixtures attached to a non-metal frame sign shall also maintain a clearance of nine
(9) feet to grade.
No metal ground sign shall be located within eight
(8) feet vertically and four
(4) feet horizontally of electric wires or conductors in free air carrying more than forty-eight
(48) volts, whether or not such wires or conductors are insulated or otherwise protected.
H. Traffic Safety.
1. No sign shall be maintained at any location where by reason of its position, size, shape, color or lighting it may obstruct, impair, obscure, interfere with the view of, or be confused with any traffic or railroad control sign, signal or device, or where it may interfere with, mislead or confuse traffic.
2. Any sign within three
(3) feet of a driveway or within a parking area, except ground signs and those signs in
Section 410.710(A)(4), shall be at least ten
(10) feet above the curb level; however, in no event shall any sign be placed so as to project over any public right-of-way, except that wall signs and awnings, canopy or marquee signs may extend up to the curb line.
3. Under no circumstances shall any sign be placed in the sight triangle as defined by this regulation except in District ""DC"".
Provided however, that no such sign as may be allowed in District ""DC"" may be placed lower than ten
(10) feet above the sidewalk.
I. Lineal Street Frontage.
In those districts where gross sign area is allocated based on lineal street frontage and the tract or parcel is adjacent to more than one
(1) street, the lineal street frontage shall be one-half (½) the sum of all the street frontages."
11,Article XI Sign Regulations,Section 410.710 Exemption.,sub-sec-11.4,https://ecode360.com/27592279,https://zoneomics.com/code/16241/chapter_11#11.4,False,0,"[R.O.
2009
§ 410.710; Ord.
No.
2040
§ 11-4, 9-15-2003]
A. Total Exemptions.
The following signs shall be exempt from the requirements of this Article, except that the provisions of Articles V and VI of this Higginsville zoning ordinance shall still apply:
1. Flags or emblems of a governmental or of a political, civic, philanthropic, educational or religious organization displayed on private property.
2. Signs of a duly constituted governmental body, including traffic or similar regulatory signs, legal notices, warnings at railroad crossings and other instructional or regulatory signs having to do with health, safety, parking, swimming, dumping, etc.
3. Memorial signs and tables displayed on public or private property.
4. Small signs, not exceeding three
(3) square feet in area, displayed on private property for the convenience of the public, including signs to identify entrance and exit drives, parking areas, one-way drives, restrooms, freight entrances and other similar signs.
5. Score boards in athletic stadiums.
6. Political campaign signs, not exceeding four
(4) square feet in area in any residential zoning districts, or not exceeding thirty-two
(32) square feet in other districts, displayed on private property.
7. Temporary signs for the sale of household goods at a residence (garage sales) for a period not to exceed three
(3) days.
B. Exemptions From Sign Permit.
The following signs are exempt from the sign permit
Section of this Article, but shall comply with all of the other regulations imposed by this Article.
1. Nameplate signs not exceeding two
(2) square feet in gross area as an accessory use to a single-family or two-family dwelling.
2. Bulletin board signs not exceeding one hundred
(100) square feet in gross area accessory to a church, school or public or non-profit institution.
3. Business signs when located on property used for agricultural purposes and pertaining to the sale of agricultural products produced on the premises.
4. Real estate signs not exceeding eight
(8) square feet in area.
5. Construction signs not exceeding eight
(8) square feet in area.
6. Temporary special event signs, on-premises or off-premises, displayed no sooner than thirty
(30) days prior to and three
(3) days after the start and conclusion of the special event, not to exceed forty-five
(45) days total."
11,Article XI Sign Regulations,Section 410.720 District Regulations.,sub-sec-11.5,https://ecode360.com/27592295,https://zoneomics.com/code/16241/chapter_11#11.5,True,1,"[R.O.
2009
§ 410.720; Ord.
No.
2040
§ 11-5, 9-15-2003]
A. ""AG"" Agricultural District.
1. Functional types permitted:
a. Bulletin board signs.
b. Business signs, pertaining only to the sale of agricultural products produced on the premises and home occupations.
c. Construction signs.
d. Identification signs.
e. Nameplate signs.
f. Real estate signs.
2. Structural types permitted:
a. Wall signs.
b. Ground signs.
3. Number of signs permitted:
One
(1) sign per six hundred (600) feet of frontage.
4. Maximum gross area:
a. Bulletin board and identification signs: twenty-four
(24) square feet.
b. Business signs—home occupations:
Four
(4) square feet; agricultural: twenty
(20) square feet.
c. Construction signs: twenty
(20) square feet.
d. Nameplate signs:
Four
(4) square feet.
e. Real estate signs: twelve
(12) square feet.
5. Maximum height: fifteen
(15) feet.
6. Required setbacks:
None.
7. Illumination.
Bulletin board and identification signs that do not exceed twenty-four
(24) square feet on one
(1) face for churches, hospitals, Police stations, fire stations and other similar public facilities.
B. ""SF-1"" Single-Family Residential District, ""SF-2"" Single-Family Residential District, ""SF-3"" Two-Family Residential District, ""MR"" Multi-Family Residential District and ""MHP"" Manufactured Home Park Residential District.
1. Functional types permitted:
a. Business signs pertaining to a home occupation and subject to the sign requirements of the home occupation
Section of this Higginsville zoning ordinance.
b. Bulletin board signs.
c. Construction signs.
d. Identification signs.
e. Nameplate signs.
f. Real estate signs.
2. Structural types permitted:
a. Ground signs.
b. Wall signs.
3. Number of signs permitted:
One
(1) sign per zoning lot, except real estate signs which shall be limited to three
(3) signs per zoning lot.
4. Maximum gross area:
a. Business signs—home occupations: two
(2) square feet.
b. Bulletin board and identification signs: one hundred
(100) square feet.
c. Construction signs: thirty-two
(32) square feet.
d. Nameplate signs:
Two
(2) square feet.
e. Real estate signs:
Six
(6) square feet, provided that one
(1) sign not more than one hundred
(100) square feet in area announcing the sale of lots and/or houses in a subdivision may be located on said development.
Said sign shall be removed at the end of three
(3) years or when seventy-five percent (75%) of the lots have been sold, whichever occurs sooner.
f. Maximum height.
Fifteen
(15) feet.
g. Required setback.
No sign shall be placed closer to the front property line than one-half (½) the distance of the front yard, except temporary signs which may be no closer than the right-of-way line.
h. Illumination.
Bulletin boards and identification signs may be indirectly illuminated with incandescent or fluorescent lighting.
C. ""HC"" Highway Commercial District.
1. Functional types permitted:
a. Advertising signs, b. Bulletin board signs.
c. Business signs.
d. Construction signs.
e. Identification signs.
f. Nameplate signs.
g. Real estate signs.
2. Structural types permitted:
a. Awning, canopy or marquee signs.
b. Ground signs.
c. Roof signs.
d. Pole signs.
e. Projecting signs.
f. Wall signs, except when used as an advertising sign.
3. Number of signs permitted:
a. Awning, canopy or marquee signs and wall signs:
No limitations.
b. Ground signs and pole signs:
One
(1) each per zoning lot.
c. Roof signs: one
(1) per facade.
d. Projecting signs:
One
(1) per zoning lot.
e. Advertising signs:
One
(1) per zoning lot, subject to spacing requirement of the State of Missouri.
4. Minimum spacing for advertising signs: one thousand four hundred (1,400) feet.
The spacing of advertising signs shall be defined as the minimum distance between advertising signs on either side of the road, measured along the centerline of the pavement between points directly adjacent to each respective advertising sign.
5. Maximum gross surface area:
Four"
11,Article XI Sign Regulations,Section 410.720 District Regulations.,sub-sec-11.5,https://ecode360.com/27592295,https://zoneomics.com/code/16241/chapter_11#11.5,True,2,"(4) square feet for each lineal foot of street frontage, provided no single sign shall exceed a gross surface area of three hundred (300) square feet; except that advertising signs shall meet requirements of the State of Missouri.
6. Maximum height:
a. Pole signs:
Within six hundred sixty (660) feet of the I-70 Junction—one hundred
(100) feet; otherwise, thirty-five
(35) feet in height.
b. Advertising signs shall meet requirements of the State of Missouri, except no advertising sign shall be closer than one thousand four hundred (1,400) feet from another advertising sign.
c. Ground signs: ten
(10) feet.
d. All other signs: four
(4) feet.
7. Required setback:
None, except that advertising signs shall maintain the same setback that is required of the principal structures.
8. Illumination:
Illuminated signs shall be permitted.
D. ""GC"" General Commercial District, ""DC"" Downtown Commercial District and ""HS"" Health Services District.
1. Functional types permitted:
a. Bulletin board signs.
b. Business signs.
c. Construction signs.
d. Identification signs.
e. Nameplate signs.
f. Real estate signs.
2. Structural types permitted:
a. Awning, canopy or marquee signs.
b. Ground signs.
c. (Reserved)[1] [1] Editor’s Note:
Former Subsection (D)(2)(c), regarding pole signs, was repealed
7-20-2015 by Ord.
No.
2590
§ 1.
d. Projecting signs.
e. Roof signs, except in ""DC"" Downtown Commercial District and except when used as an advertising sign.
f. Wall signs, except when used as an advertising sign.
3. Number of signs permitted:
a. Awning, canopy or marquee signs and wall signs:
No limitations.
b. Ground signs and pole signs:
One
(1) each per zoning lot.
c. Projecting signs:
One
(1) per zoning lot.
d. Roof signs:
One
(1) per facade.
4. Maximum gross surface area:
Four
(4) square feet for each lineal foot of street frontage, provided no single sign shall exceed a gross surface area of three hundred (300) square feet.
5. Maximum height:
a. (Reserved)[2] [2] Editor’s Note:
Former Subsection (D)(5)(a), regarding pole signs, was repealed
7-20-2015 by Ord.
No.
2590
§ 1.
b. Ground signs: ten
(10) feet.
c. Other signs:
As permitted by design.
6. Required setback:
None.
7. Illumination:
Illuminated signs shall be permitted.
8. Projecting signs:
a. In the ""DC"" Zone, projecting signs are limited to twenty
(20) square feet per side and the total surface area of all signs in combination is limited to three hundred (300) square feet per zoning lot.
b. Projecting signs require a minimum clearance of ten
(10) feet above the adjacent surface elevation.
Maximum height of a projecting sign shall not exceed the height of the building on which it is affixed or twenty
(20) feet, whichever is less.
c. All projecting signs must have a minimum setback behind the curb line of two
(2) feet.
d. Permit applications submitted for projecting signs must be accompanied by construction plans, certifying the projecting sign can be affixed to the building and meet all appropriate loads, including wind loads, and, additionally, each projecting sign must be constructed to support both the sign and an individual on a ladder or other servicing device.
e. In those cases where the projecting signs overhang public property, public liability insurance in the minimum amount of one hundred thousand dollars ($100,000.00) per accident and for property damage in the amount of fifty thousand dollars ($50,000.00) must be provided, said insurance policy to be included with the permit application.
E. ""LI"" Light Industrial District and ""HI"" Heavy Industrial District.
1. Functional types permitted:
a. Bulletin board signs.
b. Business signs.
c. Construction signs.
d. Identification signs.
e. Nameplate signs.
f. Real estate signs.
2. Structural types permitted:
a. Awning, canopy or marquee signs.
b. Ground signs.
c. Pole signs.
d. Projecting signs.
e. Wall signs.
f. Roof signs.
3. Number of signs permitted: one
(1) per zoning lot.
4. Maximum gross surface area:
Four(4) square feet per lineal foot of street frontage, provided no single sign exceeds a gross surface area of three hundred (300) square feet.
5. Maximum height:
a. All signs: thirty
(30) feet.
6. Required setback:
None.
7. Illumination:
Illuminated signs shall be permitted."
12,"Article XII Landscaping, Screening and Buffering Regulations",Section 410.730 Intent and Purpose.,sub-sec-12.1,https://ecode360.com/27592454,https://zoneomics.com/code/16241/chapter_12#12.1,False,0,"[R.O.
2009
§ 410.730; Ord.
No.
2040
§ 12-1, 9-15-2003] It is the intent and purpose of this
Article to establish minimum landscaping and buffering requirements for new development within the City of Higginsville."
12,"Article XII Landscaping, Screening and Buffering Regulations",Section 410.740 Applicability.,sub-sec-12.2,https://ecode360.com/27592455,https://zoneomics.com/code/16241/chapter_12#12.2,False,0,"[R.O.
2009
§ 410.740; Ord.
No.
2040
§ 12-2, 9-15-2003] Landscaping, screening and buffering, as required in this Article, shall be provided for all new development, except that specifically exempted in
Section 410.750 of this Article."
12,"Article XII Landscaping, Screening and Buffering Regulations",Section 410.750 Exemptions.,sub-sec-12.3,https://ecode360.com/27592456,https://zoneomics.com/code/16241/chapter_12#12.3,False,0,"[R.O.
2009
§ 410.750; Ord.
No.
2040
§ 12-3, 9-15-2003] Improvements or repairs to existing development that do not result in an increase in floor area and changes in use that do not result in an increase in intensity shall be exempt from the regulations of this Article."
12,"Article XII Landscaping, Screening and Buffering Regulations",Section 410.760 Transition Buffer General Provisions.,sub-sec-12.4,https://ecode360.com/27592457,https://zoneomics.com/code/16241/chapter_12#12.4,False,0,"[R.O.
2009
§ 410.760; Ord.
No.
2040
§ 12-4, 9-15-2003]
A. Location Of Buffers.
Transition buffers shall be located along those portions of a site that are along those portions of adjoining lots with a different zoning classification.
B. Responsibility For Installing Buffers.
The developing property shall always be responsible for providing required buffers."
12,"Article XII Landscaping, Screening and Buffering Regulations",Section 410.770 Transition Buffer Specifications.,sub-sec-12.5,https://ecode360.com/27592460,https://zoneomics.com/code/16241/chapter_12#12.5,False,0,"[R.O.
2009
§ 410.770; Ord.
No.
2040
§ 12-5, 9-15-2003]
A. When a transition buffer is required by this Code, such transition buffer shall consist of a planting screen meeting the specifications herein.
A landscaped berm or a fence screen meeting the specifications herein may be used in lieu of such planting screen if a variance for such substitution is granted by the Zoning Board of Adjustment.
1. Planting screens.
Planting screens shall consist of trees, bushes or shrubs of a variety and so planted and kept as to be achieved within thirty-six
(36) months after occupancy of the premises to be screened.
a. Such screen shall have a minimum height of six
(6) feet above grade at any particular point along its length.
b. Any two
(2) foot square segment of a planting screen shall contain no more than thirty percent (30%) open space affording a direct horizontal view through such screen if such segment is over two
(2) feet above grade.
2. Landscaped berm.
Adequate evidence shall be furnished demonstrating that the construction of such berm, along with any necessary culverts and ditching, will not create adverse drainage and flooding conditions on adjacent property.
a. Such berm shall be at least thirty
(30) feet in width at the base and at least four
(4) feet in height, as measured perpendicular to grade level at any point along its length.
Side slopes shall have a gradient no steeper than
3:1.
b. Side slopes of such berm shall be sodded or sealed so as to prevent erosion.
The top of the berm shall contain a planting screen above except that the minimum height of such planting screen need be no more than three
(3) feet above the top of the berm at any particular point along its length.
Construction and material of such berm shall be as approved by the Zoning Board of Adjustment.
3. Fence screen.
A fence screen shall not be less than six
(6) feet, nor more than eight
(8) feet in height above grade level, at any particular point along its length.
Any two
(2) foot square segment of such screen shall contain no more than thirty percent (30%) open space affording a direct horizontal view through such screen.
Construction and material of such fence screen shall be as approved by the Planning Commission."
12,"Article XII Landscaping, Screening and Buffering Regulations",Section 410.780 Transition Buffer Requirements.,sub-sec-12.6,https://ecode360.com/27592469,https://zoneomics.com/code/16241/chapter_12#12.6,False,0,"A.
Landscape buffers shall be provided and maintained when certain land uses are adjacent to one another.
This requirement is intended to help ease the land use transition between areas of varying development intensity and to ensure land use compatibility.
1. Determination transition buffer requirements.
The following procedure shall be followed in determining if a transition buffer is required.
Using the matrix in Subsection (2), Transition Buffer Requirements of this Section:
a. Identify the minimum zoning classification required to accommodate the proposed use.
These classifications are listed under ""proposed zoning"" in the first (1st) column.
b. For transition buffer requirements, identify the actual zoning classification of the abutting site(s).
These classifications are listed under the heading ""adjacent zoning"".
c. Determine if a transition buffer is required by crossing the previously identified proposed zoning with the adjacent zoning.
The letter ""R"" indicates that a transition buffer is required, otherwise, no transition buffer is required.
2. Transition buffer requirements.
The Transition Buffer Requirements are included as 410 Attachment 2 to this chapter."
12,"Article XII Landscaping, Screening and Buffering Regulations",Section 410.790 Dumpster Screening.,sub-sec-12.7,https://ecode360.com/27592476,https://zoneomics.com/code/16241/chapter_12#12.7,False,0,"[R.O.
2009
§ 410.790; Ord.
No.
2040
§ 12-7, 9-15-2003] Dumpsters for solid waste located in residential districts ""HS"", ""GC"", ""DC"", ""HC"" and ""LI"" Districts shall be completely screened from view of roadways and adjacent sites by fences, walls or vegetative screens.
The screen shall be designed to accommodate refuse hauling equipment and provide complete visual screening of the dumpster and be compatible in material and color with the principal structure on the lot."
12,"Article XII Landscaping, Screening and Buffering Regulations",Section 410.800 Community Policing Through Environmental Design (Cpted).,sub-sec-12.8,https://ecode360.com/27592477,https://zoneomics.com/code/16241/chapter_12#12.8,False,0,"[R.O.
2009
§ 410.800; Ord.
No.
2040
§ 12-8, 9-15-2003] Landscaping and berming improvements shall be designed according to CPTED principles in order to reduce or eliminate isolated public pedestrian and parking areas that cannot be seen from activities areas of the site."
13,"Article XIII Administration, Penalty and Enforcement",Section 410.810 Scope of Provisions.,sub-sec-13.1,https://ecode360.com/27592479,https://zoneomics.com/code/16241/chapter_13#13.1,False,0,"[R.O.
2009
§ 410.810; Ord.
No.
2040
§ §13-1—13-2, 9-15-2003]
A. This
Article contains the regulations pertaining to administration and enforcement of the provisions of this Chapter, issuance of permits and certifications, inspection of property and issuance of stop work and stop use orders and enforcement of violations of the provisions of this Chapter.
B. This
Chapter shall be administered and enforced by the Zoning Administrator who shall be appointed by the Board of Aldermen and who shall have the following duties with respect to this Chapter:
1. Shall enforce the provisions of this Chapter.
In addition, the Zoning Administrator shall enforce all regulations and conditions governing development of any and all projects as permitted by this
Chapter or following approval by the Planning Commission, Board of Aldermen or Board of Adjustment.
2. May designate one
(1) or more additional members of other City departments who have a particular skill or competence to act for the Zoning Administrator and the term ""Zoning Administrator"" as used elsewhere in this
Chapter shall be deemed to include such deputies.
3. May conduct inspections of buildings, structures and uses of land to determine compliance with the provision of the zoning regulations.
4. Shall approve and issue building permits and may issue occupancy or other permits and certificates and maintain records thereof.
5. May cause the cessation of any erection, construction, reconstruction, alteration, conversion, maintenance or use in violation of this
Chapter by issuing a stop work or stop use order.
6. May refer any violation of the zoning ordinance to the City Attorney for prosecution or other appropriate action when deemed necessary.
7. Shall receive, file and forward to the Board of Adjustment the records in all appeals and all requests for variances.
8. Shall maintain current records of the zoning regulations including zoning ordinance, Zoning District Map, amendments, conditional uses, variances, appeals and applications.
9. May provide technical, clerical and consultative assistance as requested by the Planning Commission, Board of Aldermen, Board of Adjustment and other boards, commissions and officials in exercising their duties related to the zoning ordinance."
13,"Article XIII Administration, Penalty and Enforcement","Section 410.820 Permits, Orders and Certifications.",sub-sec-13.2,https://ecode360.com/27592491,https://zoneomics.com/code/16241/chapter_13#13.2,False,0,"[R.O.
2009
§ 410.820; Ord.
No.
2040
§ 13-3, 9-15-2003]
A. Building Permits.
It shall be unlawful to commence or to proceed with the erection, construction, reconstruction, conversion, alteration, enlargement, extension, razing or moving of any building or structure or any portion thereof without first having obtained a building permit.
Primary responsibility for securing the necessary permits shall be the property owner's.
If the property owner should contract part or all of the proposed work, it shall be the responsibility of both the owner and the contractor to ensure that all required permits and approvals have been secured prior to any work being initiated.
There may be a separate permit for each building or structure to be constructed, altered or erected except for accessory buildings which may be included in the permit for the principal building when construction is simultaneous.
Any building permit under which no construction work has been commenced within six
(6) months after the date of issuance of said permit or under which proposed construction has not been completed within two
(2) years of the time of issuance shall expire by limitation.
B. Voiding Of Building Permit.
A permit may be revoked by the Zoning Administrator at any time prior to the completion of the building or structure for which the same was issued, when there is departure from the plans, specifications or conditions as required under terms of the permit, that the same was procured by false representation or that any provisions of this
Chapter are being violated.
Written notice of such revocation shall be served upon the owner, agent or contractor or upon any person employed on the building or structure for which such permit was issued, via a stop work order, which shall be posted in a prominent location, and thereafter no such construction shall proceed.
C. Compliance With Permits And Certificates.
Permits or certificates issued on the basis of approved plans and applications authorize only the use, arrangement and construction set forth in approved plans and applications and any other use, arrangement or construction at variance with that authorized shall be deemed a violation of this
Chapter and punishable as provided herein."
13,"Article XIII Administration, Penalty and Enforcement",Section 410.830 Procedures For Obtaining Building Permits and Inspections.,sub-sec-13.3,https://ecode360.com/27592495,https://zoneomics.com/code/16241/chapter_13#13.3,False,0,"[R.O.
2009
§ 410.830; Ord.
No.
2040
§ 13-4, 9-15-2003]
A. Building Permits And Plats.
Each application for a building permit may be required to be accompanied by a plat, in duplicate, in a form and size suitable for permanent filing and drawn to scale, showing the actual dimensions of the lot to be built upon, per the recorded plat of the land.
The plat shall also show the size, shape and locations of all present and proposed buildings and such other information as may be necessary to provide for the enforcement of this Chapter.
A record of the applications and plats shall be kept in the office of the Zoning Administrator.
B. Processing Building Permits.
A building permit shall be either issued or refused by the Zoning Administrator within ten
(10) days after receipt of an application or within such further period of time agreed to by the applicant.
When the Zoning Administrator refuses to issue a building permit, the applicant shall receive written reasons for the refusal.
The applicant may make technical corrections to the permit application and resubmit the application.
A refusal by the Zoning Administrator to issue a building permit may be appealed to the Board of Adjustment.
C. Fence Permits And Plats.
Any owner of property wanting to construct a fence in any required rear or side yard as provided above shall first file an application with the Zoning Administrator.
A plan or plat of the entire property shall accompany the application and such plan must be approved by the Zoning Administrator.
D. Inspection Of Land And Buildings.
The Zoning Administrator, City Engineer or other authorized personnel of the City in the performance of their functions may inspect, examine and survey any building or land use and place notices concerning the provisions of this Chapter."
13,"Article XIII Administration, Penalty and Enforcement","Section 410.840 Fees, Charges and Expenses.",sub-sec-13.4,https://ecode360.com/27592500,https://zoneomics.com/code/16241/chapter_13#13.4,False,0,"[R.O.
2009
§ 410.840; Ord.
No.
2040
§ 13-5, 9-15-2003] The Board of Aldermen may establish a schedule of fees, charges and expenses and a collection procedure for building permits, certificates, appeals and other matters pertaining to this Chapter.
If established, the schedule of fees shall be on file with the City Clerk and may be altered or amended as provided by law.
If established, no permit, certificate, conditional use, approval or variance shall be issued unless or until such costs, charges, fees or expenses listed in this
Chapter have been paid in full, nor shall any action be taken on proceedings unless or until fees have been paid in full.
The schedule of fees is attached to this
Chapter as Appendix A."
13,"Article XIII Administration, Penalty and Enforcement",Section 410.850 Violations and Penalties.,sub-sec-13.5,https://ecode360.com/27592501,https://zoneomics.com/code/16241/chapter_13#13.5,False,0,"[R.O.
2009
§ 410.850; Ord.
No.
2040
§ 13-6, 9-15-2003; Ord.
No.
2395
§ 1, 9-7-2010]
A. In case any building or structure is erected, constructed, reconstructed, altered, converted or maintained, or any building, structure or land is used in violation of this
Chapter or other regulation made under authority conferred hereby, the proper local authorities of the municipality, in addition to other remedies, may institute any appropriate action or proceedings to prevent such unlawful erection, construction, reconstruction, alteration, conversion, maintenance or use, to restrain, correct, or abate such violation, to prevent the occupancy of said building, structure or land, or to prevent any illegal act, conduct, business or use in or about such premises.
Such regulations shall be enforced by the Zoning Administrator or any authorized deputy who is empowered to cause any building, structure, place, or premises to be inspected and examined and to order in writing the remedying of any condition found to exist therein or thereat in violation of any provision of the regulations made under authority of this Chapter.
B. The owner or general agent of a building or premises where a violation of any provision of said regulations has been committed or shall exist, or the lessee or tenant of an entire building or entire premises where such violation has been committed or shall exist, or the owner, general agent, lessee or tenant of any part of the building or premises in which such violation has been committed or shall exist, or the general agent, architect, builder, contractor or any other person who commits, takes part or assists in any such violation or who maintains any building or premises in which any such violation shall exist shall be guilty of an ordinance violation punishable by a fine of not less than ten dollars ($10.00) and not more than one hundred dollars ($100.00) for each and every day that such violation continues.
If the offense be willful, the punishment shall be a fine of not less than one hundred dollars ($100.00) nor more than two hundred fifty dollars ($250.00) for each and every day that such violation continues or by imprisonment for ten
(10) days for each and every day such violation shall continue, or by both such fine and imprisonment in the discretion of the court.
C. Any such person who having been served with an order to remove any such violation shall fail to comply with said order within ten
(10) days after such service or shall continue to violate any provision of the regulations made under authority of this
Chapter in the respect named in such order shall also be subject to a civil penalty of two hundred fifty dollars ($250.00).
In addition to the penalties herein above authorized and established, the City Attorney shall take such other actions at law or in equity as may be required to halt, terminate, remove or otherwise eliminate any violations of this Chapter."
14,Article XIV Amendments,Section 410.855 General.,sub-sec-14.1,https://ecode360.com/27592506,https://zoneomics.com/code/16241/chapter_14#14.1,False,0,"[R.O.
2009
§ 410.855; Ord.
No.
2040
§ 14-1, 9-15-2003]
A. The Board of Aldermen may, by ordinance, amend these regulations and the district boundaries.
No such amendment shall be adopted by the Board of Aldermen until a public hearing has been held and the Planning Commission has submitted its recommendations.
1. Proposal of amendments.
Amendments may be initiated by the Board of Aldermen, the Planning Commission or upon application by the owners of the property affected.
2. Applications.
When the owner of the property affected initiates an amendment to the regulations or the district boundaries, an application for such amendment shall be filed with the Zoning Administrator so that a public hearing date can be established.
For the purpose of wholly or partially defraying the costs of the amendment proceedings, a fee (as indicated in Appendix A to this Chapter) shall be paid upon the filing of each application for a change of district boundaries or classification."
14,Article XIV Amendments,Section 410.860 Planning Commission.,sub-sec-14.2,https://ecode360.com/27592510,https://zoneomics.com/code/16241/chapter_14#14.2,False,0,"[R.O.
2009
§ 410.860; Ord.
No.
2040
§ 14-2, 9-15-2003]
A. Public Hearing.
The Planning Commission shall hold a public hearing on each proposed amendment that is referred to, filed with or initiated by it.
The Planning Commission shall select a reasonable hour and place for such public hearing, and it shall hold such hearing within sixty
(60) days from the date on which the proposed amendment is referred to, filed with or initiated by it.
An applicant for an amendment may waive the requirement that such hearing be held within sixty
(60) days.
B. Notice Of Hearing.
Public notice of a hearing on a proposed amendment shall be published in a newspaper having general circulation in the City, and at least fifteen
(15) days shall elapse between the date of publication and the date set for such hearing.
Such notice shall state the date, time and place of the hearing and shall contain a statement regarding the proposed change in regulations or restrictions, or the zoning classification of any property, or the boundaries of any zoning district.
Such notice shall contain the legal description and street address or general street location of such property, or the boundaries of any zoning district, its present zoning classification and the proposed classification.
When a proposed amendment will affect the zoning classification of a specific property, the City shall mail a written notice of the public hearing thereon, containing the same information as the published notice thereof, to the owner or owners of the property affected and to the owners of all property within one hundred eighty-five (185) feet of the boundaries thereof at least fifteen
(15) days prior to the date of such hearing.
The Planning Commission may give such additional notice to other persons as it may provide by its rules.
C. Conduct Of Hearing.
The hearing shall be conducted and a record of the proceedings shall be preserved in such manner and according to such procedures as the Planning Commission may prescribe by rule.
Any interested person or party may appear and be heard at the hearing in person, by agent or by attorney.
The Planning Commission may request a report on any proposed amendment from any governmental official or agency, or any other person, firm or corporation.
If such a report is made, a copy thereof shall be made available to the applicant and any other interested persons and shall be available for review in the offices of the Planning Commission at least three
(3) days before the date set for the public hearing.
D. Recommendations.
Upon the conclusion of the public hearing, the Planning Commission shall prepare and adopt its recommendations in the form of a proposed zoning ordinance and shall submit the same, together with a record of the hearing thereon, to the Board of Aldermen.
Recommendations may be for approval, disapproval or approval in part, and reasons for the recommendation shall be included."
14,Article XIV Amendments,Section 410.870 Matters To Be Considered For Zoning District Amendments.,sub-sec-14.3,https://ecode360.com/27592515,https://zoneomics.com/code/16241/chapter_14#14.3,False,0,"[R.O.
2009
§ 410.870; Ord.
No.
2040
§ 14-3, 9-15-2003]
A. In order to recommend approval or disapproval of a proposed zoning district amendment, the Planning Commission shall consider the following matters:
1. Character of the neighborhood.
2. Consistency with the Comprehensive Plan and ordinances of the City of Higginsville.
3. Adequacy of public utilities and other needed public services.
4. Suitability of the uses to which the property has been restricted under its existing zoning.
5. Compatibility of the proposed district classification with nearby properties.
6. The extent to which the zoning amendment may detrimentally affect nearby property.
7. Whether the proposed amendment provides a disproportionately great loss to the individual land owners nearby relative to the public gain."
14,Article XIV Amendments,Section 410.880 Amendments To Text.,sub-sec-14.4,https://ecode360.com/27592524,https://zoneomics.com/code/16241/chapter_14#14.4,False,0,"[R.O.
2009
§ 410.880; Ord.
No.
2040
§ 14-4, 9-15-2003]
A. When a proposed amendment would result in a change in the text of these regulations, but would not result in a change of zoning classification of any specific property, the recommendation of the Planning Commission shall contain a statement as to the nature and effect of such proposed amendment and determination as to the following items:
1. Whether such change is consistent with the intent and purpose of these regulations;
2. The areas which are most likely to be directly affected by such change and in what way they will be affected; and
3. Whether the proposed amendment is made necessary because of changed or changing conditions in the areas and zoning districts affected or in the area of jurisdiction of such changed or changing conditions."
14,Article XIV Amendments,Section 410.890 Protest.,sub-sec-14.5,https://ecode360.com/27592529,https://zoneomics.com/code/16241/chapter_14#14.5,False,0,"[R.O.
2009
§ 410.890; Ord.
No.
2040
§ 14-5, 9-15-2003] If a written protest against a proposed amendment shall be filed in the office of the Zoning Administrator within fourteen
(14) days after the date of the conclusion of the Planning Commission hearing on a proposed amendment, which protest is duly signed and acknowledged by the owners of thirty percent (30%) or more, either of the areas of the land (exclusive of streets and alleys) included in such proposed change or within an area determined by lines drawn parallel to and one hundred eighty-five (185) feet distant from the boundaries of the district proposed to be changed, such amendment shall not become effective except by the favorable vote of two-thirds (2/3) of all the members of the Board of Aldermen.
The Zoning Administrator shall review the petition of protest to determine whether or not the petition of protest meets all of the above requirements.
If a petition of protest meets all of the above requirements, the Zoning Administrator shall submit the valid petition of protest to the Board of Aldermen."
14,Article XIV Amendments,Section 410.900 Board of Aldermen.,sub-sec-14.6,https://ecode360.com/27592530,https://zoneomics.com/code/16241/chapter_14#14.6,False,0,"[R.O.
2009
§ 410.900; Ord.
No.
2040
§ 14-6, 9-15-2003; Ord.
No.
2095
§ 1, 12-6-2004]
A. Zoning District Amendment (Rezoning).
After review of the zoning district amendment and the Planning Commission's recommendation(s), the Board of Aldermen shall make a motion to either approve, approve with conditions or deny the rezoning.
B. Amendments To Text.
The Board of Aldermen shall consider the Planning Commission's recommendation and may either approve the recommendation; override the Planning Commission's recommendation by a two-thirds (2/3) majority vote of all Board members; or return the proposed amendment to the Planning Commission for reconsideration, as prescribed in the adopted zoning or subdivision regulations.
If received for reconsideration, the Planning Commission shall consider the Board of Aldermen's reasons for failure to approve or disapprove and may resubmit its original recommendation or a revised recommendation.
Upon receipt of the recommendation, the Board of Aldermen may approve or disapprove the proposed zoning or subdivision text amendment."
15,Article XV Appeals To The Zoning Board of Adjustment,Section 410.910 Establishment.,sub-sec-15.1,https://ecode360.com/27592534,https://zoneomics.com/code/16241/chapter_15#15.1,False,0,"[R.O.
2009
§ 410.910; Ord.
No.
2040
§ 15-1, 9-15-2003] A Zoning Board of Adjustment is hereby established.
The phrase ""Board of Adjustment"" and word ""Board"", when used in this Article, shall be construed to mean the Zoning Board of Adjustment."
15,Article XV Appeals To The Zoning Board of Adjustment,Section 410.920 Composition.,sub-sec-15.2,https://ecode360.com/27592535,https://zoneomics.com/code/16241/chapter_15#15.2,False,0,"[R.O.
2009
§ 410.920; Ord.
No.
2040
§ 15-2, 9-15-2003; Ord.
No.
2395
§ 1, 9-7-2010]
A. The Board of Adjustment shall consist of five
(5) members, all of whom shall be residents appointed by the Mayor and approved by the Board of Aldermen.
B. The term of office of the members of the Board of Adjustment shall be for five
(5) years except that the membership of the first (1st) Board appointed shall serve respectively for terms of one
(1) for one
(1) year, one
(1) for two
(2) years, one
(1) for three
(3) years, one
(1) for four
(4) years and one
(1) for five
(5) years.
Three
(3) alternate members may be appointed to serve in the absence of or the disqualification of the regular members.
Thereafter, members shall be appointed for terms of five
(5) years each.
Vacancies shall be filled for the unexpired term only.
Members shall be removed for cause by the Mayor and the Board of Aldermen upon written charges and after public hearing.
C. The Board of Adjustment shall elect its own Chairman and Vice Chairman according to the adopted bylaws of the Board.
D. The Board shall adopt from time to time such rules and regulations as it may deem necessary to carry into effect the provisions of this Chapter.
E. Meetings of the Board shall be held at the call of the Chairman and at such other times as the Board may determine.
Such Chairman, or in his/her absence the Acting Chairman, may administer oaths and compel the attendance of witnesses.
All meetings of the Board shall be open to the public.
The Board shall keep minutes of its proceedings, showing the vote of each member upon each question or if absent or failing to vote, indicating such fact and shall keep records of its examinations and other official actions, all of which shall be immediately filed in the office of the Board and shall be a public record.
All testimony, objections thereto and rulings thereon shall be taken down by a reporter employed by the Board for the purpose."
15,Article XV Appeals To The Zoning Board of Adjustment,Section 410.930 Appeals.,sub-sec-15.3,https://ecode360.com/27592541,https://zoneomics.com/code/16241/chapter_15#15.3,False,0,"[R.O.
2009
§ 410.930; Ord.
No.
2040
§ 15-3, 9-15-2003; Ord.
No.
2395
§ 1, 9-7-2010]
A. Appeals to the Board of Adjustment on any matter over which the Board is herein specifically granted jurisdiction may be taken by any person aggrieved, by any neighborhood organization as defined in
Section 32.105, RSMo., representing such person, or by an officer, department or board, other than the Board of Adjustment, or bureau of the City affected by any decision of the Zoning Administrator.
Such appeal shall be taken within a reasonable time, as shall be prescribed by the Board of Adjustment by general rule, by filing with the Zoning Administrator and with the Board a notice of appeal specifying the grounds thereof.
The Zoning Administrator shall immediately transmit to the Board all the papers constituting the record upon which the action appealed from is taken.
B. An appeal stays all proceedings in furtherance of the action appealed from, unless the Zoning Administrator certifies to the Board after the notice of appeal shall have been filed with him/her that by reason of facts stated in the certificate, a stay would, in his/her opinion, cause imminent peril to life or property.
In such case, proceedings shall not be stayed otherwise than by a restraining order which may be granted by the Board or by a court of record on application or notice to the Zoning Administrator on good cause shown.
C. The Board shall fix a reasonable time for the hearing of the appeal, give not less than fifteen
(15) days notice thereof in a newspaper of general circulation, as well as due notice to the owners of all property located within one hundred eighty-five (185) feet of the boundaries of the property included in the application and decide the same within a reasonable time.
Upon the hearing, any party may appear in person or by agent or by attorney.
D. A fee (as indicated in Appendix A to this Chapter) shall be paid to the Zoning Administrator at the time the notice of appeal is filed, which the Zoning Administrator shall immediately pay over to the City Treasurer."
15,Article XV Appeals To The Zoning Board of Adjustment,Section 410.940 Powers of The Board.,sub-sec-15.4,https://ecode360.com/27592546,https://zoneomics.com/code/16241/chapter_15#15.4,False,0,"[R.O.
2009
§ 410.940; Ord.
No.
2040
§ 15-4, 9-15-2003; Ord.
No.
2395
§ 1, 9-7-2010]
A. The Board of Adjustment shall have the following powers:
1. Powers relative to errors.
To hear and decide appeals where it is alleged there is an error in any order, requirement, decision or determination made by an administrative official in the enforcement of this Chapter.
2. Powers relating to variances.
To authorize in specific cases a variance from the specific terms of these regulations which will not be contrary to the public interest and where, owing to special conditions, a literal enforcement of the provisions of these regulations will, in an individual case, result in unnecessary hardship, provided the spirit of these regulations shall be observed, public safety and welfare secured and substantial justice done.
Such variance shall not permit any use not permitted by the zoning regulations in such district.
a. The applicant must show that his/her property was acquired in good faith and where by reason of exceptional narrowness, shallowness or shape of this specific piece of property at the time of the effective date of the district zoning regulations, or where by reason of exceptional topographical conditions or other extraordinary or exceptional circumstances that the strict application of the terms of the zoning regulations actually prohibit the use of this property in the manner similar to that of other property in the zoning district where it is located.
b. A request for a variance may be granted upon a finding of the Board that all of the following conditions have been met.
The Board shall make a determination on each condition, and the finding shall be entered in the record.
(1) The variance requested arises from such condition which is unique to the property in question and which is not ordinarily found in the same zone or district and is not created by an action or actions of the property owner or applicant.
(2) The granting of the permit for the variance will not adversely affect the rights of adjacent property owners represented in the application.
(3) The strict application of the provisions of the zoning regulations of which the variance is requested will constitute unnecessary hardship upon the property owner represented in the application.
(4) The variance desired will not adversely affect the public health, safety, morals, order, convenience prosperity or general welfare.
(5) The granting of the variance desired will not be opposed to the general spirit and intent of the zoning regulations.
c. In granting a variance, the Board may impose such conditions, safeguards and restrictions upon the premises benefited by the variance as may be necessary to reduce or minimize any potentially injurious effect of such variance upon other property in the neighborhood and to carry out the general purpose and intent of these regulations.
3. Powers relative to exceptions.
Upon appeal, the Board is hereby empowered to permit the following exceptions:
a. To permit the extension of a district where the boundary line of a district divides a lot in single ownership as shown of record.
b. To interpret the provisions of this
Chapter where the street layout actually on the ground varies from the street layout as shown on the map fixing the several districts, which is on file in the City offices and made a part of this Chapter.
c. To vary the parking regulations of this
Chapter whenever the character or use of the building is such as to make unnecessary the full provision of parking facilities or where such regulations would impose an unreasonable hardship upon the use of the lot, as contrasted with merely granting an advantage or a convenience.
4. Conditions of determination.
In exercising the above-mentioned powers, such Board may, in conformity with the provisions of this Chapter, reverse or affirm, wholly or partly, or may modify the order, requirement, decision or determination appealed from and may make such order, requirement, decision or determination appealed from and may make such order, requirement, decision or determination as ought to be made, and to that end shall have all the powers of the officer from whom the appeal is taken.
In considering all appeals to this Chapter, the Board shall, before making any finding in a specific case, first determine that the proposed change will not constitute a change in the District Map and will not impair an adequate supply of light and air to adjacent property, or increase the congestion in public streets, or increase the danger of or materially diminish or impair established property values within the surrounding area, or in any other respect impair the public health, safety, comfort, morals and welfare of the City of Higginsville.
Every change granted or denied by the Board shall be accompanied by a written finding of fact specifying the reason for granting or denying the variation.
5. The concurring vote of four
(4) members of the Board shall be necessary to reverse any order, requirement, decision or determination of the Zoning Administrator, or to decide in favor of the application on any matter upon which it is required to pass under this Chapter, or to effect any variation in this Chapter."
15,Article XV Appeals To The Zoning Board of Adjustment,Section 410.950 Revocation.,sub-sec-15.5,https://ecode360.com/27592564,https://zoneomics.com/code/16241/chapter_15#15.5,False,0,"[R.O.
2009
§ 410.950; Ord.
No.
2040
§ 15-5, 9-15-2003] Any variance granted by the Board of Adjustment not exercised within twelve
(12) months from the date of approval may be revoked by the Board of Adjustment."
15,Article XV Appeals To The Zoning Board of Adjustment,Section 410.960 Appeal of Decision of Board.,sub-sec-15.6,https://ecode360.com/27592565,https://zoneomics.com/code/16241/chapter_15#15.6,False,0,"[R.O.
2009
§ 410.960; Ord.
No.
2040
§ 15-6, 9-15-2003; Ord.
No.
2395
§ 1, 9-7-2010] Any person jointly or severally aggrieved, any neighborhood organization as defined in
Section 32.105, RSMo., representing such person or persons, by any decision of the Board of Adjustment or of any officer, department, board or bureau of the City may present to the Circuit Court having jurisdiction in the County a petition, duly verified, stating that such decision is illegal in whole or in part, specifying the grounds of the illegality.
Such petition shall be presented to the court within thirty
(30) days after the filing of the decision in the office of the Board."
16,Article XVI Conflicts and Interpretation,Section 410.970 Effect of Conflicting Provisions.,sub-sec-16.1,https://ecode360.com/27592567,https://zoneomics.com/code/16241/chapter_16#16.1,False,0,"[R.O.
2009
§ 410.970; Ord.
No.
2040
§ 16-1, 9-15-2003] Whenever the provisions of this
Chapter are in conflict with or on the same subject as any existing or future ordinance, the provisions of this
Chapter or of any previous or future ordinance which are the most restrictive, or which require the larger amount of space, will be binding and will prevail; provided, that the Board of Adjustment shall have the same power to vary or modify the application of any of the regulations or provisions of this
Chapter or any other ordinance relating to the use, construction or alterations of buildings or structures of the use of land as such Board is given in this Chapter."
16,Article XVI Conflicts and Interpretation,Section 410.980 Restraining and Correcting of Violations.,sub-sec-16.2,https://ecode360.com/27592568,https://zoneomics.com/code/16241/chapter_16#16.2,False,0,"[R.O.
2009
§ 410.980; Ord.
No.
2040
§ 16-2, 9-15-2003] Anyone who either as owner, contractor, agent, employee or otherwise erects, constructs, reconstructs, alters, converts or maintains any building or structure or uses land in violation of this
Chapter or other regulation made under authority of this
Chapter may be restrained by appropriate action or proceedings from such unlawful erection, construction, reconstruction, alteration, conversion, maintenance or use or may be made to correct or abate such violation, and the Zoning Administrator is hereby empowered to cause any building, structure, place or premises to be inspected or examined and to order in writing the remedying of any condition found to exist herein or threat in violation of any provisions of this
Chapter or the regulations made under authority of this Chapter."
16,Article XVI Conflicts and Interpretation,Section 410.990 Interpretation and Purpose of Chapter.,sub-sec-16.3,https://ecode360.com/27592569,https://zoneomics.com/code/16241/chapter_16#16.3,False,0,"[R.O.
2009
§ 410.990; Ord.
No.
2040
§ 16-3, 9-15-2003] In interpreting and applying the provisions of this Chapter, they shall be held to be the minimum requirements for the promotion of the public safety, health, convenience, comfort, morals, prosperity and general welfare.
It is not intended by this
Chapter to interfere with or abrogate or annul any ordinance, rules, regulations or permits previously adopted or issued and not in conflict with any of the provisions of this Chapter, or which shall be adopted or issued pursuant to law relating to the use of buildings or premises and likewise not in conflict with this Chapter, nor is it intended by this
Chapter to interfere with or abrogate or annul any easements, covenants or other agreements between parties, except that if this
Chapter imposes a greater restriction, this
Chapter shall control."
17,Article XVII Historic Preservation,Section 410.1000 General Provisions.,sub-sec-17.1,https://ecode360.com/44277977,https://zoneomics.com/code/16241/chapter_17#17.1,True,1,"A. Purpose.
The purpose of this
Article is to promote the educational, cultural, economic, and general welfare of the community by:
1. Providing a mechanism to identify and preserve the distinctive historic, archaeological and architectural characteristics of Higginsville, which represent elements of the City's cultural, social, economic, political, and architectural history;
2. Fostering civic pride in the beauty and noble accomplishments of the past, as represented in Higginsville landmarks and historic districts;
3. Conserving and improving the value of property designated as landmarks or within historic districts;
4. Providing for economic benefits to encourage business and residential owners to locate and invest in historically significant properties;
5. Protecting and enhancing the attractiveness of the City to home buyers, tourists, visitors, and shoppers, and thereby supporting and promoting business, commerce and industry, and providing economic benefit to the City;
6. Fostering and encouraging preservation, restoration, and rehabilitation of the historic structures, areas and neighborhoods, and thereby preventing future urban blight;
7. Promoting the use of historic districts and landmarks for the education, pleasure, and welfare of the people of the City;
8. Promoting the identification, evaluation, protection and interpretation of the prehistoric and historic archaeological resources within the incorporated limits of the City.
B. Definitions.
As used in this Article, the following terms shall have the meanings set forth, in addition to the definitions found in
Section 410.040: ALTERATION Any act or process that changes one
(1) or more historic, architectural or physical features of an area, site, landscape, place and/or structure, including, but not limited to, the erection, construction, reconstruction, or removal of any structure; the expansion or significant modification of agricultural activities; and clearing, grading or other modification of an area, site, or landscape that changes its current condition.
AREA A specific geographic division of the City of Higginsville.
BOARD OF ADJUSTMENT The board established, pursuant to the Code of Ordinances, to hear variances.
CERTIFICATE OF APPROPRIATENESS A certificate issued by the Historic Preservation Commission (HPC), indicating its approval of plans for alteration, construction, removal or demolition of a landmark or of a structure within an historic district.
CERTIFICATE OF ECONOMIC HARDSHIP A certificate issued by the HPC, authorizing an alteration, construction, removal or demolition, even though a certificate of appropriateness has previously been denied.
CONSTRUCTION The act of adding an addition to an existing structure, or the erection of a new principal or accessory structure, on a lot or property.
CULTURAL RESOURCES Districts, buildings, sites, structures, objects and evidence of some importance to a culture, a subculture, or a community, for scientific, engineering, art tradition, religious or other reasons, significant in providing resource and environmental data necessary for the study and interpretation of past lifeways, and for interpreting human behavior.
DEMOLITION Any act or process which destroys in part, or in whole, a landmark or a structure within an historic district, or which threatens to destroy a landmark or a structure within an historic district, or which destroys or threatens to destroy a potentially significant property or structure, by failure to maintain it in a condition of good repair and maintenance.
DESIGN GUIDELINE A standard of appropriate activity that will preserve the historic, prehistoric, architectural, scenic or aesthetic character of a landmark or historic district.
EXTERIOR ARCHITECTURAL APPEARANCE The architectural character and general composition of the exterior of a structure, including, but not limited to, the kind, color and texture of the building material and the type, design and character of all windows, doors, light fixtures, signs, and appurtenant elements."
17,Article XVII Historic Preservation,Section 410.1000 General Provisions.,sub-sec-17.1,https://ecode360.com/44277977,https://zoneomics.com/code/16241/chapter_17#17.1,True,2,"HISTORIC DISTRICT An area designated as an ""historic district"" by ordinance of the Board of Aldermen, which may include individual landmarks, as well as other properties or structures which, while not of such historic and or architectural significance to be designated as landmarks, nevertheless contribute to the overall visual characteristics and historical significance of the historic district.
HISTORIC SIGNIFICANCE Character, interest or value, as part of the development, heritage, or culture of the community, County, State or country; as the location of an important local, County, State or national event; or through identification with a person or persons, who made an important contribution to the development of the community, County, State or country.
HPC Members of the Historic Preservation Commission.
LANDMARK A property or structure designated as a ""landmark"" by ordinance of the Board of Aldermen, pursuant to procedures prescribed herein, which is worthy of rehabilitation, restoration, interpretation and preservation, because of its historic, architectural or archaeological significance to the City of Higginsville.
MINIMUM MAINTENANCE The minimum regulations governing the conditions and maintenance of all existing structures, as set out in
Chapter 510 of this Code.
ORDINARY MAINTENANCE Any work for which a building permit is not required by municipal ordinance, where the purpose and effect of such work is to correct any deterioration or decay of, or damage to, a structure or any part thereof and to restore the same, as nearly as may be practical, to its condition prior to the occurrence of such deterioration, decay or damage, and does not involve change of materials, nor of form.
OWNER OF RECORD The person, corporation or other legal entity listed as owner on the records of the County Recorder of Deeds.
PUBLIC IMPROVEMENT PROJECT An action by the City of Higginsville, or any of its departments or agencies, involving major modification or replacement of streets, sidewalks, curbs, street lights, street or sidewalk furniture, landscaping, parking, or other portions of the public infrastructure, servicing commercial, residential, recreational or industrial development; or any undertakings affecting City parks or City-owned structures.
REMOVAL Any relocation of a structure, object or artifact on its site or to another site.
REPAIR Any change that is not construction, alteration, demolition, or removal, and is necessary or useful for continuing normal maintenance and upkeep.
SECRETARY OF THE INTERIOR'S STANDARDS The Secretary of the Interior's Standards for the Treatment of Historic Properties are sets of treatment standards intended to assist users in making sound historic preservation decisions for the preservation, rehabilitation, restoration or reconstruction of historic properties.
The Standards are codified as 36 CFR
Part 68 in the July 12, 1995, Federal Register (Vol.
60, No.
133).
SITE The traditional, documented or legendary location of an event, occurrence, action or structure, significant in the life or lives of a person, persons, groups, or tribe, or any place, with evidence of past human activity.
Sites include, but are not limited to, cemeteries, burial grounds, occupation and work areas, evidence of farming or hunting and gathering, battlefields, settlements, estates, gardens, groves, river crossings, routes and trails, caves, quarries, mines or significant trees or other plant life.
STOP WORK ORDER An order directing an owner, occupant, contractor or subcontractor to halt an action for which a certificate of appropriateness is required, and notifying the owner, occupant, contractor or subcontractor of the application process for a certificate of appropriateness.
STRUCTURE Anything constructed or erected, the use of which requires permanent or temporary location, on or in the ground, including, but without limiting, the generality of the foregoing, buildings, fences, gazebos, advertising signs, billboards, backstops for tennis courts, radio and television antennas and towers, and swimming pools.SURVEY The systematic gathering of information on the architectural, historic, scenic, and archaeological significance of buildings, sites, structures, areas, or landscapes, through visual assessment in the field and historical research, for the purpose of identifying landmarks or districts worthy of preservation."
17,Article XVII Historic Preservation,Section 410.1010 Historic Preservation Commission.,sub-sec-17.2,https://ecode360.com/44278013,https://zoneomics.com/code/16241/chapter_17#17.2,True,1,"A. Composition Of Historic Preservation Commission.
The Historic Preservation Commission (HPC) shall consist of seven
(7) members, residents of the City of Higginsville, all of whom shall be appointed by the Mayor.
In addition, a member of the Board of Aldermen and of the Planning and Zoning Commission shall be appointed to serve as liaison.
The Council and Zoning representatives shall vote but shall not hold office.
All Commission members must have a demonstrated interest, competence or knowledge in historic preservation.
To the extent available in the community, the HPC shall include professional members, representing such disciplines as architecture, architectural history, prehistoric and historic archaeology, planning, urban design, cultural geography, cultural anthropology, folklore, curation, conservation, landscape architecture, law, real estate brokerage, banking, history or other fields related to historic preservation, and residents of historic districts or potential historic districts.
B. Terms.
The terms of office of the members of the HPC shall be for three
(3) years, excepting that the membership of the first HPC appointed shall serve respectively for terms of two for one
(1) year; two for two
(2) years; and three for three
(3) years.
Vacancies shall be filled for the unexpired term only.
Action to fill vacancies shall be initiated within 60 days.
The HPC shall hold at least four
(4) meetings per year, and any member of the HPC who fails to attend at least fifty percent (50%) of all meetings, regular and special, in any calendar year, shall, thereby, automatically vacate the membership.
C. Officers.
Officers shall consist of a Chairman and a Vice-Chairman, elected by the HPC, who shall each serve a term of one
(1) year, and shall be eligible for re-election; but no member shall serve as Chairman for more than two
(2) consecutive years.
The Council and Planning and Zoning Commission representatives shall not be eligible for office.
The Chairman shall preside over meetings.
In the absence of the Chairman, the Vice-Chairman shall perform the duties of the Chairman.
If both are absent, a temporary Chairman shall be elected by those present.
The Secretary of the HPC shall be appointed by the Planning Department and shall have the following duties:
1. Take minutes of each HPC meeting;
2. Be responsible for publication and distribution of copies of the minutes, reports, and decisions to the members of the HPC;
3. Give notice, as provided herein, by law, for all public hearings conducted by the HPC;
4. Advise the Mayor of vacancies on the HPC and expiring terms of members; and
5. Prepare to submit to the Council a complete record of the proceedings before the HPC on any matter requiring Council consideration.
D. Meetings.
A quorum shall consist of four of the members.
All decisions or actions of the HPC shall be made by a majority vote of those members present and voting at any meeting where a quorum exists.
Meetings shall be held at regularly-scheduled times, to be established by resolution of the HPC at the beginning of each calendar year, or at any time upon the call of the Chairman, but no less than once each quarter.
Public notice of all meetings shall be posted in conformance with standard City policy and
Section 610.020, RSMo.
No member of the HPC shall vote on any matter that may materially or apparently affect the property, income, or business interest of that member.
No action shall be taken by the HPC that could in any manner deprive or restrict the owner of property in its use, modification, maintenance, disposition, or demolition, until such owner shall first have had the opportunity to be heard at public meeting of the HPC, as provided herein.
The Chairman, and in his/her absence, the Acting Chairman, may administer oaths and require the attendance of witnesses.
All meetings of the HPC shall be open to the public, except as allowed by State law.
The HPC shall keep minutes of its proceedings, showing the vote, indicating such fact, and shall keep records of its examinations and other official actions, all of which shall be immediately filed in the office of the City Clerk and shall be public record.
All HPC rules of procedure, designation criteria, design guidelines and forms shall be available to the public at the office of the City Clerk.
E. Funding.
The Board of Aldermen shall annually appropriate funds, within the budget limitations, for the operation of the HPC.
The HPC may, with the consent of the Board of Aldermen, apply for, receive, or expend any Federal, State or private grant, grant-in-aid, gift or bequest, in furtherance of the general purposes of this Article.
F. Compensation.
The members shall serve without compensation, but shall be reimbursed for expenses they incur while on Commission business.
G. Powers And Duties.
The HPC shall have the following powers and duties:
1. To adopt its own by-laws and procedural regulations, provided that such regulations are consistent with this
Chapter and the Revised Statutes of the State of Missouri;"
17,Article XVII Historic Preservation,Section 410.1010 Historic Preservation Commission.,sub-sec-17.2,https://ecode360.com/44278013,https://zoneomics.com/code/16241/chapter_17#17.2,True,2,"2. To conduct an ongoing survey for the identification of historically, archaeologically and architecturally significant properties, structures, sites and areas that exemplify the cultural, social, economic, political, or architectural history of the nation, State or City; and to maintain the research information in an inventory accessible to the public (except for archaeological site locations, which shall be restricted);
3. To investigate, and recommend to the Planning and Zoning Commission, and to the Board of Aldermen, the adoption of ordinances designating for protection, properties or structures having special cultural, historic, archaeological, community or architectural value as ""landmarks"";
4. To investigate and recommend to the Planning and Zoning Commission, and the Board of Aldermen, the adoption of ordinances, designating for protection, areas as having special cultural, historic, archaeological, community or architectural value as ""historic districts"";
5. To keep a register of all properties and structures, which have been designated as landmarks or historic districts, including all information required for each designation;
6. To confer recognition upon the owners of landmarks and property or structures within historic districts, by means of certificates, plaques, or markers; and to make recommendations for the design and implementation of specific markings of the streets and routes leading from one
(1) landmark or historic district to another;
7. To advise and assist owners of landmarks and property or structures within historic districts on physical and financial aspects of preservation, renovation, rehabilitation, and reuse, and on procedures for inclusion on the National Register of Historic Places;
8. To nominate landmarks and historic districts to the Higginsville Historic Register, and to the National Register of Historic Places, and to review and comment on any nominations to the National Register of Historic Places;
9. To inform and educate the citizens of the City of Higginsville concerning the historic, archaeological and architectural heritage of the City, through publication or sponsorship of maps, newsletters, brochures, pamphlets, programs and seminars by the City, the HPC, or other appropriate parties;
10. To hold public hearings and to review applications for construction, alteration, removal or demolition, affecting proposed or designated landmarks or structures within historic districts, and issue or deny certificates of appropriateness for such actions.
Applicants may be required to submit plans, drawings, elevations, specifications, and other information, as may be necessary to make decisions;
11. To hold public hearings on each proposed nomination of a landmark, and of an historic district, and on the guidelines developed for each nomination;
12. To request the Building Inspector to issue stop work orders for any construction, alteration, removal or demolition undertaken, without a certificate of appropriateness, or to stop work that violates the conditions of a certificate;
13. To review all applications for demolition permits within the corporate limits of the City, to determine impact to significant cultural resources, including those not yet nominated as landmarks, or as contributing properties within an historic district;
14. To consider applications for certificates of economic hardship, that would allow the performance of work for which a certificate of appropriateness has been denied;
15. To develop specific design guidelines, based on the Secretary of the Interior's Standards for Rehabilitation, for the alteration, construction, or removal of landmarks or property and structures within historic districts;
16. To review proposed zoning amendments, applications for special use permits, or applications for zoning variances, that affect proposed or designated landmarks or historic districts;
17. To administer on behalf of the City of Higginsville, any property of historical significance, or full or partial interest in real property, including easements, that the City of Higginsville may have or accept as a gift, or otherwise, upon approval by the Board of Aldermen;
18. To accept and administer on behalf of the City of Higginsville, upon approval of the Council, such gifts, grants, and money as may be appropriate for the purposes of this Article.
Such money may be expended for publishing maps and brochures, or for hiring staff persons or consultants, or performing other functions for the purpose of carrying out the duties and powers of the HPC, and the purposes of this Article;
19. To call upon available City staff members, as well as other experts, for technical advice;
20. To retain such specialists or consultants, or to appoint such citizen advisory committees, as may be required from time to time;
21. To testify before all Boards and commissions, including the Planning and Zoning Commission and the Board of Adjustment, on any matter affecting historically, archaeologically, culturally and architecturally significant property, structures, sites and areas;
22. To make recommendations to the Board of Aldermen concerning budgetary appropriations, to further the general purposes of this Article;
23. To develop a preservation component in the Master Plan of the City of Higginsville, and to recommend it to the Planning and Zoning Commission and to the Board of Aldermen;24. To periodically review the Higginsville Zoning Ordinance, and to recommend to the Planning and Zoning Commission and the Board of Aldermen, any amendments appropriate for the protection and continued use of landmarks or property, sites and structures within historic districts; and
25. To undertake any other action or activity necessary or appropriate to the implementation of its powers and duties, or to implementation of the purpose of this Article."
17,Article XVII Historic Preservation,Section 410.1020 Surveys And Research.,sub-sec-17.3,https://ecode360.com/44278051,https://zoneomics.com/code/16241/chapter_17#17.3,False,0,"
A. The HPC shall undertake an ongoing survey and research effort in the City of Higginsville, to identify neighborhoods, areas, sites, structures, and objects that have historic, cultural, archaeological, architectural or aesthetic importance, interest or value, and shall maintain an inventory of that information.
Before the HPC shall, on its own initiative, nominate any landmark or district for designation, it shall develop a plan and schedule for conducting a comprehensive survey of the City of Higginsville, to identify significant resources.
As part of the survey, the HPC shall review and evaluate any prior surveys and studies by any unit of government or private organization, and compile appropriate descriptions, facts, and photographs.
The HPC shall systematically identify potential landmarks and historic districts and adopt procedures to nominate them based upon the following criteria:
1. The potential landmarks and historic districts in one
(1) identifiable neighborhood or distinct geographical area of the City of Higginsville;
2. The potential landmarks and historic districts associated with a particular person, event, or historical period;
3. The potential landmarks and historic districts of a particular architectural style or school, or of a particular architect, engineer, builder, designer, or craftsman;
4. The potential landmarks and historic districts containing historic and prehistoric archaeological resources, with the potential to contribute to the understanding of historic and prehistoric cultures;
5. Such other criteria as may be adopted by the HPC, to assure systematic survey and nomination of all potential landmarks and historic districts within the City of Higginsville.
B. All inventory material shall be in conformance with standards and guidelines for cultural resource inventory, as established by the State Historic Preservation Office."
17,Article XVII Historic Preservation,Section 410.1030 Nomination Of Landmarks And Historic Districts.,sub-sec-17.4,https://ecode360.com/44278059,https://zoneomics.com/code/16241/chapter_17#17.4,True,1,"A. General.
Nominations shall be made to the HPC on a form prepared by it, and may be submitted by a member of the HPC, owner of record of the nominated property or structure, or the Board of Aldermen.
Nominations shall be turned in to the City Clerk, who will, within seven
(7) days of receipt, mail a notification of intent to nominate to the owner of record of the nominated property.
Forms and criteria for nomination will be available at the office of the City Clerk.
B. Criteria For Consideration Of Nomination.
The HPC shall, upon such investigation as it deems necessary, make a determination, as to whether a nominated property, structure, site, area or district meets one
(1) or more of the following criteria, based on criteria for evaluation for the National Register of Historic Places:
1. Its character, interest, or value, as part of the development, heritage, or cultural characteristics of the community, County, State or country;
2. Its overall setting and harmony as a collection of buildings, structures, objects where the overall collection forms a unit;
3. Its potential to be returned to an accurate historic appearance regardless of alterations or insensitive treatment that can be demonstrated to be reversible;
4. Its location as a site of a significant local, County, State, or national event;
5. Its identification with a person or persons who significantly contributed to the development of the community, County, State, or country;
6. Its embodiment of distinguishing characteristics of an architectural-type, valuable for the study of a period, type, method of construction, or use of indigenous materials;
7. Its identification as the work of a master builder, designer, architect, or landscape architect, whose individual work has influenced the development of the community, County, State, or country;
8. Its embodiment of elements of design, detailing, materials, or craftsmanship, that render it architecturally significant;
9. Its embodiment of design elements that make it structurally or architecturally innovative;
10. Its unique location, or singular physical characteristic, that make it an established or familiar visual feature of the neighborhood, community, or City;
11. Its character as a particularly fine or unique example of a utilitarian structure, including, but not limited to, farmhouses, gas stations, or other commercial structures, with a high level of integrity or architectural significance;
12. Its suitability for preservation or restoration; and
13. Its potential to yield information important to history and prehistory.
|  |
| --- |
| Any structure, property, or area that meets one (1) or more of the above criteria, shall also have sufficient integrity of location, design, materials, and workmanship to make it worthy of preservation or restoration. | C. Public Hearing On Landmarks And Historic Districts.
Upon receipt of a completed nomination of a landmark or historic district, the HPC shall schedule a public hearing to solicit input and comment on the proposed nomination and guidelines for certificates of appropriateness.
D. Report And Recommendation Of HPC.
1. The HPC shall, within forty-five
(45) calendar days from receipt of a completed nomination in proper form, adopt by resolution, a recommendation that the nominated landmark or historic district, does or does not meet the criteria for designation in
Section 410.1030 of this Article.
The resolution shall be accompanied by a report to the Planning and Zoning Commission, containing the following information:
a. Explanation of the significance, or lack of significance, of the nominated landmark or historic district, as it relates to the criteria for designation;
b. Explanation of the integrity, or lack of integrity, of the nominated landmark or historic district;
2. In the case of a nominated landmark found to meet the criteria for designation:
a. The significant exterior architectural features of the nominated landmark that should be protected;
b. The types of construction, alteration, demolition, and removal, other than those requiring a building or demolition permit, that should be reviewed for appropriateness, pursuant to the provisions of
Sections 410.1040 through
410.1080 of this Article; c. Archaeological significance and recommendations for interpretation and protection.
3. In the case of a nominated historic district found to meet the criteria for designation:
a. The types of significant exterior architectural features of the structures, within the nominated historic district, that should be protected;
b. The types of alterations and demolitions, that should be reviewed for appropriateness, pursuant to the provisions of
Sections 410.1040 through
410.1080 of this Article; c. The type and significance of historic and prehistoric archaeological sites, within the nominated historic district; d. Proposals for design guidelines of HPC review of certificates of appropriateness, within the nominated landmark or historic district; e. The relationship of the nominated landmark or historic district to the ongoing effort of the HPC, to identify and nominate all potential cultural resources that meet the criteria for designation; f. Recommendations as to appropriate permitted uses, special uses, height and area regulations, minimum dwelling size, floor area, sign regulations, lot size, and parking regulations, necessary or appropriate to the preservation of the nominated landmark or historic district, including recommendations for buffer zones to protect and preserve visual integrity; g. A map showing the location of the nominated landmark and/or the boundaries of the nominated historic district.
4. The recommendations and report of the HPC shall be sent to the Planning and Zoning Commission within seven
(7) days following the vote on the resolution, and shall be available to the public in the office of the City Clerk.
E. Notification Of Nomination."
17,Article XVII Historic Preservation,Section 410.1030 Nomination Of Landmarks And Historic Districts.,sub-sec-17.4,https://ecode360.com/44278059,https://zoneomics.com/code/16241/chapter_17#17.4,True,2,"The Planning and Zoning Commission shall schedule and hold a hearing on the nomination, following receipt of a report and recommendation from the HPC that a nominated landmark or historic district does or does not meet the criteria for designation.
The meeting shall be scheduled, held and conducted in the same manner as other meetings to consider applications for Zoning Map amendments or ordinance amendments.
Notice of the date, time, place and purpose of the meeting, and a copy of the completed nomination form shall be sent by regular mail to the owner(s) of record and to the nominators.
F. Public Hearing.
Oral or written testimony concerning the significance of the nominated landmark or historic district shall be taken at the public hearing from any person concerning the nomination.
The HPC may present expert testimony, or present its own evidence, regarding the compliance of the nominated landmark or historic district, with the criteria for consideration of a nomination set forth in
Section 410.1030 of this Article.
The owner of any nominated landmark, or of any property within a nominated historic district, shall be allowed reasonable opportunity to present evidence regarding significance, and shall be afforded the right of representation by counsel and reasonable opportunity to cross-examine expert witnesses.
The hearing shall be closed upon completion of testimony.
G. Determination By Planning And Zoning Commission.
Within sixty
(60) calendar days following close of the public hearing, the Planning and Zoning Commission shall make a determination, upon the evidence, whether the nominated landmark or historic district does or does not meet the criteria for designation.
Such a determination shall be made upon a motion and vote of the Planning and Zoning Commission, and shall be accompanied by a report, stating the findings of the Planning and Zoning Commission concerning the relationship between the criteria for designation in
Section 410.1030 of this
Article and the nominated landmark or historic district, and all other information required by this Article.
H. Notification Of Determination.
Notice of the determination of the Planning and Zoning Commission, including a copy of the report, shall be sent by regular mail to the owner of record of a nominated landmark and of all property within a nominated historic district, and to the nominator, within seven
(7) days following adoption of the resolution.
Within seven
(7) days following a determination by the Planning and Zoning Commission that the nominated landmark or historic district does meet the criteria for designation, a copy of the resolution and report, accompanied by a recommendation that the nominated landmark or historic district be designated, shall be sent to the Board of Aldermen.
I. Appeal.
A determination by the Planning and Zoning Commission that the nominated landmark or historic district does not meet the criteria for designation shall be a final administrative decision, reviewable under the Missouri Administrative Procedure and Review Act; provided, however, that the nominator, or any owner of the nominated landmark, or of property within the nominated historic district, may within thirty
(30) days after the postmarked date of the notice of the determination, file with the City Clerk a written appeal to the Board of Aldermen.
J. Action By Board Of Aldermen.
The Board of Aldermen shall, within sixty
(60) calendar days after receiving the recommendation that the nominated landmark or historic district be designated or receiving a written appeal, either reject the recommendation or written appeal by formal resolution, or designate the landmark or historic district by an ordinance.
The Board of Aldermen shall hold a public hearing before enacting the resolution or ordinance, and provide notice and take testimony, in the same manner as provided in
Section 410.1030 of this Article.
Any resolution or ordinance shall be accompanied by a written statement, explaining the reasons for the action of the Board of Aldermen.
The City Clerk shall provide written notification of the action of the Board of Aldermen, by regular mail, to the nominator, the appellant, and the owner(s) of record of the nominated landmark or of all property within a nominated historic district.
The notice shall include a copy of the designation ordinance or resolution passed by the Board of Aldermen and shall be sent within seven
(7) days of the Board of Aldermen action.
A copy of each designation ordinance shall be sent to the HPC, Planning and Zoning Commission and Building Inspector.
K. The Designation Ordinance.
Upon designation, the landmark or historic district shall be classified as a ""District H—Historic,"" and the designating ordinance shall prescribe the significant features; the types of construction, alteration, demolition, and removal, other than those requiring a building or demolition permit, that should be reviewed for appropriateness; the design guidelines for applying the criteria for review of appropriateness; permitted uses; special uses; height and area regulation; minimum dwelling size; floor area; lot size; sign regulation; and parking regulations.
The Official Zoning Map of the City of Higginsville shall be amended to show the location of the ""District H-Historic"" as an overlay zone.
L. Interim Control.
No building permit shall be issued by the Building Inspector for alteration, construction, demolition, or removal of a nominated landmark, or of any property or structure within a nominated historic district, from the date of the meeting of the HPC, at which a nomination form is first presented, until the final disposition of the nomination by the Board of Aldermen, unless such alteration, removal, or demolition is authorized by formal resolution of the Board of Aldermen, as necessary for public health, welfare, or safety.
In no event shall the delay be for more than one hundred eighty (180) days.
M. Amendment And Rescission Of Designation.Designation may be amended or rescinded upon petition to the HPC, and compliance with the same procedure, and according to the same criteria set forth herein for designation."
17,Article XVII Historic Preservation,Section 410.1040 Applications For Certificates Of Appropriateness.,sub-sec-17.5,https://ecode360.com/44278102,https://zoneomics.com/code/16241/chapter_17#17.5,False,0,"
A. A certificate of appropriateness shall be required before the following actions affecting the significance of any landmark, or any structure within an historic district, may be undertaken:
1. Any construction, alteration, or removal requiring a building permit from the City of Higginsville;
2. Any demolition, in whole or in part, requiring a demolition permit from the City of Higginsville;
3. Any construction, alteration, demolition, or removal affecting a significant exterior architectural feature or appearance, as specified in the ordinance, designating the landmark or historic district;
4. Any construction, alteration or removal, involving earth-disturbing activities that might affect archaeological resources;
5. Any actions to correct a violation of a minimum maintenance standard.
B. Applications for a certificate of appropriateness shall include accompanying plans and specifications affecting the significance of a designated landmark, or of a property within a designated historic district; and applications for demolition permits shall include plans and specifications for the contemplated use of the property.
Applications for building and demolition permits shall be forwarded by the Building Inspector to the HPC within seven
(7) days following receipt of the application.
A building or demolition permit shall not be issued until a certificate of appropriateness has been issued by the HPC.
Any applicant may request a meeting with the HPC, before the application is reviewed by the HPC, or during the review of the application.
Application for review of construction, alteration, demolition, or removal, not requiring a building permit for which a certificate of appropriateness is required, shall be made on a form prepared by the HPC and available at the office of the City Clerk.
The HPC shall consider the completed application at its next regular meeting.
C. Stop Work Order.
Whenever the HPC has reason to believe that an action for which a certificate of appropriateness is required has been initiated, or is about to be initiated, or that a violation of the conditions of a permit has occurred, it shall request that the Building Inspector make every reasonable effort to contact the owners, occupants, contractor or subcontractor and inform them of proper procedures.
If the HPC determines that a stop work order is necessary to halt an action, it shall request the Building Inspector to send a copy of the stop work order by certified mail, return receipt requested, to the owners, occupants, contractors and subcontractors, and notify them of the process of applying for a certificate of appropriateness.
A copy of the proper application form shall be included in the notice.
If necessary, a second or subsequent stop work order may be issued for the same project."
17,Article XVII Historic Preservation,Section 410.1050 Determination By The Historic Preservation Commission.,sub-sec-17.6,https://ecode360.com/44278111,https://zoneomics.com/code/16241/chapter_17#17.6,False,0,"
A. The HPC shall review the application for a building or demolition permit, or for a certificate of appropriateness, and issue or deny the permit with forty-five
(45) days of receipt of the application.
Written notice of the approval or denial of the application for a certificate of appropriateness shall be provided the applicant and the Building Inspector within seven
(7) days following the determination, and shall be accompanied by a certificate of appropriateness, in the case of an approval.
B. A certificate of appropriateness shall become void unless construction is commenced within six
(6) months of date of issuance.
Certificates of appropriateness shall be issued for a period of eighteen
(18) months and are renewable.
If the project is not completed according to the guidelines provided in the certificate of appropriateness, the project shall be deemed in violation of this Article.
C. Denial Of A Certificate Of Appropriateness.
A denial of a certificate of appropriateness shall be accompanied by a statement of the reasons for the denial.
The HPC shall make recommendations to the applicant concerning changes, if any, in the proposed action that would cause the HPC to reconsider its denial, and shall confer with the applicant and attempt to resolve, as quickly as possible, the differences between the owner and the HPC.
The applicant may resubmit an amended application, or reapply for a building or demolition permit, that takes into consideration the recommendation of the HPC."
17,Article XVII Historic Preservation,Section 410.1060 Review Of Public Improvement And Land Acquisition Projects.,sub-sec-17.7,https://ecode360.com/44278115,https://zoneomics.com/code/16241/chapter_17#17.7,False,0,"
A. Public improvement and land acquisition projects by the City of Higginsville, or any of its departments or agencies, shall be reviewed by the HPC in the following manner:
1. The HPC shall review and comment upon any public improvement project proposed by the City of Higginsville, or any of its agencies or departments within any historic district, on the site of or within two hundred (200) feet of any landmarks, or within two hundred (200) feet of any boundary of an historic district.
The Department of Public Works shall send a completed preliminary design for a public improvement project to the HPC, simultaneously with its submission to the Board of Aldermen, for approval.
The HPC shall have at least thirty
(30) days to complete its review and report to the Board of Aldermen, except when the Department of Public Works, if necessary to accelerate the design review process, may specify a time less than thirty
(30) days, within which the HPC shall complete its review and report to the Board.
2. The HPC shall review and comment upon any proposed acquisition of a landmark or of land or buildings within an historic district, by the City of Higginsville or any of its agencies or departments.
The Board of Aldermen or the Department of Public Works shall, at the earliest possible date that will not interfere with acquisition negotiations, send the HPC information concerning the location, size, purchase price, current use, and proposed use of the land or building to be acquired, and specify the date by which the HPC shall report to the Board of Aldermen.
3. The HPC shall review the public improvement or land acquisition projects to determine its effect upon the historic, archaeological or architectural character of the landmark or historic district, and report to the Board of Aldermen, within any time specified by the Board of Aldermen or Planning Department, but not to exceed forty-five
(45) days.
The report by the HPC shall include any recommendations for changes to the preliminary design or land acquisition that will lessen or alleviate any adverse effect of the proposed project upon the historic, archaeological or architectural character of the landmark or historic district.
The Board of Aldermen shall take no final action on the preliminary design or land acquisition, until it has received and reviewed the report of the HPC."
17,Article XVII Historic Preservation,Section 410.1070 Standards For Review.,sub-sec-17.8,https://ecode360.com/44278120,https://zoneomics.com/code/16241/chapter_17#17.8,False,0,"
A. In considering an application for a building or demolition permit, or for a certificate of appropriateness, the HPC shall be guided in principal by the Secretary of the Interior's Standards, as follows, in addition to any design guidelines in the ordinance designating the landmark or historic district.
Applications, standards for review and design guidelines shall be available in the office of the City Clerk for distribution to the public.
1. A property shall be used for its historic purpose, or be placed in a new use that requires minimal change to the defining characteristics of the building and its site and environment.
2. The historic character of a property shall be retained and preserved.
The removal of historic materials or alteration of features and spaces that characterize a property shall be avoided.
3. Each property shall be recognized as a physical record of its time, place, and use.
Changes that create a false sense of historical development, such as adding conjectural features or architectural elements from other buildings, shall not be undertaken.
4. Most properties change over time; those changes that have acquired historic significance in their own right, shall be retained and preserved.
5. Distinctive features, finishes, and construction techniques or examples of craftsmanship that characterize a historic property shall be preserved.
6. Deteriorated historic features shall be repaired, rather than replaced.
Where the severity of deterioration requires replacement of a distinctive feature, the new feature shall match the old in design, color, texture, and other visual qualities and, where possible, materials.
Replacement of missing features shall be substantiated by documentary, physical, or pictorial evidence.
7. Chemical or physical treatments, such as sandblasting, that cause damage to historic materials, shall not be used.
The surface cleaning of structures, if appropriate, shall be undertaken using the gentlest means possible.
8. Significant archaeological resources affected by a project shall be protected and preserved.
If such resources must be disturbed, mitigation measures shall be undertaken.
9. New additions, exterior alterations, or related new construction shall not destroy historic materials that characterize the property.
The new work shall be differentiated from the old, and shall be compatible with the massing, size, scale, and architectural features to protect the historic integrity of the property and its environment.
10. New additions, and adjacent or related new construction, shall be undertaken in such a manner that if removed in the future, the essential form and integrity of the historic property, and its environment, would be unimpaired."
17,Article XVII Historic Preservation,Section 410.1080 Design Guidelines.,sub-sec-17.9,https://ecode360.com/44278132,https://zoneomics.com/code/16241/chapter_17#17.9,False,0,"
A. Design guidelines for applying the criteria for review of Certificates of Appropriateness shall, at a minimum, consider the following architectural criteria:
1. Height.
The height of any proposed alteration or construction should be compatible with the style and character of the landmark, and with surrounding structures in an historic district.
2. Proportions Of Windows And Doors.
The proportions and relationships between doors and windows should be compatible with the architectural style and character of the landmark, and with surrounding structures within an historic district.
3. Relationship Of Building Masses And Spaces.
The set back and relationship of a structure within an historic district, to the open space between it and adjoining structures, should be compatible.
4. Roof Shape.
The design of the roof should be compatible with the architectural style and character of the landmark, and with surrounding structures in an historic district.
5. Landscaping.
Landscaping should be compatible with the architectural character and appearance of the landmark, and of surrounding structures and landscapes, in historic districts.
6. Scale.
The scale of the structure after alteration, construction, or partial demolition should be compatible with its architectural style and character, and with surrounding structures in an historic district.
7. Directional Expression.
Facades in historic districts should blend with other structures, with regard to directional expression.
Structures in an historic district should be compatible with the dominant horizontal or vertical expression of surrounding structures.
The directional expression of a landmark, after alteration, construction, or partial demolition, should be compatible with its original architectural style and character.
8. Architectural Details.
Architectural details, including materials, colors, and textures, should be treated so as to make a landmark compatible with its original architectural style and character, and to preserve and enhance the architectural style or character of a landmark or historic district.
9. Signage.
The character of signs should be in keeping with the historic architectural character of a landmark or historic district.
Character of a sign includes the number, size, area, scale, location, type, (e.g., off-site advertising signs and on-site business signs), letter size or style, and intensity and type of illumination.
10. Minimum Maintenance.
Significant features should be kept in a condition of good repair and maintenance.
All structural and mechanical systems should be maintained in a condition and state of repair that will prevent decay, deterioration or damage to significant features, or otherwise adversely affect the historic or architectural character of structures within an historic district."
17,Article XVII Historic Preservation,Section 410.1090 Certificate Of Economic Hardship.,sub-sec-17.10,https://ecode360.com/44278144,https://zoneomics.com/code/16241/chapter_17#17.10,False,0,"
A. Application for a certificate of economic hardship shall be made on a form prepared by the HPC, only after a certificate of appropriateness has been denied.
The HPC shall schedule a public hearing concerning the application, and provide public notice and individual notice to the applicant, owners of record, and owners adjacent to the property, and any person may testify at the hearing concerning economic hardship.
All testimony, objections, thereto, and rulings at such Public Hearing, shall be taken down by a reporter employed by the City for that purpose, or, if electronic tape-recording equipment is available, by such electronic means.
The HPC may solicit expert testimony, or require that the applicant for a certificate of economic hardship make submissions concerning any or all of the following information, before it makes a determination on the application.
1. Estimate of the cost of the proposed construction, alteration, demolition or removal, and an estimate of any additional cost that would be incurred, to comply with the recommendations of the HPC for changes necessary for the issuance of a certificate of appropriateness;
2. A report from a licensed engineer or architect with experience in rehabilitation, as to the structural soundness of any structures on the property and their suitability for rehabilitation;
3. Estimated market value of the property in its current condition; after completion of the proposed construction, alteration, demolition or removal; after any changes recommended by the HPC, and, in the case of a proposed demolition, after renovation of the existing property for continued use;
4. In the case of a proposed demolition, an estimate from an architect, developer, real estate consultant, appraiser, or other real estate professional experienced in rehabilitation, as to the economic feasibility of rehabilitation or reuse of the existing structure."
17,Article XVII Historic Preservation,Section 410.1100 Maintenance Of Historic Properties.,sub-sec-17.11,https://ecode360.com/44278150,https://zoneomics.com/code/16241/chapter_17#17.11,False,0,"
A. Ordinary Maintenance Exclusion.
Nothing in the
Section shall be construed to prevent the ordinary maintenance or repair of any exterior elements of any building or structure.
B. Definition Of Ordinary Maintenance.
Any work, for which a building permit is not required by law, where the purpose and effect of such work is to correct any deterioration or decay of, or damage to a structure, or any part thereof, and to restore the same, as nearly as may be practicable, to its condition prior to the occurrence of such deterioration, decay or damage.
C. Minimum Maintenance Requirement.
All buildings and structures designated by City ordinance as ""H"" shall be preserved against decay and deterioration, and free from certain structural defects, in the following manner, by the owner, thereof, or such other person or persons who may have the legal custody and control, thereof, shall repair such building, if it is found to have any of the following defects:
1. The deterioration of exterior walls or other vertical supports;
2. The deterioration of roofs or other horizontal members;
3. The deterioration of external chimneys;
4. The deterioration or crumbling of plasters or mortar;
5. The deterioration, or ineffective waterproofing, of exterior walls, roofs, and foundations, including broken windows or doors;
6. The peeling of paint, rotting, holes, and other forms of decay;
7. The lack of maintenance of surrounding environment, e.g., fences, gates, sidewalks, steps, signs, accessory structures, and landscaping;
8. The deterioration of any feature, so as to create or permit the creation of any hazardous or unsafe condition or conditions.
|  |
| --- |
| If minimum maintenance is not being maintained, the owner of the property or other person having legal custody thereof, shall be notified by the Building Inspector. The notice shall be by certified mail and shall specify each item in the property or landmark that fails to meet minimum maintenance requirements. The owner, or other person having legal custody of the property, shall have thirty (30) days from the receipt of notice to comply with the minimum maintenance requirements. The HPC, for good cause shown, may extend the thirty (30) day period. If after the original thirty (30) day period, or any extension granted by the Building Inspector, the owner or person having legal custody of the property should fail to meet the minimum maintenance requirements, the owner or person having legal custody of the property shall be in violation of this Section and punished in accordance with this Code. |"
17,Article XVII Historic Preservation,"Section 410.1110 Review Of Applications For Zoning Amendments, Special Use Permits And Variances.",sub-sec-17.12,https://ecode360.com/44278162,https://zoneomics.com/code/16241/chapter_17#17.12,False,0,"Applications for zoning amendments, special use permits, or variances for a landmark or structures within an historic district, shall be referred to the HPC by the Planning Department, at least fifteen
(15) days prior to the date of the public hearing, set by the Planning and Zoning Commission or the Board of Adjustment.
The HPC may review these applications using any format which it deems appropriate; provided, however, that the applicant shall be notified of the time and place of such review, and shall be given the opportunity to appear and be heard.
Within fifteen
(15) days after receipt of said application, the HPC shall forward its comments to the Planning Department for presentation to the Planning and Zoning Commission for their consideration in reviewing the application."
17,Article XVII Historic Preservation,Section 410.1120 Appeals.,sub-sec-17.13,https://ecode360.com/44278163,https://zoneomics.com/code/16241/chapter_17#17.13,False,0,"If the HPC denies an application for a certificate of appropriateness, the HPC shall work with the applicant to arrive at a mutually satisfactory alternative to the proposed activities.
If agreement cannot be reached within six
(6) months, the applicant may file with the City Clerk a written appeal to the Board of Adjustment.
In acting upon the appeal, the Board may grant a variance from the strict interpretation of this Article, when such will not materially affect the health or safety of the applicant and general public."
17,Article XVII Historic Preservation,Section 410.1130 Public Safety Exclusion.,sub-sec-17.14,https://ecode360.com/44278164,https://zoneomics.com/code/16241/chapter_17#17.14,False,0,"None of the provisions of this
Article shall be construed to prevent any measures of construction, alteration, or demolition necessary to correct or abate the unsafe or dangerous condition of any structure, other feature or part thereof, where such condition has been declared unsafe or dangerous by the Building Inspector, and where the proposed measures have been declared necessary, by such department or departments, to correct the said condition; provided, however, that only such work as is reasonably necessary to correct the unsafe or dangerous condition may be performed pursuant to this Section.
In the event any structure or other feature shall be damaged by fire or other calamity, or by Act of God or by the public enemy, to such an extent, that in the opinion of the aforesaid department or departments, it cannot reasonably be repaired and restored, it may be removed in conformity with normal permit procedures and applicable laws."
17,Article XVII Historic Preservation,Section 410.1140 Fees And Penalties.,sub-sec-17.15,https://ecode360.com/44278165,https://zoneomics.com/code/16241/chapter_17#17.15,False,0,"
A. The Board shall establish an appropriate system of processing fees for the review of nominations and certificates of appropriateness.
B. It shall be unlawful for any person to undertake, or cause an alteration, construction, demolition or removal of any nominated or designated landmark or structure, within a nominated or designated historic district, without a certificate of appropriateness.
C. It shall be unlawful to not maintain designated landmarks or structures within designated historic districts, within the minimum maintenance requirements of this Article."
18,Additional Zoning Details,Attachment 1 - Use Standards Chart,sub-sec-18.1,https://ecode360.com/attachment/331353/HI3322-410a%20Use%20Standards%20Chart.pdf,https://zoneomics.com/code/16241/chapter_18#18.1,True,1,"ZONING REGULATIONS 410 Attachment 1 City of Higginsville Use Standards Chart [R.O.
2009
§ 410.300; Ord.
No.
2040
§ 5-2, 9-15-2003; Ord.
No.
2076
§ 1, 6-21-2004; Ord.
No.
2095
§ 1, 12-6-2004; Ord.
No.
2096
§ 1, 12-6-2004; Ord.
No.
2395
§ 1, 9-7-2010; Ord.
No.
2565
§ 1, 12-15-2014; Ord.
No.
2573
§ 1, 3-2-2015; Ord.
No.
2695, 11-6-2017; Ord.
No.
2900, 8-16-2021; Ord.
No.
2972, 10-17-2022; Ord.
No.
3017, 8-21-2023; Ord.
No.
3066, 11-4-2024] |  | ZONING DISTRICTS | ZONING DISTRICTS | ZONING DISTRICTS | ZONING DISTRICTS | ZONING DISTRICTS | ZONING DISTRICTS | ZONING DISTRICTS | ZONING DISTRICTS | ZONING DISTRICTS | ZONING DISTRICTS | ZONING DISTRICTS | ZONING DISTRICTS |  |
| --- | --- | --- | --- | --- | --- | --- | --- | --- | --- | --- | --- | --- | --- |
| USE | RESIDENTIAL | RESIDENTIAL | RESIDENTIAL | RESIDENTIAL | RESIDENTIAL | NON-RESIDENTIAL | NON-RESIDENTIAL | NON-RESIDENTIAL | NON-RESIDENTIAL | NON-RESIDENTIAL | NON-RESIDENTIAL | NON-RESIDENTIAL | USE |
| REGULATIONS | ""SF-1"" | ""SF-2"" | ""SF-3"" | ""MR"" | ""MHP"" | ""AG"" | ""HS"" | ""GC"" | ""DC"" | ""HC"" | ""LI"" | ""HI"" | STANDARDS\* |
| Accessory uses | P | P | P | P | P | P | P | P | P | P | P | P | Section 410.310A |
| Home occupations | P | P | P | P | P | P | P | P | P | P | P | P | Section 410.310L |
| Temporary uses |  |  |  |  |  |  |  |  |  |  |  |  | Section 410.310X |
| AGRICULTURAL USES | AGRICULTURAL USES | AGRICULTURAL USES | AGRICULTURAL USES | AGRICULTURAL USES | AGRICULTURAL USES | AGRICULTURAL USES | AGRICULTURAL USES | AGRICULTURAL USES | AGRICULTURAL USES | AGRICULTURAL USES | AGRICULTURAL USES | AGRICULTURAL USES | AGRICULTURAL USES |
| Agricultural processing |  |  |  |  |  | C |  |  |  |  |  | C |  |
| Agricultural use |  |  |  |  |  | P |  |  |  |  |  |  | Section 410.310B |
| Agriculture, general |  |  |  |  |  | P |  |  |  |  |  |  |  |
| Agriculture, limited |  |  |  |  |  | P |  |  |  |  |  |  |  | HIGGINSVILLE CITY CODE |  | ZONING DISTRICTS | ZONING DISTRICTS | ZONING DISTRICTS | ZONING DISTRICTS | ZONING DISTRICTS | ZONING DISTRICTS | ZONING DISTRICTS | ZONING DISTRICTS | ZONING DISTRICTS | ZONING DISTRICTS | ZONING DISTRICTS | ZONING DISTRICTS |  |
| --- | --- | --- | --- | --- | --- | --- | --- | --- | --- | --- | --- | --- | --- |
| USE | RESIDENTIAL | RESIDENTIAL | RESIDENTIAL | RESIDENTIAL | RESIDENTIAL | NON-RESIDENTIAL | NON-RESIDENTIAL | NON-RESIDENTIAL | NON-RESIDENTIAL | NON-RESIDENTIAL | NON-RESIDENTIAL | NON-RESIDENTIAL |  |
| REGULATIONS | ""SF-1"" | ""SF-2"" | ""SF-3"" | ""MR"" | ""MHP"" | ""AG"" | ""HS"" | ""GC"" | ""DC"" | ""HC"" | ""LI"" | ""HI"" | STANDARDS\* |
| RESIDENTIAL USES | RESIDENTIAL USES | RESIDENTIAL USES | RESIDENTIAL USES | RESIDENTIAL USES | RESIDENTIAL USES | RESIDENTIAL USES | RESIDENTIAL USES | RESIDENTIAL USES | RESIDENTIAL USES | RESIDENTIAL USES | RESIDENTIAL USES | RESIDENTIAL USES | RESIDENTIAL USES |
| Apartment |  |  |  | P |  |  |  |  | C |  |  |  | Section 410.310Q |
| Assisted living |  |  |  | P |  |  | P | P |  | P |  |  | Section 410.310Q |
| Boarding house |  |  |  |  |  |  |  |  |  |  |  |  | Section 410.310Q |
| Duplex |  |  | P | P |  |  |  |  |  |  |  |  |  |
| Existing non- conforming single- family dwelling |  |  |  |  |  |  |  | C |  |  | C |  |  |
| Group home | P | P | P | P | P | P |  |  |  |  |  |  | Section 410.310K |
| Manufactured home |  |  |  |  | P |  |  |  |  |  |  |  |  |
| Manufactured home/residential design |  |  |  |  |  |  |  |  |  |  |  |  | Section 410.310P |
| Manufactured home park |  |  |  |  | C |  |  |  |  |  |  |  |  |
| Mobile home |  |  |  |  |  |  |  |  |  |  |  |  | Section 410.310Z |
| Modular home | C | C | C | C | P | C |  |  |  |  |  |  |  |
| Multi-family |  |  |  | P |  |  |  |  | C |  |  |  | Section 410.310Q |
| Single-family, attached |  |  | P | P |  |  |  |  |  |  |  |  |  |
| Single-family, detached | P | P | P | C |  | P |  |  |  |  |  |  |  |
| Transitional living facility |  |  |  |  |  |  | C |  |  |  |  |  | Section 410.310Y |
| Warehouse, residential storage |  |  |  |  |  |  |  | C |  | C | P | P |  | ZONING REGULATIONS |  | ZONING DISTRICTS | ZONING DISTRICTS | ZONING DISTRICTS | ZONING DISTRICTS | ZONING DISTRICTS | ZONING DISTRICTS | ZONING DISTRICTS | ZONING DISTRICTS | ZONING DISTRICTS | ZONING DISTRICTS | ZONING DISTRICTS | ZONING DISTRICTS |  |
| --- | --- | --- | --- | --- | --- | --- | --- | --- | --- | --- | --- | --- | --- |
| USE | RESIDENTIAL | RESIDENTIAL | RESIDENTIAL | RESIDENTIAL | RESIDENTIAL |  |  |  |  |  |  |  | USE |
| REGULATIONS | ""SF-1"" | ""SF-2"" | ""SF-3"" | ""MR"" | ""MHP"" | ""AG"" | ""HS"" | ""GC"" | ""DC"" | ""HC"" | ""LI"" | ""HI"" | STANDARDS\* |
| NON-RESIDENTIAL USES | NON-RESIDENTIAL USES | NON-RESIDENTIAL USES | NON-RESIDENTIAL USES | NON-RESIDENTIAL USES | NON-RESIDENTIAL USES | NON-RESIDENTIAL USES | NON-RESIDENTIAL USES | NON-RESIDENTIAL USES | NON-RESIDENTIAL USES | NON-RESIDENTIAL USES | NON-RESIDENTIAL USES | NON-RESIDENTIAL USES | NON-RESIDENTIAL USES |
| Adult entertainment establishment |  |  |  |  |  |  |  |  |  |  | P | P | Section 410.310C |
| Adult entertainment establishment, enhanced |  |  |  |  |  |  |  |  |  |  |  |  | Section 410.310C |
| Agricultural chemical manufacturing |  |  |  |  |  |  |  |  |  |  |  | P |  |
| Agricultural sales and service |  |  |  |  |  | C |  |  |  | C | C |  |  |
| Agricultural vehicle sales and service |  |  |  |  |  |  |  |  |  | C | P | P |  |
| Airport or airstrip |  |  |  |  |  | C |  |  |  |  | C | C |  |"
18,Additional Zoning Details,Attachment 1 - Use Standards Chart,sub-sec-18.1,https://ecode360.com/attachment/331353/HI3322-410a%20Use%20Standards%20Chart.pdf,https://zoneomics.com/code/16241/chapter_18#18.1,True,2,"| Animal care, general |  |  |  |  |  |  |  |  |  | P | P | P |  |
| Animal care, limited |  |  |  |  |  |  |  |  |  | P | P | P |  |
| Animal fat rendering |  |  |  |  |  |  |  |  |  |  |  | P |  |
| Animal feed processing and storage |  |  |  |  |  | C |  |  |  |  |  | C |  |
| Animal hospitals |  |  |  |  |  | C |  |  |  | C | P | P |  |
| Appliance repair |  |  |  |  |  |  |  | P |  | C | P | P |  |
| Armed forces reserve centers |  |  |  |  |  | C |  |  |  |  | C | C |  |
| Arts and crafts studio |  |  |  |  |  |  |  | P | P | P | P |  |  |
| Asphalt or concrete plant |  |  |  |  |  |  |  |  |  |  |  | P |  |
| Athletic fields | C | C | C | C | C | C |  | C |  |  |  |  |  | HIGGINSVILLE CITY CODE |  | ZONING DISTRICTS | ZONING DISTRICTS | ZONING DISTRICTS | ZONING DISTRICTS | ZONING DISTRICTS | ZONING DISTRICTS | ZONING DISTRICTS | ZONING DISTRICTS | ZONING DISTRICTS | ZONING DISTRICTS | ZONING DISTRICTS | ZONING DISTRICTS |  |
| --- | --- | --- | --- | --- | --- | --- | --- | --- | --- | --- | --- | --- | --- |
| USE | RESIDENTIAL | RESIDENTIAL | RESIDENTIAL | RESIDENTIAL | RESIDENTIAL | NON-RESIDENTIAL | NON-RESIDENTIAL | NON-RESIDENTIAL | NON-RESIDENTIAL | NON-RESIDENTIAL | NON-RESIDENTIAL | NON-RESIDENTIAL | USE |
| REGULATIONS | ""SF-1"" | ""SF-2"" | ""SF-3"" | ""MR"" | ""MHP"" | ""AG"" | ""HS"" | ""GC"" | ""DC"" | ""HC"" | ""LI"" | ""HI"" | STANDARDS\* |
| NON-RESIDENTIAL USES | NON-RESIDENTIAL USES | NON-RESIDENTIAL USES | NON-RESIDENTIAL USES | NON-RESIDENTIAL USES | NON-RESIDENTIAL USES | NON-RESIDENTIAL USES | NON-RESIDENTIAL USES | NON-RESIDENTIAL USES | NON-RESIDENTIAL USES | NON-RESIDENTIAL USES | NON-RESIDENTIAL USES | NON-RESIDENTIAL USES | NON-RESIDENTIAL USES |
| Auditorium or stadium |  |  |  |  |  | C |  | C |  | C |  |  | Section 410.310T |
| Automotive services |  |  |  |  |  |  |  | P | C | P | P | P |  |
| Bank or financial institution |  |  |  |  |  |  |  | P | P | P |  |  |  |
| Bar or tavern |  |  |  |  |  |  |  | C | C | C |  |  |  |
| Basic industry |  |  |  |  |  |  |  |  |  |  | P | P |  |
| Bed and breakfast | P | P | C | C |  | C |  | P | C |  |  |  | Section 410.310D |
| Business office, general` |  |  |  |  |  |  |  | P | P | P |  |  |  |
| Campgrounds, private |  |  |  |  |  | C |  |  |  | C |  |  |  |
| Car wash |  |  |  |  |  |  |  | C |  | C |  |  |  |
| Carnival or circus |  |  |  |  |  | C |  | C | C | C | C |  |  |
| Catering |  |  |  |  |  |  |  | P | P | P |  |  |  |
| Cement manufacturing |  |  |  |  |  |  |  |  |  |  |  | P |  |
| Cemetery, crematory, mausoleum |  |  |  |  |  | C |  |  |  |  |  |  | Section 410.310E |
| Check cashing/ unsecured loan services |  |  |  |  |  |  |  | C |  | C |  |  |  |
| Chemical and biological manufacturing |  |  |  |  |  |  |  |  |  |  |  | P |  |
| Churches, chapels, temples, synagogues | C | C | C | C | C | P | C | P | C | C | C | C |  |
| Clubs and lodges, private |  |  |  |  |  | C |  | P | P |  | C |  |  | ZONING REGULATIONS |  | ZONING DISTRICTS | ZONING DISTRICTS | ZONING DISTRICTS | ZONING DISTRICTS | ZONING DISTRICTS | ZONING DISTRICTS | ZONING DISTRICTS | ZONING DISTRICTS | ZONING DISTRICTS | ZONING DISTRICTS | ZONING DISTRICTS | ZONING DISTRICTS | USE STANDARDS\* |
| --- | --- | --- | --- | --- | --- | --- | --- | --- | --- | --- | --- | --- | --- |
| USE | RESIDENTIAL | RESIDENTIAL | RESIDENTIAL | RESIDENTIAL | RESIDENTIAL | NON-RESIDENTIAL | NON-RESIDENTIAL | NON-RESIDENTIAL | NON-RESIDENTIAL | NON-RESIDENTIAL | NON-RESIDENTIAL | NON-RESIDENTIAL |  |
| REGULATIONS | ""SF-1"" | ""SF-2"" | ""SF-3"" | ""MR"" | ""MHP"" | ""AG"" | ""HS"" | ""GC"" | ""DC"" | ""HC"" | ""LI"" | ""HI"" |  |
| NON-RESIDENTIAL USES | NON-RESIDENTIAL USES | NON-RESIDENTIAL USES | NON-RESIDENTIAL USES | NON-RESIDENTIAL USES | NON-RESIDENTIAL USES | NON-RESIDENTIAL USES | NON-RESIDENTIAL USES | NON-RESIDENTIAL USES | NON-RESIDENTIAL USES | NON-RESIDENTIAL USES | NON-RESIDENTIAL USES | NON-RESIDENTIAL USES | NON-RESIDENTIAL USES |
| College or university |  |  |  |  |  | C | C | C |  | C |  |  |  |
| Communications towers |  |  |  |  |  | C | C | C | C | C | C | C | Section 410.310F |
| Community center | P | P | P | P | P | P |  |  |  |  |  |  |  |
| Composting facility |  |  |  |  |  |  |  |  |  |  | P | P | Section 410.310G |
| Concentrated feeding operation |  |  |  |  |  |  |  |  |  |  |  |  | Section 410.310B |
| Construction sales and service |  |  |  |  |  | C |  | C |  | C | P | P |  |
| Convalescent care |  |  |  | C |  |  | P |  |  |  |  |  | Section 410.310H |
| Correctional facility |  |  |  |  |  |  |  |  |  |  |  |  |  |
| Cultural service |  |  | C |  |  |  | C | C | C | C |  |  |  |
| Day care center |  |  |  | C | C | C | P | P | C | P |  |  | Section 410.310I |
| Day care, commercial (11+) |  |  |  |  |  |  |  | C |  | C |  |  | Section 410.310I |
| Day care, limited (5--10) | C | C | C | C |  |  |  | C |  |  |  |  | Section 410.310I |
| Drive-in or drive- through establishment |  |  |  |  |  |  |  | C | C | P |  |  |  |
| Exterminating services |  |  |  |  |  |  |  |  |  |  | P | P |  |
| Farm implement services |  |  |  |  |  | C |  |  |  | P | P | P |  |
| Farm-related services |  |  |  |  |  | C |  |  |  |  | P | P |  |
| Fertilizer sales and storage |  |  |  |  |  | C |  |  |  |  |  | C |  |"
18,Additional Zoning Details,Attachment 1 - Use Standards Chart,sub-sec-18.1,https://ecode360.com/attachment/331353/HI3322-410a%20Use%20Standards%20Chart.pdf,https://zoneomics.com/code/16241/chapter_18#18.1,True,3,"| Food and beverage services |  |  |  |  |  |  |  | P | P | P |  |  |  | HIGGINSVILLE CITY CODE |  | ZONING DISTRICTS | ZONING DISTRICTS | ZONING DISTRICTS | ZONING DISTRICTS | ZONING DISTRICTS | ZONING DISTRICTS | ZONING DISTRICTS | ZONING DISTRICTS | ZONING DISTRICTS | ZONING DISTRICTS | ZONING DISTRICTS | ZONING DISTRICTS | USE STANDARDS\* |
| --- | --- | --- | --- | --- | --- | --- | --- | --- | --- | --- | --- | --- | --- |
| USE | RESIDENTIAL | RESIDENTIAL | RESIDENTIAL | RESIDENTIAL | RESIDENTIAL | NON-RESIDENTIAL | NON-RESIDENTIAL | NON-RESIDENTIAL | NON-RESIDENTIAL | NON-RESIDENTIAL | NON-RESIDENTIAL | NON-RESIDENTIAL |  |
| REGULATIONS | ""SF-1"" | ""SF-2"" | ""SF-3"" | ""MR"" | ""MHP"" | ""AG"" | ""HS"" | ""GC"" | ""DC"" | ""HC"" | ""LI"" | ""HI"" |  |
| NON-RESIDENTIAL USES | NON-RESIDENTIAL USES | NON-RESIDENTIAL USES | NON-RESIDENTIAL USES | NON-RESIDENTIAL USES | NON-RESIDENTIAL USES | NON-RESIDENTIAL USES | NON-RESIDENTIAL USES | NON-RESIDENTIAL USES | NON-RESIDENTIAL USES | NON-RESIDENTIAL USES | NON-RESIDENTIAL USES | NON-RESIDENTIAL USES | NON-RESIDENTIAL USES |
| Food store |  |  |  |  |  |  |  | C | C | C |  |  |  |
| Food/bakery product manufacturing |  |  |  |  |  |  |  |  |  | C | P | P |  |
| Freight terminal |  |  |  |  |  |  |  |  |  |  | C | P |  |
| Funeral home |  |  |  |  |  |  |  | P | P | C |  |  |  |
| Gas and fuel sales/storage |  |  |  |  |  |  |  |  |  |  |  | P |  |
| Golf course, public | P | P | P | P | P | P |  |  |  |  |  |  |  |
| Government service |  |  |  |  |  |  | P | P | P | P | P | P |  |
| Grain elevator |  |  |  |  |  | C |  |  |  |  | P | P |  |
| Greenhouses, nurseries |  |  |  |  |  |  |  | P | P | C | P | P |  |
| Grocery store, general |  |  |  |  |  |  |  | C | C | P |  |  |  |
| Grocery store, limited |  |  |  |  |  |  |  | P | P | C |  |  |  |
| Gun shop |  |  |  |  |  |  |  | P | P | P |  |  |  |
| Hazardous operation |  |  |  |  |  |  |  |  |  |  |  |  |  |
| Health club |  |  |  |  |  | C | P | P | C | P |  |  |  |
| Heavy industrial uses |  |  |  |  |  |  |  |  |  |  |  | P |  |
| Heliport or helipad |  |  |  |  |  | C | C |  |  |  | P | P |  |
| Hospital |  |  |  |  |  |  | C |  |  | C | C | C |  |
| Hotel, motel or tourist court |  |  |  |  |  |  |  | C |  | P |  |  |  |
| Industrial waste disposal |  |  |  |  |  |  |  |  |  |  |  |  |  |
| Kennels |  |  |  |  |  |  |  |  |  |  | C | C | Section 410.310N | ZONING REGULATIONS |  | ZONING DISTRICTS | ZONING DISTRICTS | ZONING DISTRICTS | ZONING DISTRICTS | ZONING DISTRICTS | ZONING DISTRICTS | ZONING DISTRICTS | ZONING DISTRICTS | ZONING DISTRICTS | ZONING DISTRICTS | ZONING DISTRICTS | ZONING DISTRICTS | USE STANDARDS\* |
| --- | --- | --- | --- | --- | --- | --- | --- | --- | --- | --- | --- | --- | --- |
| USE | RESIDENTIAL | RESIDENTIAL | RESIDENTIAL | RESIDENTIAL | RESIDENTIAL | NON-RESIDENTIAL | NON-RESIDENTIAL | NON-RESIDENTIAL | NON-RESIDENTIAL | NON-RESIDENTIAL | NON-RESIDENTIAL | NON-RESIDENTIAL |  |
| REGULATIONS | ""SF-1"" | ""SF-2"" | ""SF-3"" | ""MR"" | ""MHP"" | ""AG"" | ""HS"" | ""GC"" | ""DC"" | ""HC"" | ""LI"" | ""HI"" |  |
| NON-RESIDENTIAL USES | NON-RESIDENTIAL USES | NON-RESIDENTIAL USES | NON-RESIDENTIAL USES | NON-RESIDENTIAL USES | NON-RESIDENTIAL USES | NON-RESIDENTIAL USES | NON-RESIDENTIAL USES | NON-RESIDENTIAL USES | NON-RESIDENTIAL USES | NON-RESIDENTIAL USES | NON-RESIDENTIAL USES | NON-RESIDENTIAL USES | NON-RESIDENTIAL USES |
| Landfill |  |  |  |  |  |  |  |  |  |  |  |  | Section 410.310O |
| Laundromat, coin- operated |  |  |  |  |  |  |  | P | P | P |  |  |  |
| Laundry, dry cleaning, dying |  |  |  |  |  |  |  | P |  | P | P |  |  |
| Laundry, garment services |  |  |  |  |  |  |  | P | P | P | P |  |  |
| Laundry plant |  |  |  |  |  |  |  |  |  |  | C | C |  |
| Library | C | C | C | C | C | P | P | P | P |  |  |  |  |
| Life care facilities |  |  |  |  |  |  | P |  |  |  |  |  |  |
| Light industrial uses (also see below) |  |  |  |  |  |  |  |  |  |  | P | P |  |
| Light industrial uses, when combined with related retail |  |  |  |  |  |  |  |  |  | C |  |  |  |
| Manufactured home sales |  |  |  |  |  |  |  |  |  | C |  |  |  |
| Manufacturing and assembly |  |  |  |  |  |  |  |  |  |  | P | P |  |
| Medical/dental services |  |  |  |  |  |  | P | P | P | P |  |  |  |
| Military service |  |  |  |  |  |  |  |  |  |  |  |  |  |
| Mining or quarrying |  |  |  |  |  |  |  |  |  |  |  | C | Section 410.310O |
| Modular building, commercial |  |  |  |  |  |  |  |  |  |  | C | C |  |
| Nursing home |  |  |  |  |  |  | P |  |  |  |  |  |  |
| Office, general |  |  |  |  |  |  |  | P | P | P |  |  |  |
| Oil or gas drilling/refining |  |  |  |  |  |  |  |  |  |  |  | C |  | HIGGINSVILLE CITY CODE |  | ZONING DISTRICTS | ZONING DISTRICTS | ZONING DISTRICTS | ZONING DISTRICTS | ZONING DISTRICTS | ZONING DISTRICTS | ZONING DISTRICTS | ZONING DISTRICTS | ZONING DISTRICTS | ZONING DISTRICTS | ZONING DISTRICTS | ZONING DISTRICTS |  |
| --- | --- | --- | --- | --- | --- | --- | --- | --- | --- | --- | --- | --- | --- |
| USE | RESIDENTIAL | RESIDENTIAL | RESIDENTIAL | RESIDENTIAL | RESIDENTIAL | NON-RESIDENTIAL | NON-RESIDENTIAL | NON-RESIDENTIAL | NON-RESIDENTIAL | NON-RESIDENTIAL | NON-RESIDENTIAL | NON-RESIDENTIAL | USE |
| REGULATIONS | ""SF-1"" | ""SF-2"" | ""SF-3"" | ""MR"" | ""MHP"" | ""AG"" | ""HS"" | ""GC"" | ""DC"" | ""HC"" | ""LI"" | ""HI"" | STANDARDS\* |"
18,Additional Zoning Details,Attachment 1 - Use Standards Chart,sub-sec-18.1,https://ecode360.com/attachment/331353/HI3322-410a%20Use%20Standards%20Chart.pdf,https://zoneomics.com/code/16241/chapter_18#18.1,True,4,"| NON-RESIDENTIAL USES | NON-RESIDENTIAL USES | NON-RESIDENTIAL USES | NON-RESIDENTIAL USES | NON-RESIDENTIAL USES | NON-RESIDENTIAL USES | NON-RESIDENTIAL USES | NON-RESIDENTIAL USES | NON-RESIDENTIAL USES | NON-RESIDENTIAL USES | NON-RESIDENTIAL USES | NON-RESIDENTIAL USES | NON-RESIDENTIAL USES | NON-RESIDENTIAL USES |
| Parking lot, commercial |  |  |  |  |  |  |  | C | C | C | P | P |  |
| Parks and recreation | P | P | P | P | P | P | P | P | P | P | P | P |  |
| Pawn shop |  |  |  |  |  |  |  | P | P | P |  |  |  |
| Personal services |  |  |  |  |  |  |  | P | P | P |  |  |  |
| Pet grooming |  |  |  |  |  |  |  | P |  | P | P | P |  |
| Post office | C | C | C | C | C | P | P | P | P |  |  |  |  |
| Print shop |  |  |  |  |  |  |  | P | P | P |  |  |  |
| Printing and publishing |  |  |  |  |  |  |  |  |  |  | P | P |  |
| Private club |  |  |  |  |  | C |  | C |  | C | C |  |  |
| Professional office |  |  |  |  |  |  |  | P | P | P |  |  |  |
| Public utility owned facilities | C | C | C | C | C | C | C | C | C | C | P | P |  |
| Recreation and entertainment, indoor |  |  |  |  |  |  |  | P | P | P |  |  |  |
| Recreation and entertainment, outdoor |  |  |  |  |  | P |  | P | C | P |  |  | Section 410.310R |
| Recreation vehicle park |  |  |  |  |  |  |  |  |  |  |  |  | Section 410.310S |
| Religious assembly | C | C | C | C | C | C | C | C | C | C | C | C |  |
| Repair service |  |  |  |  |  |  |  | P |  | P | P | P |  |
| Research service |  |  |  |  |  |  |  | P |  | P | P | P |  |
| Restaurant, fast- food |  |  |  |  |  |  |  | C | C | C |  |  |  |
| Restaurant, general |  |  |  |  |  |  |  | P | P | P |  |  |  |
| Retail sales and service |  |  |  |  |  |  | C | P | P | P |  |  |  | ZONING REGULATIONS |  | ZONING DISTRICTS | ZONING DISTRICTS | ZONING DISTRICTS | ZONING DISTRICTS | ZONING DISTRICTS | ZONING DISTRICTS | ZONING DISTRICTS | ZONING DISTRICTS | ZONING DISTRICTS | ZONING DISTRICTS | ZONING DISTRICTS | ZONING DISTRICTS |  |
| --- | --- | --- | --- | --- | --- | --- | --- | --- | --- | --- | --- | --- | --- |
| USE | RESIDENTIAL | RESIDENTIAL | RESIDENTIAL | RESIDENTIAL | RESIDENTIAL | NON-RESIDENTIAL | NON-RESIDENTIAL | NON-RESIDENTIAL | NON-RESIDENTIAL | NON-RESIDENTIAL | NON-RESIDENTIAL | NON-RESIDENTIAL | USE |
| REGULATIONS | ""SF-1"" | ""SF-2"" | ""SF-3"" | ""MR"" | ""MHP"" | ""AG"" | ""HS"" | ""GC"" | ""DC"" | ""HC"" | ""LI"" | ""HI"" | STANDARDS\* |
| NON-RESIDENTIAL USES | NON-RESIDENTIAL USES | NON-RESIDENTIAL USES | NON-RESIDENTIAL USES | NON-RESIDENTIAL USES | NON-RESIDENTIAL USES | NON-RESIDENTIAL USES | NON-RESIDENTIAL USES | NON-RESIDENTIAL USES | NON-RESIDENTIAL USES | NON-RESIDENTIAL USES | NON-RESIDENTIAL USES | NON-RESIDENTIAL USES | NON-RESIDENTIAL USES |
| Roadside stands |  |  |  |  |  | P |  |  | P | P |  |  | Section 410.310A |
| Safety service |  |  |  |  |  | P | P | P | P | P | P | P |  |
| Salvage yard |  |  |  |  |  |  |  |  |  |  |  | P | Section 410.310U |
| School, elementary, middle or high | C | C | C | C | C | P |  |  |  |  |  |  |  |
| Schools for developmentally disabled |  |  |  |  |  |  | C |  |  |  |  |  |  |
| Service station, automotive |  |  |  |  |  |  |  | P |  | P |  |  |  |
| Service station, truck stop |  |  |  |  |  |  |  |  |  | P |  |  |  |
| Shooting range |  |  |  |  |  | C |  |  |  |  | C |  |  |
| Solid waste collection/ processing |  |  |  |  |  |  |  |  |  |  |  | C | Section 410.310W |
| Solid waste transfer station |  |  |  |  |  | C |  |  |  |  |  | C | Section 410.310W |
| Stable, commercial |  |  |  |  |  | C |  |  |  |  |  |  |  |
| Stockyard |  |  |  |  |  |  |  |  |  |  |  | C |  |
| Studio, television, film, radio, music |  |  |  |  |  | C |  | P | C | P |  |  |  |
| Swimming pool, public | P | P | P | P | P | P |  |  |  |  |  |  |  |
| Taxidermy |  |  |  |  |  |  |  |  |  | P | P | P |  |
| Title loan business |  |  |  |  |  |  |  | C |  | C |  |  |  |
| Transit facility |  |  |  |  |  |  | C | C | C | C |  |  |  |
| Used merchandise store |  |  |  |  |  |  |  | P | P | P |  |  |  |
| Utility, major | C | C | C | C | C | P | P | P | P | P | P | P |  |
| Utility, minor | P | P | P | P | P | P | P | P | P | P | P | P |  | HIGGINSVILLE CITY CODE |  | ZONING DISTRICTS | ZONING DISTRICTS | ZONING DISTRICTS | ZONING DISTRICTS | ZONING DISTRICTS | ZONING DISTRICTS | ZONING DISTRICTS | ZONING DISTRICTS | ZONING DISTRICTS | ZONING DISTRICTS | ZONING DISTRICTS | ZONING DISTRICTS |  |
| --- | --- | --- | --- | --- | --- | --- | --- | --- | --- | --- | --- | --- | --- |
| USE | RESIDENTIAL | RESIDENTIAL | RESIDENTIAL | RESIDENTIAL | RESIDENTIAL | NON-RESIDENTIAL | NON-RESIDENTIAL | NON-RESIDENTIAL | NON-RESIDENTIAL | NON-RESIDENTIAL | NON-RESIDENTIAL | NON-RESIDENTIAL | USE STANDARDS\* |
| REGULATIONS | ""SF-1"" | ""SF-2"" | ""SF-3"" | ""MR"" | ""MHP"" | ""AG"" | ""HS"" | ""GC"" | ""DC"" | ""HC"" | ""LI"" | ""HI"" | USE STANDARDS\* |
| NON-RESIDENTIAL USES | NON-RESIDENTIAL USES | NON-RESIDENTIAL USES | NON-RESIDENTIAL USES | NON-RESIDENTIAL USES | NON-RESIDENTIAL USES | NON-RESIDENTIAL USES | NON-RESIDENTIAL USES | NON-RESIDENTIAL USES | NON-RESIDENTIAL USES | NON-RESIDENTIAL USES | NON-RESIDENTIAL USES | NON-RESIDENTIAL USES | NON-RESIDENTIAL USES |
| Vehicle and equipment sales |  |  |  |  |  |  |  | C | C | P | P |  | Section 410.310Z |
| Vehicle repair services |  |  |  |  |  |  |  |  |  |  | P |  |  |
| Vehicle repair, general |  |  |  |  |  |  |  | C |  | C | P |  |  || Vehicle repair, limited |  |  |  |  |  |  |  | C |  | C | P |  |  |
| Vehicle/equipment storage yard |  |  |  |  |  |  |  |  |  | C | P | P |  |
| Vocational school |  |  |  |  |  |  |  | P | C | P | C |  |  |
| Warehouse, residential storage |  |  |  |  |  |  |  |  |  | C | P | P |  |
| Warehousing and wholesale |  |  |  |  |  |  |  |  |  |  | P | P |  |
| Welding or machine shop |  |  |  |  |  |  |  |  |  |  | P | P |  |
| Zoo/aquarium |  |  |  |  |  |  |  | C |  | C | C |  |  |"
18,Additional Zoning Details,Attachment 2 - Transition Buffer Requirements,sub-sec-18.2,https://ecode360.com/attachment/331353/HI3322-410b%20Transition%20Buffer%20Requirements.pdf,https://zoneomics.com/code/16241/chapter_18#18.2,False,0,"ZONING REGULATIONS 410 Attachment 2 City of Higginsville Transition Buffer Requirements |  | ADJACENT ZONING | ADJACENT ZONING | ADJACENT ZONING | ADJACENT ZONING | ADJACENT ZONING | ADJACENT ZONING | ADJACENT ZONING | ADJACENT ZONING | ADJACENT ZONING |
| --- | --- | --- | --- | --- | --- | --- | --- | --- | --- |
| Zoning of the Proposed Development | ""AG"" | ""SF-1""--""SF-3"" | ""MR"" | ""MHS"" | ""HS"" | ""GC"" | ""DC"" | ""HC"" | ""LI""--""HI"" |
| ""AG"" |  |  |  |  |  |  |  |  |  |
| ""SF-1""--""SF-3"" |  | R |  |  |  |  |  |  |  |
| ""MR"" |  | R |  |  |  |  |  |  |  |
| ""MHS"" | R | R | R |  |  |  | R |  |  |
| ""HS"" | R | R | R | R |  |  | R |  |  |
| ""GC"" | R | R | R | R | R |  | R |  |  |
| ""DC"" | R | R | R | R |  |  |  |  |  |
| ""HC"" | R | R | R | R | R | R |  | R |  |
| ""LI"" | R | R | R | R | R | R | R | R |  |
| ""HI"" | R | R | R | R | R | R | R | R |  |"
18,Additional Zoning Details,Attachment 3 - Appendix A - Schedule of Fees,sub-sec-18.3,https://ecode360.com/attachment/331353/HI3322-410c%20Appendix%20A.pdf,https://zoneomics.com/code/16241/chapter_18#18.3,False,0,"ZONING REGULATIONS 410 Attachment 3 City of Higginsville Appendix A-Schedule of Fees [R.O.
2009 App.
A; Ord.
No.
2071
§ 1, 5-17-04; Ord.
No.
2172
§ 1, 4-17-06] | Item | Fee |
| --- | --- |
| Rezoning Application | $75.00 plus hard charges |
| Conditional Use Permit Application | $75.00 plus hard charges |
| Variance Application | $75.00 plus hard charges |
| Appeal of Administrative Decision | $75.00 plus hard charges |
| Lot Split | $50.00 plus hard charges |
| Minor Site Plan Application | $50.00 plus hard charges |
| Major Site Plan Application | $100.00 plus hard charges |"
