chapter_no,heading_1,heading_2,heading_3,sub_section_no,source_url,zoneomics_url,is_sub_chunk,sub_chunk_no,text
1,ARTICLE I. - IN GENERAL,Sec. 42-1.- Definitions., ,sub-sec-1.1,https://library.municode.com/mo/mexico/codes/code_of_ordinances?nodeId=COOR_CH42ZO_ARTIINGE_S42-1DE,https://zoneomics.com/code/16258/chapter_1#1.1,True,1,"The following words, terms and phrases, when used in this chapter, shall have the meanings ascribed to them in this section, except where the context clearly indicates a different meaning:
Accessory building or use means a subordinate building or a portion of the main building, the use of which is incidental to that of the dominant use of the main building or land.
An accessory use is one which is incidental to the main use of the premises.
The term ""accessory building"" shall also mean ground-mounted television satellite receivers.
Adult day care facility means a group facility designed to provide care and supervision to meet the needs of functionally impaired adults for periods of less than 24 hours but more than two hours per day in a place other than the adult's own home.
Alley means a way which affords only a secondary means of access to property abutting thereon, or which is less than 20 feet wide.
Apartment means a room or suite of rooms used as a dwelling, including bath and culinary accommodations, located in a building in which there are three or more such rooms or suites.
Apartment house.
See Dwelling, multiple.
Automobile or motor vehicle wrecking shop.
Every person who shall acquire a motor vehicle for the purpose of dismantling it or who shall sell or offer for sale a part from a dismantled motor vehicle is hereby declared to be engaged in the business or occupation of operating an automobile or motor vehicle wrecking shop.
Automobile parking lot means a permanently surfaced area available for compensation, free, or as an accommodation to employees, clients, or customers for the short-term parking of operable vehicles either within a structure or in the open and connected to a public street, alley, or other public way by a permanently surfaced driveway or access drive.
The term shall also apply to parking garages or parking structures.
For parking for the storage of vehicles, see ""motor vehicle storage"".
Automobile salvage or wrecking yard means any area of land where one or more inoperable motor vehicles or parts thereof, are stored in the open and are not being restored to operations.
Basement means that portion of a building that is partly or completely below grade.
Basement, finished, means any basement or portion of a basement that is utilized as living space.
Bed and breakfast means a single-family residence where there are guest rooms provided for overnight stay with breakfast being the only meal served, and where the host resides on the property.
Rental of property for receptions and other social gatherings in accordance with health and safety regulations, limited to ten per year, is allowed, providing:
(1) Permit is obtained from city/county health department for each occasion.
(2) Food preparation is by licensed caterer and not prepared at residence.
(3) No alcoholic beverages are served, unless an appropriate license is obtained.
Boarding house means a building other than a hotel or motel where, for compensation and by arrangement, meals or lodging and meals are provided for three or more persons.
The term ""boarding house"" and ""apartment hotel"" may be used interchangeably in this chapter.
Building means any structure designed or built for the support, enclosure, shelter or protection of persons, animals, chattels or property of any kind.
Building, height of, means the vertical distance from the grade to the highest point of the coping of a flat roof or the deck line of a mansard roof, or to the mean height level between eaves and ridge for gable, hip and gambrel roofs.
Clinic, medical, means an establishment where patients, who are not lodged overnight, are admitted for examination and treatment by a group of physicians or dentists practicing medicine or dentistry together.
Contractor's storage yard, commercial, means a parcel of land on which there is a permanent structure, properly licensed for business, with an area of the property designated for the storage of equipment, supplies or materials meeting the following conditions:
(1) Type of storage permitted.
Only vehicles, equipment, supplies or materials consistent with the overall principal use of the business shall be permitted.
(2) Equipment.
Equipment shall be limited to a maximum weight class of 7.5 tons.
All equipment shall be maintained in an operable condition.
(3) Supplies and materials.
Supplies and or materials shall have a neat and orderly appearance.
Supplies and or materials shall be stacked not higher than six feet in height.
Refuse or debris shall not be stored.
(4) Location.
All outdoor storage shall be located in either a side or rear yard.
No outdoor storage shall be located within ten feet of a public right-of-way line.
Contractor's storage yard, industrial, means a parcel of land on which there is a permanent structure, properly licensed for business, with an area of the property designated for the storage of equipment, supplies or materials meeting the following conditions:
(1) Type of storage permitted.
Only vehicles, equipment, supplies or materials consistent with the overall principal use of the business shall be permitted.
(2) Equipment.
Equipment shall not be limited in weight class.
All equipment shall be maintained in operable condition.
(3) Supplies and materials.
Supplies and or materials shall have a neat and orderly appearance.
Refuse or debris shall not be stored.
(4) Location.
All outdoor storage shall be located in either a side or rear yard.
No outdoor storage shall be located within ten feet of a public right-of-way line.
Convenience store means a place of business primarily engaged in the retail sale of gasoline and may include accessory uses, such as but not limited to restaurants, carwashes, and retail sales.
Allowed accessory uses shall not include automobile repairs or video gambling devices as regulated by state law.
Also see ""gasoline filling station"".
District means a section of the city for which the zoning regulations governing the use of buildings and premises, the height of buildings, the size of yards, and the intensity of use are uniform.
Dwelling means any building or portion thereof which is designed for or used exclusively for residential purposes and complies with the city's building, plumbing, heating and electrical codes.
Dwelling, multiple, means a building designed for or occupied exclusively by more than two families."
1,ARTICLE I. - IN GENERAL,Sec. 42-1.- Definitions., ,sub-sec-1.1,https://library.municode.com/mo/mexico/codes/code_of_ordinances?nodeId=COOR_CH42ZO_ARTIINGE_S42-1DE,https://zoneomics.com/code/16258/chapter_1#1.1,True,2,"Dwelling, single-family, means a building designed for or occupied by one family.
Dwelling, two-family, means a building designed for or occupied exclusively by two families.
Family means one or more persons who are related by blood or marriage, living together and occupying a single housekeeping unit with single kitchen facilities, or a group of not more than four unrelated individuals living together by joint agreement and occupying a single housekeeping unit with single kitchen facilities, on a nonprofit cost-sharing basis.
A family shall, under no circumstances, be construed as a boardinghouse, fraternity or sorority house, club, lodging house, hotel or motel.
Financial institution means any bank, bank holding company, sales finance company, consumer finance company, credit union, lender, savings and loan association, savings and loan association company, savings and loan association service corporation, company operating under the mortgage brokerage laws of this state, or any subsidiary of any of the foregoing.
This definition shall not include ""pay-day loan"" or ""cash advance loan"" businesses.
Frontage means all property on one side of a street between two intersecting streets (crossing or terminating), measured along the line of the street, or if the street is dead-ended, then all of the property abutting on one side between an intersecting street and the dead-end of the street.
Garage, private, means an accessory building designed or used for the storage of not more than four motor-driven vehicles owned and used by the occupants of the building to which it is accessory.
Not more than one of the vehicles may be a commercial vehicle of not more than two-ton capacity.
Garage, public, means a building or portion thereof other than a private or storage garage, designed or used for equipping, servicing, repairing, hiring, selling or storing motor-driven vehicles.
Garage, storage, means a building or portion thereof designed or used exclusively for housing more than four motor-driven vehicles.
Gasoline filling station means any building, structure or land used for the dispensing, sale or offering for sale at retail of any automobile fuels, oils or accessories, including lubrication of automobiles and replacement or installation of minor parts and accessories, but not including major repair work such as motor replacement, body and fender repair or spray painting.
Golf driving range means an area on which players drive golf balls from one or more driving tees.
Such area may include the driving tee area, an area into which golf balls are hit, and accessory activities such as areas where buckets of golf balls, clubs, golf accessories, and food and drink refreshments can be purchased as well as storage structures for property maintenance purposes.
Grade means the following:
(1) For buildings having walls adjoining one street only, the elevation of the sidewalk at the center of the wall adjoining the street.
(2) For buildings having walls adjoining more than one street, the average of the elevation of the sidewalks at the centers of all walls adjoining the streets.
(3) For buildings having no wall adjoining the street, the average level of the finished surface of the ground adjacent to the exterior walls of the building.
(4) Any wall approximately parallel to and not more than five feet from a street line shall be considered as adjoining the street.
Where no sidewalk exists, the grade shall be established by the building official.
Group home means a residential facility serving nine or fewer residents, similar in appearance to a single-family dwelling and providing basic health supervision, habilitation training in skills of daily and independent living and community integration, and social support.
Group homes do not include a family living arrangement or individualized supported living.
Home occupation means any occupation or activity carried on by a member of the immediate family, residing on the premises, in connection with which there is used no display that will indicate from the exterior that the building is being utilized in part for any purpose other than that of a dwelling, except as permitted elsewhere in this chapter, and in which no commodity is sold upon the premises, and in which no person is employed other than a member of the immediate family residing on the premises, and no mechanical equipment is used except of a type that is similar in character to that normally used for purely domestic or household purpose and no traffic shall be generated by patrons or deliveries that is not characteristic of that which is typical for the neighborhood.
The term ""home occupation"" includes the use of premises by a physician, surgeon, dentist, lawyer, clergyman or other professional person for consultation or emergency treatment, but not for the general practice of his profession.
Hotel means a building in which lodging or boarding and lodging are provided and offered to the public for compensation and in which ingress and egress to and from all rooms is made through an inside lobby or office supervised by a person in charge at all hours.
As such, it is open to the public in contradistinction to a boardinghouse, a lodginghouse, or an apartment house which are herein separately defined.
Institution means a building occupied by a nonprofit corporation or a nonprofit establishment for public use.
Junk means discarded material of any nature or substance whatsoever, or any scrap or salvage materials, including, but not limited to, paper, rags, scrap iron, or other metals, glass, bottles, cans, barrels, lumber, appliances, furniture, tires, plumbing fixtures, plastic, vehicle or machinery parts, cans, bicycle parts, brush, beds, mattresses, box springs, household appliances or household goods.
Junkyard means an open area where junk or secondhand materials are bought, sold, exchanged, stored, baled, packed, disassembled or handled.
Also see ""automobile' or 'motor vehicle wrecking shop"".
Laundromat means a business that provides home-type washing, drying or ironing machines and professional-type cleaning and pressing equipment for hire to be used by customers on the premises.
Loading space means a space within the main building or on the same lot, providing for the standing, loading or unloading of trucks, which space shall have a minimum dimension of 12 by 35 feet and a vertical clearance of at least 14 feet."
1,ARTICLE I. - IN GENERAL,Sec. 42-1.- Definitions., ,sub-sec-1.1,https://library.municode.com/mo/mexico/codes/code_of_ordinances?nodeId=COOR_CH42ZO_ARTIINGE_S42-1DE,https://zoneomics.com/code/16258/chapter_1#1.1,True,3,"Lodging establishment means any building, group of buildings, structure, facility, place, or places of businesses where guest rooms are provided, which is owned, maintained, or operated by any person and which is kept, used, maintained, advertised, or held out to the public for hire which can be construed to be a hotel, motel, motor hotel, apartment hotel, tourist court, resort, cabins, tourist home, bunkhouse, dormitory, or other similar place by whatever name called, and includes all accommodations operated for hire as lodging establishments for either transient guest, permanent guest, or for both transient and permanent guests.
Lodginghouse means a building other than a hotel where lodging only is provided for three or more but not more than 20 persons.
Lot means a parcel of land occupied or intended for occupancy by a use permitted in this chapter, including one main building together with its accessory buildings, the open spaces and parking spaces required by this chapter, and having its principal frontage upon a street or upon an officially approved place.
Lot, corner, means a lot abutting upon two or more streets at their intersection.
Lot depth means the mean horizontal distance between the front and rear lot lines.
Lot, double frontage, means a lot having a frontage on two nonintersecting streets as distinguished from a corner lot.
Lot of record means a lot which is part of a subdivision, the map of which has been recorded in the office of the recorder of deeds of the county, or a parcel of land, the deed of which was recorded in the office of the recorder of deeds prior to October 12, 1953. Manufactured home means a structure, transportable in one or more sections, which, in the traveling mode, is eight body feet or more in width or 40 body feet or more in length or, when erected on site, is 320 or more square feet and which is built on a permanent chassis and designed to be used as a dwelling with a permanent foundation when connected to the required utilities and includes the plumbing, heating, air-conditioning, and electrical systems contained therein; except that such term shall include any structure which meets all the requirements of this paragraph except the size requirements and with respect to which the manufacturer voluntarily files a certification required by the secretary of housing and urban development and complies with the standards established under the National Manufactured Housing Construction and Safety Standards Act of 1974, 42 USC
Section 5401 et seq.
Miniature golf course means a novelty version of golf confined to an area comprised of less than one acre played with a putter and a golf ball on a course with an artificial playing surface and including obstacles such as bridges and tunnels.
Mobile home means a structure, transportable in one or more sections, which, in the traveling mode, is eight body feet or more in width or 40 body feet or more in length or, when erected on site, is 320 or more square feet and which is built on a permanent chassis and designed to be used as a dwelling with or without a permanent foundation when connected to the required utilities and includes the plumbing, heating, air-conditioning, and electrical systems contained therein and manufactured prior to June 15, 1976. Modular home means a factory-built home, other than a manufactured home, which meets all of the following requirements: is designed only for erection or installation on a site-built permanent foundation; is not designed to be moved once so erected or installed; is designed and manufactured to comply with a local modular building code recognized as generally equivalent to building codes for site- built housing; or to the manufacturer's knowledge, is not intended to be used other than on a site built permanent foundation.
Motor court ormotel means a building or group of buildings used primarily for the temporary residence of motorists or travelers.
Motor vehicle storage facility means an open area or structure designed or used for the storage and parking of vehicles, including recreational vehicles or boats, for compensation but not for the repair, dismantling, or salvage of vehicles.
Such storage areas may include those associated with self-service storage facilities / mini-warehouse uses, or facilities for temporary placement of operable or inoperable vehicles prior to lease or sale.
Also see ""automobile parking lot,"" ""auto wrecking yards and junkyards,"" and ""contractor storage yard"" which are each distinct from this use.
Nonconforming building means a building or a portion thereof, which does not conform to the height and area requirements of the district in which it is situated.
Nonconforming use means the use of land or a building, or portion thereof, which use does not conform with the use regulations of the district in which it is situated.
Nursing home means a private home, institution, building, residence or other place, whether operated for profit or not, which provides through its ownership or management maintenance, personal care or nursing for three or more individuals not related to the operator, who, by reason of illness, physical infirmities, or advanced age are unable to care for themselves, or provides shelter to three or more individuals not related to the operator and treatment or services which meet some need of the individual beyond the basic requirements of food, shelter, and laundry.
The term ""nursing home"" shall not include the following:
(1) A home, institution or other place operated by the federal government or agency thereof;
(2) A hospital, sanitarium or other institution whose principal activity or business is providing facilities for the care or treatment of persons suffering from mental or nervous diseases;
(3) A hospital licensed under the provisions of RSMo ch.
197; or (4) Any child welfare facility or maternity hospital required to be licensed by the state.
Office building means a building the use of which is devoted exclusively to offices.
Owner means the person responsible for obtaining a license from the city for operating a place of business or lodging establishment.
Parking area means an open, unoccupied space used or required for use for parking of vehicles exclusively and in which no gasoline or vehicular accessories are sold or no other business is conducted and no fees are charged."
1,ARTICLE I. - IN GENERAL,Sec. 42-1.- Definitions., ,sub-sec-1.1,https://library.municode.com/mo/mexico/codes/code_of_ordinances?nodeId=COOR_CH42ZO_ARTIINGE_S42-1DE,https://zoneomics.com/code/16258/chapter_1#1.1,True,4,"Parking lot means an open-surfaced area used exclusively for the temporary storage of motor vehicles and within which motor fuels and oils may be sold and fees charged, but no vehicles may be equipped, repaired, rented or sold.
Parking space means a surfaced area, enclosed in the main building or in an accessory building or unenclosed, having an area of not less than 180 square feet, exclusive of driveways, permanently reserved for the temporary storage of one automobile and connected with a street or alley by a surfaced driveway which affords satisfactory ingress and egress for automobiles.
Pay-day loan business means any business, except for financial institutions, that provides funds to a consumer for a limited time in exchange for a consumer's personal check or share draft in the amount of funds provided to the consumer plus a fee, where negotiation of such check or share draft is deferred by agreement of the parties until a designated future date.
Permanent guest means any person who rents and occupies a guest room in a lodging establishment for a period of 31 days or more.
Person means any individual, partnership, corporation, association, organization, firm, or federal, state, county, city, village, or municipal association or corporation.
Place means an open, unoccupied space or a public or private thoroughfare other than a street or alley permanently reserved as the principal means of access to abutting property.
Private school means an institution of learning which provides a curriculum essentially similar to a public elementary school, high school or college, or any combination of such curriculums; however, a private school's curriculum may include study and training in areas not allowed in public schools, such as religion and military science.
The term ""private school"" shall not include, unless otherwise indicated, a dancing school, school of cosmetology or any other schools which teach primarily a trade or skill.
Roominghouse.
See Lodginghouse.
Shipping container storage units (aka shipping containers) means an intermodal freight container or other large container, in whole or in part, designed and manufactured for the reusable storage and transport of materials and products.
The term shipping container shall also include the box portion, whether on or off axles, of a truck designed for hauling freight.
Story means the portion of a building between the surface of any floor and the surface of the floor next above it, or if there be no floor above it, then the space between the floor and the ceiling next above it.
Story, half, means a partial story under a gable, hip or gambrel roof, the wall plates of which on at least two opposite exterior walls are not more than three feet above the floor of such story, except that any partial story used for residence purposes or by a family occupying the floor immediately below it, shall be deemed a full story.
Street means a public or private thoroughfare which affords the principal means of access to abutting property.
Street line means a dividing line between a lot, tract or parcel of land and a contiguous street.
Structural alterations means any change in the supporting members of a building, such as bearing walls, partitions, columns, beams or girders, or any substantial change in the roof or in the exterior walls, excepting such repair or replacement as may be required for the safety of the building, but not in bearing walls as permitted by existing ordinances.
Structure means anything constructed or erected, the use of which requires more or less permanent location on the ground or attached to something having a permanent location on the ground, including, but without limiting the general inclusiveness of the foregoing, advertising signs, billboards, back stops for tennis courts and pergolas.
Tourist home means a building other than a hotel where lodging is provided and offered to the public for compensation for not more than 20 individuals and open to transient guests, with which there is used only one sign not more than two square feet in area.
Transient guest means any person who rents and occupies a guest room in a lodging establishment for a period of less than 31 days.
Undertaking establishment means an establishment engaged in services such as preparing the deceased for burial and arranging and managing funerals.
By way of example, typical uses include funeral homes or mortuaries.
Winery means a business that produces less than 5,000 cases per year.
A winery shall provide at least two of the following four activities on site: crushing, fermentation, bulk aging/storing and bottling.
When this criterion is met, accessory tasting rooms are allowed.
Yard means an open space at grade between a building and the adjoining lot lines, unoccupied and unobstructed by any portion of a structure from the ground upward, except as otherwise provided in this chapter.
In measuring a yard for the purpose of determining the width of a side yard, the depth of a front yard or the depth of a rear yard, the minimum horizontal distance between the lot line and the main building shall be used.
Yard, front, means a yard extending across the front of a lot and being the minimum horizontal distance between the street or place line and the main building or any projections thereof other than the projections of the usual uncovered steps, uncovered balconies, or uncovered porch.
The front yard shall be considered as parallel to the street upon which the main entrance to the dwelling faces.
Yard, rear, means a yard extending across the rear of a lot and being the required minimum horizontal distance between the rear lot line and the rear of the main building or any projections thereof other than the projections of uncovered steps, unenclosed balconies or unenclosed porches.
On both corner lots and interior lots the rear yard shall in all cases be at the opposite end of the lot from the front yard.
Yard, side, means a yard between the main building and the side line of the lot, and extending from the required front yard to the required rear yard, and being the minimum horizontal distance between a side lot line and the side of the main building or any projections thereof.
(Code 1969, § 46-1; Code 1988, § 15-1; Ord.
No.
3140, § 1, 6-8-1981; Ord.
No.
3287, § 1, 7-22-1985; Ord.
No.
3305, § 1, 1-13-1986; Ord.
No.
3523, § 1, 9-10-1992; Ord.
No.
3535, §§ 1, 2, 2-8-1993; Ord.
No.3560, § 1, 8-23-1993; Ord.
No.
3617, § 1, 5-8-1995; Ord.
No.
3837, § 1, 9-15-1999; Ord.
No.
4212, § 1, 9-27-2011; Ord.
No.
4476, § 1, 6-14-2021; Ord.
No.
4552, § 1(Exh.
A), 3-25-2024)"
1,ARTICLE I. - IN GENERAL,Sec. 42-2. - Purpose of chapter; interpretation and application; conflicts., ,sub-sec-1.2,https://library.municode.com/mo/mexico/codes/code_of_ordinances?nodeId=COOR_CH42ZO_ARTIINGE_S42-2PUCHINAPCO,https://zoneomics.com/code/16258/chapter_1#1.2,False,0,"In interpreting and applying the provisions of this chapter they shall be held to be the minimum requirements for the promotion of the public safety, health, convenience, comfort, prosperity and general welfare.
It is not intended by this chapter to interfere with or abrogate or annul any ordinance, rule, regulation or permit previously adopted or issued, and not in conflict with any of the provisions of this chapter, or which shall be adopted or issued pursuant to law relating to the use of buildings or premises, and likewise not in conflict with this chapter; nor is it intended by this chapter to interfere with or abrogate or annul any easement, covenant or other agreement between parties, except that if this chapter imposes a greater restriction, this chapter shall control.
(Code 1969, § 46-2; Code 1988, § 15-2; Ord.
No.
4552, § 1(Exh.
A), 3-25-2024)"
1,ARTICLE I. - IN GENERAL,Sec. 42-3. - City manager's authority to prevent and abate violations of chapter., ,sub-sec-1.3,https://library.municode.com/mo/mexico/codes/code_of_ordinances?nodeId=COOR_CH42ZO_ARTIINGE_S42-3CIMAAUPRABVICH,https://zoneomics.com/code/16258/chapter_1#1.3,False,0,"In case any building or structure is erected, constructed, reconstructed, altered, converted or maintained, or any building, structure or land is used in violation of this chapter or any regulation made under authority conferred thereby, the city manager may institute any proper action or proceedings to:
(1) Prevent such unlawful erection, construction, reconstruction, alteration, conversion, maintenance or use;
(2) Restrain, correct or abate such violation;
(3) Prevent occupancy of such building, structure or land; or (4) Prevent any illegal act, conduct, business or use in and to such premises.
(Code 1969, § 46-3; Code 1988, § 15-3; Ord.
No.
4552, § 1(Exh.
A), 3-25-2024)"
1,ARTICLE I. - IN GENERAL,Sec. 42-4. - Criminal penalty for violation of chapter., ,sub-sec-1.4,https://library.municode.com/mo/mexico/codes/code_of_ordinances?nodeId=COOR_CH42ZO_ARTIINGE_S42-4CRPEVICH,https://zoneomics.com/code/16258/chapter_1#1.4,False,0,"The owner or general agent of a building or premises where a violation of any provision of this chapter has been committed or shall exist, or the lessee or tenant of an entire building or entire premises where such violation has been committed or shall exist, or the owner, general agent, lessee or tenant of any part of the building or premises in which such violation has been committed or shall exist, or the general agent, architect, builder, contractor or any other person who commits, takes part or assists in any such violation or who maintains any building or premises in which any such violation shall exist shall be punished by a fine of not less than $10.00 and not more than $100.00 for each day that such violation continues, but if the offense be willful, on conviction thereof, the punishment shall be a fine of not less than $100.00 or more than $250.00 for each day that such violation shall continue or by imprisonment for ten days for each day such violation shall continue or by both such fine and imprisonment in the discretion of the court.
(Code 1969, § 46-4; Code 1988, § 15-4; Ord.
No.
4552, § 1(Exh.
A), 3-25-2024)"
2,ARTICLE II.- ADMINISTRATION,DIVISION 1. - GENERALLY,Sec. 42-27. - Building construction types and uses.,sub-sec-2.1.1,https://library.municode.com/mo/mexico/codes/code_of_ordinances?nodeId=COOR_CH42ZO_ARTIIAD_DIV1GE_S42-27BUCOTYUS,https://zoneomics.com/code/16258/chapter_2#2.1.1,False,0,"The purpose of these regulations is to establish a relationship within zoning districts between buildings, structures and land uses and to set the criteria for regulating building construction types and uses.
Further, the purpose of these regulations is to:
(1) Maintain district integrity and preserve the existing character of the district by requiring comparable building construction and building design (main or accessory) for their intended specific use within an established district; and
(2) Maintain districts with compatible land uses for their intended specific use within an established district; and
(3) Provide residents the opportunity to use their property to enhance or fulfill personal objectives as long as the use of the property is not incompatible with like buildings, land use or character of the neighborhood.
(Ord.
No.
4476, § 1, 6-14-2021)"
2,ARTICLE II.- ADMINISTRATION,DIVISION 2. - ADMINISTERING OFFICER,Sec. 42-56. - Powers and duties generally.,sub-sec-2.2.1,https://library.municode.com/mo/mexico/codes/code_of_ordinances?nodeId=COOR_CH42ZO_ARTIIAD_DIV2ADOF_S42-56PODUGE,https://zoneomics.com/code/16258/chapter_2#2.2.1,False,0,"It shall be the duty of the administering officer to enforce this division.
The administering officer shall receive applications required by this division, issue permits and furnish prescribed certificates.
He shall examine premises for which permits have been issued, and shall make necessary inspections to see that applicable provisions of law are complied with.
He shall enforce all laws relating to the construction, alteration, repair, removal, demolition, equipment, use and occupancy, location and maintenance of buildings and structures, except as may be otherwise provided for.
He shall, when requested by the city manager or when the interests of the city so require, make investigations in connection with matters referred to in this division and render written reports thereon.
For the purpose of enforcing compliance with this division or state or federal law, he shall issue such notices or orders as may be necessary.
(Code 1969, § 46-6; Code 1988, § 15-31)"
2,ARTICLE II.- ADMINISTRATION,DIVISION 2. - ADMINISTERING OFFICER,Sec. 42-57. - Inspections.,sub-sec-2.2.2,https://library.municode.com/mo/mexico/codes/code_of_ordinances?nodeId=COOR_CH42ZO_ARTIIAD_DIV2ADOF_S42-57IN,https://zoneomics.com/code/16258/chapter_2#2.2.2,False,0,"Inspections shall be made by the administering officer or a duly appointed assistant.
(Code 1969, § 46-7; Code 1988, § 15-32)"
2,ARTICLE II.- ADMINISTRATION,DIVISION 2. - ADMINISTERING OFFICER,Sec. 42-58. - Authority to make rules.,sub-sec-2.2.3,https://library.municode.com/mo/mexico/codes/code_of_ordinances?nodeId=COOR_CH42ZO_ARTIIAD_DIV2ADOF_S42-58AUMARU,https://zoneomics.com/code/16258/chapter_2#2.2.3,False,0,"For carrying into effect the provisions of this division, the administering officer may adopt such rules consistent therewith as may be necessary.
(Code 1969, § 46-8; Code 1988, § 15-33)"
2,ARTICLE II.- ADMINISTRATION,DIVISION 2. - ADMINISTERING OFFICER,Sec. 42-59. - Records and papers to be kept; availability to public.,sub-sec-2.2.4,https://library.municode.com/mo/mexico/codes/code_of_ordinances?nodeId=COOR_CH42ZO_ARTIIAD_DIV2ADOF_S42-59REPABEKEAVPU,https://zoneomics.com/code/16258/chapter_2#2.2.4,False,0,"(a) The administering officer shall keep careful and comprehensive records of applications received, permits and certificates issued, inspections made, reports rendered, and notices and orders issued.
He shall retain on file copies of all papers in connection with building work so long as any part of the building or structure to which they may be in existence.
(b) All such records shall be open to public inspection at reasonable hours, but shall not be removed from city offices.
(Code 1969, § 46-9; Code 1988, § 15-34)"
2,ARTICLE II.- ADMINISTRATION,DIVISION 3. - ZONING BOARD OF ADJUSTMENT,Sec. 42-77. - Established; composition and qualifications of members.,sub-sec-2.3.1,https://library.municode.com/mo/mexico/codes/code_of_ordinances?nodeId=COOR_CH42ZO_ARTIIAD_DIV3ZOBOAD_S42-77ESCOQUME,https://zoneomics.com/code/16258/chapter_2#2.3.1,False,0,"A zoning board of adjustment is hereby established, consisting of five members who are residents of the city.
(Code 1969, § 46-10; Code 1988, § 15-46)"
2,ARTICLE II.- ADMINISTRATION,DIVISION 3. - ZONING BOARD OF ADJUSTMENT,Sec. 42-78. - Appointment and term of office; staggered terms; vacancies.,sub-sec-2.3.2,https://library.municode.com/mo/mexico/codes/code_of_ordinances?nodeId=COOR_CH42ZO_ARTIIAD_DIV3ZOBOAD_S42-78APTEOFSTTEVA,https://zoneomics.com/code/16258/chapter_2#2.3.2,False,0,"Members of the zoning board of adjustment shall be appointed by the city manager for a term of five years and until their successors are duly appointed and take office.
To provide staggered terms of office, one member shall be appointed each year in the month of June.
Vacancies shall be filled for the unexpired term only.
(Code 1969, § 46-11; Code 1988, § 15-47)"
2,ARTICLE II.- ADMINISTRATION,DIVISION 3. - ZONING BOARD OF ADJUSTMENT,Sec. 42-79. - Removal of members upon written charges after public hearing.,sub-sec-2.3.3,https://library.municode.com/mo/mexico/codes/code_of_ordinances?nodeId=COOR_CH42ZO_ARTIIAD_DIV3ZOBOAD_S42-79REMEUPWRCHAFPUHE,https://zoneomics.com/code/16258/chapter_2#2.3.3,False,0,"Members of the board of adjustment shall be removed from office by the city manager for cause, upon written charges after public hearing.
The accused member shall have the right to appear at such public hearing in person or by counsel, or both, and shall be permitted to present evidence and witnesses in his behalf.
(Code 1969, § 46-12; Code 1988, § 15-48)"
2,ARTICLE II.- ADMINISTRATION,DIVISION 3. - ZONING BOARD OF ADJUSTMENT,"Sec. 42-80. - Alternate members—Qualifications, appointment and term of office; vacancies.",sub-sec-2.3.4,https://library.municode.com/mo/mexico/codes/code_of_ordinances?nodeId=COOR_CH42ZO_ARTIIAD_DIV3ZOBOAD_S42-80ALMEUAAPTEOFVA,https://zoneomics.com/code/16258/chapter_2#2.3.4,False,0,"In the month of June of each year the city manager shall appoint a resident freeholder of the city to be an alternate member of the zoning board of adjustment, to serve for a term of two years and until his successor is duly appointed and takes office.
Vacancies shall be filled for the unexpired term only.
(Code 1969, § 46-13; Code 1988, § 15-49)"
2,ARTICLE II.- ADMINISTRATION,DIVISION 3. - ZONING BOARD OF ADJUSTMENT,Sec. 42-81. - Same—Powers and duties; seniority.,sub-sec-2.3.5,https://library.municode.com/mo/mexico/codes/code_of_ordinances?nodeId=COOR_CH42ZO_ARTIIAD_DIV3ZOBOAD_S42-81SAOWDUSE,https://zoneomics.com/code/16258/chapter_2#2.3.5,False,0,"(a) Alternate members of the zoning board of adjustment shall be entitled to attend meetings of the board, and when one member thereof is absent, the senior alternate member present shall take the place of such absent member and shall be counted for the purpose of determining whether a quorum is present and shall have all the rights and privileges of the absent member, including the right to vote on any question before the board.
When more than one member of the zoning board of adjustment is absent, such alternate members shall take the places of two of the absent members and shall be counted for the purpose of determining whether a quorum is present and shall have all the rights and privileges of two of the absent members, including the right to vote on any question before the board.
(b) For the purposes of this section, alternate members shall take rank in the order of their respective continuous length of service as such alternate members, the one having the greater length of continuous service being senior to the other.
(Code 1969, § 46-14; Code 1988, § 15-50)"
2,ARTICLE II.- ADMINISTRATION,DIVISION 3. - ZONING BOARD OF ADJUSTMENT,Sec. 42-82. - Removal upon written charges after public hearing.,sub-sec-2.3.6,https://library.municode.com/mo/mexico/codes/code_of_ordinances?nodeId=COOR_CH42ZO_ARTIIAD_DIV3ZOBOAD_S42-82REUPWRCHAFPUHE,https://zoneomics.com/code/16258/chapter_2#2.3.6,False,0,"Alternate members of the zoning board of adjustment shall be removed by the city manager for cause, upon written charges after public hearing.
The accused alternate member shall have the right to appear at such public hearing in person or by counsel, or both, and shall be permitted to present evidence and witnesses in his behalf.
(Code 1969, § 46-15; Code 1988, § 15-51)"
2,ARTICLE II.- ADMINISTRATION,DIVISION 3. - ZONING BOARD OF ADJUSTMENT,Sec. 42-83. - Officers; rules and regulations to implement division.,sub-sec-2.3.7,https://library.municode.com/mo/mexico/codes/code_of_ordinances?nodeId=COOR_CH42ZO_ARTIIAD_DIV3ZOBOAD_S42-83OFRUREIMDI,https://zoneomics.com/code/16258/chapter_2#2.3.7,False,0,"The zoning board of adjustment shall elect its own chairperson and vice-chairperson who shall serve for one year.
The board shall adopt from time to time such rules and regulations as it may deem necessary to carry into effect the provisions of this division.
(Code 1969, § 46-16; Code 1988, § 15-52)"
2,ARTICLE II.- ADMINISTRATION,DIVISION 3. - ZONING BOARD OF ADJUSTMENT,Sec. 42-84. - Meetings to be public; minutes and records; administration of oaths and compulsory attendance of witnesses.,sub-sec-2.3.8,https://library.municode.com/mo/mexico/codes/code_of_ordinances?nodeId=COOR_CH42ZO_ARTIIAD_DIV3ZOBOAD_S42-84MEBEPUMIREADOACOATWI,https://zoneomics.com/code/16258/chapter_2#2.3.8,False,0,"Meetings of the zoning board of adjustment shall be held at the call of the chairperson and at such other times as the board may determine.
The chairperson, or in his absence, the acting chairperson, may administer oaths and compel the attendance of witnesses.
All meetings of the board of adjustment shall be open to the public.
The board shall keep minutes of its proceedings, showing the vote of each member upon each question or, if absent or failing to vote, indicating such fact, and shall keep records of its examinations and other official actions, all of which shall be immediately filed in the office of the board and shall be a public record.
(Code 1969, § 46-17; Code 1988, § 15-53)"
2,ARTICLE II.- ADMINISTRATION,DIVISION 3. - ZONING BOARD OF ADJUSTMENT,Sec. 42-85. - Appeals to the board—To whom available; time limit and procedure.,sub-sec-2.3.9,https://library.municode.com/mo/mexico/codes/code_of_ordinances?nodeId=COOR_CH42ZO_ARTIIAD_DIV3ZOBOAD_S42-85APBOOWHAVTILIPR,https://zoneomics.com/code/16258/chapter_2#2.3.9,False,0,"Appeals to the zoning board of adjustment on any matter over which the board is by this division specifically granted jurisdiction may be taken by any person aggrieved, or by any officer, department, board or bureau of the city affected by any decision of the administrative officer.
Such appeal shall be taken within a reasonable time, as provided by the rules of the board, by filing with the officer from whom the appeal is taken and with the zoning board of adjustment a notice of appeal specifying the grounds thereof and a processing fee, as provided in the city fee schedule, has been paid.
The officer from whom the appeal is taken shall forthwith transmit to the board all the papers constituting the record upon which the action appealed from is taken.
(Code 1969, § 46-18; Code 1988, § 15-54)"
2,ARTICLE II.- ADMINISTRATION,DIVISION 3. - ZONING BOARD OF ADJUSTMENT,Sec. 42-86. - Same—Effect of appeal.,sub-sec-2.3.10,https://library.municode.com/mo/mexico/codes/code_of_ordinances?nodeId=COOR_CH42ZO_ARTIIAD_DIV3ZOBOAD_S42-86SAFFAP,https://zoneomics.com/code/16258/chapter_2#2.3.10,False,0,"An appeal to the zoning board of adjustment stays all proceedings in furtherance of the action appealed from, unless the officer from whom the appeal is taken certifies to the board of adjustment after the notice of appeal shall have been filed with him that by reason of facts stated in the certificate a stay would, in his opinion, cause immediate peril to life or property.
In such case, proceedings shall not be stayed otherwise than by a restraining order which may be granted by the zoning board of adjustment or by a court of record on application or notice to the officer from whom the appeal is taken and on due cause shown.
(Code 1969, § 46-19; Code 1988, § 15-55)"
2,ARTICLE II.- ADMINISTRATION,DIVISION 3. - ZONING BOARD OF ADJUSTMENT,Sec. 42-87. - Same—Hearing and notice thereof; appearances.,sub-sec-2.3.11,https://library.municode.com/mo/mexico/codes/code_of_ordinances?nodeId=COOR_CH42ZO_ARTIIAD_DIV3ZOBOAD_S42-87SAEANOTHAP,https://zoneomics.com/code/16258/chapter_2#2.3.11,False,0,"The zoning board of adjustment shall fix a reasonable time for the hearing of each appeal, giving not less than 15 days' notice thereof by publication once a week for two consecutive weeks, on the same day in each week, in the official newspaper, as well as due notice to the parties in interest; and the zoning board of adjustment shall decide each appeal within a reasonable time.
Upon the hearing of an appeal, any party may appear in person or by agent or by attorney.
All property owners within 300 feet of the property affected by a rezoning request shall receive notification of the requested rezoning.
(Code 1969, § 46-20; Code 1988, § 15-56)"
2,ARTICLE II.- ADMINISTRATION,DIVISION 3. - ZONING BOARD OF ADJUSTMENT,Sec. 42-88. - Powers.,sub-sec-2.3.12,https://library.municode.com/mo/mexico/codes/code_of_ordinances?nodeId=COOR_CH42ZO_ARTIIAD_DIV3ZOBOAD_S42-88PO,https://zoneomics.com/code/16258/chapter_2#2.3.12,False,0,"(a) The zoning board of adjustment shall have the following powers:
(1) To hear and decide appeals where it is alleged there is error in any order, requirement, decision, or determination made by an administrative official in the enforcement of state zoning statutes or of this division;
(2) To hear and decide all matters referred to it or upon which it is required to pass under this division;
(3) In passing upon appeals, where there are practical difficulties or unnecessary hardship in the way of carrying out the strict letter of this division, to vary or modify the application of any of the regulations or provisions of this division relating to the use, construction or alteration of buildings or structures or the use of land so that the spirit of this division shall be observed, public safety and welfare secured and substantial justice done.
(b) In exercising the above-mentioned powers such board may, in conformity with the provisions of RSMo
89.010 to 89.140, reverse or affirm wholly or partly, or may modify the order, requirement, decision or determination appealed from and may make such order, requirement, decision or determination as ought to be made and to that end shall have all the powers of the officer from whom the appeal is taken.
The concurring vote of four members of the board shall be necessary to reverse any order, requirement, decision, or determination of any such administrative official, or to decide in favor of the applicant on any matter upon which it is required to pass under this division or to affect any variation in this division.
(c) In considering all appeals under this division the zoning board of adjustment shall, before making any finding in a specific case, first determine that the proposed change will not constitute a change in the district map and will not impair an adequate supply of light and air to adjacent property, or increase congestion in public streets, or increase the danger of fire, or materially diminish or impair established property values within the surrounding area, or in any other respect impair the public health, safety, comfort, morals and welfare of the city.
(Code 1969, §§ 46-21—46-25; Code 1988, § 15-57)"
2,ARTICLE II.- ADMINISTRATION,DIVISION 3. - ZONING BOARD OF ADJUSTMENT,Sec. 42-89. - Orders granting change require written findings; when decisions to be made part of building permits.,sub-sec-2.3.13,https://library.municode.com/mo/mexico/codes/code_of_ordinances?nodeId=COOR_CH42ZO_ARTIIAD_DIV3ZOBOAD_S42-89ORGRCHREWRFIWHDEBEMAPABUPE,https://zoneomics.com/code/16258/chapter_2#2.3.13,False,0,"Every change granted or denied by the zoning board of adjustment shall be accompanied by a written finding of fact, specifying the reason for granting or denying the change.
The decision of the board shall be made a part of any building permit in which a variation is allowed.
(Code 1969, § 46-26; Code 1988, § 15-58)"
2,ARTICLE II.- ADMINISTRATION,DIVISION 3. - ZONING BOARD OF ADJUSTMENT,Sec. 42-90. - Decisions of board and city officers subject to appeal to circuit court; procedure.,sub-sec-2.3.14,https://library.municode.com/mo/mexico/codes/code_of_ordinances?nodeId=COOR_CH42ZO_ARTIIAD_DIV3ZOBOAD_S42-90DEBOOFSUAPCICOPR,https://zoneomics.com/code/16258/chapter_2#2.3.14,False,0,"Any person jointly or severally aggrieved by any decision of the zoning board of adjustment, or any officer, department, board or bureau of the city relative to this division, may present to the county circuit court a petition, duly verified, stating that such decision is illegal in whole or in part, specifying the grounds of the illegality and asking for relief therefrom.
Such petition shall be presented to the court within 30 days after the filing of the decision in the office of the zoning board of adjustment.
(Code 1969, § 46-27; Code 1988, § 15-59)"
3,ARTICLE III.- PERMITS AND CERTIFICATES,DIVISION 2. - PERMITS OTHER THAN FOR OCCUPANCY,Sec. 42-130. - Acts for which permit required; issuing officer.,sub-sec-3.1.1,https://library.municode.com/mo/mexico/codes/code_of_ordinances?nodeId=COOR_CH42ZO_ARTIIIPECE_DIV2PEOTOC_S42-130ACWHPEREISOF,https://zoneomics.com/code/16258/chapter_3#3.1.1,False,0,"It shall be unlawful for any person within the city to construct, alter, repair, remove or demolish, or to commence the construction, alteration, repair, removal or demolition of a building, structure, sign or banner without first filing with the administering officer an application in writing and obtaining a formal permit so to do.
(Code 1969, § 46-28; Code 1988, § 15-86)"
3,ARTICLE III.- PERMITS AND CERTIFICATES,DIVISION 2. - PERMITS OTHER THAN FOR OCCUPANCY,Sec. 42-131. - Form and contents of application; by whom made.,sub-sec-3.1.2,https://library.municode.com/mo/mexico/codes/code_of_ordinances?nodeId=COOR_CH42ZO_ARTIIIPECE_DIV2PEOTOC_S42-131FOCOAPWHMA,https://zoneomics.com/code/16258/chapter_3#3.1.2,False,0,"(a) An application for a permit required by this division shall be submitted in such form as the administering officer may prescribe.
(b) Such application shall be made by the owner or lessee, or agent of either, or the architect, engineer or builder employed in connection with proposed work.
If such application is made by a person other than the owner in fee, it shall be accompanied by a statement from either the owner or the person making the application that the proposed work is authorized by the owner in fee and that the person making the application is authorized to make such application.
(c) Such application shall contain the full names and addresses of the applicant and of the owner, and, if the owner is a corporate body, of its responsible officers.
(d) Such application shall describe briefly the proposed work and shall give such additional information as may be required by the administering officer for an intelligent understanding of the proposed work.
(Code 1969, § 46-29; Code 1988, § 15-87)"
3,ARTICLE III.- PERMITS AND CERTIFICATES,DIVISION 2. - PERMITS OTHER THAN FOR OCCUPANCY,Sec. 42-132. - Fees.,sub-sec-3.1.3,https://library.municode.com/mo/mexico/codes/code_of_ordinances?nodeId=COOR_CH42ZO_ARTIIIPECE_DIV2PEOTOC_S42-132FE,https://zoneomics.com/code/16258/chapter_3#3.1.3,False,0,"Each application for a permit required by this division shall be accompanied by payment of such fees as may be determined from time to time by resolution of the city council.
(Code 1969, § 46-30; Code 1988, § 15-88)"
3,ARTICLE III.- PERMITS AND CERTIFICATES,DIVISION 2. - PERMITS OTHER THAN FOR OCCUPANCY,Sec. 42-133. - Plans required and specifications therefor.,sub-sec-3.1.4,https://library.municode.com/mo/mexico/codes/code_of_ordinances?nodeId=COOR_CH42ZO_ARTIIIPECE_DIV2PEOTOC_S42-133PLRESPTH,https://zoneomics.com/code/16258/chapter_3#3.1.4,False,0,"Applications for permits required by this division shall be accompanied by such drawings of the proposed work, drawn to scale, including such floor plans, sections, elevations and structural details as the administering officer may require.
All plans shall be drawn on sheets measuring 24 inches by 36 inches.
(Code 1969, § 46-31; Code 1988, § 15-89)"
3,ARTICLE III.- PERMITS AND CERTIFICATES,DIVISION 2. - PERMITS OTHER THAN FOR OCCUPANCY,Sec. 42-134. - Plot diagram required; specifications.,sub-sec-3.1.5,https://library.municode.com/mo/mexico/codes/code_of_ordinances?nodeId=COOR_CH42ZO_ARTIIIPECE_DIV2PEOTOC_S42-134PLDIRESP,https://zoneomics.com/code/16258/chapter_3#3.1.5,False,0,"With each application for a permit required by this division there shall be filed a plot diagram in the size required in section 42-133 drawn to scale, with all dimension figures, showing accurately the size and exact location of all proposed new construction, or, in the case of demolition, of such construction as is to be demolished and of all existing buildings and structures that are to remain.
(Code 1969, § 46-32; Code 1988, § 15-90)"
3,ARTICLE III.- PERMITS AND CERTIFICATES,DIVISION 2. - PERMITS OTHER THAN FOR OCCUPANCY,Sec. 42-135. - Plat required for building permit; records to be kept.,sub-sec-3.1.6,https://library.municode.com/mo/mexico/codes/code_of_ordinances?nodeId=COOR_CH42ZO_ARTIIIPECE_DIV2PEOTOC_S42-135PLREBUPEREBEKE,https://zoneomics.com/code/16258/chapter_3#3.1.6,False,0,"Each application for a building permit shall be accompanied by a plat in duplicate, drawn to scale, showing the actual dimensions of the lot to be built upon, the size, shape and location of the building to be erected, and such other information as may be necessary to provide for the enforcement of this division.
A record of applications and plats shall be kept in the office of the building official.
(Code 1969, § 46-33; Code 1988, § 15-91)"
3,ARTICLE III.- PERMITS AND CERTIFICATES,DIVISION 2. - PERMITS OTHER THAN FOR OCCUPANCY,Sec. 42-136. - Action on applications—Generally.,sub-sec-3.1.7,https://library.municode.com/mo/mexico/codes/code_of_ordinances?nodeId=COOR_CH42ZO_ARTIIIPECE_DIV2PEOTOC_S42-136ACAPEN,https://zoneomics.com/code/16258/chapter_3#3.1.7,False,0,"It shall be the duty of the administering officer to examine applications for permits within a reasonable time after filing.
If it appears that the proposed work will be in compliance with this division and the laws and such other ordinances as may be applicable thereto, he shall approve such application and issue a permit for the proposed work as soon as practical.
If his examination reveals otherwise, he will reject such application, noting his finding in a report to be attached to the application and delivering a copy to the applicant.
(Code 1969, § 46-34; Code 1988, § 15-92)"
3,ARTICLE III.- PERMITS AND CERTIFICATES,DIVISION 2. - PERMITS OTHER THAN FOR OCCUPANCY,Sec. 42-137. - Same—Approval in part prior to approval of entire plan.,sub-sec-3.1.8,https://library.municode.com/mo/mexico/codes/code_of_ordinances?nodeId=COOR_CH42ZO_ARTIIIPECE_DIV2PEOTOC_S42-137SAPPPAPRAPENPL,https://zoneomics.com/code/16258/chapter_3#3.1.8,False,0,"Nothing in this division shall be construed to prevent the administering officer from issuing a permit for the construction of part of a building or structure before the entire plans and detailed written statement have been presented therefor and found to comply with this division.
(Code 1969, § 46-35; Code 1988, § 15-93)"
3,ARTICLE III.- PERMITS AND CERTIFICATES,DIVISION 2. - PERMITS OTHER THAN FOR OCCUPANCY,Sec. 42-138. - Requirements under permit.,sub-sec-3.1.9,https://library.municode.com/mo/mexico/codes/code_of_ordinances?nodeId=COOR_CH42ZO_ARTIIIPECE_DIV2PEOTOC_S42-138REUNPE,https://zoneomics.com/code/16258/chapter_3#3.1.9,False,0,"(a) All work performed under a permit issued pursuant to this division by the administering officer shall conform to the approved application and plans, and approved amendments thereof.
(b) The location of all new construction as shown on the approved plot diagram, or an approved amendment thereof, shall be strictly adhered to.
(c) It shall be unlawful to reduce or diminish the area of a lot or plot of which a plot diagram has been filed and has been used as the basis for a permit, unless a revised plot diagram showing the proposed change in conditions has been filed and approved, provided that this shall not apply when the lot is reduced by reason of a street opening or widening or other public improvement.
(Code 1969, § 46-36; Code 1988, § 15-94)"
3,ARTICLE III.- PERMITS AND CERTIFICATES,DIVISION 2. - PERMITS OTHER THAN FOR OCCUPANCY,Sec. 42-139. - Laches terminate permit in one year.,sub-sec-3.1.10,https://library.municode.com/mo/mexico/codes/code_of_ordinances?nodeId=COOR_CH42ZO_ARTIIIPECE_DIV2PEOTOC_S42-139LATEPEONYE,https://zoneomics.com/code/16258/chapter_3#3.1.10,False,0,"A permit shall expire within one year after issuance except as permitted elsewhere in this division.
(Code 1969, § 46-37; Code 1988, § 15-95)"
3,ARTICLE III.- PERMITS AND CERTIFICATES,DIVISION 2. - PERMITS OTHER THAN FOR OCCUPANCY,Sec. 42-140. - Signature to permit.,sub-sec-3.1.11,https://library.municode.com/mo/mexico/codes/code_of_ordinances?nodeId=COOR_CH42ZO_ARTIIIPECE_DIV2PEOTOC_S42-140SIPE,https://zoneomics.com/code/16258/chapter_3#3.1.11,False,0,"Every permit issued by the administering officer under the provisions of this division shall have his signature affixed thereto; but this shall not prevent him from authorizing a subordinate to affix such signature.
(Code 1969, § 46-38; Code 1988, § 15-96)"
3,ARTICLE III.- PERMITS AND CERTIFICATES,DIVISION 2. - PERMITS OTHER THAN FOR OCCUPANCY,Sec. 42-141. - Permit to be posted on premises; certified copy of approved plans may be required on premises.,sub-sec-3.1.12,https://library.municode.com/mo/mexico/codes/code_of_ordinances?nodeId=COOR_CH42ZO_ARTIIIPECE_DIV2PEOTOC_S42-141PEBEPOPRCECOAPPLMABEREPR,https://zoneomics.com/code/16258/chapter_3#3.1.12,False,0,"(a) A copy of the permit shall be kept on the premises open to public inspection during the prosecution of the work and until the completion thereof.
(b) The administering officer may require a certified copy of the approved plans to be kept on the premises at all times from the commencement of the work to the completion thereof.
(Code 1969, § 46-39; Code 1988, § 15-97)"
3,ARTICLE III.- PERMITS AND CERTIFICATES,DIVISION 2. - PERMITS OTHER THAN FOR OCCUPANCY,Sec. 42-142. - When amendment of application permissible; filing of amendment.,sub-sec-3.1.13,https://library.municode.com/mo/mexico/codes/code_of_ordinances?nodeId=COOR_CH42ZO_ARTIIIPECE_DIV2PEOTOC_S42-142WHAMAPPEFIAM,https://zoneomics.com/code/16258/chapter_3#3.1.13,False,0,"Nothing in this division shall prohibit the filing of amendments to an application or to a plan or other record accompanying an application, at any time before the completion of the work for which the permit was sought.
Such amendments, after approval, shall be filed with and be deemed a part of the original application.
(Code 1969, § 46-41; Code 1988, § 15-99)"
3,ARTICLE III.- PERMITS AND CERTIFICATES,DIVISION 2. - PERMITS OTHER THAN FOR OCCUPANCY,Sec. 42-143. - Revocation of permits.,sub-sec-3.1.14,https://library.municode.com/mo/mexico/codes/code_of_ordinances?nodeId=COOR_CH42ZO_ARTIIIPECE_DIV2PEOTOC_S42-143REPE,https://zoneomics.com/code/16258/chapter_3#3.1.14,False,0,"The administering officer may revoke a permit or approval issued under the provisions of this division in case there has been any false statement or misrepresentation as to a material fact in the application or plans on which the permit of approval was based.
(Code 1969, § 46-42; Code 1988, § 15-100)"
3,ARTICLE III.- PERMITS AND CERTIFICATES,DIVISION 3. - CERTIFICATES FOR OCCUPANCY AND COMPLIANCE,Sec. 42-172. - Certificate prerequisite to occupancy or use; change of use must be in conformity with division.,sub-sec-3.2.1,https://library.municode.com/mo/mexico/codes/code_of_ordinances?nodeId=COOR_CH42ZO_ARTIIIPECE_DIV3CEOCCO_S42-172CEPROCUSCHUSMUBECODI,https://zoneomics.com/code/16258/chapter_3#3.2.1,False,0,"No land shall be occupied or used and no building hereafter erected shall be occupied or used in whole or in part for any purpose whatsoever until a certificate is issued by the building official, stating that the building and use comply with the provisions of this division and other applicable ordinances of the city.
No change of use shall be made in any building or part thereof now or hereafter erected or structurally altered without a permit being issued therefor by the building official.
No permit shall be issued to make a change unless the change is in conformity with the provisions of this division.
(Code 1969, § 46-43; Code 1988, § 15-121)"
3,ARTICLE III.- PERMITS AND CERTIFICATES,DIVISION 3. - CERTIFICATES FOR OCCUPANCY AND COMPLIANCE,Sec. 42-173. - When nonconforming use may continue.,sub-sec-3.2.2,https://library.municode.com/mo/mexico/codes/code_of_ordinances?nodeId=COOR_CH42ZO_ARTIIIPECE_DIV3CEOCCO_S42-173WHNOUSMACO,https://zoneomics.com/code/16258/chapter_3#3.2.2,False,0,"Nothing in this division shall prevent the continuance of a nonconforming use otherwise authorized by this division unless a discontinuance is necessary for the safety of life or property.
(Code 1969, § 46-44; Code 1988, § 15-122)"
3,ARTICLE III.- PERMITS AND CERTIFICATES,DIVISION 3. - CERTIFICATES FOR OCCUPANCY AND COMPLIANCE,Sec. 42-174. - Application for certificate; record of applications to be kept.,sub-sec-3.2.3,https://library.municode.com/mo/mexico/codes/code_of_ordinances?nodeId=COOR_CH42ZO_ARTIIIPECE_DIV3CEOCCO_S42-174APCEREAPBEKE,https://zoneomics.com/code/16258/chapter_3#3.2.3,False,0,"Certificates for occupancy and compliance shall be applied for coincidentally with the application for a building permit, and shall be issued within ten days after the lawful erection of the building is completed.
A record of all certificates shall be kept on file in the office of the building official and copies shall be furnished on request to any person having a proprietary or tenancy interest in the building affected.
(Code 1969, § 46-45; Code 1988, § 15-123)"
4,ARTICLE IV.- DISTRICTS AND DISTRICT REGULATIONS GENERALLY,Sec. 42-204.- Districts established; purposes for establishment; boundaries., ,sub-sec-4.1,https://library.municode.com/mo/mexico/codes/code_of_ordinances?nodeId=COOR_CH42ZO_ARTIVDIDIREGE_S42-204DIESPUESBO,https://zoneomics.com/code/16258/chapter_4#4.1,False,0,"(a) In order to classify, regulate and restrict the locations of trades and industries and the location of buildings designed for specific uses; to regulate and limit the height and bulk of buildings hereafter erected or structurally altered; to regulate and limit the intensity of the use of the lot areas; and to regulate and determine the areas of yards and other open spaces within and surrounding such building, the city is hereby divided into districts of which there shall be eight in number, known as:
Expand |  |  |
| --- | --- |
| R-1 | Single-Family District |
| R-2 | Two-Family District |
| R-3A | Multiple-Dwelling District |
| R-3B | Office and Professional District |
| C-1 | Local Commercial District |
| C-2 | General Commercial District |
| C-3 | Business District |
| I-1 | Light Industry District |
| I-2 | Heavy Industry District |
| A | Agriculture District | (b) The boundaries of the districts established by this section are as shown on the district map referred to in section 42-205.
(Code 1969, § 46-47; Code 1988, § 15-141)"
4,ARTICLE IV.- DISTRICTS AND DISTRICT REGULATIONS GENERALLY,Sec. 42-205. - District map—Adopted; on file in city clerk's office., ,sub-sec-4.2,https://library.municode.com/mo/mexico/codes/code_of_ordinances?nodeId=COOR_CH42ZO_ARTIVDIDIREGE_S42-205DIMDOFICLOF,https://zoneomics.com/code/16258/chapter_4#4.2,False,0,"The district map which was attached to Ordinance No.
2492, as amended from time to time, is hereby incorporated in and made a part of this article, together with all notations, references and other information shown thereon, and they shall have the same force and effect as if the district map and all the notation references and other information shown thereon were all fully set forth or described herein.
The original district map is properly attested and is on file in the city clerk's office, where it shall be available to the public for inspection and use during all regular business hours.
The map referred to in this section may be known as the district map.
(Code 1969, § 46-48; Code 1988, § 15-142)"
4,ARTICLE IV.- DISTRICTS AND DISTRICT REGULATIONS GENERALLY,Sec. 42-206. - Same—Rules for interpretation., ,sub-sec-4.3,https://library.municode.com/mo/mexico/codes/code_of_ordinances?nodeId=COOR_CH42ZO_ARTIVDIDIREGE_S42-206SAULIN,https://zoneomics.com/code/16258/chapter_4#4.3,False,0,"Where uncertainty exists with respect to the boundaries of the various districts as shown on the district map, the following rules shall apply:
(1) The district boundaries are either streets, places or alleys unless otherwise shown, and where a district designated on the map is bounded approximately by street, place or alley lines, the centerline of the street, place or alley shall be construed to be the boundary of the district;
(2) Where the district boundaries are not otherwise indicated, and where the property has been or may hereafter be divided into blocks and lots, the district boundaries shall be construed to be the lot lines, and where the districts designated on the map are bounded approximately by lot lines, such lot lines shall be construed to be the boundary of the districts unless the boundaries are otherwise indicated on the map; and
(3) In unsubdivided property, the district boundary lines on the zoning map shall be determined by use of the scale appearing on the map.
(Code 1969, § 46-49; Code 1988, § 15-143)"
4,ARTICLE IV.- DISTRICTS AND DISTRICT REGULATIONS GENERALLY,Sec. 42-207. - How annexed territory to be districted., ,sub-sec-4.4,https://library.municode.com/mo/mexico/codes/code_of_ordinances?nodeId=COOR_CH42ZO_ARTIVDIDIREGE_S42-207HOANTEBEDI,https://zoneomics.com/code/16258/chapter_4#4.4,False,0,"All territory which may hereafter be annexed to the city shall, within a reasonable time following annexation, be appropriately classified by ordinance in accordance with the provisions of sections
42-209 and
42-211.
(Code 1969, § 46-50; Code 1988, § 15-144; Ord.
No.
3679, § 1, 5-13-1996)"
4,ARTICLE IV.- DISTRICTS AND DISTRICT REGULATIONS GENERALLY,Sec. 42-208. - Restrictions on use of and construction of land generally., ,sub-sec-4.5,https://library.municode.com/mo/mexico/codes/code_of_ordinances?nodeId=COOR_CH42ZO_ARTIVDIDIREGE_S42-208REUSCOLAGE,https://zoneomics.com/code/16258/chapter_4#4.5,False,0,"Except as specifically provided otherwise in this article:
(1) No land shall be used except for a purpose permitted in the district in which it is located.
(2) No building shall be erected, converted, enlarged, reconstructed, moved or structurally altered, nor shall any building be used, except for a use permitted in the district in which such building is located.
(3) No building shall be erected, converted, enlarged, reconstructed or structurally altered except in conformity with the area regulations of the district in which such building is located.
(4) No building shall be erected or structurally altered to the extent specifically provided hereinafter except in conformity with the off-street parking and loading regulations of the district in which such building is located.
(5) The minimum yards, parking spaces and open spaces, including lot area per family, required by this article for each building existing on October 13, 1969, or for any building thereafter erected shall not be encroached upon or considered as part of the yard, parking space or open space required for any other building, nor shall any lot area be reduced below the requirements of this article for the district in which such lot is located.
(6) Every building hereafter erected or structurally altered shall be located on a lot as defined in this article and in no case shall there be more than one main building on one lot except as specifically provided in this article.
(Code 1969, § 46-51; Code 1988, § 15-145)"
4,ARTICLE IV.- DISTRICTS AND DISTRICT REGULATIONS GENERALLY,Sec. 42-209. - Amendment or repeal of district boundaries—Regulations or restrictions., ,sub-sec-4.6,https://library.municode.com/mo/mexico/codes/code_of_ordinances?nodeId=COOR_CH42ZO_ARTIVDIDIREGE_S42-209AMREDIBOEGRE,https://zoneomics.com/code/16258/chapter_4#4.6,False,0,"The city council may from time to time, on its own motion or upon petition by interested persons or by the planning and zoning commission, amend, supplement, change, modify or repeal by ordinance the boundaries of districts or regulations or restrictions established by this article.
The proponent may submit the proposed amendment, supplement, change, modification or repeal to the planning and zoning commission for study, consideration, advice and possible revision and ask that the planning and zoning commission make a recommendation to the city council relative to such proposal.
At any time, the proponent may present the matter to the city council.
If proponent does not do so the planning and zoning commission shall at such time as it deems proper present the proposal of the planning and zoning commission based upon the original referral to it by the proponent to the city council for further action.
(Code 1969, § 46-52; Code 1988, § 15-146)"
4,ARTICLE IV.- DISTRICTS AND DISTRICT REGULATIONS GENERALLY,Sec. 42-210. - Same—Report of planning and zoning commission and public hearing., ,sub-sec-4.7,https://library.municode.com/mo/mexico/codes/code_of_ordinances?nodeId=COOR_CH42ZO_ARTIVDIDIREGE_S42-210SAEPPLZOCOPUHE,https://zoneomics.com/code/16258/chapter_4#4.7,False,0,"Before enacting any proposed amendment, supplement, change, modification or repeal as provided in section 42-209 the council shall have:
(1) Received the report of the planning and zoning commission as provided in section 42-209; and
(2) Held a public hearing in relation to such proposed enactment, following at least 15 days' notice of the time and place of such hearing and the nature of the proposed enactment, which notice shall have been published once a week for two consecutive weeks, on the same day in each week, in the official newspaper.
(Code 1969, § 46-53; Code 1988, § 15-147)"
4,ARTICLE IV.- DISTRICTS AND DISTRICT REGULATIONS GENERALLY,Sec. 42-211. - Same—Enactment by city council; when two-thirds vote required., ,sub-sec-4.8,https://library.municode.com/mo/mexico/codes/code_of_ordinances?nodeId=COOR_CH42ZO_ARTIVDIDIREGE_S42-211SANACOWHTIRVORE,https://zoneomics.com/code/16258/chapter_4#4.8,False,0,"The city council, after public hearing as provided in section 42-210, may approve or disapprove the proposed amendment, supplement, change, modification or repeal; provided, that in case of an adverse report by the city planning commission, or if a protest against such proposed amendment, supplement, change, modification or repeal has been presented in writing to the city clerk, duly signed and acknowledged by the owners of 30 percent or more, either of the area of the land (exclusive of streets and alleys) included within such proposed amendment, supplement, change, modification or repeal, or within an area, determined by lines drawn parallel to and 185 feet distant from the boundaries of the district proposed to be changed, such amendment, supplement, change, modification or repeal shall not become effective except by the favorable vote of two-thirds of all the members of the city council.
(Code 1969, § 46-54; Code 1988, § 15-148; Ord.
No.
3560, § 2, 8-23-1993; Ord.
No.
3708, § 1, 9-9-1996)"
4,ARTICLE IV.- DISTRICTS AND DISTRICT REGULATIONS GENERALLY,Sec. 42-212. - Permitted use table., ,sub-sec-4.9,https://library.municode.com/mo/mexico/codes/code_of_ordinances?nodeId=COOR_CH42ZO_ARTIVDIDIREGE_S42-212PEUSTA,https://zoneomics.com/code/16258/chapter_4#4.9,True,1,"Expand | SECTION 42-212 PERMITTED USE TABLE | | | | | | | | | | | |
| --- | --- | --- | --- | --- | --- | --- | --- | --- | --- | --- | --- |
| P = Permitted Use | C = Conditional Use | | | | A = Accessory Use | | | | | | |
| Zoning District | Residential | | | | Commercial | | | Industrial | | Ag | Additional Comments |
| R-1 | R-2 | R-3A | R-3B | C-1 | C-2 | C-3 | I-1 | I-2 | A |
| Land Use Category |  | | | | | | | | | |
| Residential Uses |  | | | | | | | | | |  |
| Household Living |  | | | | | | | | | |  |
| Single Family Dwelling | P | P | P | P | P | P | P | P | - | P\* | \*See 42.534 for Agriculture District regulations for detached dwellings. See 42-1 (Definitions) for ""Modular   Homes."" |
| Two-Family Dwelling | - | P | P | P | P | P | P | P | - | - |  |
| Multiple-dwelling | - | - | P | P | P | P | P | P |  |  |  |
| Mobile Home | C | C | C | C | C | C | C | C | - | C | Conditional Use via permit from City Council per 42-678 and adhering to Article XIV of Chapter 42 (MANUFACTURED AND MOBILE   HOME PARKS). |
| Group Living |  | | | | | | | | | |  |
| Rooming house, boardinghouse, apartment hotel, and tourist home | - | - | P | P | P | P | P | P | - | - |  |
| Private club, fraternity, sorority or lodge, excepting one the chief activity of which is a service customarily carried on as a business. | - | - | P | P | P | P | P | P | - | - |  |
| Nursing homes | C | C | C | P | P | P | P | P | - | C | See 42-1 (Definitions) for additional information. |
| Public and Institutional Uses |  | | | | | | | | | |  |
| Adult day care | - | - | - | - | P | P | P | P | - | - |  |
| Community Service |  | | | | | | | | | |  |
| Religious, education, eleemosynary institution of a philanthropic nature, but not a penal or mental institution. | - | - | P | P | P | P | P | P | P | - |  |
| Hospital or sanitarium except a criminal, mental or animal hospital | - | - | P | P | P | P | P | P | - | - |  |
| Public school, elementary and high, and educational institutions having a curriculum the same as ordinarily given in public schools. | P | P | P | P | P | P | P | P | P | - |  |
| Church or other place of worship | P | P | P | P | P | P | P | P | P | - |  |
| Business or commercial school | - | - | - | - | - | P | P | P | P | - |  |
| Radio or television broadcasting station or studio | - | - | - | - | - | P | P | P | P | - |  |
| Agricultural Activity and Uses | - | - | - | - | - | - | - | - | P | P | See Section 42-534 for a list of permitted agricultural uses; Also see Section 42-678 for agriculture-related uses subject to permit which must be first obtained from the city council. |
| Florist Shop and Greenhouse | - | - | - | - | P | P | P | P | P | P\* | \*Greenhouses are allowed in the A district but do not include salesrooms or roadside stands. See Section 42-534. Also see Section 42- 678 as this use is subject to permit which must be first obtained from the city council. |
| Animal hospitals and veterinary clinic | - | - | - | - | - | P | P | P | P | - |  |
| Roadside Stand for the display or sale of agricultural products | A | A | A | A | A | A | A | A | A | c\* | \*Seasonal sale of produce grown on site is allowed in the A district. Also see Section 42-678 as this use is subject to permit which must be   first obtained from the city council. |
| Food and Beverage Services |  | | | | | | | | | |  |
| Restaurants | - | - | - | - | P | P | P | P | P | - |  |
| Frozen Food Locker | - | - | - | - | - | P | P | P | P | - |  |
| Guest Accommodations |  | | | | | | | | | |  |
| Hotels and Motels | - | - | - | - | - | P | P | P | - | - |  |
| Office |  | | | | | | | | | |  |
| Banks and Financial Institutions | - | - | - | - | P | P | P | P | P | - | See Section 42-1 (Definitions) |
| Laboratory, research, experimental or testing facility. | - | - | - | - | - | P | P | P | - | - |  |
| Newspaper publishing and sales | - | - | - | - | P | P | P | P | P | - |  |
| Office or office building | - | - | - | P | P | P | P | P |  | - |  |
| Display and salesroom | - | - | - | - | P | P | P | P | P | - | For merchandise to be sold at wholesale where merchandise sold is stored elsewhere |
| Medical Marijuana Dispensaries | - | - | - | - | - | P | - | - | - | - | See Article VII A - Sections 42-546 to 42-547 |
| Home occupation | P | P | P | P | P | P | P | P | - | - |  |
| Personal Services |  | | | | | | | | | |  |
| Medical clinics |  |  |  | P | P | P | P | P | - | - | A pharmacy operating as an accessory use that offers filling of prescription or proprietary drugs, toiletries, confections, photographic equipment and supplies, stationery, greeting cards, medical and physical treatment equipment and supplies, newspapers and magazines, and cosmetics may be located on property occupied by a medical clinic. |
| Personal service shops, such as beauty and barbershops | - | - | - | P | P | P | P | P | P | - |  |
| Personal service uses including photographic or art studios, messenger, taxicab, newspaper or telegraphic branch, service stations, dry cleaning receiving stations. | - | - | - | - | P | P | P | P | P | - |  |
| Self-service laundry or cleaning establishment | - | - | - | - | P | P | P | P | P | - | Includes ""Laundromats"" per Section 42-1 Definitions |
| Undertaking Establishment |  |  |  |  | P | P | P | P | P | - |  |
| Recreation & Entertainment |  | | | | | | | | | |  |
| Publicly owned or operated park, playground or community building, museum, library or art gallery | P | P | P | P | P | P | P | P | P | - |  |
| Golf club or grounds | P | P | P | P | P | P | P | P | P | - | This use does not include miniature golf courses and practice tees   operated for commercial purposes. |
| Miniature golf courses and golf driving ranges | - | - | - | - |  | P | P | P |  |  |  |
| Establishment for sale of beer and alcoholic beverages | - | - | - | - | - | P | P | P | P | - | Use must be at least 50 ft from R district in relation to the C-2 district |
| Bowling alley or billiard parlor | - | - | - |  | - | P | P | P | P | - | Use must be at least 50 ft from R district in relation to the C-2 district |
| Private schools including all types of private learning institutions including dancing schools and cosmetology. | - | - | - | - | P | P | P | P | P | - |  |
| Drive-In Restaurant |  |  |  |  |  | P | P | P | P | - | Use must be at least 50 ft from R district in relation to the C-2 district |
| Theater, Indoor | - | - | - | - | P | P | P | P | P | - |  |
| Theater, Drive-in | - | - | - | - | - | P | P | P | P | - | Use must be at least 50 ft from R district in relation to the C-2 district |
| Retail |  | | | | | | | | | |  |"
4,ARTICLE IV.- DISTRICTS AND DISTRICT REGULATIONS GENERALLY,Sec. 42-212. - Permitted use table., ,sub-sec-4.9,https://library.municode.com/mo/mexico/codes/code_of_ordinances?nodeId=COOR_CH42ZO_ARTIVDIDIREGE_S42-212PEUSTA,https://zoneomics.com/code/16258/chapter_4#4.9,True,2,"| Studios or photographers, artists and musicians | - | - | - | P | P | P | P | P | P | - |  |
| Shoe repairing, repair of household appliances and bicycles, catering and bakery with sale of bakery products on the premises. | - | - | - | - | P | P | P | P | P | - |  |
| Farm implement display and salesroom | - | - | - | - | - | P | P | P | P | - |  |
| Professional services including dyeing and cleaning establishment or laundry, painting, plumbing, and tinsmithing shop. | - | - | - | - | - | P | P | P | P | - |  |
| Retail Store with no slaughtering of animals nor fish cleaning on premises | - | - | - | - | P | P | P | P | P | - |  |
| Building material and lumberyard | - | - | - | - | - | - | - | P | P | - |  |
| Winery |  |  |  |  |  |  |  |  |  | P | See 42-1 Definitions and Section 42- 534 |
| Vehicles and Equipment |  | | | | | | | | | |  |
| Used car sales or storage lot | - | - | - | - | - | P | P | P | P | - |  |
| Automobile or Trailer display and salesroom | - | - | - |  | - | P | P | P | P | - |  |
| Automobile service station or repair facility | - | - | - |  | - | P | P | P | P | - |  |
| Gasoline filling station |  |  |  |  | P | P | P | P | P | - | See Definitions in Section 42-1 |
| Convenience Store |  |  |  |  |  |  |  |  |  |  | See Definitions in Section 42-1.   Accessory uses do NOT include automobile repairs or video gambling devices as regulated by State law. |
| Automobile parking lot, including parking garages and parking structures | - | - | - | - | P | P | P | P | P | - | See 42-1 Definitions. Use is intended to include traditional off-street   parking lots and garages. |
| Motor Vehicle Storage Facility |  |  |  |  |  | P | P | P | P |  | See 42-1 Definitions. By way of example, use is intended for vehicle storage for 30+ days at mini- warehouse facilities or lots where automobiles are placed prior to sale or transfer for re-sale. |
| Tire sales and service, upholstering | - | - | - | - | - | P | P | P | P | - |  |
| Auto wrecking yards and junkyards | - | - | - | - | - | - | - | - | C | - | See Section 42.519 |
| Industrial Uses |  | | | | | | | | | |  |
| Storage and Distribution | - | - | - |  | - | - | - | P | P | - |  |
| Carting, express, hauling or storage yard; Contractor storage yard, commercial | - | - | - | - | - | P | P | P | P | - | See Definitions 42-1 |
| Contractor's storage yard, industrial |  |  |  |  |  |  |  | P | P | - | See Definitions 42-1 |
| Petroleum Storage | - | - | - | - | - | - | - | P | P | - | Only after location and treatment of the premises have been approved by the public safety director |
| Wholesale or distributing establishment   or warehouse or wholesale market | - | - | - | - | - | - | P | P | P | - |  |
| Medical marijuana-infused product manufacturing facilities | - | - | - | - | - | - | - | - | P | - | See Article VIII A, Sections 42-546 to 42-547 |
| Medical Marijuana Cultivation facilities | - | - | - | - | - | - | - | - | P | - | See Article VIII A, Sections 42-546 to 42-547 |
| Printing, publishing or engraving | - | - | - | - | - | P | P | P | P | - |  |
| Coal, coke or woodyard | - | - | - | - | - | - | - | P | P | - |  |
| The manufacture, compounding, processing, packaging or treatment of such goods, materials, and products |  |  |  |  |  |  | P | P | P | - | Section 42-499 identifies the following examples: Bakery goods, bottling works, candy, cosmetic, pharmaceuticals, toiletries, food products excepting fish and meat products, sauerkraut, vinegar, yeast and the rendering of fats and oils; Articles made from previously prepared materials such as bone, canvas, cellophane, cloth, cork, feathers, felt, fiber, fur, glass, hair, horn, leather, paper, plastics, precious or semiprecious metals or stones, shells, textiles, wax, wire, yarns and the like;   Musical instruments, toys, novelties, rubber, or metal stamps, and other small molded rubber products; Fabrication and repair of electric or neon signs or commercial advertising structures, light sheet metal products, and the like |
| Assembly and manufacture from prefabricated parts of household appliances, electronic products and similar products or the processing or assembling of parts for production of finished equipment |  |  |  |  |  |  |  | P | P | - | This category excludes petroleum storage for distribution over more extensive areas than the city and environs |
| Industrial and manufacturing plants where the process of manufacturing or the treatment of materials is such that only a nominal amount of dust, odor, gas, smoke or noise is emitted and not more than ten percent of the lot is used for the open storage of products, materials or equipment. | - | - | - | - | - | - | - | P | P | - |  |
| Heavy Manufacturing | - | - | - | - | - | - | - | - | C | - | Uses classified as ""Heavy   Manufacturing"" with potential offensive or noxious impacts are listed in Section 42-519 and are subject to approval by the city council after report by the planning and zoning commission. See Section 42-681 for Approval procedures for these uses. |
| Wind Energy Conversion System |  |  |  |  |  |  |  |  |  | P | See Section 42-534 |
| Electric Substations for public and quasi-public utilities |  |  |  |  |  |  |  |  |  | P | See Section 42-534 |
| Railroad |  |  |  |  |  |  |  |  |  | P | See Section 42-534 |
| See section 42.678 for additional uses authorized upon permit obtained in any zoning district.   All uses must adhere to the maximum height and minimum front, side and rear building setbacks, lot area, lot width and lot size requires per the Height and Area Table in Sec. 42-579.   R-1, R-2, R-3A, R-3B, C-1, C-2 and C-3 allow for any other use of similar character which is not objectionable by reason of the emission of odor, dust, smoke, gas fumes, noise or vibration or which is not specifically prohibited, or regulated in article VII of Chapter 42. | | | | | | | | | | | |
| Accessory Use Table | | | | | | | | | | | |
| Zoning District | R-1 | R-2 | R-3A | R-3B | C-1 | C-2 | C-3 | I-1 | I-2 | A | Additional Comments |
| Accessory Building or Use | P | P | P | P | P | P | P | P | P | P | In all Districts, Accessory Buildings and Uses are subject to Section 42- 622; In A, these buildings and uses are subject to 42-534 |
| Roadside Stand for the display or sale of agricultural products | P | P | P | P | P | P | P | P | P | P | Seasonal sale of produce grown on site is allowed as accessory use in all districts, subject to requirements of Section 42-678 first being met. || Tasting rooms associated with wine, beer, or distillery. |  |  |  |  |  | P | P | P |  | P | Tasting room shall be comprised of 20% or less of gross floor area of principal building | (Ord.
No.
4552, § 1(Exh.
A), 3-25-2024)"
5,ARTICLE V. - DWELLING DISTRICTS,DIVISION 2. - SINGLE-FAMILY DISTRICT REGULATIONS,Sec. 42-254. - Scope.,sub-sec-5.1.1,https://library.municode.com/mo/mexico/codes/code_of_ordinances?nodeId=COOR_CH42ZO_ARTVDWDI_DIV2SIMIDIRE_S42-254SC,https://zoneomics.com/code/16258/chapter_5#5.1.1,False,0,"The regulations set forth in this division, or set forth elsewhere in this division when referred to in this division, are the regulations in the R-1 Single-Family District.
(Code 1969, § 46-55; Code 1988, § 15-176; Ord.
No.
4552, § 1(Exh.
A), 3-25-2024)"
5,ARTICLE V. - DWELLING DISTRICTS,DIVISION 2. - SINGLE-FAMILY DISTRICT REGULATIONS,Sec. 42-255. - Use regulations.,sub-sec-5.1.2,https://library.municode.com/mo/mexico/codes/code_of_ordinances?nodeId=COOR_CH42ZO_ARTVDWDI_DIV2SIMIDIRE_S42-255USRE,https://zoneomics.com/code/16258/chapter_5#5.1.2,False,0,"(1) Within the R-1 Single-Family District, a building or premises shall be used only for the purposes found in section 42-212 (permitted use table).
(2) The maximum square footage and height of any residential accessory building shall not exceed the footprint or height of the main building.
(3) Additions or alterations to a nonconforming building shall be in compliance with the height and area requirements of the R-1 district in which it is situated.
(4) Any other use of similar character which is not objectionable by reason of the emission of odor, dust, smoke, gas fumes, noise or vibration or which is not specifically prohibited, or regulated in article VII of this chapter.
(5) Accessory buildings or uses, including private garages customarily incidental to permitted R-1 uses but not involving the conduct of a business, shall be subject to the provisions of section 42-622.
(Code 1969, § 46-56; Code 1988, § 15-177; Ord.
No.
3140, § 1, 6-8-1981; Ord.
No.
4552, § 1(Exh.
A), 3-25-2024)"
5,ARTICLE V. - DWELLING DISTRICTS,DIVISION 2. - SINGLE-FAMILY DISTRICT REGULATIONS,Sec. 42-256. - Height and area regulations.,sub-sec-5.1.3,https://library.municode.com/mo/mexico/codes/code_of_ordinances?nodeId=COOR_CH42ZO_ARTVDWDI_DIV2SIMIDIRE_S42-256HEARRE,https://zoneomics.com/code/16258/chapter_5#5.1.3,False,0,"(1) R-1 Bulk Regulations Table Expand | District   R-1(1) | Maximum height of building | | Minimum depth of front yard in feet | Minimum width of side yard in feet | Minimum depth of rear yard in feet | Minimum lot area per family in square feet | Minimum lot width in feet | Minimum lot size in square feet |
| --- | --- | --- | --- | --- | --- | --- | --- | --- |
|  | Stories | Feet |  | | | | | |
| Single family | 2½ | 35 | 25 | 5 | 30 | 6,000 | 60 | 6,000 |
| (1) The minimum square footage of living space for a single-family and two-family dwelling shall be determined by the average square footage of living space of the existing dwellings located on each side of the street where the new dwelling is to be constructed, provided that no dwelling constructed in a residential district shall be less than 600 square feet of living space. Furthermore, the living space of a dwelling shall be equal to or greater than attached garage or storage space. | | | | | | | | | (Code 1969, § 46-57; Code 1988, § 15-178; Ord.
No.
4552, § 1(Exh.
A), 3-25-2024)"
5,ARTICLE V. - DWELLING DISTRICTS,DIVISION 2. - SINGLE-FAMILY DISTRICT REGULATIONS,Sec. 42-257. - Off-street parking regulations.,sub-sec-5.1.4,https://library.municode.com/mo/mexico/codes/code_of_ordinances?nodeId=COOR_CH42ZO_ARTVDWDI_DIV2SIMIDIRE_S42-257OREPARE,https://zoneomics.com/code/16258/chapter_5#5.1.4,False,0,"Off-street parking space shall be provided in accordance with the requirements for specific uses set forth in article X of this chapter.
(Code 1969, § 46-58; Code 1988, § 15-179; Ord.
No.
4552, § 1(Exh.
A), 3-25-2024)"
5,ARTICLE V. - DWELLING DISTRICTS,DIVISION 3. - TWO-FAMILY DISTRICT REGULATIONS,Sec. 42-278. - Scope.,sub-sec-5.2.1,https://library.municode.com/mo/mexico/codes/code_of_ordinances?nodeId=COOR_CH42ZO_ARTVDWDI_DIV3TMIDIRE_S42-278SC,https://zoneomics.com/code/16258/chapter_5#5.2.1,False,0,"The regulations set forth in this division, or set forth elsewhere in this division when referred to in this division are the regulations of the R-2 Two-Family District.
(Code 1969, § 46-59; Code 1988, § 15-191; Ord.
No.
4552, § 1(Exh.
A), 3-25-2024)"
5,ARTICLE V. - DWELLING DISTRICTS,DIVISION 3. - TWO-FAMILY DISTRICT REGULATIONS,Sec. 42-279. - Use regulations.,sub-sec-5.2.2,https://library.municode.com/mo/mexico/codes/code_of_ordinances?nodeId=COOR_CH42ZO_ARTVDWDI_DIV3TMIDIRE_S42-279USRE,https://zoneomics.com/code/16258/chapter_5#5.2.2,False,0,"(1) Within the R-2 Two-Family District, a building or premises shall be used only for the purposes found in section 42-212 (permitted use table).
(2) Accessory buildings or uses, including private garages customarily incidental to permitted R-2 uses but not involving the conduct of a business, shall be subject to the provisions of section 42-622.
(3) The maximum square footage and height of any residential accessory building shall not exceed the footprint or height of the main building.
(4) Additions or alterations to a nonconforming building shall be in compliance with the height and area requirements of the R-2 district in which it is situated.
(5) Any other use of similar character which is not objectionable by reason of the emission of odor, dust, smoke, gas fumes, noise or vibration or which is not specifically prohibited, or regulated in article VII of this chapter.
(Code 1969, § 46-60; Code 1988, § 15-192; Ord.
No.
4552, § 1(Exh.
A), 3-25-2024)"
5,ARTICLE V. - DWELLING DISTRICTS,DIVISION 3. - TWO-FAMILY DISTRICT REGULATIONS,Sec. 42-280. - Height and area regulations.,sub-sec-5.2.3,https://library.municode.com/mo/mexico/codes/code_of_ordinances?nodeId=COOR_CH42ZO_ARTVDWDI_DIV3TMIDIRE_S42-280HEARRE,https://zoneomics.com/code/16258/chapter_5#5.2.3,False,0,"(1) R-2 Bulk Regulations Table Expand | District   R-2(1) | Maximum height of building | | Minimum depth of front yard in feet | Minimum width of side yard in feet | Minimum depth of rear yard in feet | Minimum lot area per family in square feet | Minimum lot width in feet | Minimum lot size in square feet |
| --- | --- | --- | --- | --- | --- | --- | --- | --- |
|  | Stories | Feet |  | | | | | |
| Two-family | 2½ | 35 | 25 | 5 | 25 | 1-F 5,000 | 50 | 1-F 5,000 |
| 2-F 2,500 | 50 | 2-F 2,500 |
| (1) The minimum square footage of living space for a single-family and two-family dwelling shall be determined by the average square footage of living space of the existing dwellings located on each side of the street where the new dwelling is to be constructed, provided that no dwelling constructed in a residential district shall be less than 600 square feet of living space. Furthermore, the living space of a dwelling shall be equal to or greater than attached garage or storage space. | | | | | | | | | (Code 1969, § 46-61; Code 1988, § 15-193; Ord.
No.
4552, § 1(Exh.
A), 3-25-2024)"
5,ARTICLE V. - DWELLING DISTRICTS,DIVISION 3. - TWO-FAMILY DISTRICT REGULATIONS,Sec. 42-281. - Off-street parking regulations.,sub-sec-5.2.4,https://library.municode.com/mo/mexico/codes/code_of_ordinances?nodeId=COOR_CH42ZO_ARTVDWDI_DIV3TMIDIRE_S42-281OREPARE,https://zoneomics.com/code/16258/chapter_5#5.2.4,False,0,"Off-street parking spaces shall be provided in accordance with the requirements for specific uses set forth in article X of this chapter.
(Code 1969, § 46-62; Code 1988, § 15-194; Ord.
No.
4552, § 1(Exh.
A), 3-25-2024)"
5,ARTICLE V. - DWELLING DISTRICTS,DIVISION 4. - MULTIPLE-FAMILY DISTRICT REGULATIONS,Sec. 42-311. - Scope.,sub-sec-5.3.1,https://library.municode.com/mo/mexico/codes/code_of_ordinances?nodeId=COOR_CH42ZO_ARTVDWDI_DIV4MUMIDIRE_S42-311SC,https://zoneomics.com/code/16258/chapter_5#5.3.1,False,0,"The regulations set forth in this division or set forth elsewhere in this division when referred to in this division are the regulations of the R-3A Multiple-Family Dwelling District.
(Code 1969, § 46-63; Code 1988, § 15-206; Ord.
No.
4552, § 1(Exh.
A), 3-25-2024)"
5,ARTICLE V. - DWELLING DISTRICTS,DIVISION 4. - MULTIPLE-FAMILY DISTRICT REGULATIONS,Sec. 42-312. - Use regulations.,sub-sec-5.3.2,https://library.municode.com/mo/mexico/codes/code_of_ordinances?nodeId=COOR_CH42ZO_ARTVDWDI_DIV4MUMIDIRE_S42-312USRE,https://zoneomics.com/code/16258/chapter_5#5.3.2,False,0,"(1) Within the R-3A Multiple-Family Dwelling District, a building or premises shall be used only for the purposes found in section 42-212 (permitted use table).
(2) Accessory buildings or uses in R-3A, including private garages customarily incidental to permitted R-3A uses but not involving the conduct of a business, shall be subject to the provisions of section 42-622.
(3) Additions or alterations to a nonconforming building shall be in compliance with the height and area requirements of the R-3A district in which it is situated.
(4) Any other use of similar character which is not objectionable by reason of the emission of odor, dust, smoke, gas fumes, noise or vibration or which is not specifically prohibited, or regulated in article VII of this chapter.
(Code 1969, § 46-64; Code 1988, § 15-207; Ord.
No.
3140, § 1, 6-8-1981; Ord.
No.
4552, § 1(Exh.
A), 3-25-2024)"
5,ARTICLE V. - DWELLING DISTRICTS,DIVISION 4. - MULTIPLE-FAMILY DISTRICT REGULATIONS,Sec. 42-313. - Height and area regulations.,sub-sec-5.3.3,https://library.municode.com/mo/mexico/codes/code_of_ordinances?nodeId=COOR_CH42ZO_ARTVDWDI_DIV4MUMIDIRE_S42-313HEARRE,https://zoneomics.com/code/16258/chapter_5#5.3.3,False,0,"(1) R-3A Bulk Regulations Table Expand | District   R-3A (1) | Maximum height of building | | Minimum depth of front yard in feet | Minimum width of side yard in feet | Minimum depth of rear yard in feet | Minimum lot area per family in square feet | Minimum lot width in feet | Minimum lot size in square feet |
| --- | --- | --- | --- | --- | --- | --- | --- | --- |
|  | Stories | Feet |  | | | | | |
| Multiple-Dwelling |  |  | 25 | 5(2) | 25 | 1-F 5,000 | 50 | 1-F 5,000 |
| 2-F 2,500 | 50 | 2-F 2,500 |
| M-F 2,000 | 60 | M-F 6,000 |
| (1) The minimum square footage of living space for a single-family and two-family dwelling shall be determined by the average square footage of living space of the existing dwellings located on each side of the street where the new dwelling is to be constructed, provided that no dwelling constructed in a residential district shall be less than 600 square feet of living space. Furthermore, the living space of a dwelling shall be equal to or greater than attached garage or storage space.   (2) For buildings less than three (3) stories in height. For three (3) story buildings each side yard shall be not less than ten (10) feet. For buildings more than three (3) stories in height, the side yards shall be increased one (1) foot for each story above three (3). | | | | | | | | | (Code 1969, § 46-65; Code 1988, § 15-208; Ord.
No.
4552, § 1(Exh.
A), 3-25-2024)"
5,ARTICLE V. - DWELLING DISTRICTS,DIVISION 4. - MULTIPLE-FAMILY DISTRICT REGULATIONS,Sec. 42-314. - Off-street parking regulations.,sub-sec-5.3.4,https://library.municode.com/mo/mexico/codes/code_of_ordinances?nodeId=COOR_CH42ZO_ARTVDWDI_DIV4MUMIDIRE_S42-314OREPARE,https://zoneomics.com/code/16258/chapter_5#5.3.4,False,0,"Off-street parking spaces shall be provided in accordance with the requirements for specific uses set forth in article X of this chapter.
(Code 1969, § 46-66; Code 1988, § 15-209; Ord.
No.
4552, § 1(Exh.
A), 3-25-2024)"
6,"ARTICLE VI.- OFFICE, PROFESSIONAL, COMMERCIAL AND BUSINESS DISTRICTS",DIVISION 2. - OFFICE AND PROFESSIONAL DISTRICT REGULATIONS,Sec. 42-351. - Scope.,sub-sec-6.1.1,https://library.municode.com/mo/mexico/codes/code_of_ordinances?nodeId=COOR_CH42ZO_ARTVIOFPRCOBUDI_DIV2OFPRDIRE_S42-351SC,https://zoneomics.com/code/16258/chapter_6#6.1.1,False,0,"The regulations set forth in this division or set forth elsewhere in this division when referred to in this division are the regulations of the R-3B Office and Professional District.
(Code 1969, § 46-67; Code 1988, § 15-246; Ord.
No.
4552, § 1(Exh.
A), 3-25-2024)"
6,"ARTICLE VI.- OFFICE, PROFESSIONAL, COMMERCIAL AND BUSINESS DISTRICTS",DIVISION 2. - OFFICE AND PROFESSIONAL DISTRICT REGULATIONS,Sec. 42-352. - Use regulations.,sub-sec-6.1.2,https://library.municode.com/mo/mexico/codes/code_of_ordinances?nodeId=COOR_CH42ZO_ARTVIOFPRCOBUDI_DIV2OFPRDIRE_S42-352USRE,https://zoneomics.com/code/16258/chapter_6#6.1.2,False,0,"(1) Within the R-3B Office and Professional District, a building or premises shall be used only for the purposes found in section 42-212 (permitted use table).
(2) Accessory buildings or uses in R-3B shall be subject to the provisions of section 42-622.
(3) The maximum square footage and height of any residential accessory building shall not exceed the footprint or height of the main building.
(4) Additions or alterations to a nonconforming building shall be in compliance with the height and area requirements of the R-3B district in which it is situated.
(5) Any other use of similar character which is not objectionable by reason of the emission of odor, dust, smoke, gas fumes, noise or vibration or which is not specifically prohibited, or regulated in article VII of this chapter.
(Code 1969, § 46-68; Code 1988, § 15-247; Ord.
No.
3037, § 1, 3-12-1979; Ord.
No.
4552, § 1(Exh.
A), 3-25-2024)"
6,"ARTICLE VI.- OFFICE, PROFESSIONAL, COMMERCIAL AND BUSINESS DISTRICTS",DIVISION 2. - OFFICE AND PROFESSIONAL DISTRICT REGULATIONS,Sec. 42-353. - Height and area regulations.,sub-sec-6.1.3,https://library.municode.com/mo/mexico/codes/code_of_ordinances?nodeId=COOR_CH42ZO_ARTVIOFPRCOBUDI_DIV2OFPRDIRE_S42-353HEARRE,https://zoneomics.com/code/16258/chapter_6#6.1.3,False,0,"(1) R-3B Bulk Regulations Table.
Expand | District   R-3B (1) | Maximum height of building | | Minimum depth of front yard in feet | Minimum width of side yard in feet | Minimum depth of rear yard in feet | Minimum lot area per family in square feet | Minimum lot width in feet | Minimum lot size in square feet |
| --- | --- | --- | --- | --- | --- | --- | --- | --- |
|  | Stories | Feet |  | | | | | |
| Office & Professional |  |  | 25 | 5(2) | 25 | 1-F 5,000 | 50 | 1-F 5,000 |
| 2-F 2,500 | 50 | 2-F 2,500 |
| M-F 2,000 | 60 | M-F 6,000 |
| (1) The minimum square footage of living space for a single-family and two-family dwelling shall be determined by the average square footage of living space of the existing dwellings located on each side of the street where the new dwelling is to be constructed, provided that no dwelling constructed in a residential district shall be less than 600 square feet of living space. Furthermore, the living space of a dwelling shall be equal to or greater than attached garage or storage space.   (2) For buildings less than or equal to three (3) stories in height, each side yard shall be not less than ten (10) feet. For buildings more than three (3) stories in height, the side yards shall be increased one (1) foot for each story above three (3). | | | | | | | | | (Code 1969, § 46-69; Code 1988, § 15-248; Ord.
No.
4552, § 1(Exh.
A), 3-25-2024)"
6,"ARTICLE VI.- OFFICE, PROFESSIONAL, COMMERCIAL AND BUSINESS DISTRICTS",DIVISION 2. - OFFICE AND PROFESSIONAL DISTRICT REGULATIONS,Sec. 42-354. - Off-street parking regulations.,sub-sec-6.1.4,https://library.municode.com/mo/mexico/codes/code_of_ordinances?nodeId=COOR_CH42ZO_ARTVIOFPRCOBUDI_DIV2OFPRDIRE_S42-354OREPARE,https://zoneomics.com/code/16258/chapter_6#6.1.4,False,0,"Off-street parking spaces shall be provided in accordance with the requirements for specific uses set forth in article X of this chapter.
(Code 1969, § 46-70; Code 1988, § 15-249; Ord.
No.
4552, § 1(Exh.
A), 3-25-2024)"
6,"ARTICLE VI.- OFFICE, PROFESSIONAL, COMMERCIAL AND BUSINESS DISTRICTS",DIVISION 3. - LOCAL COMMERCIAL DISTRICT REGULATIONS,Sec. 42-382. - Scope.,sub-sec-6.2.1,https://library.municode.com/mo/mexico/codes/code_of_ordinances?nodeId=COOR_CH42ZO_ARTVIOFPRCOBUDI_DIV3LOCODIRE_S42-382SC,https://zoneomics.com/code/16258/chapter_6#6.2.1,False,0,"The regulations set forth in this division or set forth elsewhere in this division when referred to in this division are the regulations of the C-1 Local Commercial District.
(Code 1969, § 46-71; Code 1988, § 15-261; Ord.
No.
4552, § 1(Exh.
A), 3-25-2024)"
6,"ARTICLE VI.- OFFICE, PROFESSIONAL, COMMERCIAL AND BUSINESS DISTRICTS",DIVISION 3. - LOCAL COMMERCIAL DISTRICT REGULATIONS,Sec. 42-383. - Use regulations.,sub-sec-6.2.2,https://library.municode.com/mo/mexico/codes/code_of_ordinances?nodeId=COOR_CH42ZO_ARTVIOFPRCOBUDI_DIV3LOCODIRE_S42-383USRE,https://zoneomics.com/code/16258/chapter_6#6.2.2,False,0,"(1) Within the C-1 Local Commercial District, a building or premises shall be used only for the purposes found in section 42-212 (permitted use table).
(2) Accessory buildings or uses in C-1 shall be subject to the provisions of section 42-622.
(3) The maximum square footage and height of any residential accessory building shall not exceed the footprint or height of the main building.
(4) Additions or alterations to a nonconforming building shall be in compliance with the height and area requirements of the C-1 district in which it is situated.
(5) Any other use of similar character which is not objectionable by reason of the emission of odor, dust, smoke, gas fumes, noise or vibration or which is not specifically prohibited, or regulated in article VII of this chapter.
(Code 1969, § 46-72; Code 1988, § 15-262; Ord.
No.
3140, § 1, 6-8-1981; Ord.
No.
3305, § 2, 1-13-1986; Ord.
No.
4552, § 1(Exh.
A), 3-25-2024)"
6,"ARTICLE VI.- OFFICE, PROFESSIONAL, COMMERCIAL AND BUSINESS DISTRICTS",DIVISION 3. - LOCAL COMMERCIAL DISTRICT REGULATIONS,Sec. 42-384. - Height and area regulations.,sub-sec-6.2.3,https://library.municode.com/mo/mexico/codes/code_of_ordinances?nodeId=COOR_CH42ZO_ARTVIOFPRCOBUDI_DIV3LOCODIRE_S42-384HEARRE,https://zoneomics.com/code/16258/chapter_6#6.2.3,False,0,"(1) C-1 Bulk Regulations Table.
Expand | District   C-1(1) | Maximum height of building | | Minimum depth of front yard in feet | Minimum width of side yard in feet | Minimum depth of rear yard in feet | Minimum lot area per family in square feet | Minimum lot width in feet | Minimum lot size in square feet |
| --- | --- | --- | --- | --- | --- | --- | --- | --- |
|  | Stories | Feet |  | | | | | |
| Local Commercial |  |  | 20(3) | (2) | 25 | 1-F 5,000 | 50 | 1-F 5,000 |
| 2-F 2,500 | 50 | 2-F 2,500 |
| M-F 2,000 | 60 | M-F 6,000 |
| (1) The minimum square footage of living space for a single-family and two-family dwelling shall be determined by the average square footage of living space of the existing dwellings located on each side of the street where the new dwelling is to be constructed, provided that no dwelling constructed in a residential district shall be less than 600 square feet of living space. Furthermore, the living space of a dwelling shall be equal to or greater than attached garage or storage space.   (2) No side yard is required for non-residential buildings, except that on a lot abutting a residential district, there shall be a side yard of not less than ten (10) feet. Side yards for dwellings shall be not less than five (50 feet.   (3) On corner lots, the front yard requirement on the side street need not exceed ten (10) feet. | | | | | | | | | (Code 1969, § 46-73; Code 1988, § 15-263; Ord.
No.
4552, § 1(Exh.
A), 3-25-2024)"
6,"ARTICLE VI.- OFFICE, PROFESSIONAL, COMMERCIAL AND BUSINESS DISTRICTS",DIVISION 3. - LOCAL COMMERCIAL DISTRICT REGULATIONS,Sec. 42-385. - Off-street parking and loading regulations.,sub-sec-6.2.4,https://library.municode.com/mo/mexico/codes/code_of_ordinances?nodeId=COOR_CH42ZO_ARTVIOFPRCOBUDI_DIV3LOCODIRE_S42-385OREPALORE,https://zoneomics.com/code/16258/chapter_6#6.2.4,False,0,"Off-street parking and loading spaces shall be provided for in accordance with the requirements for specific uses set forth in article X of this chapter.
(Code 1969, § 46-74; Code 1988, § 15-264; Ord.
No.
4552, § 1(Exh.
A), 3-25-2024)"
6,"ARTICLE VI.- OFFICE, PROFESSIONAL, COMMERCIAL AND BUSINESS DISTRICTS",DIVISION 4. - GENERAL COMMERCIAL DISTRICT REGULATIONS,Sec. 42-414. - Scope.,sub-sec-6.3.1,https://library.municode.com/mo/mexico/codes/code_of_ordinances?nodeId=COOR_CH42ZO_ARTVIOFPRCOBUDI_DIV4GECODIRE_S42-414SC,https://zoneomics.com/code/16258/chapter_6#6.3.1,False,0,"The regulations set forth in this division or set forth elsewhere in this division when referred to in this division are the regulations of the C-2 General Commercial District.
(Code 1969, § 46-75; Code 1988, § 15-276; Ord.
No.
4552, § 1(Exh.
A), 3-25-2024)"
6,"ARTICLE VI.- OFFICE, PROFESSIONAL, COMMERCIAL AND BUSINESS DISTRICTS",DIVISION 4. - GENERAL COMMERCIAL DISTRICT REGULATIONS,Sec. 42-415. - Use regulations.,sub-sec-6.3.2,https://library.municode.com/mo/mexico/codes/code_of_ordinances?nodeId=COOR_CH42ZO_ARTVIOFPRCOBUDI_DIV4GECODIRE_S42-415USRE,https://zoneomics.com/code/16258/chapter_6#6.3.2,False,0,"(1) Within the C-2 General Commercial District, a building or premises shall be used only for the purposes found in section 42-212 (permitted use table).
(2) Accessory buildings or uses in C-2 shall be subject to the provisions of section 42-622.
(3) The maximum square footage and height of any residential accessory building shall not exceed the footprint or height of the main building.
(4) Additions or alterations to a nonconforming building shall be in compliance with the height and area requirements of the C-2 district in which it is situated.
(5) Any other use of similar character which is not objectionable by reason of the emission of odor, dust, smoke, gas fumes, noise or vibration or which is not specifically prohibited, or regulated in article VII of this chapter.
(Code 1969, § 46-76; Code 1988, § 15-277; Ord.
No.
4212, § 2, 9-27-2011; Ord.
No.
4552, § 1(Exh.
A), 3-25-2024)"
6,"ARTICLE VI.- OFFICE, PROFESSIONAL, COMMERCIAL AND BUSINESS DISTRICTS",DIVISION 4. - GENERAL COMMERCIAL DISTRICT REGULATIONS,Sec. 42-416. - Height and area regulations.,sub-sec-6.3.3,https://library.municode.com/mo/mexico/codes/code_of_ordinances?nodeId=COOR_CH42ZO_ARTVIOFPRCOBUDI_DIV4GECODIRE_S42-416HEARRE,https://zoneomics.com/code/16258/chapter_6#6.3.3,False,0,"(1) C-2 Bulk Regulations Table.
Expand | District   C-2(1) | Maximum height of building | | Minimum depth of front yard in feet | Minimum width of side yard in feet | Minimum depth of rear yard in feet | Minimum lot area per family in square feet | Minimum lot width in feet | Minimum lot size in square feet |
| --- | --- | --- | --- | --- | --- | --- | --- | --- |
|  | Stories | Feet |  | | | | | |
| General Commercial |  |  | 20(3) | (2) | 25 | 1-F 5,000 | 50 | 1-F 5,000 |
| 2-F 2,500 | 50 | 2-F 2,500 |
| M-F 2,000 | 60 | M-F 6,000 |
| (1) The minimum square footage of living space for a single-family and two-family dwelling shall be determined by the average square footage of living space of the existing dwellings located on each side of the street where the new dwelling is to be constructed, provided that no dwelling constructed in a residential district shall be less than 600 square feet of living space. Furthermore, the living space of a dwelling shall be equal to or greater than attached garage or storage space.   (2) No side yard is required for non-residential buildings, except that on a lot abutting a residential district, there shall be a side yard of not less than ten (10) feet. Side yards for dwellings shall be not less than five (50 feet.   (3) On corner lots, the front yard requirement on the side street need not exceed ten (10) feet. | | | | | | | | | (Code 1969, § 46-77; Code 1988, § 15-278; Ord.
No.
4552, § 1(Exh.
A), 3-25-2024)"
6,"ARTICLE VI.- OFFICE, PROFESSIONAL, COMMERCIAL AND BUSINESS DISTRICTS",DIVISION 4. - GENERAL COMMERCIAL DISTRICT REGULATIONS,Sec. 42-417. - Off-street parking and loading regulations.,sub-sec-6.3.4,https://library.municode.com/mo/mexico/codes/code_of_ordinances?nodeId=COOR_CH42ZO_ARTVIOFPRCOBUDI_DIV4GECODIRE_S42-417OREPALORE,https://zoneomics.com/code/16258/chapter_6#6.3.4,False,0,"Off-street parking and loading spaces shall be provided in accordance with the requirements for specific uses set forth in article X of this chapter.
(Code 1969, § 46-78; Code 1988, § 15-279; Ord.
No.
4552, § 1(Exh.
A), 3-25-2024)"
6,"ARTICLE VI.- OFFICE, PROFESSIONAL, COMMERCIAL AND BUSINESS DISTRICTS",DIVISION 5. - BUSINESS DISTRICT REGULATIONS,Sec. 42-448. - Scope.,sub-sec-6.4.1,https://library.municode.com/mo/mexico/codes/code_of_ordinances?nodeId=COOR_CH42ZO_ARTVIOFPRCOBUDI_DIV5BUDIRE_S42-448SC,https://zoneomics.com/code/16258/chapter_6#6.4.1,False,0,"The regulations set forth in this division or set forth elsewhere in this division when referred to in this division are the regulations of the C-3 Business District.
(Code 1969, § 46-79; Code 1988, § 15-291; Ord.
No.
4552, § 1(Exh.
A), 3-25-2024)"
6,"ARTICLE VI.- OFFICE, PROFESSIONAL, COMMERCIAL AND BUSINESS DISTRICTS",DIVISION 5. - BUSINESS DISTRICT REGULATIONS,Sec. 42-449. - Use regulations.,sub-sec-6.4.2,https://library.municode.com/mo/mexico/codes/code_of_ordinances?nodeId=COOR_CH42ZO_ARTVIOFPRCOBUDI_DIV5BUDIRE_S42-449USRE,https://zoneomics.com/code/16258/chapter_6#6.4.2,False,0,"(1) Within the C-3 Business District, a building or premises shall be used only for the purposes found in section 42-212 (permitted use table).
(2) Accessory buildings or uses in C-3 shall be subject to the provisions of section 42-622.
(3) The maximum square footage and height of any residential accessory building shall not exceed the footprint or height of the main building.
(4) Additions or alterations to a nonconforming building shall be in compliance with the height and area requirements of the C-3 district in which it is situated.
(5) Any other use of similar character which is not objectionable by reason of the emission of odor, dust, smoke, gas fumes, noise or vibration or which is not specifically prohibited, or regulated in article VII of this chapter.
(Code 1969, § 46-80; Code 1988, § 15-292; Ord.
No.
3140, § 1, 6-8-1981; Ord.
No.
4552, § 1(Exh.
A), 3-25-2024)"
6,"ARTICLE VI.- OFFICE, PROFESSIONAL, COMMERCIAL AND BUSINESS DISTRICTS",DIVISION 5. - BUSINESS DISTRICT REGULATIONS,Sec. 42-450. - Height and area regulations.,sub-sec-6.4.3,https://library.municode.com/mo/mexico/codes/code_of_ordinances?nodeId=COOR_CH42ZO_ARTVIOFPRCOBUDI_DIV5BUDIRE_S42-450HEARRE,https://zoneomics.com/code/16258/chapter_6#6.4.3,False,0,"(1) C-3 Bulk Regulations Table Expand | District   C-3(1) | Maximum height of building | | Minimum depth of front yard in feet | Minimum width of side yard in feet | Minimum depth of rear yard in feet | Minimum lot area per family in square feet | Minimum lot width in feet | Minimum lot size in square feet |
| --- | --- | --- | --- | --- | --- | --- | --- | --- |
|  | Stories | Feet |  | | | | | |
| Business |  |  | 0 | (2) | (3) | 1-F 5,000 | 50 | 1-F 5,000 |
| 2-F 2,500 | 50 | 2-F 2,500 |
| M-F 2,000 | 60 | M-F 6,000 |
| (1) The minimum square footage of living space for a single-family and two-family dwelling shall be determined by the average square footage of living space of the existing dwellings located on each side of the street where the new dwelling is to be constructed, provided that no dwelling constructed in a residential district shall be less than 600 square feet of living space. Furthermore, the living space of a dwelling shall be equal to or greater than attached garage or storage space.   (2) No side yard is required for non-residential buildings, except that on a lot abutting a residential district, there shall be a side yard of not less than ten (10) feet. Side yards for dwellings shall be not less than five (5) feet.   (3) No rear yards are required for non-residential buildings except that on a lot abutting a residential district, there shall be a rear yard of not less than twenty (20) feet. Rear yards for residential buildings shall be not less than twenty (20) feet. | | | | | | | | | (Code 1969, § 46-81; Code 1988, § 15-293; Ord.
No.
4552, § 1(Exh.
A), 3-25-2024)"
6,"ARTICLE VI.- OFFICE, PROFESSIONAL, COMMERCIAL AND BUSINESS DISTRICTS",DIVISION 5. - BUSINESS DISTRICT REGULATIONS,Sec. 42-451. - Off-street parking and loading regulations.,sub-sec-6.4.4,https://library.municode.com/mo/mexico/codes/code_of_ordinances?nodeId=COOR_CH42ZO_ARTVIOFPRCOBUDI_DIV5BUDIRE_S42-451OREPALORE,https://zoneomics.com/code/16258/chapter_6#6.4.4,False,0,"Off-street parking and loading spaces shall be provided in accordance with the requirements for specific uses set forth in article X of this chapter.
(Code 1969, § 46-82; Code 1988, § 15-294; Ord.
No.
4552, § 1(Exh.
A), 3-25-2024)"
7,ARTICLE VII.- INDUSTRIAL DISTRICTS,DIVISION 2. - LIGHT INDUSTRIAL DISTRICT REGULATIONS,Sec. 42-494. - Scope.,sub-sec-7.1.1,https://library.municode.com/mo/mexico/codes/code_of_ordinances?nodeId=COOR_CH42ZO_ARTVIIINDI_DIV2LIINDIRE_S42-494SC,https://zoneomics.com/code/16258/chapter_7#7.1.1,False,0,"The regulations set forth in this division or set forth elsewhere in this division when referred to in this division are the regulations of the I-1 Light Industrial District.
(Code 1969, § 46-83; Code 1988, § 15-326; Ord.
No.
4552, § 1(Exh.
A), 3-25-2024)"
7,ARTICLE VII.- INDUSTRIAL DISTRICTS,DIVISION 2. - LIGHT INDUSTRIAL DISTRICT REGULATIONS,Sec. 42-495. - Use regulations.,sub-sec-7.1.2,https://library.municode.com/mo/mexico/codes/code_of_ordinances?nodeId=COOR_CH42ZO_ARTVIIINDI_DIV2LIINDIRE_S42-495USRE,https://zoneomics.com/code/16258/chapter_7#7.1.2,False,0,"(1) Within the I-1 Light Industrial District, a building or premises shall be used only for the purposes found in section 42-212 (permitted use table).
(2) Accessory buildings or uses in I-1 shall be subject to the provisions of section 42-622.
(3) The maximum square footage and height of any residential accessory building shall not exceed the footprint or height of the main building.
(4) Additions or alterations to a nonconforming building shall be in compliance with the height and area requirements of the I-1 district in which it is situated.
(Code 1969, § 46-84; Code 1988, § 15-327; Ord.
No.
4212, § 3, 9-27-2011; Ord.
No.
4552, § 1(Exh.
A), 3-25-2024)"
7,ARTICLE VII.- INDUSTRIAL DISTRICTS,DIVISION 2. - LIGHT INDUSTRIAL DISTRICT REGULATIONS,Sec. 42-496. - Height and area regulations.,sub-sec-7.1.3,https://library.municode.com/mo/mexico/codes/code_of_ordinances?nodeId=COOR_CH42ZO_ARTVIIINDI_DIV2LIINDIRE_S42-496HEARRE,https://zoneomics.com/code/16258/chapter_7#7.1.3,False,0,"(1) Bulk Regulations Table Expand | District   I-1(1) | Maximum height of building | | Minimum depth of front yard in feet | Minimum width of side yard in feet | Minimum depth of rear yard in feet | Minimum lot area per family in square feet | Minimum lot width in feet | Minimum lot size in square feet |
| --- | --- | --- | --- | --- | --- | --- | --- | --- |
|  | Stories | Feet |  | | | | | |
| Light Industrial |  |  | (2) | (2), (3) |  |  |  |  |
| (1) The minimum square footage of living space for a single-family and two-family dwelling shall be determined by the average square footage of living space of the existing dwellings located on each side of the street where the new dwelling is to be constructed, provided that no dwelling constructed in a residential district shall be less than 600 square feet of living space. Furthermore, the living space of a dwelling shall be equal to or greater than attached garage or storage space.   (2) There shall be a minimum setback of twenty (20) feet along any public street in all industrial districts.   (3) No side yard is required for nonresidential buildings, except that on a lot abutting a residential district, there shall be a side yard of not less than ten (10) feet. Side yards for dwellings shall be not less than five feet. | | | | | | | | | (Code 1969, § 46-85; Code 1988, § 15-328; Ord.
No.
4552, § 1(Exh.
A), 3-25-2024)"
7,ARTICLE VII.- INDUSTRIAL DISTRICTS,DIVISION 2. - LIGHT INDUSTRIAL DISTRICT REGULATIONS,Sec. 42-497. - Off-street parking and loading regulations.,sub-sec-7.1.4,https://library.municode.com/mo/mexico/codes/code_of_ordinances?nodeId=COOR_CH42ZO_ARTVIIINDI_DIV2LIINDIRE_S42-497OREPALORE,https://zoneomics.com/code/16258/chapter_7#7.1.4,False,0,"Off-street parking and loading spaces shall be provided in accordance with the requirements for specific uses set forth in article X of this chapter.
(Code 1969, § 46-86; Code 1988, § 15-329; Ord.
No.
4552, § 1(Exh.
A), 3-25-2024)"
7,ARTICLE VII.- INDUSTRIAL DISTRICTS,DIVISION 3. - HEAVY INDUSTRIAL DISTRICT REGULATIONS,Sec. 42-518. - Scope.,sub-sec-7.2.1,https://library.municode.com/mo/mexico/codes/code_of_ordinances?nodeId=COOR_CH42ZO_ARTVIIINDI_DIV3HEINDIRE_S42-518SC,https://zoneomics.com/code/16258/chapter_7#7.2.1,False,0,"The regulations set forth in this division or set forth elsewhere in this division when referred to in this division are the regulations of the I-2 Heavy Industrial District.
(Code 1969, § 46-87; Code 1988, § 15-346; Ord.
No.
4552, § 1(Exh.
A), 3-25-2024)"
7,ARTICLE VII.- INDUSTRIAL DISTRICTS,DIVISION 3. - HEAVY INDUSTRIAL DISTRICT REGULATIONS,Sec. 42-519. - Use regulations.,sub-sec-7.2.2,https://library.municode.com/mo/mexico/codes/code_of_ordinances?nodeId=COOR_CH42ZO_ARTVIIINDI_DIV3HEINDIRE_S42-519USRE,https://zoneomics.com/code/16258/chapter_7#7.2.2,False,0,"(1) Within the I-2 Heavy Industrial District, a building or premises shall be used only for the purposes found in section 42-212 (permitted use table).
(2) Uses within the I-2 Heavy Industrial District shall be subject to the provisions of 42-579 (height and area table).
(3) Accessory buildings or uses in I-2 shall be subject to the provisions of section 42-622.
(4) Additions or alterations to a nonconforming building shall be in compliance with the height and area requirements of the I-2 district in which it is situated.
(5) Any building or premises may be used for any purpose not in conflict with any provision of this Code or other ordinance of the city, provided that no building shall be erected, reconstructed or structurally altered for residential purposes, except for resident watchmen and caretakers employed on the premises, and provided further that no building permit shall be issued for any of the following uses until and unless the location of such use shall have been approved by the city council after report by the planning and zoning commission:
a. Acid manufacturing;
b. Ammonia manufacturing, refining, or wholesale storage;
c. Cement, lime, gypsum, plaster of Paris, or clay products manufacturing;
d. Distillation of bones and glue manufacturing;
e. Explosives manufacturing or storage;
f. Fat rendering;
g. Fertilizer manufacturing;
h. Gas manufacturing;
i. Garbage, offal or dead animal reduction or dumping;
j. Automobile or motor vehicle wrecking shop, automobile salvage or wrecking yard, or junkyard;
k. Refining or petroleum or its products, and storage of petroleum products for distribution in areas beyond the city and environs;
l. Smelting of tin, copper, zinc or iron ores;
m. Stockyards or the slaughtering of animals; and
n. Wholesale storage of gasoline.
(Code 1969, § 46-88; Code 1988, § 15-347; Ord.
No.
3287, § 2, 7-22-1985; Ord.
No.
4552, § 1(Exh.
A), 3-25-2024)"
7,ARTICLE VII.- INDUSTRIAL DISTRICTS,DIVISION 3. - HEAVY INDUSTRIAL DISTRICT REGULATIONS,Sec. 42-520. - Height and area regulations.,sub-sec-7.2.3,https://library.municode.com/mo/mexico/codes/code_of_ordinances?nodeId=COOR_CH42ZO_ARTVIIINDI_DIV3HEINDIRE_S42-520HEARRE,https://zoneomics.com/code/16258/chapter_7#7.2.3,False,0,"(1) I-2 Bulk Regulations Table Expand | District   I-2 | Maximum height of building | | Minimum depth of front yard in feet | Minimum width of side yard in feet | Minimum depth of rear yard in feet | Minimum lot area per family in square feet | Minimum lot width in feet | Minimum lot size in square feet |
| --- | --- | --- | --- | --- | --- | --- | --- | --- |
|  | Stories | Feet |  | | | | | |
| Heavy Industrial |  |  | (1) | (1), (2) |  |  |  |  |
| (1) There shall be a minimum setback of twenty (20) feet along any public street in all industrial districts.   (2) No side yard is required, except that on a lot abutting a residential district, there shall be a side yard of not less than twenty (20) feet. | | | | | | | | | (Code 1969, § 46-89; Code 1988, § 15-348; Ord.
No.
4552, § 1(Exh.
A), 3-25-2024)"
7,ARTICLE VII.- INDUSTRIAL DISTRICTS,DIVISION 3. - HEAVY INDUSTRIAL DISTRICT REGULATIONS,Sec. 42-521. - Off-street parking and loading regulations.,sub-sec-7.2.4,https://library.municode.com/mo/mexico/codes/code_of_ordinances?nodeId=COOR_CH42ZO_ARTVIIINDI_DIV3HEINDIRE_S42-521OREPALORE,https://zoneomics.com/code/16258/chapter_7#7.2.4,False,0,"Off-street parking and loading spaces shall be provided in accordance with the requirements for specific uses set forth in article X of this chapter.
(Code 1969, § 46-90; Code 1988, § 15-349; Ord.
No.
4552, § 1(Exh.
A), 3-25-2024)"
8,ARTICLE VIII.- AGRICULTURE DISTRICT,Sec. 42-533.- Scope., ,sub-sec-8.1,https://library.municode.com/mo/mexico/codes/code_of_ordinances?nodeId=COOR_CH42ZO_ARTVIIIAGDI_S42-533SC,https://zoneomics.com/code/16258/chapter_8#8.1,False,0,"The regulations set forth in this division, or set forth elsewhere in this chapter when referred to in this division, are the regulations of the A, Agriculture District.
This district is intended primarily as a holding zone to be used for agricultural land that has been annexed into the city until the land is developed and zoned for its intended use of residential, commercial or industrial purposes.
(Ord.
No.
4552, § 1(Exh.
A), 3-25-2024)"
8,ARTICLE VIII.- AGRICULTURE DISTRICT,Sec. 42-534. - Use regulations., ,sub-sec-8.2,https://library.municode.com/mo/mexico/codes/code_of_ordinances?nodeId=COOR_CH42ZO_ARTVIIIAGDI_S42-534USRE,https://zoneomics.com/code/16258/chapter_8#8.2,False,0,"(a) The agriculture district is designed to prohibit premature development into rural areas not fully served by public facilities and to ensure that such development occurs adjacent to previously urbanized or urbanizing areas.
Prior to the issuance of any permits for new construction, a permanent zoning district classification must be obtained.
(b) A building or premises shall be used only for the following purposes:
(1) Agricultural uses such as crops, truck gardening, berry, bush or tree crops; flower gardening; noncommercial nurseries; orchards; aviaries and apiaries; grazing, breeding and raising of livestock, providing all buildings and enclosures for feeding, breeding or milking, but not including pasturing and grazing of such animals, are located not less than 200 feet from any lot line; including a greenhouse but not including a salesroom or roadside stand; barbed wire or electric fences when used for livestock containment; seasonal sale of produce grown on site, but excluding feed lots and sales or auction yards or barns;
(2) Any detached dwelling, building, shed or similar structure present at the time of annexation;
(3) Railroad;
(4) Winery;
(5) Wind energy conversion system;
(6) Public or quasi-public utility, including substation.
(7) Any other use of similar character which is not objectionable by reason of the emission of odor, dust, smoke, gas fumes, noise or vibration or which is not specifically prohibited, or regulated in article VII of this chapter.
(Ord.
No.
4552, § 1(Exh.
A), 3-25-2024)"
8,ARTICLE VIII.- AGRICULTURE DISTRICT,Sec. 42-535. - Height and area regulations., ,sub-sec-8.3,https://library.municode.com/mo/mexico/codes/code_of_ordinances?nodeId=COOR_CH42ZO_ARTVIIIAGDI_S42-535HEARRE,https://zoneomics.com/code/16258/chapter_8#8.3,False,0,"(1) A Bulk Regulations Table Expand | District A | Maximum height of building | | Minimum depth of front yard in feet | Minimum width of side yard in feet | Minimum depth of rear yard in feet | Minimum lot area per family in square feet | Minimum lot width in feet | Minimum lot size in square feet |
| --- | --- | --- | --- | --- | --- | --- | --- | --- |
|  | Stories | Feet |  | | | | | |
| Agriculture |  |  | (1) | (1), (2) |  |  |  |  |
| (1) There shall be a minimum setback of twenty (20) feet along any public street in all agriculture districts.   (2) No side yard is required, except that on a lot abutting a residential district, there shall be a side yard of not less than twenty (20) feet. | | | | | | | | | (Ord.
No.
4552, § 1(Exh.
A), 3-25-2024)"
8,ARTICLE VIII.- AGRICULTURE DISTRICT,Sec. 42-536. - Off-street parking and loading regulations., ,sub-sec-8.4,https://library.municode.com/mo/mexico/codes/code_of_ordinances?nodeId=COOR_CH42ZO_ARTVIIIAGDI_S42-536OREPALORE,https://zoneomics.com/code/16258/chapter_8#8.4,False,0,"Off-street parking and loading spaces shall be provided in accordance with the requirements for specific uses set forth in article X of this chapter.
(Ord.
No.
4552, § 1(Exh.
A), 3-25-2024)"
9,ARTICLE VIII-A.- MEDICAL MARIJUANA DISPENSARY DISTRICT,Sec. 42-546.- Definitions., ,sub-sec-9.1,https://library.municode.com/mo/mexico/codes/code_of_ordinances?nodeId=COOR_CH42ZO_ARTVIII-AMEMADIDI_S42-546DE,https://zoneomics.com/code/16258/chapter_9#9.1,False,0,"City means the City of Mexico.
Cultivation facility means a facility licensed to acquire, cultivate, process, store, transport and sell marijuana to other medical marijuana facilities.
Three types of facilities:
(1) Indoor facility- maximum of thirty thousand square feet of flowering plant canopy space;
(2) Outdoor facility- maximum of two thousand eight hundred flowering plants; and
(3) Greenhouse facilitymay choose to be limited by either of the above maximum.
Dispensary means a facility licensed to acquire, store, sell, transport and deliver marijuana, marijuana infused products, and drug paraphernalia used to administer marijuana, which holds a permit issued by the Department of Health and Senior Services to dispense medical marijuana.
Infused products facility means a facility licensed to acquire, store, manufacture, transport, and sell marijuana infused products to a medical marijuana dispensary facility, a medical marijuana testing facility, or to another medical marijuana infused products manufacturing facility.
Medical marijuana means marijuana for certified use as set forth in article XIV of the Missouri Constitution.
Permit means an authorization issued by the Department of Health and Senior Services to a medical marijuana organization to conduct activities under Article XIV of the Missouri Constitution.
Testing facility means a facility certified by Department of Health and Senior Services to acquire, test, certify and transport marijuana.
May not be owned by an entity that owns another type of medical marijuana facility.
(Ord.
No.
4411, § 1, 5-13-2019)"
9,ARTICLE VIII-A.- MEDICAL MARIJUANA DISPENSARY DISTRICT,Sec. 42-547. - Use Regulations., ,sub-sec-9.2,https://library.municode.com/mo/mexico/codes/code_of_ordinances?nodeId=COOR_CH42ZO_ARTVIII-AMEMADIDI_S42-547USRE,https://zoneomics.com/code/16258/chapter_9#9.2,False,0,"(a) Medical marijuana dispensaries, cultivation, infused products and testing facilities may not be originally located within 1,000 feet of a primary or secondary school, day care facility or church.
(b) Medical marijuana dispensaries shall be classified as commercial and as such, be allowed in the C-2, general commercial district as established by the official city planning and zoning commission and adopted by the city council on May 13, 2019, and shall conform to all regulations set forth for those districts along with any other regulations adopted by the city.
Should any regulations be stricter than those imposed by the city the stricter regulation shall apply.
(c) Medical marijuana cultivation, infused products and testing facilities shall be classified as Industry and as such, be allowed in the 1-2, heavy industry district as established by the official city planning and zoning commission and adopted by the city council on May 13, 2019 and shall conform to all regulations set forth for those districts along with any other regulations adopted by the city.
Should any State regulations be stricter than those imposed by the city the stricter regulation shall apply.
(d) Medical marijuana cultivation, infused products and testing facilities shall have a fence surrounding their property of not less than eight feet in height constructed with industry standard materials.
(e) All department of health and senior services permits issued for medical marijuana dispensaries, cultivation, infused products and testing facilities must obtain a City of Mexico Business License to operate in the City of Mexico.
(f) All city subdivision, land development and stormwater ordinances shall be adhered.
(g) Medical marijuana dispensaries, cultivation, infused products and testing facilities shall abide by all laws as set forth by this article, including any agency acting for/under the direction of the above-named entities.
(h) Medical marijuana greenhouses used for cultivation shall have a liner and a water return system installed in order to avoid contamination of the soil and water table.
(i) Outside lighting must be directed away from adjacent properties.
(j) No odors, fumes, smoke, dust or any other noxious pollutants shall be discharged from cultivation, infused products and testing facilities that exceed federal regulations.
(k) There shall be no storage of any form of marijuana or its by-products outside the facility.
(Ord.
No.
4411, § 2, 5-13-2019)"
10,ARTICLE IX.- HEIGHT AND AREA REQUIREMENTS,DIVISION 2. - REGULATION,Sec. 42-579. - Height and area table.,sub-sec-10.1.1,https://library.municode.com/mo/mexico/codes/code_of_ordinances?nodeId=COOR_CH42ZO_ARTIXHEARRE_DIV2RE_S42-579HEARTA,https://zoneomics.com/code/16258/chapter_10#10.1.1,False,0,"(a) The required height and area regulations are established as shown in the table which follows:
HEIGHT AND AREA REQUIREMENTS Expand | District | | Maximum height of building | | Minimum depth of front yard in feet | Minimum width of side yard in feet | Minimum depth of rear yard in feet | Minimum lot area per family in square feet | Minimum lot width in feet | Minimum lot size in square feet |
| --- | --- | --- | --- | --- | --- | --- | --- | --- | --- |
|  | | Stories | Feet |  | | | | | |
| R-1(8) | Single-family | 2½ | 35 | 25 | 5 | 30 | 6,000 | 60 | 6,000 |
| R-2(8) | Two-family | 2½ | 35 | 25 | 5 | 25 | 1-F 5,000 | 50 | 1-F 5,000 |
|  |  |  |  |  |  |  | 2-F 2,500 |  | 2-F 5,000 |
| R-3A | Multiple-dwelling |  |  | 25 | 5(1) | 25 | 1-F 5,000 | 50 | 2-F 5,000 |
|  |  |  |  |  |  |  | F-2 2,500 |  | 2-F 5,000 |
|  |  |  |  |  |  |  | M-F 2,000 | 60 | M-F 6,000 |
| R-3B | Office & professional |  |  | 25 | 5(1) | 25 | Same as R-3A |  |  |
| C-1 | Local commercial |  |  | 20(6) | (3) | 25 | Same as R-3A |  |  |
| C-2 | General commercial |  |  | 20(6) | (2) | 25 | Same as R-3A |  |  |
| C-3 | Business |  |  | 0 | (2) | (5) | Same as R-3A |  |  | Expand | District | | Maximum height of building | | Minimum depth of front yard in feet | Minimum width of side yard in feet | Minimum depth of rear yard in feet | Minimum lot area per family in square feet | Minimum lot width in feet | Minimum lot size in square feet |
| --- | --- | --- | --- | --- | --- | --- | --- | --- | --- |
|  | | Stories | Feet |  | | | | | |
| I-1 | Light industrial |  |  | (7) | (3), (7) |  |  |  |  |
| I-2 | Heavy industrial |  |  | (7) | (4), (7) |  |  |  |  |
| A | Agriculture |  |  | (7) | (4), (7) |  |  |  |  | (b) Numbers in parentheses above refer to following additions or modifications to regulations:
(1) For buildings less than three stories in height.
For three-story buildings each side yard shall be not less than ten feet.
For buildings more than three stories in height, the side yards shall be increased one foot for each story above three.
(2) No side yard is required for nonresidential buildings, except that on a lot abutting a residential district, there shall be a side yard of not less than five feet.
Side yards for dwellings shall be not less than five feet.
(3) No side yards are required for nonresidential buildings except that on a lot abutting a residential district, there shall be a side yard of not less than ten feet.
Side yards for dwellings shall be not less than five feet.
(4) No side yards are required except that on a lot abutting a residential district, there shall be a side yard of not less than 20 feet.
(5) No rear yards are required except that on a lot abutting a residential district, there shall be a rear yard of not less than 20 feet.
Rear yards for residential buildings shall be not less than 20 feet.
(6) On corner lots, the front yard requirement on the side street need not exceed ten feet.
(7) There shall be a minimum setback of 20 feet along any public street in all industrial districts.
(8) The minimum square footage of living space for a single-family and two-family dwelling shall be determined by the average square footage of living space of the existing dwellings located on each side of the street where the new dwelling is to be constructed, provided that no dwelling constructed in a residential district shall be less than 600 square feet of living space.
Furthermore, the living space of a dwelling shall be equal to or greater than attached garage or storage space.
(9) The maximum square footage and height of any residential accessory buildings shall not exceed the foot print of the main building.
(10) Additions or alterations to a nonconforming building shall be in compliance with the height and area requirements of the district in which it is situated.
(Code 1969, § 46-91; Code 1988, § 15-376; Ord.
No.
2878, §§ 1, 2, 7-28-1975; Ord.
No.
4476, § 1, 6-14-2021)"
10,ARTICLE IX.- HEIGHT AND AREA REQUIREMENTS,DIVISION 2. - REGULATION,Sec. 42-580. - Building setback to be at least 30 feet from center of abutting street.,sub-sec-10.1.2,https://library.municode.com/mo/mexico/codes/code_of_ordinances?nodeId=COOR_CH42ZO_ARTIXHEARRE_DIV2RE_S42-580BUSEBELE30FECEABST,https://zoneomics.com/code/16258/chapter_10#10.1.2,False,0,"Notwithstanding the provisions of any other section of this division, no building of any type or description shall be erected in such manner than any portion of such building shall be closer than 30 feet to the centerline of any street or roadway abutting the lot upon which such building is constructed.
This provision shall not lessen the building line minimum setback requirements for the various districts as provided in this division.
(Code 1969, § 46-92; Code 1988, § 15-377)"
10,ARTICLE IX.- HEIGHT AND AREA REQUIREMENTS,DIVISION 2. - REGULATION,Sec. 42-581. - Designation of frontage streets for corner lots in certain districts.,sub-sec-10.1.3,https://library.municode.com/mo/mexico/codes/code_of_ordinances?nodeId=COOR_CH42ZO_ARTIXHEARRE_DIV2RE_S42-581DEFRSTCOLOCEDI,https://zoneomics.com/code/16258/chapter_10#10.1.3,False,0,"Notwithstanding the provisions of any other section of this division, on corner lots in the R-1, R-2, R-3A and R-3B districts where the ratio between the greatest length and the greatest width of the lot has no more disparity than four to three, the owner may at the time of securing a permit for erection, alteration or remodeling of a building thereon, designate either street on which the lot abuts as the frontage street, and the front and rear yards shall be parallel to the street so designated.
An option to so designate the frontage street once having been made, no change in the frontage as designated shall thereafter be made as long as the building for which the permit was issued and the designation made stands on such lot.
Nothing in this section shall be construed to permit the creation of a nonconforming use or to permit diminution of the required front, rear and side yards required in the respective zoning districts.
(Code 1969, § 46-93; Code 1988, § 15-378)"
10,ARTICLE IX.- HEIGHT AND AREA REQUIREMENTS,DIVISION 2. - REGULATION,Sec. 42-582. - Minimum street frontage.,sub-sec-10.1.4,https://library.municode.com/mo/mexico/codes/code_of_ordinances?nodeId=COOR_CH42ZO_ARTIXHEARRE_DIV2RE_S42-582MISTFR,https://zoneomics.com/code/16258/chapter_10#10.1.4,False,0,"The minimum street frontage on all lots in all zoning districts within the city shall be 25 feet.
(Code 1969, § 46-94; Code 1988, § 15-379)"
10,ARTICLE IX.- HEIGHT AND AREA REQUIREMENTS,DIVISION 3. - EXCEPTIONS TO AND MODIFICATIONS OF REGULATIONS,Sec. 42-613. - Regulations contained in this division qualify or supplement district regulations.,sub-sec-10.2.1,https://library.municode.com/mo/mexico/codes/code_of_ordinances?nodeId=COOR_CH42ZO_ARTIXHEARRE_DIV3EXMORE_S42-613RECODIQUSUDIRE,https://zoneomics.com/code/16258/chapter_10#10.2.1,False,0,"The regulations set forth in this division qualify or supplement, as the case may be, the district regulations set forth elsewhere in this division.
(Code 1969, § 46-95; Code 1988, § 15-391)"
10,ARTICLE IX.- HEIGHT AND AREA REQUIREMENTS,DIVISION 3. - EXCEPTIONS TO AND MODIFICATIONS OF REGULATIONS,Sec. 42-614. - Buildings and structures to which height limitations not applicable.,sub-sec-10.2.2,https://library.municode.com/mo/mexico/codes/code_of_ordinances?nodeId=COOR_CH42ZO_ARTIXHEARRE_DIV3EXMORE_S42-614BUSTWHHELINOAP,https://zoneomics.com/code/16258/chapter_10#10.2.2,False,0,"The height limitations of this division shall not apply to:
(1) Church spires;
(2) Belfries;
(3) Monuments;
(4) Water towers;
(5) Tanks;
(6) Fire towers;
(7) Stage towers or scenery lofts;
(8) Cooling towers;
(9) Ornamental towers and spires;
(10) Radio and television towers, antennas, aerials or cell towers;
(11) Chimneys;
(12) Elevator bulkheads;
(13) Smoke stacks;
(14) Grain elevators; and
(15) Flag poles.
(Code 1969, § 46-96; Code 1988, § 15-392)"
10,ARTICLE IX.- HEIGHT AND AREA REQUIREMENTS,DIVISION 3. - EXCEPTIONS TO AND MODIFICATIONS OF REGULATIONS,Sec. 42-615. - Fences.,sub-sec-10.2.3,https://library.municode.com/mo/mexico/codes/code_of_ordinances?nodeId=COOR_CH42ZO_ARTIXHEARRE_DIV3EXMORE_S42-615FE,https://zoneomics.com/code/16258/chapter_10#10.2.3,False,0,"(a) Fences may be erected in R districts to a height not exceeding four feet along the boundaries of a lot, except that no such fence shall be erected within 30 feet of the intersection of two street lines.
In districts C-1, C-2, C-3, I-1 and I-2 fences may be erected to a height of eight feet but no such fence shall be erected within 30 feet of the intersection of two existing street lines.
In R districts, fences not in excess of six feet in height may be built on the boundaries of that portion of any lot which comprises the rear or side yard as defined by this division, but no fence may be erected within five feet of an existing dwelling on an adjoining lot; and may be erected within any part of the lot where this division permits the erection of a dwelling or extension thereof, but no such fence may be erected within five feet of an existing dwelling on an adjoining lot.
(b) At such times as a lot which is zoned C-1, C-2, C-3, I-1 or I-2 is developed adjacent to a lot which is zoned R-1, R-2, R-3A or R-3B, a permanent screening consisting of a masonry wall, wood fence, seeded berms, or combination thereof, at least six feet in height, shall be installed by the developer of the C-1, C-2, C-3, I-1 or I-2 zoned lot.
The screen shall be installed on the lot line between the lot which is zoned C-1, C-2, C-3, I-1 or I-2 and the lot which is zoned R-1, R-2, R-3A or R-3B.
The required screening shall be of an opacity of at least 80 percent yearround.
The required screening shall be maintained in good order and not allowed to exist in a state of disrepair.
If wood fencing is used, it shall be durable in nature or treated to prevent rapid deterioration.
Failure to maintain the required screening shall be considered a violation of this division.
(c) Fences that are constructed across utility easements, including sanitary sewer easements, shall have installed an exterior gate at some location in thier length that makes the easement accessible without entering any building, residence, garage, or other structure.
(Code 1969, § 46-97; Code 1988, § 15-393; Ord.
No.
3338, § 1, 10-12-1987; Ord.
No.
3560, § 3, 8-23-1993; Ord.
No.
4136, § 1, 10-26-2009; Ord.
No.
4399, § 1, 8-27-2018)"
10,ARTICLE IX.- HEIGHT AND AREA REQUIREMENTS,DIVISION 3. - EXCEPTIONS TO AND MODIFICATIONS OF REGULATIONS,"Sec. 42-616. - Public, etc., buildings, hospitals, institutions, schools and churches.",sub-sec-10.2.4,https://library.municode.com/mo/mexico/codes/code_of_ordinances?nodeId=COOR_CH42ZO_ARTIXHEARRE_DIV3EXMORE_S42-616PUETBUHOINSCCH,https://zoneomics.com/code/16258/chapter_10#10.2.4,False,0,"Public, semipublic or public service buildings, hospitals, institutions or schools, when permitted in a district, may be erected to a height not exceeding 60 feet; and churches and temples may be erected to a height not exceeding 75 feet when the required side and rear yards are each increased by at least one foot for each one foot of additional building height above the height limit otherwise provided in the district in which the building is located.
(Code 1969, § 46-98; Code 1988, § 15-394)"
10,ARTICLE IX.- HEIGHT AND AREA REQUIREMENTS,DIVISION 3. - EXCEPTIONS TO AND MODIFICATIONS OF REGULATIONS,Sec. 42-617. - General area exceptions and modifications.,sub-sec-10.2.5,https://library.municode.com/mo/mexico/codes/code_of_ordinances?nodeId=COOR_CH42ZO_ARTIXHEARRE_DIV3EXMORE_S42-617GEAREXMO,https://zoneomics.com/code/16258/chapter_10#10.2.5,False,0,"(a) Every part of a required yard shall be open to the sky, unobstructed by a building, except for accessory buildings in rear yard, and except for the ordinary projections of sills, belt courses, cornices and ornamental features not to exceed 12 inches; and provided further, that canopies, porches or decks having a roof area not exceeding 80 square feet may project a maximum of eight feet into the required front or rear yard.
Canopies, porches or decks extending into a required yard shall not be enclosed.
Open paved terraces may project not more than ten feet into a required front yard.
(b) Open or lattice enclosed fire escapes, required by law, projecting into a yard not to exceed five feet, and the ordinary projection of chimneys and pilaster shall be permitted by the building inspector when placed so as not to obstruct light and ventilation.
(c) Where a lot or tract is used for educational, institutional, hotel, commercial or industrial purposes, more than one main building may be located upon the lot or tract, but only when such buildings conform to all open space requirements around the lot for the district in which the lot or tract is located.
(Code 1969, § 46-99; Code 1988, § 15-395; Ord.
No.
4290, § 1, 1-27-2014)"
10,ARTICLE IX.- HEIGHT AND AREA REQUIREMENTS,DIVISION 3. - EXCEPTIONS TO AND MODIFICATIONS OF REGULATIONS,Sec. 42-618. - Front yards.,sub-sec-10.2.6,https://library.municode.com/mo/mexico/codes/code_of_ordinances?nodeId=COOR_CH42ZO_ARTIXHEARRE_DIV3EXMORE_S42-618FRYA,https://zoneomics.com/code/16258/chapter_10#10.2.6,False,0,"When a lot is a corner lot, there shall be a front yard and a side yard equal in depth to the front yard, provided that the buildable width of a lot of record on October 12, 1953, need not be reduced to less than 30 feet, except where necessary to provide a yard along the side street with a depth of not less than five feet.
No accessory building shall project beyond the front yardinner line on either street, and such front yard line shall be separately computed for accessory buildings, except that the buildable width for accessory buildings shall not be reduced to less than 22 feet.
(Code 1969, § 46-100; Code 1988, § 15-396; Ord.
No.
3535, § 3, 2-8-1993; Ord.
No.
3560, § 4, 8-23-1993)"
10,ARTICLE IX.- HEIGHT AND AREA REQUIREMENTS,DIVISION 3. - EXCEPTIONS TO AND MODIFICATIONS OF REGULATIONS,Sec. 42-619. - Side yards.,sub-sec-10.2.7,https://library.municode.com/mo/mexico/codes/code_of_ordinances?nodeId=COOR_CH42ZO_ARTIXHEARRE_DIV3EXMORE_S42-619SIYA,https://zoneomics.com/code/16258/chapter_10#10.2.7,False,0,"The side yards heretofore established shall be adjusted in the following cases:
(1) Commercial or industrial buildings used in part for dwelling purposes shall provide side yards not less than five feet in width unless every dwelling room opens directly upon a front yard, rear yard or court;
(2) For the purpose of the side yard regulations, a two-family dwelling or a multiple-family dwelling shall be considered as one building occupying one lot; and
(3) Whenever a lot of record has a width of less than 50 feet, the side yard on each side of a building may be reduced to a width of not less than ten percent of the width of the lot, but in no instance shall it be less than five feet.
(Code 1988, § 15-397)"
10,ARTICLE IX.- HEIGHT AND AREA REQUIREMENTS,DIVISION 3. - EXCEPTIONS TO AND MODIFICATIONS OF REGULATIONS,Sec. 42-620. - Rear yards.,sub-sec-10.2.8,https://library.municode.com/mo/mexico/codes/code_of_ordinances?nodeId=COOR_CH42ZO_ARTIXHEARRE_DIV3EXMORE_S42-620REYA,https://zoneomics.com/code/16258/chapter_10#10.2.8,False,0,"The rear yards heretofore established shall be adjusted in the following cases:
(1) Where a lot abuts upon an alley, one-half the alley width may be considered as part of the required rear yard; and
(2) For a lot of record prior to March 1, 1993, in the R-1 Single-Family District, where 20 percent of the depth of the lot is located in the rear yard, the 30-foot depth requirement heretofore required shall be deemed satisfied.
(Code 1969, § 46-102; Code 1988, § 15-398; Ord.
No.
3535, § 4, 2-8-1993)"
10,ARTICLE IX.- HEIGHT AND AREA REQUIREMENTS,DIVISION 3. - EXCEPTIONS TO AND MODIFICATIONS OF REGULATIONS,Sec. 42-621. - Lot area per family.,sub-sec-10.2.9,https://library.municode.com/mo/mexico/codes/code_of_ordinances?nodeId=COOR_CH42ZO_ARTIXHEARRE_DIV3EXMORE_S42-621LOARPEFA,https://zoneomics.com/code/16258/chapter_10#10.2.9,False,0,"Where a lot of record on October 12, 1953, (the effective date of the original zoning ordinance of the city) has less area or width than by this division required in the district in which it is located and its boundary lines along their entire length should touch lands under other ownership on the aforesaid date and shall not have been changed since then, such lot may nonetheless be used for a one-family dwelling or for any other non-dwelling use permitted in the district in which it is located.
(Code 1969, § 46-103; Code 1988, § 15-399)"
10,ARTICLE IX.- HEIGHT AND AREA REQUIREMENTS,DIVISION 3. - EXCEPTIONS TO AND MODIFICATIONS OF REGULATIONS,Sec. 42-622. - Accessory buildings.,sub-sec-10.2.10,https://library.municode.com/mo/mexico/codes/code_of_ordinances?nodeId=COOR_CH42ZO_ARTIXHEARRE_DIV3EXMORE_S42-622ACBU,https://zoneomics.com/code/16258/chapter_10#10.2.10,False,0,"(a) Accessory buildings may be built in a rear yard but such accessory buildings shall not occupy more than 30 percent of the required rear yard and shall not be nearer than five feet from any side or rear lot line, except that when a garage is entered from an alley, it shall not be located closer than ten feet to the alley line.
Common garages used by two property owners may be built on a common lot line.
(b) If a garage is located closer than ten feet to the main building, the garage shall be regarded as a part of the main building for the purpose of determining the side and rear yards.
(c) No accessory building shall be constructed upon a lot until the construction of the main building has actually been commenced and no accessory building shall be used unless the main building on a lot is completed and occupied.
However, an accessory building may be constructed or maintained on a platted lot contiguous to a platted lot developed with a main building that has been completed and is occupied, provided all lots are under the same ownership.
In the event all lots cease to remain under the same ownership, or the main building is demolished, the accessory building constructed under this provision must be removed.
(d) No accessory building shall be used for dwelling purposes.
(e) Shipping container storage units may not be used as accessory buildings in residential districts, but may be considered in commercial and industrial districts upon the issuance of an additional use permit.
(f) Residential accessory buildings on single or multiple contiguous lots, shall be limited to two.
(Code 1969, § 46-104; Code 1988, § 15-400; Ord.
No.
3805, § 1, 9-28-1998; Ord.
No.
4476, § 1, 6-14-2021)"
11,ARTICLE X. - OFF-STREET PARKING AND LOADING REQUIREMENTS,Sec. 42-648.- When required; number of spaces per building., ,sub-sec-11.1,https://library.municode.com/mo/mexico/codes/code_of_ordinances?nodeId=COOR_CH42ZO_ARTXOREPALORE_S42-648WHRENUSPPEBU,https://zoneomics.com/code/16258/chapter_11#11.1,False,0,"In all districts except the C-3 Business District, there shall be provided at the time any building or structure is erected or structurally altered, except as otherwise provided in this article, off-street parking spaces in accordance with the following requirements:
(1) Bowling alley:
Five parking spaces for each alley;
(2) Business, professional or public office building, studio, bank, medical or dental clinic:
Three parking spaces plus one additional parking space for each 400 square feet of floor area over 1,000 square feet;
(3) Church or temple:
One parking space for each eight seats in the main auditorium;
(4) College or high schools:
One parking space for each eight seats in the main auditorium or three spaces for each classroom, whichever is greater;
(5) Community center, library, museum or art gallery:
Ten parking spaces plus one additional space for each 300 square feet of floor area in excess of 2,000 square feet;
(6) Dance hall, assembly or exhibition hall without fixed seats:
One parking space for each 100 square feet of floor area used therefor;
(7) Dwellings:
One parking space for each dwelling unit plus one parking space for every two roomers;
(8) Furniture or appliance store, hardware store, wholesale establishments, machinery or equipment sales and service, clothing or shoe repair or service shop:
Two parking spaces plus one additional parking space for each 300 square feet of floor area over 1,000 square feet;
(9) Golf club:
One parking space for each five members;
(10) Hospital:
One parking space for each four beds;
(11) Hotel:
One parking space for each sleeping room or suite plus one space for each 200 square feet of commercial floor area contained therein;
(12) Manufacturing or industrial establishment, research or testing laboratory, creamery, bottling plant, warehouse or similar establishment:
One parking space for every two employees on the maximum working shift, plus space to accommodate all trucks and other vehicles used in connection therewith;
(13) Mortuary or funeral home:
One parking space for each 50 square feet of floor space in slumber rooms, parlors or individual funeral service rooms;
(14) Offices:
One parking space for each 400 square feet of gross floor space devoted to this activity;
(15) Printing or plumbing shop or similar service establishment:
One parking space for each three persons employed therein;
(16) Private club or lodge:
One parking space for every ten members;
(17) Restaurant, night club, cafe or similar recreation or amusement establishment:
One parking space for each 100 square feet of floor area;
(18) Retail store or personal service establishment, except as otherwise specified herein:
One parking space for each 200 square feet of floor area;
(19) Roominghouse or boardinghouse:
One parking space for each two sleeping rooms;
(20) Sanitarium, convalescent home, home for the aged or similar institution:
One parking space for each six beds;
(21) School, except high school or college:
One parking space for each ten seats in the auditorium or main assembly room or one space for each classroom, whichever is greater;
(22) Sports arena, stadium or gymnasium, except school:
One parking space for each five seats or seating spaces;
(23) Theater or auditorium, except school:
One parking space for each five seats or bench seating spaces; and
(24) Tourist home or motel:
One parking space for each sleeping room or suite.
(Code 1969, § 46-105; Code 1988, § 15-416)"
11,ARTICLE X. - OFF-STREET PARKING AND LOADING REQUIREMENTS,Sec. 42-649. - Rules for computing off-street parking spaces., ,sub-sec-11.2,https://library.municode.com/mo/mexico/codes/code_of_ordinances?nodeId=COOR_CH42ZO_ARTXOREPALORE_S42-649RUCOOREPASP,https://zoneomics.com/code/16258/chapter_11#11.2,False,0,"In computing the number of off-street parking spaces required, the following rules shall govern:
(1) Floor area means the gross floor area of the specific use;
(2) Where fractional spaces result, the parking spaces required shall be construed to be the nearest whole number;
(3) The parking space requirement for a use not specifically mentioned in this article shall be the same as required for a use of similar nature as determined by the building official;
(4) Whenever a building or use constructed or established after October 13, 1969, is changed or enlarged in floor area, number of employees, number of dwelling units, seating capacity or otherwise, to create a need for an increase of ten percent or more in the number of existing parking spaces, such spaces shall be provided on the basis of the enlargement or change.
Whenever a building or use existing prior to the effective date of this Code is enlarged to the extent of 50 percent or more in floor area or in the area used, such building or use shall then and thereafter comply with the parking requirements set forth herein; and
(5) In the case of mixed or joint uses, the parking spaces required shall equal the sum of the requirements of the various uses computed separately.
(Code 1969, § 46-106; Code 1988, § 15-417)"
11,ARTICLE X. - OFF-STREET PARKING AND LOADING REQUIREMENTS,Sec. 42-650. - Location of off-street parking spaces; regulations governing joint use of parking spaces., ,sub-sec-11.3,https://library.municode.com/mo/mexico/codes/code_of_ordinances?nodeId=COOR_CH42ZO_ARTXOREPALORE_S42-650LOOREPASPREGOJOUSPASP,https://zoneomics.com/code/16258/chapter_11#11.3,False,0,"(a) All off-street parking spaces required by this article shall be located on the same lot with the building or use served, except that where an increase in the number of spaces is required by a change or enlargement of use or where such spaces are provided collectively or used jointly by two or more buildings or establishments, the required spaces may be located and maintained not to exceed 300 feet from an institutional building served and not to exceed 500 feet from any other nonresidential building served.
(b) Up to 50 percent of the parking spaces required for:
(1) Theaters, public auditoriums, bowling alleys, dance halls, night clubs or cafes, and up to 100 percent of the parking spaces required for a church or school auditorium may be provided and used jointly by;
(2) Banks, offices, retail stores, repair shops, service establishments and similar uses not normally open, used or operated during the same hours as those listed in subsection (b)(1) of this section, provided that written agreement thereto is properly executed and filed as specified in subsection (c) of this section.
(c) In any case where the required parking spaces are not located on the same lot with the building or use served, or where such spaces are collectively or jointly provided and used, a written agreement thereby ensuring their retention for such purposes shall be properly drawn and executed by the parties concerned, approved as to form and execution by the city counselor, and shall be filed with the application for a building permit.
(d) Off-street parking space may be located within the required front yard of any C or I district, but no off-street parking shall be permitted in the required front yard of any R district, except upon a driveway providing access to a garage, carport or parking area for a dwelling.
(Code 1969, § 46-107; Code 1988, § 15-418)"
11,ARTICLE X. - OFF-STREET PARKING AND LOADING REQUIREMENTS,Sec. 42-651. - Off-street parking spaces in C-3 Business District., ,sub-sec-11.4,https://library.municode.com/mo/mexico/codes/code_of_ordinances?nodeId=COOR_CH42ZO_ARTXOREPALORE_S42-651OREPASPBUDI,https://zoneomics.com/code/16258/chapter_11#11.4,False,0,"At such time as any property in the C-3 Business District not previously used for business purposes is converted or devoted to such business use, off-street parking spaces shall be provided in the ratio of not less than one parking space for each 1,200 square feet of floor space in the building which is used for business purposes.
Such parking spaces may be located on the same lot of the building or in an area within 300 feet of the building, and two or more owners of buildings may join together in providing this parking space.
(Code 1969, § 46-108; Code 1988, § 15-419)"
11,ARTICLE X. - OFF-STREET PARKING AND LOADING REQUIREMENTS,Sec. 42-652. - Off-street loading spaces., ,sub-sec-11.5,https://library.municode.com/mo/mexico/codes/code_of_ordinances?nodeId=COOR_CH42ZO_ARTXOREPALORE_S42-652ORELOSP,https://zoneomics.com/code/16258/chapter_11#11.5,False,0,"Every building or part thereof erected or occupied for retail business, service, manufacturing, storage, warehousing, hotel, mortuary or any other use similarly involving the receipt or distribution by vehicles of materials or merchandise, shall provide and maintain on the same premises off-street loading space in accordance with the following requirements:
(1) In the C-1 and C-2 Commercial Districts, one loading space for each 10,000 square feet or fraction thereof of gross floor area; and
(2) In the C-3 Business District, one loading space for the first 5,000 to 15,000 square feet of gross floor area in the building and one additional loading space for each 15,000 square feet or fraction thereof, of gross floor area.
(Code 1969, § 46-109; Code 1988, § 15-420)"
12,ARTICLE XI.- ADDITIONAL USE REGULATIONS,"Sec. 42-678.- Additional buildings and uses authorized upon permit obtained, generally.", ,sub-sec-12.1,https://library.municode.com/mo/mexico/codes/code_of_ordinances?nodeId=COOR_CH42ZO_ARTXIADUSRE_S42-678ADBUUSAUUPPEOBGE,https://zoneomics.com/code/16258/chapter_12#12.1,False,0,"In addition to the buildings and uses of buildings and land authorized elsewhere in this chapter, the following buildings and uses shall be permitted in the various districts pursuant to permit first obtained from the city council in conformity with sections
42-681 through 42-683:
(1) Any public building erected and used by any department, agency or office of the city, county, state or federal government;
(2) Cemetery;
(3) College or university;
(4) Community building or recreation field;
(5) Airport landing field;
(6) Nurseries and greenhouses, when located not less than 100 feet from all property lines;
(7) Mobile home parks in any district, except I-2 Heavy Industrial Districts, provided that the provisions of article XIV of this chapter are complied with;
(8) Nursery, prekindergarten, kindergarten, play and special schools;
(9) Riding stables and private stables;
(10) Roadside stands and recreational activities for temporary and seasonal periods;
(11) Clubs and semipublic buildings;
(12) Nursing homes;
(13) Bed and breakfasts;
(14) Commercial storage units;
(15) Shipping container storage units; and
(16) Commercial solar farm facilities, in accordance with section 42-1006(c).
(Code 1969, § 46-110; Code 1988, § 15-436; Ord.
No.
3523, § 2, 9-10-1992; Ord.
No.
4476, § 1, 6-14-2021; Ord.
No.
4505, § 2, 8-22-2022)"
12,ARTICLE XI.- ADDITIONAL USE REGULATIONS,Sec. 42-679. - Parking lots for customers., ,sub-sec-12.2,https://library.municode.com/mo/mexico/codes/code_of_ordinances?nodeId=COOR_CH42ZO_ARTXIADUSRE_S42-679PALOCU,https://zoneomics.com/code/16258/chapter_12#12.2,False,0,"In addition to the buildings and uses of buildings and land authorized elsewhere in this chapter, parking lots shall be permitted on land within 300 feet from any commercial, business or industrial district when pursuant to permit first obtained from the city council in conformity with sections
42-681 through 42-683, provided that the following standards are met:
(1) Ingress and egress to such lot shall be from a major street or from a street directly serving the commercial or business district;
(2) No business involving the repair or services of vehicles, or sale or display thereof shall be conducted from or upon such parking areas;
(3) No structures shall be erected or remain on any portion of the lot except as provided for under subsection (6) of this section;
(4) No signs shall be erected on the parking area except as permitted by the planning and zoning commission;
(5) Parking areas shall be used for parking patrons' private passenger vehicles only, and no charge shall be made for parking within such premises;
(6) The parking shall be set back in conformity with the established or required yards for residential uses, and where a parking area adjoins a dwelling use, it shall have a minimum side yard of ten feet; and
(7) The parking shall be suitably screened or fenced, and shall be paved, drained and lighted, and maintained free of debris.
(Code 1969, § 46-111; Code 1988, § 15-438; Ord.
No.
3140, § 1, 6-8-1981)"
12,ARTICLE XI.- ADDITIONAL USE REGULATIONS,Sec. 42-680. - Private hospitals and institutions., ,sub-sec-12.3,https://library.municode.com/mo/mexico/codes/code_of_ordinances?nodeId=COOR_CH42ZO_ARTXIADUSRE_S42-680PRHOIN,https://zoneomics.com/code/16258/chapter_12#12.3,False,0,"In addition to the buildings and uses of buildings and land authorized elsewhere in this article, private hospitals and institutions, including uses and structures normally accessory to such hospitals and institutions, shall be permitted when pursuant to a permit first obtained from the city council in conformity with sections
42-681 through 42-683, provided that the following standards are met:
(1) Such buildings and accessory structures shall not be located upon sites containing less than two acres;
(2) They may not occupy over 30 percent of the total area of the lot or tract;
(3) All buildings including accessory structures shall be set back from all required front, side and rear yard lines a distance of not less than two feet for each foot of building height; and
(4) Off-street parking and loading facilities shall be provided upon the premises adequate to accommodate the cars of employees and visitors.
(Code 1969, § 46-112; Code 1988, § 15-439)"
12,ARTICLE XI.- ADDITIONAL USE REGULATIONS,Sec. 42-681. - Permits for new construction., ,sub-sec-12.4,https://library.municode.com/mo/mexico/codes/code_of_ordinances?nodeId=COOR_CH42ZO_ARTXIADUSRE_S42-681PENECO,https://zoneomics.com/code/16258/chapter_12#12.4,False,0,"Applications for permits for new construction, extensions, or alterations of existing uses and uses authorized by this article, with site plan and necessary descriptive material relating to the intensity and extent of use, shall be made to the city council by filing such applications with the city manager.
The city manager shall forthwith refer each such application to the planning and zoning commission for investigation and report as to the effect of such building or use upon traffic and fire hazards, the character of the neighborhood and the general welfare of the community.
Such report and recommendation shall be filed with the city council within 30 days of the day of reference to the planning and zoning commission.
(Code 1969, § 46-112; Code 1988, § 15-440)"
12,ARTICLE XI.- ADDITIONAL USE REGULATIONS,Sec. 42-682. - Public hearing and notice required therefor., ,sub-sec-12.5,https://library.municode.com/mo/mexico/codes/code_of_ordinances?nodeId=COOR_CH42ZO_ARTXIADUSRE_S42-682PUHENORETH,https://zoneomics.com/code/16258/chapter_12#12.5,False,0,"Upon receipt of a report and recommendations as referred to in section 42-681, the city council shall give notice of the time and place of a public hearing thereon by causing a notice thereof to be published once a week for two consecutive weeks, on the same day in each week, in the official newspaper.
The first publication of such notice shall be a least 15 days prior to the day of such hearing.
The city council shall, at the time and place specified in its notice to the public, hold a public hearing on the report and recommendations of the planning and zoning commission.
(Code 1969, § 46-114; Code 1988, § 15-441)"
12,ARTICLE XI.- ADDITIONAL USE REGULATIONS,Sec. 42-683. - Findings required by city council; granting or denial of permit to be based on findings., ,sub-sec-12.6,https://library.municode.com/mo/mexico/codes/code_of_ordinances?nodeId=COOR_CH42ZO_ARTXIADUSRE_S42-683FIRECOGRDEPEBEBAFI,https://zoneomics.com/code/16258/chapter_12#12.6,False,0,"After the hearing referred to in section 42-682, the city council shall determine whether the building or use applied for will:
(1) Substantially increase traffic hazards or congestion;
(2) Substantially increase fire hazards;
(3) Adversely affect the character of the neighborhood;
(4) Adversely affect the general welfare of the community; or (5) Overtax public utilities.
If the city council's findings are negative as to all the subjects referred to in subsections
(1) through (5) of this section, then the application shall be granted; if the findings are affirmative, as to any such subject, then such permit shall be denied.
(Code 1969, § 46-115; Code 1988, § 15-442)"
13,ARTICLE XII.- NONCONFORMING USES,Sec. 42-710.- Land used for storage and junkyards., ,sub-sec-13.1,https://library.municode.com/mo/mexico/codes/code_of_ordinances?nodeId=COOR_CH42ZO_ARTXIINOUS_S42-710LAUSSTJU,https://zoneomics.com/code/16258/chapter_13#13.1,False,0,"A use of land for storage purposes which becomes nonconforming by reason of a subsequent change in this article shall be discontinued within two years from the effective date of such change, unless provided otherwise in the ordinance by which the change is effected.
(Code 1969, § 46-116; Code 1988, § 15-456; Ord.
No.
3140, § 1, 6-8-1981)"
13,ARTICLE XII.- NONCONFORMING USES,Sec. 42-711. - Circumstances under which nonconforming use of building may be continued; change of use without structural alterations., ,sub-sec-13.2,https://library.municode.com/mo/mexico/codes/code_of_ordinances?nodeId=COOR_CH42ZO_ARTXIINOUS_S42-711CIUNWHNOUSBUMABECOCHUSWISTAL,https://zoneomics.com/code/16258/chapter_13#13.2,False,0,"A use lawfully being made of a building on March 26, 1967, may be continued, although such use does not conform to the provisions of this article.
If no structural alterations are made, a nonconforming use of a building may be changed to another nonconforming use of the same or of a more restricted classification.
Whenever a nonconforming use has been changed to a more restricted use or to a conforming use, such use shall not thereafter be changed to a less restricted use.
(Code 1969, § 46-117; Code 1988, § 15-457)"
13,ARTICLE XII.- NONCONFORMING USES,Sec. 42-712. - Continued use after change of district regulation., ,sub-sec-13.3,https://library.municode.com/mo/mexico/codes/code_of_ordinances?nodeId=COOR_CH42ZO_ARTXIINOUS_S42-712COUSAFCHDIRE,https://zoneomics.com/code/16258/chapter_13#13.3,False,0,"Whenever the lawful use of a building becomes nonconforming through a change in this article or change of district boundaries, such use may be continued; and if no structural alterations are made, it may be changed to another nonconforming use of the same or of a more restricted classification.
(Code 1969, § 46-118; Code 1988, § 15-458)"
13,ARTICLE XII.- NONCONFORMING USES,Sec. 42-713. - Effect of discontinuance of nonconforming use for two years., ,sub-sec-13.4,https://library.municode.com/mo/mexico/codes/code_of_ordinances?nodeId=COOR_CH42ZO_ARTXIINOUS_S42-713EFDINOUSTWYE,https://zoneomics.com/code/16258/chapter_13#13.4,False,0,"If a nonconforming use of any building or premises is discontinued for a period of two years, the use thereof shall thereafter conform to the use regulations of the district in which it is located.
(Code 1969, § 46-119; Code 1988, § 15-459)"
13,ARTICLE XII.- NONCONFORMING USES,Sec. 42-714. - Nonconforming use not to be enlarged; exceptions., ,sub-sec-13.5,https://library.municode.com/mo/mexico/codes/code_of_ordinances?nodeId=COOR_CH42ZO_ARTXIINOUS_S42-714NOUSNOBEENEX,https://zoneomics.com/code/16258/chapter_13#13.5,False,0,"Except when required to do so by law or by order of a court of competent jurisdiction, no existing building or premises devoted to a use not in conformity with the use regulations contained in this article for the district in which such building or premises is located shall be enlarged, extended, reconstructed or structurally altered, unless such use is changed to a use permitted in the district in which such building or premises is located.
(Code 1969, § 46-120; Code 1988, § 15-460)"
13,ARTICLE XII.- NONCONFORMING USES,Sec. 42-715. - Restoration of damaged buildings., ,sub-sec-13.6,https://library.municode.com/mo/mexico/codes/code_of_ordinances?nodeId=COOR_CH42ZO_ARTXIINOUS_S42-715REDABU,https://zoneomics.com/code/16258/chapter_13#13.6,False,0,"(a) When a building, the use of which does not conform to the provisions of this article, is damaged by fire, explosion, act of God or the public enemy to the extent of more than 60 percent of its fair market value, it shall not be restored except in conformity with the district regulations of the district in which the building is situated.
(b) When a building, the use of which does not conform to the provisions of this article, is damaged by fire, explosion, act of God or the public enemy to the extent of less than 60 percent of its fair market value, it may be restored and again devoted to its prior use if the board of adjustment finds some compelling reason therefor and the primary purpose of continuing the nonconforming use is not to continue a monopoly.
(Code 1969, § 46-121; Code 1988, § 15-461)"
13,ARTICLE XII.- NONCONFORMING USES,Sec. 42-716. - Nonconforming use of mobile homes and mobile home parks., ,sub-sec-13.7,https://library.municode.com/mo/mexico/codes/code_of_ordinances?nodeId=COOR_CH42ZO_ARTXIINOUS_S42-716NOUSMOHOMOHOPA,https://zoneomics.com/code/16258/chapter_13#13.7,False,0,"When a lot or tract of land which, prior to March 27, 1967, was by the owner thereof rented or leased to another for the purpose of placing thereon an individual mobile home, and such mobile home having been actually used on such lot or tract as a dwelling place and owned by someone other than the owner of freehold interest in the lot or tract, such use heretofore having been lawfully made of such land but which does not now conform to the provisions of this article shall be discontinued prior to March 27, 1969. If any conflict between this section and other sections in this article is found to exist, it is the express intent of the city council that this section shall prevail over such other section.
(Code 1969, § 46-122; Code 1988, § 15-462)"
14,ARTICLE XIII.- PLANNED UNIT DEVELOPMENT,DIVISION 2. - RESIDENTIAL PLANNED UNIT DEVELOPMENT,Sec. 42-774. - Criteria.,sub-sec-14.1.1,https://library.municode.com/mo/mexico/codes/code_of_ordinances?nodeId=COOR_CH42ZO_ARTXIIIPLUNDE_DIV2REPLUNDE_S42-774CR,https://zoneomics.com/code/16258/chapter_14#14.1.1,False,0,"(a) The owner of a tract of land may submit to the planning and zoning commission for its review, a preliminary plan for the use and development of such tract for a residential planned unit development, provided that the tract is located in any R district or a C-1 or C-2 district.
(b) It shall be the duty of the planning and zoning commission within 60 days after the preliminary plan is submitted to investigate and ascertain whether the location, size, layout or other characteristics of the proposed plan comply with the following conditions:
(1) That the proposed project is consonant with the comprehensive master plan of the community and properly provides for the implementation of those features of such plan affecting the tract of land in question;
(2) That the proposed project will not adversely affect neighboring properties;
(3) That the proposed project is at a location where traffic congestion does not exist at present on the streets to be used in conjunction therewith and where undue congestion will not likely be created as a result of the proposed project;
(4) That the plan of the proposed project provides for the integrated and harmonious design of buildings, for adequate and properly arranged facilities for internal traffic circulation and off-street parking, for appropriate and desirable landscaping, and for such other facilities and features as may be necessary to make the proposed project attractive and efficient from the standpoint of the developer as well as from the standpoint of the adjoining and surrounding existing and potential developments;
(5) That the proposed project conforms to the requirements and standards set forth in this section; and
(6) That the proposed project will be served by and all buildings for human occupancy shall be connected to both a public sanitary sewer and a public water supply.
(c) The uses permitted shall be those designed as principal and conditional uses in the district in which the tract of land is located, provided that for such tracts located in districts R-1 or R-2, two-family dwellings and multiple-family dwellings not exceeding ten units per building shall be permitted.
(d) Building height and density requirements shall be the same as for the district in which the tract of land is located, provided that for two-family dwellings and multiple-family dwellings in a proposed project located in districts R-1 or R-2, the density requirements shall be those designated for such uses in the R-3 district.
However, for all dwellings in any proposed project the minimum lot area per dwelling otherwise required may be reduced by the commission by not more than 20 percent when, in its opinion, it is justified by superior design and other favorable characteristics or features of the proposed project.
(e) Yards and courts shall be of such size as to be in concert with and appropriate relative to the requirements for the district in which the tract of land is located.
(f) If the proposed project contains 20 acres or more, at least five percent of the acreage of the site shall be developed as one or more neighborhood recreation areas.
If the proposed project contains less than 20 acres, the required area for recreation purposes shall be 2,000 square feet for the first 50 dwelling units or fraction thereof plus 30 square feet for each additional dwelling unit in excess of 50. Such recreational areas shall be maintained in good order by the owner of the development or if accepted by the city council they may be dedicated to the city for use as public neighborhood facilities.
(g) The construction standards of the streets and places to be developed within the proposed project site shall conform in all respects to the requirements for such facilities contained in the regulations governing the subdividing of land in the city.
(h) There shall be provided at least one off-street parking space for each dwelling unit and for all other permitted uses.
Off-street parking spaces shall meet the requirements for development and maintenance stipulated, in this division.
(i) The location, design and construction of all utility facilities shall conform in all respects to the requirements for such facilities contained in the regulations governing the subdividing of land in the city.
(j) Service drives and all service facilities shall be located entirely within the proposed project site.
(k) All areas not used for access, parking, buildings, circulation or service shall be landscaped as may be deemed appropriate by the commission to make the proposed project effective and efficient and to protect neighboring property and development from adverse effects that may result from such project.
The entire site area of the proposed project shall be maintained in good condition.
(l) If one or more buildings are proposed to be located in a hillside area the maximum building height for such buildings may be increased one story over that otherwise permitted, provided that there shall be provided at least one entrance from an access street or drive for each two and one-half stories of building height.
For this purpose, a ""hillside area"" means a parcel of land within which 50 percent or more of the area has a slope of 15 percent or greater.
(m) In addition to the foregoing, the planning and zoning commission may impose such other conditions, requirements or limitations concerning the design, development and operation of the proposed project as it may deem necessary for the protection of adjacent properties and the public health, safety and general welfare.
(Code 1988, § 15-491; Ord.
No.
2965, § 46-123, 9-26-1977; Ord.
No.
2997, § 1, 5-8-1978; Ord.
No.
3942, § 2, 3-10-2003; Ord.
No.
4052, § 1, 11-27-2006)"
14,ARTICLE XIII.- PLANNED UNIT DEVELOPMENT,DIVISION 2. - RESIDENTIAL PLANNED UNIT DEVELOPMENT,Sec. 42-775. - Plans.,sub-sec-14.1.2,https://library.municode.com/mo/mexico/codes/code_of_ordinances?nodeId=COOR_CH42ZO_ARTXIIIPLUNDE_DIV2REPLUNDE_S42-775PL,https://zoneomics.com/code/16258/chapter_14#14.1.2,False,0,"(a) The application for the review of a preliminary plan of a residential planned unit development shall be submitted in quadruplicate and include a scale drawing certified by a registered engineer or land surveyor.
Such drawing shall contain the following information:
(1) The accurate dimensions and size of the site area as well as the topography of the site and adjoining lands;
(2) The location and dimensions of all existing and proposed streets, places and pedestrian walkways within and abutting the site as well as the location, size and means of ingress and egress of all proposed off-street loading and parking areas;
(3) The location, size and height of all existing and proposed buildings and structures within the site and on adjoining lands as well as the existing or proposed use of each such building or structure, including the number of dwelling units to be accommodated in each;
(4) The location, size and means of access of proposed recreation areas;
(5) The location, dimensions or other relevant particulars concerning features of the comprehensive master plan affecting the site;
(6) The proposed plans for providing electrical, gas, sewer and water utility services, including connections to existing service lines and existing and proposed easements; and
(7) Such other information as may be required by the planning and zoning commission in order that it may determine the appropriateness of the proposed project for the section of the community in which it is intended to be developed.
(b) Upon determination by the planning and zoning commission that the proposed project as shown on the preliminary plan thereof conforms to all of the applicable provisions of this article, the owner of the tract involved shall prepare and submit a final development plan which shall incorporate any changes or modifications required by the commission.
After the receipt of such final plan and the finding that it meets all of the stipulated requirements, the commission shall submit such plan to the city council together with its report and recommendations thereon.
The council shall process the final development plan in accordance with the provisions of section 42-682 by holding a public hearing thereon and may modify the plan consistent with the intent and meaning of section 42-774.
(c) Subsequent to the approval of the final development plan by the council, the lands included within the site area thereof shall not be developed or used in any manner whatsoever that is not in conformance with the approved plan; and no building permit or certificate of occupancy shall be issued for any buildings, structures or uses on such lands except in conformance with the approved plan.
(d) Any change in the approved final development plan desired by the owner of the tract of land involved shall be submitted as part of a revised preliminary plan which shall be reviewed in the same manner as the original plan.
Upon approval by the council of a revised final development plan, the original final plan shall be considered void and the revised final plan shall have the same force and affect as if it were the original plan.
(Code 1988, § 15-492; Ord.
No.
2965, 46-124, 9-26-1977)"
15,ARTICLE XIV.- MANUFACTURED AND MOBILE HOME PARKS,DIVISION 2. - PARKING AND OCCUPANCY OF MANUFACTURED AND MOBILE HOMES,Sec. 42-830. - Conflicting provisions.,sub-sec-15.1.1,https://library.municode.com/mo/mexico/codes/code_of_ordinances?nodeId=COOR_CH42ZO_ARTXIVMAMOHOPA_DIV2PAOCMAMOHO_S42-830COPR,https://zoneomics.com/code/16258/chapter_15#15.1.1,False,0,"Nothing contained in this article shall be construed to conflict with the provisions of section 42-831.
(Code 1969, § 46-127; Code 1988, § 15-526)"
15,ARTICLE XIV.- MANUFACTURED AND MOBILE HOME PARKS,DIVISION 2. - PARKING AND OCCUPANCY OF MANUFACTURED AND MOBILE HOMES,Sec. 42-831. - Where parking and occupancy prohibited; emergency stopping or parking.,sub-sec-15.1.2,https://library.municode.com/mo/mexico/codes/code_of_ordinances?nodeId=COOR_CH42ZO_ARTXIVMAMOHOPA_DIV2PAOCMAMOHO_S42-831WHPAOCPREMSTPA,https://zoneomics.com/code/16258/chapter_15#15.1.2,False,0,"(a) Where manufactured and mobile home parking prohibited.
It shall be unlawful within the city for any person, for any reason, to park any manufactured or mobile home on any street or other public place, or on any tract of land owned by any person, occupied or unoccupied, within the city except as provided in this article.
(b) Permissible emergency stopping and parking.
Emergency or temporary stopping or parking is permitted on any street for not longer than two hours, subject to any other and further prohibitions, regulations or limitations imposed by chapter 38 or any parking regulation or ordinance for the street concerned.
(c) Parking upon premises other than approved manufactured and mobile home park prohibited.
No person shall park or occupy any manufactured or mobile home on any premises of any occupied dwelling or on any lot which is not a part of the premises of any occupied dwelling either of which is situated outside an approved manufactured and mobile home park.
(Code 1969, § 46-127; Code 1988, § 15-527)"
15,ARTICLE XIV.- MANUFACTURED AND MOBILE HOME PARKS,DIVISION 3. - AUTHORIZED DISTRICTS FOR PARKS AND PROCEDURE TO OBTAIN PERMIT,Sec. 42-856. - Permissible districts; permit required; permit contingent on compliance with this article.,sub-sec-15.2.1,https://library.municode.com/mo/mexico/codes/code_of_ordinances?nodeId=COOR_CH42ZO_ARTXIVMAMOHOPA_DIV3AUDIPAPROBPE_S42-856PEDIPEREPECOCOAR,https://zoneomics.com/code/16258/chapter_15#15.2.1,False,0,"Mobile home parks may be established in any district except I-2 Heavy Industrial Districts, pursuant to permit duly granted by the city council when the city council is satisfied that the requirements of this article have been met.
(Code 1969, § 46-128; Code 1988, § 15-541)"
15,ARTICLE XIV.- MANUFACTURED AND MOBILE HOME PARKS,DIVISION 3. - AUTHORIZED DISTRICTS FOR PARKS AND PROCEDURE TO OBTAIN PERMIT,Sec. 42-857. - Procedure for obtaining permit; contents of application; investigation by city manager.,sub-sec-15.2.2,https://library.municode.com/mo/mexico/codes/code_of_ordinances?nodeId=COOR_CH42ZO_ARTXIVMAMOHOPA_DIV3AUDIPAPROBPE_S42-857PROBPECOAPINMA,https://zoneomics.com/code/16258/chapter_15#15.2.2,False,0,"Each application for a manufactured and mobile home park permit shall be made, filed and processed in accord with the provisions of sections
42-681 through 42-683 and shall be granted or denied as provided in those sections.
The following additional requirements are hereby imposed:
(1) The application shall be in writing, signed by the applicant, and includes the name and address of the applicant, the address and legal description of the manufactured and mobile home park, a complete plan of the park in conformity with the requirements of this article, plans and specifications of all buildings, improvements and facilities constructed or to be constructed within the manufactured and mobile home park, and such further information as may be requested by the city manager;
(2) The application and all accompanying plans and specifications shall be filed in duplicate;
(3) The city manager shall investigate the applicant, and inspect the application and the proposed plans and specifications; and
(4) If the applicant is of good moral character, the city manager will then refer the application to the planning and zoning commission, which shall then act upon the application as provided in section 42-681.
(Code 1969, § 46-129; Code 1988, § 15-542)"
15,ARTICLE XIV.- MANUFACTURED AND MOBILE HOME PARKS,DIVISION 4. - CONSTRUCTION AND LAYOUT,Sec. 42-878. - Compliance.,sub-sec-15.3.1,https://library.municode.com/mo/mexico/codes/code_of_ordinances?nodeId=COOR_CH42ZO_ARTXIVMAMOHOPA_DIV4COLA_S42-878CO,https://zoneomics.com/code/16258/chapter_15#15.3.1,False,0,"Each manufactured and mobile home park shall conform to the requirements of this division.
(Code 1969, § 46-130; Code 1988, § 15-556)"
15,ARTICLE XIV.- MANUFACTURED AND MOBILE HOME PARKS,DIVISION 4. - CONSTRUCTION AND LAYOUT,Sec. 42-879. - Area; boundaries to be at least 200 feet from any permanent residence; exception.,sub-sec-15.3.2,https://library.municode.com/mo/mexico/codes/code_of_ordinances?nodeId=COOR_CH42ZO_ARTXIVMAMOHOPA_DIV4COLA_S42-879ARBOBELE200FEANPEREEX,https://zoneomics.com/code/16258/chapter_15#15.3.2,False,0,"Each boundary of the park shall be at least 200 feet from any permanent residential building located outside the park unless separated therefrom by a natural or artificial barrier or unless the majority of the property owners according to number within such 200 feet consent in writing to the establishment of the park.
Each manufactured or mobile home park shall consist of not less than four acres in area.
(Code 1969, § 46-131; Code 1988, § 15-557)"
15,ARTICLE XIV.- MANUFACTURED AND MOBILE HOME PARKS,DIVISION 4. - CONSTRUCTION AND LAYOUT,Sec. 42-880. - Stormwater drainage.,sub-sec-15.3.3,https://library.municode.com/mo/mexico/codes/code_of_ordinances?nodeId=COOR_CH42ZO_ARTXIVMAMOHOPA_DIV4COLA_S42-880STDR,https://zoneomics.com/code/16258/chapter_15#15.3.3,False,0,"Each park shall comply with city stormwater regulations.
(Code 1969, § 46-132; Code 1988, § 15-558)"
15,ARTICLE XIV.- MANUFACTURED AND MOBILE HOME PARKS,DIVISION 4. - CONSTRUCTION AND LAYOUT,Sec. 42-881. - Water supply and water taps.,sub-sec-15.3.4,https://library.municode.com/mo/mexico/codes/code_of_ordinances?nodeId=COOR_CH42ZO_ARTXIVMAMOHOPA_DIV4COLA_S42-881WASUWATA,https://zoneomics.com/code/16258/chapter_15#15.3.4,False,0,"An adequate supply of pure water for drinking and domestic purposes shall be supplied by pipes to all manufactured and mobile home spaces within each park to meet the requirements of the park.
Each manufactured and mobile home space shall be provided with a cold water tap at least four inches above the ground.
(Code 1969, § 46-133; Code 1988, § 15-559)"
15,ARTICLE XIV.- MANUFACTURED AND MOBILE HOME PARKS,DIVISION 4. - CONSTRUCTION AND LAYOUT,Sec. 42-882. - Service buildings and grounds—Maintenance.,sub-sec-15.3.5,https://library.municode.com/mo/mexico/codes/code_of_ordinances?nodeId=COOR_CH42ZO_ARTXIVMAMOHOPA_DIV4COLA_S42-882SEBUGRAI,https://zoneomics.com/code/16258/chapter_15#15.3.5,False,0,"All service buildings and the grounds of each park shall be maintained in a clean, sightly condition and kept free of any condition that will menace the health of any occupant or the public or constitute a nuisance.
(Code 1969, § 46-134; Code 1988, § 15-560)"
15,ARTICLE XIV.- MANUFACTURED AND MOBILE HOME PARKS,DIVISION 4. - CONSTRUCTION AND LAYOUT,Sec. 42-883. - Same—Type of buildings.,sub-sec-15.3.6,https://library.municode.com/mo/mexico/codes/code_of_ordinances?nodeId=COOR_CH42ZO_ARTXIVMAMOHOPA_DIV4COLA_S42-883SAYPBU,https://zoneomics.com/code/16258/chapter_15#15.3.6,False,0,"Service buildings housing any facilities shall be permanent structures complying with all applicable provisions of this Code and other ordinances and statutes regulating buildings, electrical installations, plumbing and sanitation systems.
(Code 1969, § 46-135; Code 1988, § 15-561)"
15,ARTICLE XIV.- MANUFACTURED AND MOBILE HOME PARKS,DIVISION 4. - CONSTRUCTION AND LAYOUT,Sec. 42-884. - Sewage requirements—Generally.,sub-sec-15.3.7,https://library.municode.com/mo/mexico/codes/code_of_ordinances?nodeId=COOR_CH42ZO_ARTXIVMAMOHOPA_DIV4COLA_S42-884SEREEN,https://zoneomics.com/code/16258/chapter_15#15.3.7,False,0,"Waste from showers, bath tubs, flush toilets, urinals, lavatories, slop sinks and laundries in service and other buildings within each park shall be discharged into a public sewer in compliance with applicable provisions of this Code and other ordinances, or, when a public sewer is not available, into a private sewer and disposal plant or into a septic tank system of such construction and in such manner as will present no health hazard.
(Code 1969, § 46-136; Code 1988, § 15-562)"
15,ARTICLE XIV.- MANUFACTURED AND MOBILE HOME PARKS,DIVISION 4. - CONSTRUCTION AND LAYOUT,Sec. 42-885. - Same—For each manufactured or mobile home space.,sub-sec-15.3.8,https://library.municode.com/mo/mexico/codes/code_of_ordinances?nodeId=COOR_CH42ZO_ARTXIVMAMOHOPA_DIV4COLA_S42-885SAOREAMAMOHOSP,https://zoneomics.com/code/16258/chapter_15#15.3.8,False,0,"Each manufactured or mobile home space shall be provided with a trapped sewer at least four inches in diameter, which shall be connected to receive the waste from the shower, tub, flush toilet, lavatory and kitchen sink of the manufactured or mobile home harbored in such space and having any or all of such facilities.
The trapped sewer in each space shall be connected to discharge the manufactured or mobile home waste into a public sewer system in compliance with applicable provisions of this Code or other ordinances or into a private sewer disposal plant or into a septic tank system of such construction and in such manner as will present no health hazard.
(Code 1969, § 46-137; Code 1988, § 15-563)"
15,ARTICLE XIV.- MANUFACTURED AND MOBILE HOME PARKS,DIVISION 4. - CONSTRUCTION AND LAYOUT,Sec. 42-886. - Fire extinguishing equipment; open fires regulated.,sub-sec-15.3.9,https://library.municode.com/mo/mexico/codes/code_of_ordinances?nodeId=COOR_CH42ZO_ARTXIVMAMOHOPA_DIV4COLA_S42-886FIEXEQOPFIRE,https://zoneomics.com/code/16258/chapter_15#15.3.9,False,0,"Every park shall be equipped at all times with fire extinguishing equipment in good working order, of such type, size and number, and so located within the park, as to satisfy applicable regulations of the public safety department.
No open fires shall be permitted at any place which may endanger life or property.
No fires shall be left unattended at any time.
(Code 1969, § 46-138; Code 1988, § 15-564)"
15,ARTICLE XIV.- MANUFACTURED AND MOBILE HOME PARKS,DIVISION 4. - CONSTRUCTION AND LAYOUT,Sec. 42-887. - Streets.,sub-sec-15.3.10,https://library.municode.com/mo/mexico/codes/code_of_ordinances?nodeId=COOR_CH42ZO_ARTXIVMAMOHOPA_DIV4COLA_S42-887ST,https://zoneomics.com/code/16258/chapter_15#15.3.10,False,0,"(a) Privately owned street system required to accomplish specific purposes; blocks; adaptation to topography.
Privately owned streets shall be provided on the site where necessary to furnish principal trafficways for convenient access to the manufactured or mobile home stands and other important facilities on the park property.
(1) The street system shall be designed:
a. To recognize existing easements, utility lines, etc., which are to be preserved;
b. To permit connection of existing facilities where necessary for the proper functioning of the drainage and utility systems; and
c. With blocks of proper size and shape to provide desirable manufactured or mobile home lots and to reduce excessive length of street construction without impairing convenient circulation and access.
(2) The street system shall provide convenient circulation by means of minor streets and properly located collector streets, and all streets shall be adapted to the topography and shall have suitable alignment and gradient for safety of traffic, satisfactory surface water and groundwater drainage, and proper functioning of sanitary and storm sewer system.
(b) Dead-ends; intersections and offsets; extent of improvements.
Closed ends of dead-end streets shall be provided with adequate paved vehicular turning or backing space.
Street intersections shall generally be at right angles.
Offsets at intersections, and intersections of more than two streets at one point, shall be avoided.
The street improvements shall extend continuously from the existing improved street system to provide suitable access to the manufactured or mobile home stands and other important facilities on the park property, to provide adequate connections to existing or future streets at the boundaries of the property, and to provide convenient circulation for vehicles.
(c) Grading; access ways to manufactured or mobile home sites.
Streets shall be graded for their full width to provide suitable finish grades for pavement and any sidewalks with adequate surface drainage and convenient access to the manufactured or mobile home stands and other important facilities on the property.
Each manufactured or mobile home shall have access to a private street that is within the park and shall not front on a city street.
(d) Paving; minimum pavement widths; maintenance.
All streets shall be provided with a smooth, hard and dense surface which shall be durable and well-drained under normal use and weather conditions.
Pavement edges shall be protected to prevent raveling of the wearing surface and shifting of the pavement base.
Street surfaces shall be maintained free of cracks, holes and other hazards.
Pavements shall be of adequate widths to accommodate the contemplated parking and traffic load in accordance with the type of street, with ten feet minimum moving lanes for collector streets, nine feet minimum moving lanes for minor streets, seven feet minimum lanes for parallel guest parking, and two feet of additional width for pedestrian use where adjacent sidewalk is not provided.
Minimum widths shall be for:
(1) All entrance streets and other collector streets with guest parking both sides: 36 feet;
(2) Collector streets with no parking: 22 feet;
(3) Minor or cul-de-sac street with no parking: 20 feet; and
(4) One-way minor street with no parking (acceptable only if less than 500 feet in total length and serving less than 25 manufactured or mobile home stands): 11 feet.
These minimums may be reduced by two feet if an adjacent sidewalk is provided.
(e) Lighting required.
All streets within each park shall be lighted at night with electric lamps of not less than 100 watts each, spaced at intervals of not less than 100 feet.
(Code 1969, §§ 46-139—46-143; Code 1988, § 15-565)"
15,ARTICLE XIV.- MANUFACTURED AND MOBILE HOME PARKS,DIVISION 4. - CONSTRUCTION AND LAYOUT,Sec. 42-888. - Driveways required; specifications.,sub-sec-15.3.11,https://library.municode.com/mo/mexico/codes/code_of_ordinances?nodeId=COOR_CH42ZO_ARTXIVMAMOHOPA_DIV4COLA_S42-888DRRESP,https://zoneomics.com/code/16258/chapter_15#15.3.11,False,0,"Driveways shall be provided in each park where necessary for convenient access to service entrances of buildings, to delivery and collection points for coal, refuse and other material, and elsewhere as needed.
A driveway serving a single manufactured or mobile home lot shall have a minimum width of eight feet; where used also as a walk, a minimum width of ten feet, and shall have a flare or radii adequate for safe and convenient ingress and egress.
The horizontal alignment shall be safe and convenient to back a car out or to provide adequate turnaround space.
(Code 1969, § 46-144; Code 1988, § 15-566)"
15,ARTICLE XIV.- MANUFACTURED AND MOBILE HOME PARKS,DIVISION 4. - CONSTRUCTION AND LAYOUT,Sec. 42-889. - Manufactured or mobile home accessways required; specifications and maintenance.,sub-sec-15.3.12,https://library.municode.com/mo/mexico/codes/code_of_ordinances?nodeId=COOR_CH42ZO_ARTXIVMAMOHOPA_DIV4COLA_S42-889MAMOHOACRESPMA,https://zoneomics.com/code/16258/chapter_15#15.3.12,False,0,"Convenient access shall be provided to each manufactured or mobile home stand by means of an accessway reserved for maneuvering the mobile home into position, which shall be kept free from trees and other immovable obstructions.
The minimum width of such accessway shall be 12 feet, plus extra width as necessary for maneuvering a manufactured or mobile home on a curve, and as required by newer manufactured or mobile home models.
Each accessway shall have safe alignment and gradients adequate to prevent contact of the undercarriage of the manufactured or mobile home.
Pavement of the accessway is not required; use of planks, stellmats, or other means during placement of a manufactured or mobile home is considered satisfactory for the infrequent moves occurring with nontransient occupancy.
(Code 1969, § 46-145; Code 1988, § 15-567)"
15,ARTICLE XIV.- MANUFACTURED AND MOBILE HOME PARKS,DIVISION 4. - CONSTRUCTION AND LAYOUT,Sec. 42-890. - Where walks required; specifications.,sub-sec-15.3.13,https://library.municode.com/mo/mexico/codes/code_of_ordinances?nodeId=COOR_CH42ZO_ARTXIVMAMOHOPA_DIV4COLA_S42-890WHWARESP,https://zoneomics.com/code/16258/chapter_15#15.3.13,False,0,"Individual walks shall be constructed to each manufactured or mobile home stand from a paved street or from a driveway or parking space connecting to a paved street.
Common walks shall be constructed in locations where pedestrian traffic is concentrated; for example, at the court entrance, and to the court office and other important facilities.
Common walks should preferably be through interior areas removed from the vicinity of streets.
Width, alignment and gradient of walks shall be appropriate for safety, convenience and appearance, and shall be suitable for use both by pedestrians and for the circulation of small-wheeled vehicles such as baby carriages and service carts.
Walks shall comply with the Americans with Disabilities Act.
(Code 1969, § 46-146; Code 1988, § 15-568)"
15,ARTICLE XIV.- MANUFACTURED AND MOBILE HOME PARKS,DIVISION 4. - CONSTRUCTION AND LAYOUT,Sec. 42-891. - Manufactured or mobile home spaces—Minimum area and width.,sub-sec-15.3.14,https://library.municode.com/mo/mexico/codes/code_of_ordinances?nodeId=COOR_CH42ZO_ARTXIVMAMOHOPA_DIV4COLA_S42-891MAMOHOSPINARWI,https://zoneomics.com/code/16258/chapter_15#15.3.14,False,0,"Manufactured or mobile home spaces shall be provided consisting of a minimum of 1,500 square feet for each space which shall be at least 40 feet wide and clearly defined.
(Code 1969, § 46-147; Code 1988, § 15-569)"
15,ARTICLE XIV.- MANUFACTURED AND MOBILE HOME PARKS,DIVISION 4. - CONSTRUCTION AND LAYOUT,Sec. 42-892. - Same—Location and spacing.,sub-sec-15.3.15,https://library.municode.com/mo/mexico/codes/code_of_ordinances?nodeId=COOR_CH42ZO_ARTXIVMAMOHOPA_DIV4COLA_S42-892SAOCSP,https://zoneomics.com/code/16258/chapter_15#15.3.15,False,0,"Manufactured or mobile homes shall be so located on each space that there shall be at least a 25-foot clearance between manufactured or mobile homes, provided that with respect to manufactured or mobile homes parked end-to-end, clearances may be less than 25 feet but shall not be less than 15 feet.
No manufactured or mobile home shall be located closer than 15 feet to any building within the park or from any property line bounding the park.
Neither the front end nor the primary entrance side of any manufactured or mobile home which is located on the periphery of the park shall face the exterior of the park.
(Code 1969, § 46-148; Code 1988, § 15-570)"
15,ARTICLE XIV.- MANUFACTURED AND MOBILE HOME PARKS,DIVISION 4. - CONSTRUCTION AND LAYOUT,Sec. 42-893. - Same—Electrical outlet required.,sub-sec-15.3.16,https://library.municode.com/mo/mexico/codes/code_of_ordinances?nodeId=COOR_CH42ZO_ARTXIVMAMOHOPA_DIV4COLA_S42-893SALEOURE,https://zoneomics.com/code/16258/chapter_15#15.3.16,False,0,"An electrical outlet supplying at least 110 volts shall be provided for each manufactured or mobile home space.
(Code 1969, § 46-149; Code 1988, § 15-571)"
15,ARTICLE XIV.- MANUFACTURED AND MOBILE HOME PARKS,DIVISION 4. - CONSTRUCTION AND LAYOUT,"Sec. 42-894. - Car parking spaces required; number, size and location of parking spaces.",sub-sec-15.3.17,https://library.municode.com/mo/mexico/codes/code_of_ordinances?nodeId=COOR_CH42ZO_ARTXIVMAMOHOPA_DIV4COLA_S42-894CAPASPRENUSILOPASP,https://zoneomics.com/code/16258/chapter_15#15.3.17,False,0,"Car parking spaces shall be provided in sufficient number to meet the needs of the occupants of the park property and their guests without interference with the normal movement of traffic.
Such facilities shall be provided at the rate of at least one car space for each manufactured or mobile home lot, plus an additional car space for each four lots to provide for guest parking, two-car tenants and for delivery and service vehicles.
The required parking spaces shall be located for convenient access to the manufactured or mobile home stands and, insofar as practical, shall be located one car space on each lot, with a width of nine feet and a length of 20 feet, minimum.
Any parking spaces required in this section shall be within the park proper and no parking spaces shall be directly connected to a city street, but rather, all such spaces must adjoin private interior park streets.
(Code 1969, § 46-150; Code 1988, § 15-572)"
15,ARTICLE XIV.- MANUFACTURED AND MOBILE HOME PARKS,DIVISION 5. - MANAGEMENT,"Sec. 42-922. - Responsibility of licensees, attendants and caretakers.",sub-sec-15.4.1,https://library.municode.com/mo/mexico/codes/code_of_ordinances?nodeId=COOR_CH42ZO_ARTXIVMAMOHOPA_DIV5MA_S42-922RELIATCA,https://zoneomics.com/code/16258/chapter_15#15.4.1,False,0,"Each licensee under this article, or his duly authorized attendant or caretaker, shall be in charge at all times to keep the manufactured or mobile home park, its facilities and equipment in a clean, orderly, and sanitary condition.
The attendant or caretaker shall be answerable with the licensee for the violation of any provision of this division to which the licensee is subject.
(Code 1969, § 46-151; Code 1988, § 15-586)"
15,ARTICLE XIV.- MANUFACTURED AND MOBILE HOME PARKS,DIVISION 5. - MANAGEMENT,Sec. 42-923. - Records to be kept; availability of records to public officials; destruction of records.,sub-sec-15.4.2,https://library.municode.com/mo/mexico/codes/code_of_ordinances?nodeId=COOR_CH42ZO_ARTXIVMAMOHOPA_DIV5MA_S42-923REBEKEAVREPUOFDERE,https://zoneomics.com/code/16258/chapter_15#15.4.2,False,0,"(a) It shall be the duty of each licensee under this article to keep a register containing a record of all manufactured or mobile home owners and occupants whose manufactured or mobile homes are located within the park.
The register shall contain the following information:
(1) The name and address of each manufactured or mobile home occupant;
(2) The name and address of the owner of each manufactured or mobile home and motor vehicle by which it is towed;
(3) The make, model, year and license number of each manufactured or mobile home and mobile vehicle;
(4) The state, territory or country issuing such license;
(5) The date of arrival and of departure of each manufactured or mobile home.
(b) The licensee shall keep the register available for inspection at all times by law enforcement officers, public health officials and other officials whose duties necessitate acquisition of the information contained in the register.
The register record for each occupant registered shall not be destroyed for a period of three years following the date of departure of the registrant from the park.
(Code 1969, § 46-152; Code 1988, § 15-587)"
15,ARTICLE XIV.- MANUFACTURED AND MOBILE HOME PARKS,DIVISION 5. - MANAGEMENT,"Sec. 42-924. - Storage, collection and disposal of refuse—Generally.",sub-sec-15.4.3,https://library.municode.com/mo/mexico/codes/code_of_ordinances?nodeId=COOR_CH42ZO_ARTXIVMAMOHOPA_DIV5MA_S42-924STCODIREEN,https://zoneomics.com/code/16258/chapter_15#15.4.3,False,0,"The storage, collection and disposal of refuse in the manufactured or mobile home park shall be so conducted as to create no health hazard, rodent harborage, insect breeding area, accident or fire hazard or air pollution.
(Code 1969, § 46-154; Code 1988, § 15-589)"
15,ARTICLE XIV.- MANUFACTURED AND MOBILE HOME PARKS,DIVISION 5. - MANAGEMENT,"Sec. 42-925. - Same—Type, number and location of containers; container stands.",sub-sec-15.4.4,https://library.municode.com/mo/mexico/codes/code_of_ordinances?nodeId=COOR_CH42ZO_ARTXIVMAMOHOPA_DIV5MA_S42-925SAYPNULOCOCOST,https://zoneomics.com/code/16258/chapter_15#15.4.4,False,0,"All refuse shall be stored in flytight, watertight, rodentproof containers, which shall be located not more than 150 feet from any manufactured or mobile home space.
Containers shall be provided in sufficient number and capacity to properly store all refuse.
Refuse collection stands shall be provided for all refuse containers.
Such container stands shall be so designed as to prevent containers from being tipped, to minimize spillage and container deterioration and to facilitate cleaning around them.
(Code 1969, § 46-155; Code 1988, § 15-590)"
15,ARTICLE XIV.- MANUFACTURED AND MOBILE HOME PARKS,DIVISION 5. - MANAGEMENT,Sec. 42-926. - Same—Frequency of garbage collection; refuse incinerator specifications; operation of incinerators.,sub-sec-15.4.5,https://library.municode.com/mo/mexico/codes/code_of_ordinances?nodeId=COOR_CH42ZO_ARTXIVMAMOHOPA_DIV5MA_S42-926SAREGACOREINSPOPIN,https://zoneomics.com/code/16258/chapter_15#15.4.5,False,0,"All refuse containing garbage shall be collected at least twice weekly.
Refuse incinerators shall be so constructed in accordance with engineering plans and specifications which shall be reviewed and approved by the health authority or other authority having jurisdiction.
Incinerators shall be operated only when attended by some person specifically authorized by the owner or operator of the manufactured or mobile home park.
(Code 1969, § 46-156; Code 1988, § 15-591)"
15,ARTICLE XIV.- MANUFACTURED AND MOBILE HOME PARKS,DIVISION 5. - MANAGEMENT,Sec. 42-927. - Insect and rodent control.,sub-sec-15.4.6,https://library.municode.com/mo/mexico/codes/code_of_ordinances?nodeId=COOR_CH42ZO_ARTXIVMAMOHOPA_DIV5MA_S42-927INROCO,https://zoneomics.com/code/16258/chapter_15#15.4.6,False,0,"Grounds, buildings and structures shall be maintained free of insect and rodent harborage and infestation.
Extermination methods and other measures to control insects and rodents shall conform to the requirements of the health authority.
Parking areas shall be maintained free of accumulations of debris which may provide rodent harborage or breeding places for flies, mosquitoes, and other pests.
Storage areas shall be so maintained as to prevent rodent harborage; lumber, pipe and other building materials shall be stored at least one foot above the ground.
Where the potential for insect and rodent infestation exists, all exterior openings in or beneath any structure shall be appropriately screened with wire mesh or other suitable materials.
(Code 1969, § 46-157; Code 1988, § 15-592)"
15,ARTICLE XIV.- MANUFACTURED AND MOBILE HOME PARKS,DIVISION 5. - MANAGEMENT,"Sec. 42-928. - Control of brush, weeds, grass and poisonous plants.",sub-sec-15.4.7,https://library.municode.com/mo/mexico/codes/code_of_ordinances?nodeId=COOR_CH42ZO_ARTXIVMAMOHOPA_DIV5MA_S42-928COBRWEGRPOPL,https://zoneomics.com/code/16258/chapter_15#15.4.7,False,0,"The growth of brush, weeds and grass shall be controlled to prevent harborage of ticks, chiggers and other noxious insects.
Parking areas shall be so maintained as to prevent growth of ragweed, poison ivy, poison oak, poison sumac and other noxious weeds considered detrimental to health.
Open areas shall be maintained free of heavy undergrowth of any description.
(Code 1969, § 46-158; Code 1988, § 15-593)"
15,ARTICLE XIV.- MANUFACTURED AND MOBILE HOME PARKS,DIVISION 6. - ENFORCEMENT PROVISIONS,Sec. 42-947. - City manager to make inspections.,sub-sec-15.5.1,https://library.municode.com/mo/mexico/codes/code_of_ordinances?nodeId=COOR_CH42ZO_ARTXIVMAMOHOPA_DIV6ENPR_S42-947CIMAMAIN,https://zoneomics.com/code/16258/chapter_15#15.5.1,False,0,"The city manager or his designee shall make such inspections as are necessary to determine satisfactory compliance with the requirements of this article.
(Code 1969, § 46-159; Code 1988, § 15-606)"
15,ARTICLE XIV.- MANUFACTURED AND MOBILE HOME PARKS,DIVISION 6. - ENFORCEMENT PROVISIONS,Sec. 42-948. - Duty of park owners and manufactured or mobile home occupants to permit inspections.,sub-sec-15.5.2,https://library.municode.com/mo/mexico/codes/code_of_ordinances?nodeId=COOR_CH42ZO_ARTXIVMAMOHOPA_DIV6ENPR_S42-948DUPAOWMAMOHOOCPEIN,https://zoneomics.com/code/16258/chapter_15#15.5.2,False,0,"It shall be the duty of the owners and occupants of each trailer or mobile home to give the park owner or his agent or employee access to any part of such manufactured or mobile home at reasonable times for the purpose of making such repairs or alterations as are necessary to effect compliance with the requirements of this article, or with any lawful order issued pursuant to such requirements.
It shall be the duty of the owner of each manufactured or mobile home park and the person in charge thereof to give the city manager or his designee free access to such premises at reasonable times for the purpose of inspection.
(Code 1969, § 46-160; Code 1988, § 15-607)"
15,ARTICLE XIV.- MANUFACTURED AND MOBILE HOME PARKS,DIVISION 6. - ENFORCEMENT PROVISIONS,Sec. 42-949. - Contents and service of notice of violation.,sub-sec-15.5.3,https://library.municode.com/mo/mexico/codes/code_of_ordinances?nodeId=COOR_CH42ZO_ARTXIVMAMOHOPA_DIV6ENPR_S42-949COSENOVI,https://zoneomics.com/code/16258/chapter_15#15.5.3,False,0,"Whenever the city manager determines that there has been a violation of any provision of this article which does not necessitate action as provided in section 42-950, he or his designee shall give notice of such alleged violation to the person to whom the permit or license was issued, as provided in this section.
Such notice shall:
(1) Be in writing;
(2) Include a statement of the reasons for its issuance;
(3) Allow a reasonable time for the performance of the act it requires;
(4) Be served upon the owner or his agent as the case may require, provided that such notice or order shall be deemed to have been properly served upon such owner or agent when a copy thereof has been sent by registered mail to his last known address, or when he has been served with such notice by any method authorized or required by the laws of this state; and
(5) Contain an outline of remedial action which, if taken, will affect compliance with the provisions of this article.
(Code 1969, § 46-161; Code 1988, § 15-608)"
15,ARTICLE XIV.- MANUFACTURED AND MOBILE HOME PARKS,DIVISION 6. - ENFORCEMENT PROVISIONS,Sec. 42-950. - Emergency orders; immediate compliance required; right to later hearing.,sub-sec-15.5.4,https://library.municode.com/mo/mexico/codes/code_of_ordinances?nodeId=COOR_CH42ZO_ARTXIVMAMOHOPA_DIV6ENPR_S42-950EMORIMCORERILAHE,https://zoneomics.com/code/16258/chapter_15#15.5.4,False,0,"Whenever the city manager finds that a condition of emergency exists upon the premises of any manufactured or mobile home park which requires immediate action to protect the public health or safety, he may without notice or hearing issue an order reciting the existence of such an emergency and requiring that action be taken as specified in the order necessary to meet the emergency, including the suspension of the permit or license.
Notwithstanding any other provision of this article, such order shall be effective immediately.
Any person to whom such an order is directed shall comply therewith immediately, but upon petition to the city council shall be afforded a hearing as soon as possible.
The provisions of this division shall be applicable to such hearing and the order issued thereafter.
(Code 1969, § 46-162; Code 1988, § 15-609)"
15,ARTICLE XIV.- MANUFACTURED AND MOBILE HOME PARKS,DIVISION 6. - ENFORCEMENT PROVISIONS,Sec. 42-951. - Right to public hearing upon notice or order relating to violation; petition required.,sub-sec-15.5.5,https://library.municode.com/mo/mexico/codes/code_of_ordinances?nodeId=COOR_CH42ZO_ARTXIVMAMOHOPA_DIV6ENPR_S42-951RIPUHEUPNOORREVIPERE,https://zoneomics.com/code/16258/chapter_15#15.5.5,False,0,"Any person affected by any notice or order issued in connection with the enforcement of any provision of this article or regulation issued thereunder may request and shall be granted a public hearing on the matter before the city council, provided that such person file in the office of the city manager a written petition requesting such hearing and setting forth a brief statement of the grounds therefor within ten days after service of the notice.
(Code 1969, § 46-163; Code 1988, § 15-610)"
15,ARTICLE XIV.- MANUFACTURED AND MOBILE HOME PARKS,DIVISION 6. - ENFORCEMENT PROVISIONS,Sec. 42-952. - When petition operates as stay; time and place of hearing; rights of petitioner.,sub-sec-15.5.6,https://library.municode.com/mo/mexico/codes/code_of_ordinances?nodeId=COOR_CH42ZO_ARTXIVMAMOHOPA_DIV6ENPR_S42-952WHPEOPSTTIPLHERIPE,https://zoneomics.com/code/16258/chapter_15#15.5.6,False,0,"The filing of the petition for a hearing as provided in section 42-951 shall operate as a stay of the notice or order except in the case of an order issued under emergency conditions as provided for in section 42-950. Upon receipt of such petition, the city council shall set a time and place for such hearing and shall give the petitioner written notice thereof.
At such hearing the petitioner shall be given an opportunity to be heard and to show why such notice or order should be modified or withdrawn.
The hearing shall be commenced not later than ten days after the day on which the petition was filed, provided that upon application of the petitioner the city council may postpone the date of the hearing for a reasonable time beyond such ten-day period when in their judgment the petitioner has submitted good and sufficient reasons for such postponement.
(Code 1969, § 46-164; Code 1988, § 15-611)"
15,ARTICLE XIV.- MANUFACTURED AND MOBILE HOME PARKS,DIVISION 6. - ENFORCEMENT PROVISIONS,Sec. 42-953. - Findings and order of city council after hearing; noncompliance with order.,sub-sec-15.5.7,https://library.municode.com/mo/mexico/codes/code_of_ordinances?nodeId=COOR_CH42ZO_ARTXIVMAMOHOPA_DIV6ENPR_S42-953FIORCOAFHENOOR,https://zoneomics.com/code/16258/chapter_15#15.5.7,False,0,"After such hearing the city council shall make findings as to compliance with the provisions of this article and shall issue an order in writing sustaining, modifying or withdrawing the notice or order which shall be served as provided in section 42-949. Upon failure to comply with any order of the city council sustaining or modifying a notice or order, the permit of the manufactured or mobile home park affected by the order shall be revoked.
(Code 1969, § 46-165; Code 1988, § 15-612)"
15,ARTICLE XIV.- MANUFACTURED AND MOBILE HOME PARKS,DIVISION 6. - ENFORCEMENT PROVISIONS,Sec. 42-954. - Record of proceedings to be filed; right to appeal.,sub-sec-15.5.8,https://library.municode.com/mo/mexico/codes/code_of_ordinances?nodeId=COOR_CH42ZO_ARTXIVMAMOHOPA_DIV6ENPR_S42-954REPRBEFIRIAP,https://zoneomics.com/code/16258/chapter_15#15.5.8,False,0,"The proceedings at such a hearing, including the findings and decision of the city council, together with a copy of every notice and order related thereto, shall be entered as a matter of public record in the office of the city clerk.
Any person aggrieved by the decision of the city council may seek relief therefrom in any court of competent jurisdiction, as provided by the laws of this state.
(Code 1969, § 46-166; Code 1988, § 15-613)"
16,ARTICLE XV.- SIGNS,Sec. 42-982.- Definitions., ,sub-sec-16.1,https://library.municode.com/mo/mexico/codes/code_of_ordinances?nodeId=COOR_CH42ZO_ARTXVSI_S42-982DE,https://zoneomics.com/code/16258/chapter_16#16.1,False,0,"The following words, terms and phrases, when used in this article, shall have the meanings ascribed to them in this section, except where the context clearly indicates a different meaning:
Advertising orbusiness sign means a sign which directs attention to an activity, business or a profession conducted on the lot on which displayed.
A real estate sign advertising the sale, rental or lease of the lot on which it is maintained, an institutional bulletin board and a professional or announcement sign accessory to a named occupation or a dwelling shall not be deemed a business sign.
Animated sign means the display image or message moves or appears to have motion.
Background area of sign means the entire background area of a sign upon which copy could be placed.
In computing the area of a sign background, only the face or faces which can be seen from any one direction at one time shall be counted.
Billboard orposter panel sign means a sign structure especially built for the display of characters, letters or illustrations produced on paper sheets or painting applied directly to the surface or sign structure.
Building frontage means the length of one exterior wall of the building that contains the principal entrance.
Copy area of sign means the actual area of the sign copy applied to any background.
Copy area is computed by measurement of straight lines drawn closest to the copy extremities encompassing individual letters or words.
Electronic change copy sign means a sign which has an electronically operated or digital display of a message or image.
Electronic or digital displays shall meet the following conditions:
(1) The static display time for each message or image is a minimum of ten seconds;
(2) The time to completely change from one message or image to the next shall be instantaneous with no discernible time gaps between displays;
(3) The change of message or image must occur simultaneously for the entire sign face;
(4) The message or image does not flash or flicker;
(5) No projected message or image shall appear to move or be animated;
(6) The sign luminance shall not exceed 300 candelas per square meter in full white mode between sunset and sunrise.
Flashing sign means any sign, the illumination of which is not constant in intensity when in use, except illuminated signs which indicate the date, time or temperature or other public service information.
Freestanding sign means a sign which is unsupported by one or more columns, uprights or braces in or upon the ground.
Illuminated sign means a sign in which a source of light is used in order to make the message readable.
This definition includes internally and externally lighted signs.
Marquee means a permanent roofed structure attached to and supported by the building and which projects over a public property.
Marquee sign means any sign attached to or constructed in a marquee.
Monument sign means a sign which integrates with a structural base, is permanently anchored to the ground and in which the sign and the structure are an integral part of one another.
Nameplate sign means a sign attached to the structure identifying only the activity or use therein.
On-premises sign means a sign which carries only advertisements that are strictly incidental to a lawful use of the premises on which it is located, including signs or sign devices indicating the business transacted, services rendered, goods sold or produced on the premises, the name of the business, the name of the persons, firm or corporation occupying the premises.
Projecting double-faced building sign means a double-faced sign which projects more than 12 inches over public property, and which uses a building wall as its main source of support.
Roof sign means a sign erected upon or above a roof or parapet wall of a building and which is wholly or partially supported by the building.
Shopping center means a commercial and business area where several business or office locations are grouped together.
Generally, the buildings in the center are owned singularly and leased to the occupants on a long-term lease.
Further, the area generally has a unit identification as opposed to being identified by an individual business.
Sidewalk canopy means a roof-like structure extending over a sidewalk.
Sign means any sign or device and all parts thereof, which are used to advertise products, goods, services or to otherwise promote the sale of objects or identify objects for sale.
Sign, area of, means the total exterior surface computed in square feet of a sign having but one exposed exterior surface, and half the total of all of the exposed exterior surfaces computed in square feet of a sign having more than one such surface.
Sign structure means any structure which supports or is capable of supporting any sign as defined in this Code.
A sign structure may be a single pole; it may or not be an integral part of the building.
Temporary sign means a sign which is intended to advertise community or civic projects, construction projects, real estate for sale or lease, or other special events on a temporary basis.
Time and temperature sign means a sign which displays the current time or outdoor temperature or both, but which sets forth no other advertisement, other than the name of the business or establishment located upon the premises where such sign is located.
Wall sign means a sign which is affixed to and placed on any exterior wall of a building or structure.
(Code 1988, § 15-631; Ord.
No.
3140, § 1, 6-8-1981; Ord.
No.
3291, § 1, 8-26-1985; Ord.
No.
3349, § 1, 1-11-1988; Ord.
No.
3506, § 1, 12-23-1991)"
16,ARTICLE XV.- SIGNS,Sec. 42-983. - Advertising signs in all zoning districts; standards., ,sub-sec-16.2,https://library.municode.com/mo/mexico/codes/code_of_ordinances?nodeId=COOR_CH42ZO_ARTXVSI_S42-983ADSIALZODIST,https://zoneomics.com/code/16258/chapter_16#16.2,False,0,"(a) A permit is required for advertising signs and their structures, except as otherwise provided in this chapter.
(b) Fees for the construction, erection or installation of signs and their structures shall be assessed as provided in the city fee schedule.
(c) Advertising signs and structures, where permitted, shall be set back from the established right-of-way line of any street at least as far as the required front yard depth for a principal building in the district where located, unless otherwise provided in this chapter.
No advertising sign or structure shall be erected within 30 feet of the intersection of two street right-of-way lines.
(d) No advertising sign or structure shall be permitted which faces the front or side lot line of a lot in any R district within 25 feet of the lot line.
(e) Advertising signs and structures shall not be erected or maintained in a location or in such a manner that any portion of the sign will be within ten feet, measured either horizontally, vertically or at any intermediate angle, of any electric powerline wire carrying a voltage in excess of 240 volts, nor shall any sign be within ten feet of a vertical line extended upward from such an electric power line wire.
(f) No advertising sign shall be placed within a public right-of-way unless otherwise provided in this chapter.
(g) All signs shall be so constructed as to be free from hazards, secure and properly supported.
They shall be kept in good repair and all surfaces shall be maintained in good appearance.
(h) All electrical signs shall conform to the electrical code adopted by the city.
(i) No commercial sign, including the supporting structures, shall be allowed to remain on any property more than six months after the business or uses advertised on the sign have been discontinued.
(j) The building official shall inspect or cause to be inspected every sign within the city.
He shall require the removal of any sign which he finds to have been erected or constructed in violation of this article, and he shall require the removal or repair of any sign which is not in compliance with this chapter.
(k) Advertising or business signs must be located on the same lot or property as the activity, business or profession.
No advertising sign shall be allowed that advertises a business or product that is not available on the same premises.
(Code 1988, § 15-632; Ord.
No.
3140, § 1, 6-8-1981; Ord.
No.
3506, § 2, 12-23-1991; Ord.
No.
3887, § 1, 4-23-2001)"
16,ARTICLE XV.- SIGNS,"Sec. 42-984. - Exterior business signs, and electronic change copy signs and digital signs permitted in C-1, C-2, I-1, and I-2 districts; location and standards for signs.", ,sub-sec-16.3,https://library.municode.com/mo/mexico/codes/code_of_ordinances?nodeId=COOR_CH42ZO_ARTXVSI_S42-984EXBUSIELCHCOSIDISIPEDILOSTSI,https://zoneomics.com/code/16258/chapter_16#16.3,False,0,"(a) In C-1, C-2, I-1, and I-2 zoning districts, exterior business signs and electronic change copy signs shall not exceed in the aggregate two square feet of area for each linear foot of the first 100 feet of lot frontage and one square foot of sign area for each linear foot of lot frontage remaining the remaining lot frontage, nor need the area be less than 100 square feet.
(b) The signs shall be integral with or attached to the principal building and shall not project more than one foot from the front thereof, unless attached to a marquee or sidewalk canopy, nor more than three feet above the parapet wall or roof line.
(Code 1988, § 15-633; Ord.
No.
3140, § 1, 6-8-1981; Ord.
No.
3349, § 2, 1-11-1988; Ord.
No.
3506, § 3, 12-23-1991)"
16,ARTICLE XV.- SIGNS,Sec. 42-985. - Exterior business signs and electronic change copy signs permitted in C-3 district; location and standards for signs., ,sub-sec-16.4,https://library.municode.com/mo/mexico/codes/code_of_ordinances?nodeId=COOR_CH42ZO_ARTXVSI_S42-985EXBUSIELCHCOSIPEDILOSTSI,https://zoneomics.com/code/16258/chapter_16#16.4,False,0,"In the C-3 zoning district, signs painted on the vertical surface of the building or attached flat thereto, and signs, awnings and canopies extending over public sidewalks shall not be closer to the nearest curb than 1½ feet nor shall any part be less than 7½ feet above the surface of the sidewalk.
No sign, awning or canopy shall be constructed over any public sidewalk with a drain or downspout that will collect water and discharge it onto such sidewalk.
Square footage of sign area shall not exceed that permitted in section 42-984.
(Code 1988, § 15-634; Ord.
No.
3140, § 1, 6-8-1981; Ord.
No.
3349, § 3, 1-11-1988; Ord.
No.
3506, § 4, 12-23-1991)"
16,ARTICLE XV.- SIGNS,"Sec. 42-986. - Freestanding exterior business signs and electronic change copy signs permitted in C-1, C-2, C-3, I-1, and I-2 districts; location and standards.", ,sub-sec-16.5,https://library.municode.com/mo/mexico/codes/code_of_ordinances?nodeId=COOR_CH42ZO_ARTXVSI_S42-986FREXBUSIELCHCOSIPEDILOST,https://zoneomics.com/code/16258/chapter_16#16.5,False,0,"In C-1, C-2, C-3, I-1, and I-2 districts where these are permitted, one exterior business sign per street frontage may be supported on a freestanding structure located in front of such use or center.
Such sign shall not project over the building setback line and shall not be located within 25 feet of the side lot line of an adjoining lot in any R district.
Such freestanding signs shall be erected not less than seven or more than 35 feet in height.
Square footage of sign area shall not exceed that permitted in section 42-984.
(Code 1988, § 15-635; Ord.
No.
3140, § 1, 6-8-1981; Ord.
No.
3349, § 4, 1-11-1988; Ord.
No.
3506, § 5, 12-23-1991)"
16,ARTICLE XV.- SIGNS,Sec. 42-987. - Temporary signs permitted in all zoning districts; standards., ,sub-sec-16.6,https://library.municode.com/mo/mexico/codes/code_of_ordinances?nodeId=COOR_CH42ZO_ARTXVSI_S42-987TESIPEALZODIST,https://zoneomics.com/code/16258/chapter_16#16.6,False,0,"(a) A permit is not required for a temporary sign.
(b) Temporary signs which are intended to advertise community or civic projects, or other special events on a temporary basis shall be set back from the right-of-way line of any street at least one-half the depth of the required front yard in the district where they are located and 30 feet from intersecting street right-of-way lines.
Temporary signs intended to advertise community or civic projects, may be displayed for a period of no longer than 60 days.
(c) Temporary signs which are intended as promotional advertising shall be set back from the right-of-way line of any street at least one-half the depth of the required front yard in the district where they are located and 30 feet from the intersecting street right-of-way lines and may be displayed for a period of no longer than the promotional event or 30 days.
Only one temporary sign intended as promotional advertising is allowed at a time.
The total sign area may not exceed 16 square feet.
Appearance and condition of temporary signs and banners is subject to the same standards as described in section 42-983.
(d) Temporary signs which are intended to promote political candidates or initiatives shall be on private property, set back from the right-of-way line of any street at least five feet and 30 feet from the intersecting street right-of-way lines.
The total sign area may not exceed six square feet in area, with a total maximum square footage of 18 square feet on any one lot.
All signs shall be removed no later than seven days after the election.
(e) Temporary signs which are intended as promotional advertising for real estate sales shall be on the same lot or property as the real estate being offered, set back from the right-of-way line of any street at least five feet and 30 feet from the intersecting street right-of-way lines.
The total sign area may not exceed six square feet in area with one sign allowed for each street frontage.
(f) Temporary construction signs which are intended as promotional advertising for a contractor or service agency shall be on the same lot or property where the work is being performed, set back from the right-of-way line of any street at least one-half the depth of the required front yard in the district where they are located and 30 feet from the intersecting street right-of-way lines.
Such signs may be displayed when construction or service has begun and must be removed when the construction or service has concluded.
The total sign area may not exceed six square feet in area with one sign allowed for each street frontage.
(Code 1988, § 15-636; Ord.
No.
3140, § 1, 6-8-1981; Ord.
No.
3506, § 6, 12-23-1991; Ord.
No.
3930, § 1, 11-25-2002)"
16,ARTICLE XV.- SIGNS,Sec. 42-988. - Church signs permitted in all zoning districts; standards., ,sub-sec-16.7,https://library.municode.com/mo/mexico/codes/code_of_ordinances?nodeId=COOR_CH42ZO_ARTXVSI_S42-988CHSIPEALZODIST,https://zoneomics.com/code/16258/chapter_16#16.7,False,0,"A church, educational institution, school, community center, public library or other public or institutional building may have, for its own use, a bulletin board not over 20 square feet in area which, if not attached flat against the building, shall be at least ten feet distance from any property lines or 30 feet from intersecting street right-of-way lines.
(Code 1988, § 15-637; Ord.
No.
3140, § 1, 6-8-1981)"
16,ARTICLE XV.- SIGNS,Sec. 42-989. - Nameplate signs permitted in R-3A and R-3B districts; standards., ,sub-sec-16.8,https://library.municode.com/mo/mexico/codes/code_of_ordinances?nodeId=COOR_CH42ZO_ARTXVSI_S42-989NASIPEDIST,https://zoneomics.com/code/16258/chapter_16#16.8,False,0,"Nameplate signs shall not exceed six square feet of surface area and shall be set back from the established right-of-way lines of any street at least as far as the required front yard depth.
(Code 1988, § 15-638; Ord.
No.
3140, § 1, 6-8-1981)"
16,ARTICLE XV.- SIGNS,Sec. 42-990. - Nonconforming signs; time within which signs must conform., ,sub-sec-16.9,https://library.municode.com/mo/mexico/codes/code_of_ordinances?nodeId=COOR_CH42ZO_ARTXVSI_S42-990NOSITIWIWHSIMUCO,https://zoneomics.com/code/16258/chapter_16#16.9,False,0,"Any sign which becomes nonconforming by reason of a subsequent change in this article shall be discontinued and removed within five years from the effective date of such change, unless provided otherwise in the article by which the change is affected.
(Code 1988, § 15-639; Ord.
No.
3140, § 1, 6-8-1981)"
16,ARTICLE XV.- SIGNS,Sec. 42-991. - All signs; illumination., ,sub-sec-16.10,https://library.municode.com/mo/mexico/codes/code_of_ordinances?nodeId=COOR_CH42ZO_ARTXVSI_S42-991ALSIIL,https://zoneomics.com/code/16258/chapter_16#16.10,False,0,"Any sign illumination shall be arranged so as to confine the illumination to the sign, to avoid glare or other disturbance on adjacent property and to shield the source of illumination.
No animated sign or flashing device, excluding a theater marquee, shall be permitted.
(Code 1988, § 15-640; Ord.
No.
3160, § 1, 12-14-1981)"
16,ARTICLE XV.- SIGNS,"Sec. 42-992. - Monument signs in C-1, C-2, C-3, I-1 and I-2 districts; location and standards.", ,sub-sec-16.11,https://library.municode.com/mo/mexico/codes/code_of_ordinances?nodeId=COOR_CH42ZO_ARTXVSI_S42-992MOSIDILOST,https://zoneomics.com/code/16258/chapter_16#16.11,False,0,"One monument sign shall be permitted per lot.
Monument signs shall be permanently affixed to a structural base and shall not be more than six feet high when measured from the ground.
Monument signs shall conform to the minimum yard requirements of the district.
Monument signs shall not be erected within 30 feet of the intersection of two street right-of-way lines; and all such signs shall be in accordance with section 42-983. The surface area of a monument sign shall not exceed 60 square feet.
(Code 1988, § 15-641; Ord.
No.
3291, § 2, 8-26-1985; Ord.
No.
3307, § 1, 2-24-1986)"
16,ARTICLE XV.- SIGNS,"Sec. 42-993. - In the C-3 district, portable sandwich board signs or A-framed hinged signs are permitted.", ,sub-sec-16.12,https://library.municode.com/mo/mexico/codes/code_of_ordinances?nodeId=COOR_CH42ZO_ARTXVSI_S42-993INDIPOSABOSIAMHISIARPE,https://zoneomics.com/code/16258/chapter_16#16.12,False,0,"One A-framed sign shall be permitted in the C-3 district, per business, during operating hours and must be removed at the close of every business day.
The sign shall not exceed six square feet per face and no more than two faces on display.
Sign must be placed at least six feet from the curb, out of pedestrian traffic, and a minimum of ten feet from intersections or alleys.
(Code 1988, § 15-642; Ord.
No.
3925, § 1, 10-14-2002)"
16,ARTICLE XV.- SIGNS,Sec. 42-994. - Directional or information signs allowed in certain districts; compliance., ,sub-sec-16.13,https://library.municode.com/mo/mexico/codes/code_of_ordinances?nodeId=COOR_CH42ZO_ARTXVSI_S42-994DIINSIALCEDICO,https://zoneomics.com/code/16258/chapter_16#16.13,False,0,"In R-3B, C-1, C-2, C-3, I-1 and I-2 districts signs directing vehicular traffic to and from the premises of providing information regarding delivery or parking may be erected on the property to which the message applies, as follows:
(1) No sign shall be erected in the public right-of-way.
(2) No sign shall be erected closer than two feet to any other sign, unless such signs are on the same pole or post and are mounted parallel to each other in the same vertical plane.
(3) Signs shall be constructed of materials of sufficient strength and anchored in such a manner as to permit them to withstand winds of 90 miles per hour.
(4) Signs shall not exceed six square feet of surface area and shall not be more than three feet above grade at the top of the sign.
(5) Signs shall not be illuminated except by means of reflectors or reflective material.
(6) No sign shall be erected under the provisions of this article that impairs the view of vehicle drivers or pedestrians with respect to traffic."
16,ARTICLE XV.- SIGNS,Sec. 42-995. - Fees., ,sub-sec-16.14,https://library.municode.com/mo/mexico/codes/code_of_ordinances?nodeId=COOR_CH42ZO_ARTXVSI_S42-995FE,https://zoneomics.com/code/16258/chapter_16#16.14,False,0,Fees for new sign construction or the alteration of existing signs shall be as provided in the city fee schedule.
17,Article XVI.- Renewable Energy Systems,Division 1. - Generally,Sec. 42-1000. - General.,sub-sec-17.1.1,https://library.municode.com/mo/mexico/codes/code_of_ordinances?nodeId=COOR_CH42ZO_ARTXVIREENSY_DIV1GE_S42-1000GE,https://zoneomics.com/code/16258/chapter_17#17.1.1,False,0,"The general purpose of this article is to regulate the placement, construction, and modification of renewable energy systems in order to protect the health, safety, and welfare of the public, while at the same time promoting and not unreasonably interfering with the use of renewable energy systems in the city.
Specifically, this section is intended to:
(1) Provide for the appropriate location and development of certain renewable energy systems to serve the citizens and businesses of the city; and
(2) Minimize adverse visual impacts of renewable energy systems through careful design, siding, landscape screening, and camouflaging.
(Ord.
No.
4505, § 1, 8-22-2022)"
17,Article XVI.- Renewable Energy Systems,Division 1. - Generally,Sec. 42-1001. - Applicability.,sub-sec-17.1.2,https://library.municode.com/mo/mexico/codes/code_of_ordinances?nodeId=COOR_CH42ZO_ARTXVIREENSY_DIV1GE_S42-1001AP,https://zoneomics.com/code/16258/chapter_17#17.1.2,False,0,"(a) This article applies to renewable energy systems to be installed and constructed after the effective date of the article.
(b) Except as specified below, renewable energy systems constructed prior to the effective date of this article shall not be required to meet the requirements of this article.
(c) Any upgrades, modifications, or changes that materially alter the size or placement of an existing renewable energy system shall comply with the provisions of this article.
(Ord.
No.
4505, § 1, 8-22-2022)"
17,Article XVI.- Renewable Energy Systems,Division 1. - Generally,Sec. 42-1002. - Abandonment.,sub-sec-17.1.3,https://library.municode.com/mo/mexico/codes/code_of_ordinances?nodeId=COOR_CH42ZO_ARTXVIREENSY_DIV1GE_S42-1002AB,https://zoneomics.com/code/16258/chapter_17#17.1.3,False,0,"Any renewable energy system that is out of service for a period of six months will be considered abandoned and must be removed within 60 days.
If such system is not removed within 60 days, the city may remove such system at the owner's expense after giving the owner notice and an opportunity to be heard with respect to removal.
(Ord.
No.
4505, § 1, 8-22-2022)"
17,Article XVI.- Renewable Energy Systems,Division 1. - Generally,Sec. 42-1003. - Penalty.,sub-sec-17.1.4,https://library.municode.com/mo/mexico/codes/code_of_ordinances?nodeId=COOR_CH42ZO_ARTXVIREENSY_DIV1GE_S42-1003PE,https://zoneomics.com/code/16258/chapter_17#17.1.4,False,0,"Any person violating any provision of this article shall be subject to a penalty as provided in section 1-12. Each day the violation continues shall constitute a separate offense.
(Ord.
No.
4505, § 1, 8-22-2022)"
17,Article XVI.- Renewable Energy Systems,Division 1. - Generally,Sec. 42-1004. - Definitions.,sub-sec-17.1.5,https://library.municode.com/mo/mexico/codes/code_of_ordinances?nodeId=COOR_CH42ZO_ARTXVIREENSY_DIV1GE_S42-1004DE,https://zoneomics.com/code/16258/chapter_17#17.1.5,False,0,"As used in this article, the following terms shall have these prescribed meanings:
Array means a number of solar panels or modules connected together in a single structure.
One installation can have more than one array.
Building-integrated photovoltaic system (BIPV) is a photovoltaic system used to replace traditional building materials in part of a building envelope, like awnings, roofs, facades, and sunrooms.
PV shingle or tiles, PV laminates, and PV glazing are all examples of BIPV.
Building-mounted small wind energy system means a small wind energy system affixed to either a principal or accessory structure including vertical-axis or horizontal-axis systems mounted on any building.
Building-mounted solar energy system means a solar energy system affixed to either a principal or accessory structure.
Commercial solar farm facility means a renewable energy system facility that consists of one or more ground or free-stranding solar energy systems, related equipment, and associated infrastructure, with the primary intention of generating electricity or otherwise converting solar energy to a different form of energy for primarily commercial or other off-site use.
Geothermal or ground-source heat-pump system means a system for heating and/or cooling buildings using the earth's thermal properties in conjunction with electricity.
Ground-mounted solar energy system means a solar energy system that is not attached to another structure and is affixed to the ground.
Ground-mounted wind energy system means a small wind energy system that is not attached to another structure and is affixed to the ground and consists of a tower consisting of a single pole, constructed without guyed wires and anchors.
Renewable energy systems means geothermal or ground-source heat-pump, solar energy systems, and small wind energy systems used to reduce on-site energy consumption, or commercial solar farm facilities which generate energy to be used for primarily commercial or other off-site use.
Roof-mounted solar energy system means a solar energy system affixed to the roof of either a principal or accessory structure.
Small wind energy system means any apparatus or equipment designed for the purpose of converting wind energy into electrical energy to reduce on-site consumption of utility power.
This includes any building-mounted wind energy system or ground-mounted wind energy system over eight feet in height.
Solar energy system means any apparatus or equipment designed for the purpose of collecting and transforming solar energy into electric energy, such as photovoltaic systems.
Solar energy systems shall not include any system which convert solar energy into thermal energy.
Tower means the vertical component of a small wind energy system that elevates the wind turbinegenerator and attached blades above the ground.
(Ord.
No.
4505, § 1, 8-22-2022)"
17,Article XVI.- Renewable Energy Systems,DIVISION 2. - RENEWABLE ENERGY SYSTEM REGULATIONS,Sec. 42-1005. - General provisions for renewable energy systems.,sub-sec-17.2.1,https://library.municode.com/mo/mexico/codes/code_of_ordinances?nodeId=COOR_CH42ZO_ARTXVIREENSY_DIV2REENSYRE_S42-1005GEPRREENSY,https://zoneomics.com/code/16258/chapter_17#17.2.1,False,0,"(a) Applicability of city ordinances.
Renewable energy systems shall comply with all applicable provisions of the Municipal Code and the standards of this article.
(b) Principal or accessory use.
Renewable energy systems intended primarily to offset part or all of the customer-generator's own electrical energy requirements shall be an accessory use subject to the provisions of this article.
All other renewable energy systems are considered a principal use.
(c) Lot location.
All renewable energy systems as accessory uses shall be located on the same lot as the principal use they serve.
For commercial solar farm facilities, such use may be the principal use on such lot.
(d) Maintenance.
The property owner on the lot where the renewable energy system is located is solely responsible at all times to maintain and keep in good, safe working condition the renewable energy system.
(e) Federal and state compliance.
All renewable energy systems shall meet or exceed state and federal standards and regulations in force at the time of installation.
(f) Trees.
This article is not intended to preclude any property owner from having trees or other permitted structures on their property that would or could possibly interfere with any renewable energy system.
(Ord.
No.
4505, § 1, 8-22-2022)"
17,Article XVI.- Renewable Energy Systems,DIVISION 2. - RENEWABLE ENERGY SYSTEM REGULATIONS,Sec. 42-1006. - Solar energy systems.,sub-sec-17.2.2,https://library.municode.com/mo/mexico/codes/code_of_ordinances?nodeId=COOR_CH42ZO_ARTXVIREENSY_DIV2REENSYRE_S42-1006SOENSY,https://zoneomics.com/code/16258/chapter_17#17.2.2,True,1,"(a) Roof-mounted solar energy systems.
Roof-mounted solar energy systems shall be permitted by administrative permit in all districts pursuant to section 42-1011 provided that the application meets the following provisions applicable to the construction and/or installation of roof-mounted solar energy systems:
(1) Location.
A roof mounted system may be located on any roof face of a principal or accessory building, but shall not extend above the peak of the roof with an unoccupied area of two feet in the front and four feet in the rear.
(2) Mounting on pitched roofs.
The mounting of solar arrays to a pitched roof in a parallel or a flush manner is the preferred method.
Parallel mounting shall be placed no more than eight inches higher than the roof surface.
If a pitched array mounting system is proposed, the mounting system must be supported by specific engineering drawings.
(3) Mounting on flat roofs.
Arrays on flat roofs shall be screened from view by a parapet or other architectural feature that is compatible with the existing architecture and does not exceed the height and other requirements of the underlying zoning districts.
(4) Glare.
Roof-mounted solar energy systems shall be installed to avoid concentrated radiation or glare onto neighboring properties or traffic.
The energy absorbing components of the system shall be a non-glare material.
(b) Ground-mounted solar energy systems.
Ground-mounted solar energy systems, excluding commercial solar farm facilities, may be permitted by administrative permit in all districts pursuant to section 42-1011 but only upon an applicant's showing that a roof-mounted solar energy system is not technologically and physically feasible, and only in accordance with the following conditions:
(1) Yard requirement.
Ground-mounted solar energy systems shall only be located in the rear yard of any zoning district.
(2) Setbacks and lot coverage.
Ground-mounted solar energy systems must comply with all setback requirements for the zoning district in which the property is located.
(3) Height requirement.
Ground-mounted solar energy systems may not exceed the maximum height of the principal structure on the property.
In any event, ground-mounted solar energy systems may not exceed six feet in height in any residential zoning district measured from the average grade at the base of the supporting structure to the highest edge of the system.
(4) Screening requirement.
All ground-mounted solar energy systems shall be screened from view at-grade from all adjacent streets and adjacent properties by fencing, walls, plantings, or other architectural feature or combination thereof in compliance with the requirements of the underlying zoning districts.
(5) Color.
The ground-mounted solar energy systems shall be black or gray.
(6) Underground utilities.
All exterior electrical and/or plumbing lines must be buried below the surface of the ground in accordance with the current electrical and plumbing codes adopted by the city.
(7) Maintenance.
All ground-mounted solar energy systems shall be well maintained underneath the array with the installation of mulch, chat, rocks, or other attractive materials.
The ground-mounted solar energy systems shall be maintained to avoid violation of chapter 26 prohibiting nuisances relating to weeds, tall grass, and brush.
(8) Removal.
If a ground-mounted solar energy system is removed, any earth disturbance as a result of the removal shall be graded and reseeded.
(9) Glare.
Ground-mounted solar energy systems shall be installed to avoid concentrated radiation or glare onto neighboring properties or traffic.
The energy absorbing components of the system shall be a non-glare material.
(c) Commercial solar farm facilities.
Commercial solar farm facilities may be permitted as an additional use in accordance with article XI of chapter 42 in the C-2 general commercial district, the C-3 business district, the I-1 light industry district, and the I-2 heavy industry district pursuant to section 42-1011, in accordance with the following additional conditions:
(1) Size; extent."
17,Article XVI.- Renewable Energy Systems,DIVISION 2. - RENEWABLE ENERGY SYSTEM REGULATIONS,Sec. 42-1006. - Solar energy systems.,sub-sec-17.2.2,https://library.municode.com/mo/mexico/codes/code_of_ordinances?nodeId=COOR_CH42ZO_ARTXVIREENSY_DIV2REENSYRE_S42-1006SOENSY,https://zoneomics.com/code/16258/chapter_17#17.2.2,True,2,"Commercial solar farm facilities shall be only located on a parcel that is at least one acre in size, and cannot be located on a parcel that is more than 1,000 acres.
Commercial solar farm facilities shall be limited to a coverage of one and one-fourth square miles.
(2) Setbacks, height, and lot coverage.
Commercial solar farm facilities must comply with all setback, height, and lot coverage requirements for the zoning district in which the property is located.
(3) Stormwater and drainage.
All commercial solar farm facilities shall be designed to comply with city stormwater and drainage requirements to prevent flooding or groundwater pollution.
(4) Screening requirement.
All commercial solar farm facilities shall be screened from view at-grade from all adjacent streets and adjacent properties by fencing, walls, or plantings, or other architectural feature or combination thereof in compliance with the requirements of the underlying zoning districts.
(5) Color.
The photovoltaic systems used by a commercial solar farm facility shall be black or gray.
(6) Underground utilities.
All exterior electrical and/or plumbing lines must be buried below the surface of the ground in accordance with the current electrical and plumbing codes adopted by the city, unless demonstrated by the property owner(s) to be unreasonable given the topography or other special circumstances of the property dictating limited above-ground utility lines.
(7) Decommissioning; bonding requirements.
All commercial solar farm facilities shall submit to the city for approval a plan for decommissioning the commercial solar farm facility detailing the removal of all equipment, stabilizing and reseeding of the underlying property, and disposal of materials.
Within such decommissioning plan, the property owner(s) shall post a bond with the city to secure decommissioning of such commercial solar farm facility in line with the decommissioning plan submitted to the city.
The amount of such bond shall be as determined by the administering officer provided for in section 42-56. In the event that the property owner(s) do not decommission the commercial solar farm facility in accordance with the approved decommissioning plan, the city may draw on the decommissioning bond and conduct the decommissioning work in accordance with the approved decommissioning plan.
(8) Glare.
Commercial solar farm facilities shall be installed to avoid concentrated radiation or glare onto neighboring properties or traffic, and in accordance with any federal or state requirements controlling glare from such facilities.
The energy absorbing components of the system shall be a non-glare material.
Such regulations may also include applicable Federal Aviation Administration (FAA) regulations for such facilities, and if such regulations are applicable the property owner(s) shall submit proof of compliance with such FAA requirements.
If within 500 feet of the Mexico Memorial Airport, the property owner(s) must complete and provide the results of the solar glare hazard analysis tool (SGHAT) for the airport traffic control tower cab and final approach paths, consistent with FAA policies.
(d) In addition to the requirements of subsections (a), (b), and (c) above, all approved solar energy systems shall comply with the following at all times:
(1) Maintenance.
It shall be the obligation of the property owner(s) where the solar energy system is located to maintain such system free of defects, deterioration, and rust.
(2) Safety disconnect.
The electric disconnect for all solar energy systems shall be located near the electric meter on the exterior of the building being served (or other location approved by the city's department of public safety) and identified as the solar energy system disconnect to facilitate emergency operations by the city's fire department.
(3) Advertisement.
A solar energy system shall not be used to display advertising.The manufacturer's and equipment information, warning, or indication of ownership shall be allowed on any equipment of the solar energy system provided that the signage is not for advertising purposes.
(Ord.
No.
4505, § 1, 8-22-2022)"
17,Article XVI.- Renewable Energy Systems,DIVISION 2. - RENEWABLE ENERGY SYSTEM REGULATIONS,Sec. 42-1007. - Small wind energy systems.,sub-sec-17.2.3,https://library.municode.com/mo/mexico/codes/code_of_ordinances?nodeId=COOR_CH42ZO_ARTXVIREENSY_DIV2REENSYRE_S42-1007SMWIENSY,https://zoneomics.com/code/16258/chapter_17#17.2.3,False,0,"Small wind energy systems, including building-mounted wind energy systems and ground-mounted wind energy systems, are not permitted.
(Ord.
No.
4505, § 1, 8-22-2022)"
17,Article XVI.- Renewable Energy Systems,DIVISION 2. - RENEWABLE ENERGY SYSTEM REGULATIONS,Sec. 42-1008. - Geothermal systems.,sub-sec-17.2.4,https://library.municode.com/mo/mexico/codes/code_of_ordinances?nodeId=COOR_CH42ZO_ARTXVIREENSY_DIV2REENSYRE_S42-1008GESY,https://zoneomics.com/code/16258/chapter_17#17.2.4,False,0,"Geothermal heat pump systems may be permitted by administrative permit in all districts pursuant to section 42-1011 and the following:
(1) Easement and setback requirements.
Drilling and trenching for geothermal heat pump systems shall be prohibited on any easement.
Any geothermal system must comply with the requirements of this article and all setback and zoning restrictions of the applicable zoning district.
(2) State requirements.
All geothermal heat pump systems shall comply with all applicable Missouri codes and regulations.
(Ord.
No.
4505, § 1, 8-22-2022)"
17,Article XVI.- Renewable Energy Systems,DIVISION 3. - PERMIT REQUIREMENTS,Sec. 42-1009. - Building permit.,sub-sec-17.3.1,https://library.municode.com/mo/mexico/codes/code_of_ordinances?nodeId=COOR_CH42ZO_ARTXVIREENSY_DIV3PERE_S42-1009BUPE,https://zoneomics.com/code/16258/chapter_17#17.3.1,False,0,"It shall be unlawful for any person or entity to construct, erect, and/or install any permitted renewable energy system without first applying for and obtaining a building permit (including any other permit needed pursuant to section 42-130, collectively referred to as the ""building permit""), and complying with the following requirements:
(1) Payment of a review fee in accordance with the fee schedule in section 42-1014 plus the applicable building permit fee in accordance with chapter 6;
(2) Filing of an application for permit that, in addition to the requirements below, is in the form and meets the requirements prescribed by chapter 42;
(3) Submission of building and design plans for the renewable energy system and including therewith a certification from a licensed Missouri engineer or architect that all such plans and design are in compliance with this article and all other applicable state and federal requirements;
(4) For all roof-mounted solar energy systems, the certification shall include details of the weight of each array per square foot and certifying that the supporting structure has the structural integrity to carry the weight and wind loads of the solar energy system; and, (5) In addition to application for a building permit, depending on the type of renewable energy system, an application for an administrative permit pursuant to section 42-1011 is also required, which shall be applied for at the same time as application for the building permit.
(Ord.
No.
4505, § 1, 8-22-2022)"
17,Article XVI.- Renewable Energy Systems,DIVISION 3. - PERMIT REQUIREMENTS,Sec. 42-1010. - Other permits.,sub-sec-17.3.2,https://library.municode.com/mo/mexico/codes/code_of_ordinances?nodeId=COOR_CH42ZO_ARTXVIREENSY_DIV3PERE_S42-1010OTPE,https://zoneomics.com/code/16258/chapter_17#17.3.2,False,0,"(a) Electrical permit.
It shall be unlawful for any renewable energy system to be constructed, erected, and/or installed without first applying for and obtaining an electrical permit in accordance with the city's current adopted electrical code.
(b) Code compliance.
Renewable energy systems shall comply with all applicable building, mechanical, fire, plumbing, and electrical codes.
(c) Other permits.
Nothing in this article shall relieve the applicant from applying for and obtaining any other required local, state, or federal permit.
(Ord.
No.
4505, § 1, 8-22-2022)"
17,Article XVI.- Renewable Energy Systems,DIVISION 3. - PERMIT REQUIREMENTS,Sec. 42-1011. - Authorization by administrative permit.,sub-sec-17.3.3,https://library.municode.com/mo/mexico/codes/code_of_ordinances?nodeId=COOR_CH42ZO_ARTXVIREENSY_DIV3PERE_S42-1011AUADPE,https://zoneomics.com/code/16258/chapter_17#17.3.3,False,0,"(a) Authorized use.
The placement of allowable renewable energy systems is permitted by administrative permit in all zoning districts in compliance with the requirements contained in this article and specifically sections 42-1006, 42-1007, and 42-1008, and the required building permits under sections
42-1009 and
42-1010.
(b) Application procedure.
Application for administrative permits shall be made by all owners of record or owners under contract of a lot or tract of land (with contract granting such interest attached) on the appropriate forms to the administering officer provided for in section 42-56 and accompanied by payment of the established fee.
(1) Application contents:
a. A detailed site plan indicating:
1. All existing and proposed improvements including buildings, drives, walkway, parking areas;
2. Location of overhead utility wires;
3. The zoning categories of the property and adjoining properties;
4. The location of and distance to off-site residential structures;
5. All existing or proposed buffer and landscaping;
6. The proposed location of the renewable energy system; and
7. Any other relevant information or drawings requested by the administering officer provided for in section 42-56 to assist in his/her review.
b. Detailed drawings of support structures where applicable.
c. A picture or other representation of the sample colors for the proposed renewable energy system and for roof-mounted solar energy systems, the structure's roof material demonstrating whether the proposed solar energy system architecturally blends with the roof in color and texture.
d. All electrical plans.
e. Sectional drawings, plan view, and elevation views.
Detail all connections.
f. Manufacturer's cut sheets/diagrams installation instructions that describe the system and installation.
g. The design approval letter from the utility company shall be submitted for customers requesting to interconnect to the utility company's electrical grid.
h. For roof-mounted solar energy systems, a structural certification statement (properly signed, sealed, and dated by a Missouri licensed engineer).
The structural certification statement shall state the existing structure with the addition of the solar energy device is capable of supporting the design load referenced in all applicable building and other code requirements.
(2) The application shall be reviewed by the administering officer provided for in section 42-56 to determine compliance with the standards and requirements of this article and applicable building codes.
Simultaneous to the city's review, applicant shall transmit the application to other departments and public agencies that may be affected by the proposed renewable energy system, including the city's fire department, for review and comment.
Any comments or conceptual approvals applicant receives from the reviewing agencies shall be provided to the city.
(3) The application shall also be reviewed by the administering officer provided for in section 42-56 to determine compliance with all setback and lot dimension requirements.
(4) The administering officer provided for in section 42-56 may deny the application or approve the application as submitted or with such modifications or conditions as are, in his/her judgment, reasonably necessary to protect the safety or general welfare of the citizens consistent with the purposes of this article.
A decision to deny an application shall be made in writing, and state the specific reasons for the denial.
(c) Appeals.
Appeals from the decision of the administering officer provided for in section 42-56 shall be made to the board of adjustment pursuant to chapter 42, article II, division 3 of the city Code.
(Ord.
No.
4505, § 1, 8-22-2022)"
17,Article XVI.- Renewable Energy Systems,DIVISION 3. - PERMIT REQUIREMENTS,Sec. 42-1013. - Site inspection.,sub-sec-17.3.4,https://library.municode.com/mo/mexico/codes/code_of_ordinances?nodeId=COOR_CH42ZO_ARTXVIREENSY_DIV3PERE_S42-1013SIIN,https://zoneomics.com/code/16258/chapter_17#17.3.4,False,0,"Immediately upon completion of installation of any renewable energy system, the contractor and/or property owner shall contact the administering officer provided for in section 42-56 for a final inspection of the installation.
The system cannot begin operating until it has received approval from both the city and the electric utility.
The inspections focus on verifying that an installation is code compliant with electrical, building code, and fire safety requirements.
Among other things, the inspection verifies labeling of equipment to limit firefighter exposure to electrical voltage, space for firefighters to access the building or structure, and limitations in roof installations due to firefighting suppression techniques to ensure fire safety of the installation.
(Ord.
No.
4505, § 1, 8-22-2022)"
17,Article XVI.- Renewable Energy Systems,DIVISION 3. - PERMIT REQUIREMENTS,Sec. 42-1014. - Review and inspection fees.,sub-sec-17.3.5,https://library.municode.com/mo/mexico/codes/code_of_ordinances?nodeId=COOR_CH42ZO_ARTXVIREENSY_DIV3PERE_S42-1014REINFE,https://zoneomics.com/code/16258/chapter_17#17.3.5,False,0,"(a) The review and inspection fee to be paid for an administrative permit to install a renewable energy system shall be as follows:
Expand | Fee Amount | Cost of Project |
| --- | --- |
| $150.00 | up to $3,000.00 |
| $300.00 | between $3,001.00 to $5,000.00 |
| $425.00 | between $5,001.00 to $7,500.00 |
| $500.00 | between $7,501.00 to $10,000.00 |
| $750.00 | Over $10,000.00 | (b) Fee administration.
(1) The review and inspection fees set forth in subsection (a) of this section shall be paid in anticipation of the city's expenses incurred in processing the application or submission at issue, including, but not limited to, administrative and clerical costs, costs of engineering, planning, and legal review, cost of site inspections, cost of publication expenses, expenses of notification to adjoining property owners, expenses of hearings, if necessary, and other administrative costs incurred by the city.
Processing and all other actions related to the application or submittal shall not proceed until the applicable fee is paid in full.
(2) In the event the fee or deposit noted are insufficient to pay all such expenses incurred by the city, the city clerk and/or the administering officer provided for in section 42-56 may document additional costs incurred by the city and request payment of same within 30 days.
Processing and all other actions related to the application shall not proceed until such additional sums are paid in full.
(Ord.
No.
4505, § 1, 8-22-2022)"
