chapter_no,heading_1,heading_2,sub_section_no,source_url,zoneomics_url,is_sub_chunk,sub_chunk_no,text
1,"Article I Title, Purpose and Intent",Section 405.005 Title.,sub-sec-1.1,https://ecode360.com/29241941,https://zoneomics.com/code/5578/chapter_1#1.1,False,0,"This
Chapter shall be known and may be cited and referred to as the Unified Development Code of the City of Oak Grove, Missouri."
1,"Article I Title, Purpose and Intent",Section 405.010 Purpose and Intent.,sub-sec-1.2,https://ecode360.com/29241942,https://zoneomics.com/code/5578/chapter_1#1.2,False,0,"
A. This Chapter, adopted pursuant to the provisions of
Chapter 89 and
Chapter 445, RSMo., is intended to serve the following purposes:
1. To promote the health, safety, morals, comfort and general welfare of the City;
2. To preserve and protect property values throughout the City;
3. To restrict and regulate the height, number of stories and size of buildings; the percentage of lot coverage, the size of yards, courts and other open spaces and the density of population;
4. To divide the City into zones and districts;
5. To regulate and restrict the location and use of buildings and, within each district or zone, to create a comprehensive and stable pattern of land uses to plan for transportation, water supply, sewage, schools, parks, public facilities and other facilities;
6. To regulate the subdivision of land within the City; and
7. Where the conditions imposed by any provisions of this United Development Code upon the use of land or structures are either more restrictive or less restrictive than comparable conditions imposed by any other provision of any other kind, the regulations which are more restrictive shall govern."
2,Article II Comprehensive Plan,Section 405.015 Approval of Comprehensive Plan.,sub-sec-2.1,https://ecode360.com/29241952,https://zoneomics.com/code/5578/chapter_2#2.1,False,0,"The Board of Aldermen of the City of Oak Grove, Missouri, supports the Comprehensive Plan as adopted in May, 1999 by the Oak Grove Planning and Zoning Commission and the recommendations contained therein as the policies and requirements for the platting and zoning of property in the City."
3,Article III Rules and Procedures,Section 405.020 Jurisdictional Area.,sub-sec-3.1,https://ecode360.com/29241954,https://zoneomics.com/code/5578/chapter_3#3.1,False,0,"The provisions of these zoning regulations shall apply to all structures and land in the incorporated area of Oak Grove, Missouri."
3,Article III Rules and Procedures,Section 405.025 Establishment of Districts.,sub-sec-3.2,https://ecode360.com/29241955,https://zoneomics.com/code/5578/chapter_3#3.2,False,0,"The jurisdictional area is hereby divided into ten
(10) zoning districts that are designated as follows:
|  |  |
| --- | --- |
| ""A"" | Agricultural District |
| ""C-1"" | Neighborhood Commercial District |
| ""C-2"" | Central Business District |
| ""C-3"" | High Intensity Commercial |
| ""M-1"" | Light Industrial District |
| ""M-2"" | Heavy Industrial District |
| ""R-1"" | Single-Family Dwelling District |
| ""R-2"" | Two-Family Dwelling District |
| ""R-3"" | Multiple-Family Dwelling District |
| ""PUD"" | Planned Unit Development |"
3,Article III Rules and Procedures,Section 405.030 Zoning District Maps.,sub-sec-3.3,https://ecode360.com/29241956,https://zoneomics.com/code/5578/chapter_3#3.3,False,0,"The City of Oak Grove is hereby divided into zones as shown on the official Zoning District Map dated February 1, 2003, filed in the office of the City Clerk.
Each of the said maps, with all notations, references and other information shown thereon, is hereby made as much a part of the zoning regulations as if the same were specifically set forth herein."
3,Article III Rules and Procedures,Section 405.035 Rules Where Uncertainty May Arise.,sub-sec-3.4,https://ecode360.com/29241957,https://zoneomics.com/code/5578/chapter_3#3.4,False,0,"Where uncertainty exists with the boundaries of the various districts as shown on the official Zoning District Maps, incorporated herein, the following rules apply:
A. The district boundaries are the centerlines of streets, alleys, waterways and railroad rights-of-way, unless otherwise indicated; and where the designation of a boundary line on the Zoning Map coincides with the location of a street, alley, waterway or railroad right-of-way, the centerline of such street, alley, waterway or railroad right-of-way shall be construed to be the boundary line of such district.
B. Where the district boundaries do not coincide with the location of streets, alleys, waterways or railroad rights-of-way but do coincide with lot lines, such lot lines shall be construed to be the boundary of such district.
C. Where the district boundaries do not coincide with the location of streets, alleys, waterways, railroad rights-of-way or lot lines, the district boundaries shall be determined by the use of the scale shown on the Zoning Map."
3,Article III Rules and Procedures,Section 405.040 Exemptions.,sub-sec-3.5,https://ecode360.com/29241961,https://zoneomics.com/code/5578/chapter_3#3.5,False,0,"The following structures and uses shall be exempt from the provisions of these zoning regulations:
A. Poles, wires, cables, conduits, vaults, laterals, pipes, mains, valves or other similar equipment for the distribution to consumers of telephone or other communications, electricity, gas or water, or the collection of sewage or surface water operated or maintained by a public utility but not including substations located on or above the surface of the ground.
B. Railroad tracks, signals, bridges and similar facilities and equipment located on a railroad right-of-way and maintenance and repair work on such facilities and equipment.
C. Agriculture uses as defined by this Unified Development Code.
D. Retaining walls on public property.
E. Public signs, such as traffic control devices (stop or yield signs) or street names."
3,Article III Rules and Procedures,Section 405.045 Applications of District Regulations.,sub-sec-3.6,https://ecode360.com/29241967,https://zoneomics.com/code/5578/chapter_3#3.6,False,0,"The following general requirements shall apply to all zoning districts:
A. No building, structure or land shall hereafter be used or occupied and no building or structure or part thereof shall hereafter be erected, constructed, reconstructed, moved or structurally altered except in conformity with the use regulations herein specified for the district that it is located within.
B. No building or structure shall hereafter be erected or altered:
1. To exceed height and area regulations.
2. To occupy a greater percentage of lot area than permitted.
3. To have a narrower or smaller front, rear and/or side yard or other open space than required in the zoning district regulations."
3,Article III Rules and Procedures,Section 405.050 Annexed Land.,sub-sec-3.7,https://ecode360.com/29241973,https://zoneomics.com/code/5578/chapter_3#3.7,False,0,"Whenever the City of Oak Grove annexes any unincorporated territory, the zoning classification of the annexed territory shall remain the same as it was prior to the annexation, unless the zoning classification is affirmatively changed through the rezoning procedures as provided in this Unified Development Code."
3,Article III Rules and Procedures,Section 405.055 Severability.,sub-sec-3.8,https://ecode360.com/29241974,https://zoneomics.com/code/5578/chapter_3#3.8,False,0,"It is hereby declared to be the intention of the City that several provisions of the Unified Development Code are severable in accordance with the following rules:
A. If any court of competent jurisdiction shall adjudge any provision of this Unified Development Code to be invalid, such judgment shall not affect any other provisions of this Unified Development Code.
B. If any court of competent jurisdiction shall adjudge invalid the application of any provision of this Unified Development Code to a particular property or structure, such judgment shall not affect the application of said provisions to any other property or structure."
3,Article III Rules and Procedures,Section 405.060 Zoning Officer.,sub-sec-3.9,https://ecode360.com/29241977,https://zoneomics.com/code/5578/chapter_3#3.9,False,0,"
A. Responsibility.
The Zoning Officer shall be the Director of Community Development or a designee appointed by the City Administrator who shall be responsible for administering this Unified Development Code.
B. Powers And Duties.
In administering this Unified Development Code, the Zoning Officer shall have the following powers and duties:
1. To enforce the regulations of this Development Code;
2. To approve and issue all building and occupancy certificates and make and maintain records thereof;
3. To conduct inspections of buildings, structures and uses of land to determine compliance with the provisions of this Unified Development Code;
4. To receive, file and forward to the Board of Zoning Adjustment the records in all appeals and all other applications;
5. To maintain permanent and current records of this Unified Development Code including, but not limited to, all Zoning Maps, amendments, conditional uses, variances, appeals and applications therefore and records of hearings thereon;
6. To maintain for distribution to the public a supply of copies of the Zoning Map or maps, the compiled text of this Unified Development Code, and the rules of the Board of Zoning Adjustment; and
7. To provide such clerical, technical and consultative assistance as may be reasonably required by the Planning and Zoning Commission, Board of Zoning Adjustment and other boards, commissions and officials in the exercise of their duties relating to this Unified Development Code."
3,Article III Rules and Procedures,"Section 405.065 Planning and Zoning Commission, Comprehensive Plan.",sub-sec-3.10,https://ecode360.com/29241987,https://zoneomics.com/code/5578/chapter_3#3.10,False,0,"
A. Establishment.
That a Planning and Zoning Commission is hereby continued for the City of Oak Grove and hereinafter referred to as the ""Commission"".
B. Membership.
That the Commission shall consist of the Mayor if the Mayor chooses to be a member, one
(1) member of the Board of Aldermen and five
(5) citizen members who are appointed by the Mayor and approved by the Board of Aldermen.
In the event the Mayor chooses not to be a member, an additional citizen member shall be appointed by the Mayor and approved by the Board of Aldermen.
Commission members shall be entitled to one
(1) vote each.
C. Meetings.
1. The term of the appointed members shall be for four
(4) years but the terms of the first (1st) members shall be varied so that succeeding terms will be staggered.
There shall be no compensation for the members of the Commission.
A member may be removed by the Board of Aldermen for cause after a public hearing.
Any member facing removal shall be advised by mail at least five
(5) days prior to any public hearing.
Removal of a member of the Commission shall be by a two-thirds (⅔) vote of the Board of Aldermen.
2. The Commission shall elect a Chairman and a Secretary for one
(1) year term with no restrictions on the number of terms.
The Mayor and Aldermen are ineligible for the office of the Commission.
3. The Commission shall adopt rules of procedure, provide for holding regular and special meetings and maintain a record of its transactions and meetings that will be public.
4. The Commission shall not authorize expenditures that exceed the amounts appropriated by the Board of Aldermen.
D. In accordance with
Chapter 89, RSMo., the Commission shall/may:
1. Make and adopt a Comprehensive Plan for the physical development of the municipality.
The Comprehensive Plan shall be made with the general purpose of guiding and accomplishing a coordinated development of the municipality that will, in accordance with existing and future needs, best promote the general welfare as well as efficiency and economy in the process of development.
2. After the adoption of a major street plan, prepare and recommend that the Board of Aldermen adopt regulations governing the subdivision of land.
After adoption of a major street plan, the Commission must act on all proposed plats.
3. Prepare proposed zoning regulations, hold public hearings and recommend zoning regulations to the Board for adoption.
4. After adoption of the Comprehensive Plan or part thereof, approve or disapprove all proposed public improvements whose location, character and extent are included in the Comprehensive Plan.
5. In general, have the power necessary to enable it to perform its functions and promote municipal planning.
6. Make careful and comprehensive surveys and studies of the existing conditions and probable future growth of the municipality.
7. Take recommendations on the development of the municipality to public officials and agencies, public utility companies, civic, educational, professional and other organizations, and citizens.
8. Appoint employees and staff necessary to accomplish its work.
9. Contract with planners and other consultants for services the Commission may require.
All public officials, upon request, shall furnish such information as the Commission may require.
E. Content Of The Comprehensive Plan In Accordance With
Chapter 89, RSMo.
1. The Comprehensive Plan shall include the maps, charts and descriptive matter explaining the Commission's recommendations for the City's physical development and uses of land.
2. When the Commission adopts a Comprehensive Plan that includes at least a major street plan, it shall:
a. Prepare recommended subdivision regulations; and
b. Approve recommended maps showing setback lines on major streets before the Board of Aldermen is authorized to enforce setback regulations.
3. The Comprehensive Plan may include:
a. The general location, character and extent of streets, public rights-of-way, grounds, places and spaces, terminals and public utilities;
b. The general character, extent and layout of the replanning of blighted districts and slum areas; c. A recommended zoning plan; and d. Recommendations for public improvements and their financing.
4. Before adopting the Comprehensive Plan or any part thereof, the Commission shall hold a public hearing on the Comprehensive Plan.
5. Notice of the hearing shall be placed in a newspaper having general circulation in the municipality at least fifteen
(15) days prior to the hearing.
The hearing may be adjourned from time to time.
6. After the public hearing the Commission may adopt the Comprehensive Plan by resolution that refers expressly to the written and graphic materials that make up the Comprehensive Plan.
Adopting resolutions shall be carried by a majority vote of the full membership of the Commission.
Action taken shall be recorded on the adopted Comprehensive Plan with the identifying signature of the chairperson of the Commission.
7. A copy of the adopted Comprehensive Plan or part thereof shall be certified to the Board of Aldermen and the office of the City Clerk.
A copy shall be available in the office of the County Recorder of Deeds in Jackson and Lafayette Counties.
8. After the Comprehensive Plan or part thereof is adopted, no public improvement that has been included in the Comprehensive Plan shall be constructed or authorized until the planned improvement has been submitted to and approved by the Commission.
Approval shall not be required if the Commission fails to act within sixty
(60) days after receiving the plans for the proposed improvement.
Disapproval by the Commission may be overruled by not less than a two-thirds (⅔) vote of the entire membership of the Board of Aldermen.
9. After a major street plan and subdivision regulation have been adopted, no street shall be accomplished nor shall a building permit be issued for land abutting a street unless:
a. The street had legal status prior to the adoption of the Comprehensive Plan.
b. The street is shown on an approved plat.
c. The street is shown on a street plan adopted by the Commission.
10. Other streets may be located and constructed if the Board first submits the proposed street to the Commission for its approval.
Disapproval by the Commission may be overruled by not less than a two-thirds (⅔) vote of the entire membership of the Board of Aldermen."
3,Article III Rules and Procedures,Section 405.070 Board of Zoning Adjustment.,sub-sec-3.11,https://ecode360.com/29242025,https://zoneomics.com/code/5578/chapter_3#3.11,False,0,"
A. Establishment.
A Board of Zoning Adjustment is hereby continued in accordance with
Chapter 89, RSMo., regarding the zoning of Cities.
B. Membership.
The Board of Zoning Adjustment shall consist of five
(5) members who are residents of the City.
The membership of the first (1st) Board of Zoning Adjustment appointed shall serve respectively, one
(1) for one
(1) year, one
(1) for two
(2) years, one
(1) for three
(3) years, one
(1) for four
(4) years and one
(1) for five
(5) years.
Thereafter, members shall be appointed for terms of five
(5) years each.
Three
(3) alternate members may be appointed to serve in the absence of or the disqualification of the regular members.
All members and alternates shall be removable for cause by the appointing authority upon written charges and after public hearing.
Vacancies shall be filled for the unexpired term of any member whose term becomes vacant.
The Board of Zoning Adjustment shall elect its own Chairman who shall serve for one
(1) year.
C. Meetings And Voting.
The Board of Zoning Adjustment shall adopt rules in accordance with the provisions of this Chapter.
Meetings of the Board of Zoning Adjustment shall be held at the call of the Chairman and at such other times as the Board of Zoning Adjustment may determine.
The Chairman may administer oaths and compel the attendance of witnesses.
All meetings of the Board of Zoning Adjustment shall be open to the public.
The Board of Zoning Adjustment shall keep minutes of its proceedings, showing the vote of each member upon each question, or if absent or failing to vote, indicating such fact, and shall keep records of its examinations and other official actions, all that shall be immediately filed in the office of the Board of Zoning Adjustment, and shall be public record.
All testimony, objections thereto and rulings thereon shall be taken down by a court reporter employed by the Board of Zoning Adjustment for that purpose.
D. Powers And Duties.
The Board of Zoning Adjustment shall have the following powers and duties:
1. Appeals.
To hear and decide appeals where it is alleged there is an error in any order, requirement, decision or determination made by an administrative official of the City in the enforcement of this Unified Development Code.
2. Variances.
To authorize in specific cases a variance from the specific terms of this Unified Development Code that will not be contrary to the public interest and where, owing to special conditions, a literal enforcement of the provisions of this Unified Development Code will, in an individual case, result in unnecessary hardship in the case of a use variance or practical difficulties in the case of an area variance, provided that the spirit of this Unified Development Code shall be observed, public safety and welfare secured and substantial justice done.
3. Other matters.
To hear and decide all matters referred to it or upon that it is required to pass under this Unified Development Code.
E. Vote Required For Action.
A concurring vote of four
(4) members of the Board of Zoning Adjustment shall be necessary to reverse any order, requirement, decision or determination of any Administrative Official, or to approve any variance under this Unified Development Code, or to decide in favor of the application on any matter that it is required to pass under this Unified Development Code.
F. Appeal Of Board Of Zoning Adjustment's Decision.
1. Any person or persons, jointly or severally, aggrieved by a decision of the Board of Zoning Adjustment or any officer, department or board of the municipality may present to the Circuit Court of the County a petition duly verified setting forth that such decision is illegal, in whole or part, specifying the grounds of the illegality.
Such petition shall be presented to the Court within thirty
(30) days after the filing of the decision in the office of the Board of Zoning Adjustment.
2. Upon presentation of such petition, the court may allow a writ of certiorari directed to the Board of Zoning Adjustment and shall prescribe therein a time within that a return thereto must be made and served upon the relator's attorney, that shall not be less than ten
(10) days and may be extended by the court.
The allowance of the writ shall not stay proceedings upon the decision appealed from, but the court may, on application, on notice to the Board of Zoning Adjustment and on due cause shown, grant a restraining order.
3. The Board of Zoning Adjustment shall not be required to return the original papers acted upon by it, but it shall be sufficient to return certified or sworn copies thereof or of such portions thereof as may be called for by such writ.
The return shall concisely set forth the other facts as may be pertinent and material to show the grounds of the decision appealed from and shall be verified.
4. If, upon the hearing, it shall appear to the court that testimony is necessary for the proper disposition of the matter, it may take additional evidence or appoint a referee to take such evidence as it may direct and report the same to the court with the findings of fact and conclusions of law that shall constitute a part of the proceedings upon the determination of the court shall be made.
The court may reverse or affirm, wholly or partly, or may modify the decision brought up for review.
5. Costs shall not be allowed against the Board of Zoning Adjustment unless it shall appear to the Court that it acted with gross negligence, or in bad faith, or with malice in making the decision appealed from.
6. All issues in any proceeding under this
Section shall have preference over all other civil actions and proceedings.
G. Resubmission Of Application.
Whenever any application or petition presented has been finally acted upon by the Board of Zoning Adjustment under the provisions of this Unified Development Code, said Board of Zoning Adjustment shall not, for a period of six
(6) months from the date of its decision, receive or entertain any identical or similar application seeking the same or similar relief on the same property."
3,Article III Rules and Procedures,Section 405.075 General Requirements for All Applications.,sub-sec-3.12,https://ecode360.com/29242042,https://zoneomics.com/code/5578/chapter_3#3.12,True,1,"The following general requirements apply to all applications under this Development Code:
A. Authority To File Applications.
Any application for development review or approval under this Unified Development Code shall be filed by the person having legal authority to take action in accordance with the approval sought.
That person is presumed to be the record owner, purchaser under a sale from the record owner, or the duly authorized agent of the record owner in the absence of satisfactory proof to the contrary.
The City shall be authorized to require proof of legal authority to take the action sought.
The Planning and Zoning Commission or the Board of Aldermen may initiate any action under this Unified Development Code with or without an application from the property owner.
B. Applications.
Applications required under this
Chapter shall be submitted on forms provided by the Zoning Officer responsible for accepting the application and in such numbers as required by the City.
Applications shall be accompanied by a fee established by the Board of Aldermen to defray the costs of processing applications.
Applications shall be reviewed for completeness.
If the Zoning Officer determines that the application is complete, the application shall then be processed.
If the Zoning Officer determines that it is incomplete, the Zoning Officer shall, within five
(5) days, notify the applicant of the specific ways in that the application is deficient.
C. Fees.
Any application that does not include required information or that is not accompanied by the required fee shall be returned to the applicant as incomplete and no further processing of the application shall occur until the deficiencies are corrected.
Fees shall not be required with applications initiated by the Planning and Zoning Commission, Board of Aldermen or City department heads.
D. Application Processing Cycles.
The Zoning Officer, after consulting with the Planning and Zoning Commission and Board of Aldermen, may from time to time promulgate a processing cycle for each type of application.
Processing cycles may include:
1. Dates of regular meetings of review bodies and decision-makers;
2. Deadlines for receipt of a complete application for consideration of such application at a particular meeting;
3. The scheduling of staff reviews and staff reports on complete applications;
4. All required steps in the application process (including public hearings, decision meetings and review by other bodies); and
5. The publication of required notices of public hearings.
E. Constructive Notice.
Minor technical deviations from stated notice requirements shall not be deemed to impair notice where there is actual notice of the time, date and place of the public hearing.
When written notices have been properly addressed and deposited in the mail, failure of a party to receive such notice shall not invalidate any subsequent action.
In all cases, requirements for the timing of notices and for specifying the time, date and place of public meetings shall be strictly construed.
Where there is a question raised regarding the adequacy of notice, the body hearing the matter may make a formal finding at the public hearing about whether there was substantial compliance with the notice requirements of this Chapter.
F. Action By Commission And/Or Board As The Case May Be.
Decision-makers may take any action on an application that is consistent with any notice given including, but not limited to, approving the application with modifications or denying the application.
The decision-making body may impose conditions on the application or allow amendments to the application if the effect of the conditions or amendments is to allow a less intensive use or zoning district than indicated in the application or to reduce the impact of the development or to reduce the amount of land area included in the application.
Decision-makers may not approve a greater density of development, a more intensive use or a more intensive zoning district than was indicated in the notice.
G. Inaction By Commission Or Board.
When a review body fails to take action on an application within the time required, such inaction shall be deemed a recommendation for denial of the application unless otherwise provided by law, or unless the applicant requests or agrees to an extension of the time frame.
When a decision-maker fails to take action on an application, such inaction shall be deemed a denial of the application, unless the applicant requests or agrees to an extension of the time frame.
H. Continuation Of Public Hearings.
A public hearing that proper notice was given may be continued to a later date without again complying with the notice requirements of this Chapter, provided that the continuance is set for a date and time certain and the date and time is announced at the original public hearing.
I. Written Findings.
Unless otherwise specifically required by this Unified Development Code or by other applicable laws, written findings are not required for a final decision on any application.
However, any decision may be expressly made subject to the subsequent adoption of written findings and, if expressly made subject to written findings, the decision shall not be final until the findings are adopted.
Where an appeal of any quasi-judicial decision has been filed in the Circuit Court of Jackson or Lafayette County in cases where written findings have not been adopted, written findings shall be adopted by the approving authority within forty-five"
3,Article III Rules and Procedures,Section 405.075 General Requirements for All Applications.,sub-sec-3.12,https://ecode360.com/29242042,https://zoneomics.com/code/5578/chapter_3#3.12,True,2,"(45) days of service of the appeal on the City and thereafter shall be certified to the Circuit Court as part of the administrative record.
The forty-five
(45) day time period for adoption and certification of findings may be extended with the permission of the Circuit Court.
J. Conditional Approvals.
In the consideration of any application authorized by this Unified Development Code, the recommending and the approving authority may stipulate that the recommendation or approval, as the case may be, is subject to compliance with certain specified conditions, including, but not limited to, limitations on permitted uses, time of performance requirements, limitation on hours of operation, and provision of services and/or facilities, to ensure that adequate public services and facilities are available to meet the need for such services and facilities generated by the development proposed by the application under consideration.
K. Criteria For Considering Applications.
In considering any application for rezoning, conditional use permit or preliminary development plan, the Commission and the Board of Aldermen may give consideration to the criteria stated below to the extent they are pertinent to the particular application.
The Commission and Board of Aldermen may also consider other factors that may be relevant to a particular application.
1. The character of the neighborhood.
2. The existing and any proposed zoning and uses of adjacent properties, and the extent to which the proposed use is compatible with the adjacent zoning and uses.
3. The extent to which the proposed use facilitates the adequate provision of transportation, water, sewerage, schools, parks and other public requirements.
4. The suitability of the property for the uses to which it has been restricted under the applicable zoning district regulations.
5. The length of time, if any, the property has remained vacant as zoned.
6. The extent to which the proposed use will negatively affect the aesthetics of the property and neighboring property.
7. The extent to which the proposed use will seriously injure the appropriate use of, or detrimentally affect, neighboring property.
8. The extent to which the proposed use will adversely affect the capacity or safety of the portions of the street network impacted by the use or present parking problems in the vicinity of the property.
9. The extent to which the proposed use will create excessive stormwater runoff, air pollution, water pollution, noise pollution or other environmental harm.
10. The extent to which the proposed use will negatively affect the values of the property or neighboring properties.
11. The extent to which there is a need for the use in the community.
12. The economic impact of the proposed use on the community.
13. The ability of the applicant to satisfy any requirements applicable to the specific use imposed pursuant to this Unified Development Code.
14. The extent to which public facilities and services are available and adequate to meet the demand for facilities and services generated by the proposed use.
15. The gain, if any, to the public health, safety and welfare due to approval of the application as compared to the hardship imposed upon the landowner, if any, as a result of denial of the application.
16. The conformance of the proposed use to the Comprehensive Plan, the major street plan, the capital improvements plan and other adopted planning policies.
17. The recommendation of professional staff.
18. The consistency of the proposed use with the permitted uses and the uses subject to conditions in the district in which the proposed rezoning or conditional use is located.
L. Submission Of Technical Studies.
1. Technical studies required by Zoning Officer.
a. The Zoning Officer may require applicants for rezoning, conditional use permits, site plan and design review or preliminary plats to submit any technical studies that the Zoning Officer deems necessary to enable the Commission or Board of Aldermen to fully evaluate the application.
Examples of technical studies that may be required shall include, but not be limited to, traffic studies, engineering studies, geologic or hydrogeologic studies, flood studies, environmental impact assessments, noise studies, photometric plans (for outdoor lighting) or surface water management/drainage studies.
b. The persons or firms preparing the studies shall be acceptable to the Zoning Officer.
The applicant may appeal the Zoning Officer's determination to the Commission by filing a written notice of appeal with the Zoning Officer within seven
(7) days after the Zoning Officer's decision.
The Zoning Officer shall transmit the notice of appeal to the Commission, and the Commission shall hear the appeal at the next scheduled Commission meeting.
If the Commission affirms the Zoning Officer's determination, the applicant may appeal the decision of the Commission to the Board of Aldermen by filing a written notice of appeal with the Zoning Officer within seven
(7) days after the Commission's decision.
The Zoning Officer shall transmit the notice of appeal to the Board of Aldermen, and the Board of Aldermen shall hear the appeal at their next regularly scheduled meeting.
The costs of all studies shall be borne by the applicant.
2. Technical studies required by Commission or Board of Aldermen.Notwithstanding the fact that the Zoning Officer did not require submission of a technical study in support of an application, either the Commission or the Board of Aldermen may require the submission of a technical study prior to taking action on the application."
3,Article III Rules and Procedures,Section 405.080 Amendments to Text of Unified Development Code.,sub-sec-3.13,https://ecode360.com/29242082,https://zoneomics.com/code/5578/chapter_3#3.13,False,0,"This
Section sets out the required review and approval procedures for amendments to the text of this Development Code.
A. Initiation Of Application.
An application for an amendment to the text of this Unified Development Code may be proposed by the Board of Aldermen or the Planning and Zoning Commission or any department head with responsibility for reviewing development applications.
B. Review And Report — Zoning Officer.
The Zoning Officer shall prepare a staff report that reviews the proposed amendment in light of the Comprehensive Plan, the general requirements of this Unified Development Code and the review criteria set forth in
Section 405.085(F).
The Zoning Officer shall provide a copy of the report to the Planning and Zoning Commission and the applicant at least five
(5) days before the scheduled Planning and Zoning Commission public hearing.
C. Review And Recommendation — Planning And Zoning Commission.
The Planning and Zoning Commission shall hold a public hearing on the proposed amendment within sixty
(60) days of the date that a complete application is filed, provided that required notice can be given within that time.
Within forty-five
(45) days of the public hearing, the Planning and Zoning Commission shall recommend approval, modified approval or denial of the amendment and transmit a written summary of its action and proceedings to the Board of Aldermen.
The recommendation of the Planning and Zoning Commission shall contain a statement describing the nature and effect of the proposed amendment and explaining:
1. Whether such change is consistent with the intent and purpose of this Development Code;
2. The areas that are most likely to be directly affected by the amendment and in what way they will be affected; and
3. Whether the proposed amendment is made necessary because of changed or changing social values, new planning concepts or other social or economic conditions in the area and zoning districts affected.
D. Review And Action — Board Of Aldermen.
Within the thirty
(30) days of the close of the Planning and Zoning Commission's action, the Board of Aldermen shall hold a public hearing on the proposed development code amendment.
The Board of Aldermen shall act to approve, approve with modifications or deny the proposed amendment within sixty
(60) days of the date of the close of the Board of Aldermen public hearing on the amendment.
E. Notice Of Public Hearings.
At least fifteen
(15) days' notice of the time and place of scheduled public hearings before the Planning and Zoning Commission and the Board of Aldermen shall be published in a newspaper of general circulation within the City.
F. Review Criterion.
No amendment to the text of this Unified Development Code shall be approved by the Board of Aldermen that would have the effect of adversely affecting the general health, safety and welfare of the citizens of the City."
3,Article III Rules and Procedures,Section 405.085 Amendment to Official Zoning Map (Zoning Changes).,sub-sec-3.14,https://ecode360.com/29242092,https://zoneomics.com/code/5578/chapter_3#3.14,False,0,"This
Section sets out the required review and approval procedures for amendments to the official Zoning Map (zoning change).
A. Application.
A complete application for an amendment to the official Zoning Map (zoning change) shall be submitted to the Zoning Officer in a form established by the City along with a fee that has been established by the City to defray the cost of processing the application.
No application shall be processed until the application is complete and the required fee has been paid.
B. Review And Report — Zoning Officer.
The Zoning Officer shall prepare a staff report that reviews the proposed amendment in light of the Comprehensive Plan, the general requirements of this Unified Development Code and applicable review criteria set forth in
Section 405.085(F).
The Zoning Officer shall provide a copy of the report to the Planning and Zoning Commission and the applicant at least five
(5) days before the scheduled Planning and Zoning Commission public hearing.
C. Review And Recommendation — Planning And Zoning Commission.
The Planning and Zoning Commission shall hold a public hearing on the proposed amendment within sixty
(60) days of the date that a complete application is filed, provided that required notice can be given within that time.
Within forty-five
(45) days of the close of the public hearing, the Planning and Zoning Commission shall recommend approval, modified approval or denial of the amendment based on the general requirements of this Unified Development Code and the applicable review criteria set forth in
Section 405.085(F).
After taking action, the Planning and Zoning Commission shall transmit a written summary of its action and proceedings to the Board of Aldermen.
D. Review And Action — Board Of Aldermen.
Within the thirty
(30) days of the close of the Planning and Zoning Commission public hearing, the Board of Aldermen shall hold a public hearing on the proposed amendment.
The Board of Aldermen shall act to approve, approve with modifications or deny the proposed amendment within sixty
(60) days of the date of the close of the Board of Aldermen public hearing on the amendment.
E. Notice Of Public Hearings.
1. Newspaper notice.
At least fifteen
(15) days' notice of the time and place of scheduled public hearings before the Planning and Zoning Commission and Board of Aldermen shall be published in a newspaper of general circulation within the City.
2. Written notice to surrounding property owners.
The City shall attempt to notify, by mail, at least fifteen
(15) days prior to the scheduled public hearing date, all property owners whose property limits are within one hundred eighty-five (185) feet of the boundaries of the property for which the application is filed.
Failure to receive notice by mail does not invalidate any action taken.
3. Posted notice.
The City shall attempt to post notice on property that is the subject of the application at least fifteen
(15) days before the scheduled public hearing.
Failure by the City to post such notice shall not invalidate any action taken.
F. Review Criteria.
In reviewing any application for an amendment to the official Zoning Map (zoning change), the Planning and Zoning Commission and Board of Aldermen shall review the proposed amendment in light of the criteria for considering applications contained in
Section 405.075(K), as well as the Comprehensive Plan, the general requirements of this Unified Development Code and the following considerations including, but not limited to:
1. Whether or not the requested zoning change is justified by a change in conditions since the original ordinance was adopted or by an error in the original ordinance;
2. The ability of the City to lessen congestion in the streets; secure safety from fire, panic and other dangers; promote health and the general welfare; provide adequate light and air; prevent the overcrowding of land; avoid undue concentration of population; preserve features of historical significance; facilitate the adequate provision of transportation, water, sewerage, schools, parks, and other public requirements;
3. The precedents and the possible effects of such precedents, that might result from approval or denial of the petition;
4. The consistency of the application with adopted policies of the City; and
5. The zoning and land use recommended within the Comprehensive Plan.
6. A site plan, consistent with
Section 405.100, is submitted and approved as part of the ordinance approving the amendment to the Zoning Map.
The site plan may be submitted at a later date and the ordinance amended to include such approved site plan if development is not immediately forthcoming.
G. Protest Petitions.
In order to be considered valid, a protest petition must be duly signed and acknowledged by the owners of thirty percent (30%) or more, either of the areas of the land (exclusive of streets and alleys) included in such proposed change or within an area determined by lines drawn parallel to and one hundred eighty-five (185) feet distant from the boundaries of the district proposed to be changed.
If a valid protest petition is submitted to the City ten
(10) days prior to Board of Aldermen final action on the application, an amendment to the official Zoning Map (zoning change) shall not become effective except by the favorable vote of two-thirds (⅔) of all the members of the Board of Aldermen.
H. Successive Applications.
In the event that the Board of Aldermen denies an application for an amendment to the official Zoning Map (zoning change), an application for the zoning shall not be refiled for one
(1) year from the advertised public hearing date of the Board of Aldermen.
The Planning and Zoning Commission, upon petition by the applicant, may permit a refiling of said application after six
(6) months from the original Board of Aldermen public hearing date when it determines that significant physical, economic or land use changes have taken place on the subject tract or within the immediate vicinity or a significant development code text amendment has been adopted.
I. Adoption By Ordinance — Changes To Official Zoning Map.
Amendment to the official Zoning Map (zoning changes) shall be approved by the Board of Aldermen in the form of an ordinance.
Approved changes shall be indicated on the official Zoning Map by Zoning Officer promptly after the ordinance authorizing such change is adopted by the Board of Aldermen."
3,Article III Rules and Procedures,"Section 405.090 Planned Unit Development (""PUD"").",sub-sec-3.15,https://ecode360.com/29242111,https://zoneomics.com/code/5578/chapter_3#3.15,False,0,"This
Section sets out the required review and approval procedures for planned unit developments.
A. Overview Of Process.
The ""PUD"" review process involves at least two
(2) steps: ""PUD"" concept plan review and ""PUD"" final plan review.
In many cases, land will need to be subdivided in order to carry out a ""PUD"" plan.
The subdivision process, however, is a separate process, although it can run concurrently with (or following the conclusion of) the ""PUD"" review process of this Section.
1. ""PUD"" concept plan review.
During ""PUD"" concept plan review, the ""PUD"" concept plan application is reviewed with respect to such issues as density, including the number, type and location of dwelling units and other uses; impacts on surrounding areas; and the adequacy of facilities and services.
The result of this review is the establishment of the basic parameters for development of the ""PUD"" project.
""PUD"" concept plan approval establishes the maximum development envelope for the project with regard to density, lot sizes, overall scale, open space, environmental protection and other land development service provision issues.
2. ""PUD"" final plan review.
The ""PUD"" final plan review stage is the point where applicants bring forward detailed plans for carrying out the type of project approved conceptually during ""PUD"" concept plan review.
The applicant must submit the detailed and technical information necessary to demonstrate that all applicable standards, requirements and conditions have been met.
Approval will only be granted if the ""PUD"" final plan is in substantial conformance with the approved ""PUD"" concept plan.
B. ""PUD"" Concept Plan.
1. Pre-application conference.
Before submitting a ""PUD"" concept plan, the applicant shall confer with the Director of Community Development or designee and other City Officials designated by the Director of Community Development or designee.
The purpose of this pre-application conference is to discuss the proposal and the applicable development review and approval procedures.
2. Purpose of ""PUD"" concept plan.
A ""PUD"" concept plan is a generalized land use plan for the entire area proposed to be included within a ""PUD"".
The purpose of a ""PUD"" concept plan is to allow very early review of a proposed ""PUD"" plan before substantial technical planning work has been undertaken.
3. Procedure.
The process for ""PUD"" concept plan review shall be the same as
Section 405.075, General Requirements for All Applications and
Section 405.085, Amendment to Official Zoning Map (Zoning Changes) with respect to such items as the application review and notification requirements.
4. ""PUD"" concept plan review criteria.
Applications for ""PUD"" concept plan approval shall be approved if the following criteria are met:
a. The plan represents an improvement over what could have been accomplished through strict application of otherwise applicable base zoning district standards based on the purpose and intent of this Unified Development Code;
b. The ""PUD"" concept plan is in conformance with the ""PUD"" standards of
Section 405.195 and any standards required as a result of an overlay district; c. The existing or proposed utility services are adequate for the proposed development; d. The development is consistent with and implements the planning goals and objectives of the City as contained in the Comprehensive Plan and other adopted policy resolutions; and e. The ""PUD"" concept plan is consistent with good general planning practice and the development will promote the general welfare of the City.
5. Effect of ""PUD"" concept plan approval.
Approval of a ""PUD"" concept plan shall constitute acceptance of the overall general planning concepts for the proposed ""PUD"" development and is a prerequisite for the filing of a ""PUD"" final plan.
6. Lapse of ""PUD"" concept plan approval.
An approved ""PUD"" concept plan shall lapse and be of no further force and effect if a ""PUD"" final plan for the ""PUD"" (or a phase of the ""PUD"") has not been approved within two
(2) years of the date of approval of the ""PUD"" concept plan.
C. ""PUD"" Final Plan.
1. Procedure.
The process for ""PUD"" final plan review shall be the same as
Section 405.075, General Requirements for All Applications.
2. ""PUD"" final plan review criteria.
A ""PUD"" final plan shall be approved by the Planning and Zoning Commission if it is determined by the Planning and Zoning Commission to be in substantial compliance with the approved ""PUD"" concept plan.
The ""PUD"" final plan shall be deemed to be in substantial compliance with the ""PUD"" concept plan as long as, when compared with the ""PUD"" concept plan, it does not result in:
a. An increase of ten percent (10%) or more in density or intensity, including the number of housing units per acre or the amount of non-residential floor area per acre;
b. A change in the mix of housing types or the amount of land area devoted to non-residential uses; c. A reduction in the amount of open space; d. Any change to the vehicular system that results in a significant change in the amount or location of streets, common parking areas and access to the ""PUD""; e. Any change within fifty
(50) feet of an ""R-2"" or less intensive zoning district; f. Any change determined by the Planning and Zoning Commission to represent an increase in development intensity; g. A change in use categories; or h. A substantial change in the layout of buildings.
3. Effect of approval — lapse of approval.
Approval of a ""PUD"" final plan shall confer upon the applicant the right to develop the subject property in accordance with the approved ""PUD"" final plan.
The right to develop in accordance with an approved ""PUD"" final plan shall lapse and be of no further effect if all development shown on the ""PUD"" final plan is not complete within a time frame established by the Board of Aldermen pursuant to
Section 405.090(B)(6).
Once approval lapses, the plan is no longer valid.
4. Designation of official zoning map.
Sites governed by an approved ""PUD"" final plan shall be designated on the official Zoning Map with the letters ""PUD"" and a case file locator number for the approved ""PUD"" final plan."
3,Article III Rules and Procedures,Section 405.095 Conditional Use Permits.,sub-sec-3.16,https://ecode360.com/29242140,https://zoneomics.com/code/5578/chapter_3#3.16,False,0,"This
Section sets out the required review and approval procedures for conditional use permits.
A. Application.
A complete application for a conditional use permit shall be submitted to the Zoning Officer in a form established by the City along with a non-refundable fee that has been established by the City to defray the cost of processing the application.
No application shall be processed until the application is complete and the required fee has been paid.
B. Review And Report — Zoning Officer.
The Zoning Officer shall prepare a staff report that reviews the application in light of the Comprehensive Plan, the general requirements of the Unified Development Code and the applicable review criteria set forth in
Section 405.075. The Zoning Officer shall provide a copy of the report to the Planning and Zoning Commission and the applicant.
C. Review And Recommendation — Planning And Zoning Commission.
The Planning and Zoning Commission shall hold a public hearing on the proposed amendment within sixty
(60) days of the date that a complete application is filed, provided that required notice can be given within that time.
Within forty-five
(45) days of the close of the public hearing, the Planning and Zoning Commission shall recommend approval, modified approval or denial of the request.
After taking action, the Planning and Zoning Commission shall transmit a written summary of its action and proceedings to the Board of Aldermen.
In acting on conditional use permits, the Planning and Zoning Commission shall be authorized to recommend such conditions, safeguards, restrictions or time frames upon the premises benefited by the conditional use as may be necessary to reduce or minimize any potentially injurious effect upon other property in the area or to carry out the general purpose an intent of this Unified Development Code so long as the condition, safeguard or restriction relates to a situation created or aggravated by the proposed use.
D. Review And Action — Board Of Aldermen.
Within the thirty
(30) days of the close of the Planning and Zoning Commission public hearing, the Board of Aldermen shall hold a public hearing on the proposed amendment.
The Board of Aldermen shall act to approve, approve with modifications or deny the proposed amendment within sixty
(60) days of the date of the close of the Board of Aldermen public hearing on the amendment.
E. Notice Of Public Hearing.
Notification requirements shall be the same as the requirements listed in
Section 405.085.
F. Conditional Use Permits — Standards For Approval.
1. Special uses may be approved by action of the Board of Aldermen after recommendation from the Commission using the procedures and standards set forth in
Section 405.095. Conditional uses may be approved with conditions including, but not limited to, requirements for special yards, open spaces, buffers, fences, walls and screening; the installation of landscaping and maintenance; provisions for erosion control; requirements for street improvements, dedications, limitations on ingress and egress movements into and out of the site, and traffic circulation; limitation on signage; limitation on hours of operation and other characteristics of operation; conditions specifically listed under the individual special use and other conditions deemed necessary to insure compatibility with surrounding land uses.
2. In considering any application for a conditional use permit, the Commission and Board of Aldermen may give consideration to the criteria listed in
Section 405.075(K), to the extent they are pertinent to the particular application.
G. Conditional Use Permits — Vesting Of Rights.
1. The mere issuance of a conditional use permit gives no vested rights to the permit holder.
2. A right to continue a specially permitted use shall vest only if the project is constructed and the use actually started.
3. The right to continue a special use that was permitted prior to the effective date of this Unified Development Code shall last only as long as specified by the conditional use permit, provided that all conditions of said approval continues to be met.
4. As of the effective date of this Unified Development Code, existing permits shall be subject to the provisions for transferability as expressed in this Unified Development Code.
5. Uses that are allowed without a conditional use permit prior to the effective date of this Unified Development Code, but are designated as special uses in this Unified Development Code, shall be allowed to continue as non-conforming uses if the requirements of
Article IX are satisfied.
H. Successive Applications.
In the event that the Board of Aldermen takes final action to deny an application for a conditional use permit, an application for the same use shall not be refiled for one
(1) year from the advertised public hearing date.
The Planning and Zoning Commission, upon petition by the applicant, may permit a refiling of said application six
(6) months after the original Planning and Zoning Commission or Board of Aldermen public hearing date when it determines that significant physical, economic or land use changes have taken place within the immediate vicinity or a significant development code text amendment has been adopted.
I. Amendments.
The procedure for amending a conditional use permit shall be the same as required for the original approval."
3,Article III Rules and Procedures,Section 405.100 Site Plan and Design Review.,sub-sec-3.17,https://ecode360.com/29242157,https://zoneomics.com/code/5578/chapter_3#3.17,False,0,"This
Section sets out the required review and approval procedures for obtaining a building permit for construction subject to site plan and design review.
A. Uses And Development Subject To Site Plan And Design Review.
The Zoning Officer shall not allow a building permit to be issued for any of the following development types until a site plan has been reviewed and approved in accordance with the terms of this Section:
1. All development requiring permits except:
Signs, single-family units, fences six
(6) feet in height or less, renovations and structures in the Agriculture (limited or general) District not in excess of seven hundred fifty (750) square feet.
B. Application.
A complete application for site plan and design review approval shall be submitted to the Zoning Officer in a form established by the City along with a non-refundable fee that has been established by the City to defray the cost of processing the application.
No application shall be processed until the application is complete and the required fee has been paid.
C. Review And Report — Zoning Officer.
The Zoning Officer shall prepare a staff report that reviews the proposed site plan in light of the Comprehensive Plan, the general requirements of this Unified Development Code and the applicable review criteria set forth in
Section 405.100(G).
The Zoning Officer shall provide a copy of the report to the Planning and Zoning Commission and the applicant.
D. Review And Recommendation — Planning And Zoning Commission.
After reviewing the site plan and architectural drawings, the Planning and Zoning Commission shall act to recommend approval, approval with modifications or denial of the application for site plan and design review based on the criteria set forth in
Section 405.100(G).
If the Planning and Zoning Commission determines that the application involves a proposed site plan that meets any of the following criteria:
1. Property larger than five
(5) acres.
2. New construction greater than five thousand (5,000) square feet.
3. Uses including outdoor activities.
4. Uses with hours of operation between the hours of
7:00 P.M. and
7:00 A.M.
5. Uses that have a significant impact on public infrastructure.
|  |  |
| --- | --- |
|  | it may include in its recommendation that the Board of Aldermen provide notice and hold a public hearing on the proposed site plan in its consideration of the application. | E. Review And Action — Board Of Aldermen.
Within thirty
(30) days of the close of the Planning and Zoning Commission's action, the Board of Aldermen shall consider the proposed site plan.
The Board of Aldermen shall act to approve, approve with modifications or deny the proposed site plan within sixty
(60) days of the date of the close of the Board of Aldermen's consideration of the site plan.
In the event the Planning Commission has recommended that a public hearing be held on the application pursuant to
Section 405.100(D) or the Board of Aldermen determines on its own initiative that a public hearing should be held, the Board of Aldermen shall hold a public hearing on the proposed site plan.
Any approval by the Board of Aldermen of an application in which a public hearing is held shall be by ordinance in conjunction with the rezoning of the property, or if not in conjunction with rezoning, as an amendment to the ordinance that previously zoned the property.
F. Notice Of Public Hearing.
Notification requirements shall be the same as the requirements listed in
Section 405.085.
G. Review Criteria.
In reviewing a site plan and design review application, the Planning and Zoning Commission and the Board of Aldermen shall identify and evaluate all factors relevant to the application, including whether it complies with all applicable provisions of this Development Code.
The Planning and Zoning Commission and the Board of Aldermen shall approve a site plan unless it is determined that the proposed development:
1. When completed in accordance with the proposed plan, would not comply with all applicable requirements of this Unified Development Code, including, as applicable, the Non-Residential Design Standards of
Section 405.260 would adversely affect the safety and convenience of vehicular and pedestrian circulation in the vicinity of the subject tract, including traffic reasonable expected to be generated by the proposed use and other uses in the area given the existing zoning, existing land uses and proposed land uses in the area; is not compatible with existing or permitted uses on abutting sites in terms of building height, setbacks and open spaces, bulk and scale, landscaping, exterior building design features, drainage, access, parking and circulation features;
2. Adversely affects traffic control or adjacent properties by inappropriate location, lighting, size, height or types of signs; or
3. Will be detrimental to the public health, safety or welfare or materially injurious to properties or improvements in the vicinity for reasons specifically articulated by the Planning and Zoning Commission.
|  |  |
| --- | --- |
|  | The applicant shall have the burden of demonstrating that the proposal meets the applicable review criteria. | H. Issuance Of Building Permits.
The Zoning Officer shall not issue a building permit until:
1. All necessary site plan and design review approvals have been received; and
2. The time period for appeals has expired.
I. Revisions To Approved Site Plan And Design Review Plans.
The Zoning Officer may approve minor amendments to approved site plans and architectural drawings without the refiling of a new application, but in no event shall Zoning Officer approve the following amendments except through the same process used to approve the original site plan and drawings.
1. A ten percent (10%) or greater increase in building height;
2. A ten percent (10%) or greater increase in floor area or building coverage when calculated on a total, aggregate project basis;
3. A ten percent (10%) decrease in open space; or
4. A change in the location of parking lots or spaces.
J. Expiration Of Approved Site Plan And Design Review Plans.
An approved site plan and design review plan shall expire and be of no further effect if an application for a building permit for one
(1) or more buildings shown on the approved site plan and design review plan is not filed within one
(1) year of the date that the site plan and design review plan is approved."
3,Article III Rules and Procedures,Section 405.105 Building and Occupancy Permits.,sub-sec-3.18,https://ecode360.com/29242183,https://zoneomics.com/code/5578/chapter_3#3.18,False,0,"
A. Building Permit.
In accordance with the City Code, it shall be unlawful to commence or to proceed with the erection, construction, reconstruction, structural conversion, structural alteration, enlargement, extension, razing or moving of any building or structure or any portion thereof until a building permit has been granted therefore.
B. Occupancy Permit.
In accordance with the City Code, it shall be unlawful to occupy any building or structure or any portion thereof until an occupancy permit has been granted therefore."
3,Article III Rules and Procedures,Section 405.110 Vacations.,sub-sec-3.19,https://ecode360.com/29242186,https://zoneomics.com/code/5578/chapter_3#3.19,False,0,"This
Section sets out the required review and approval procedures for vacation of any plat, part of a plat, street, alley, utility easement.
A. Application.
A complete application for vacation shall be submitted to the Zoning Officer in a form established by the City along with a non-refundable fee that has been established by the City to defray the cost of processing the application.
No application shall be processed until the application is complete and the required fee has been paid.
The application shall be made by all owners of lands adjoining on both sides of the street, alley or public reservation proposed to be vacated.
If the application is not submitted by all such owners, that fact shall be noted on the application along with the names and addresses of all adjoining owners who are not party to the application.
B. Review And Report — Zoning Officer.
The Zoning Officer shall prepare a staff report that reviews the proposed vacation request in light of the Comprehensive Plan, the general requirements of this Unified Development Code and the applicable review criteria set forth in
Section 405.110(D) and (E).
The Zoning Officer shall provide a copy of the report to the Planning and Zoning Commission and the applicant at least five
(5) days before the scheduled Planning and Zoning Commission public hearing.
C. Notice Of Public Hearing.
1. Newspaper notice.
Notice of the time and place of scheduled public hearing before the Planning and Zoning Commission shall be published in a newspaper of general circulation at least fifteen
(15) days prior to the public hearing.
2. Written notice.
The City shall attempt to notify by mail all owners of property abutting the proposed area of vacation, holders of any property interests of record and any utility providers with lines in the area to be vacated.
Failure to receive notice by mail does not invalidate any action taken.
D. Review And Recommendation — Planning And Zoning Commission.
The Planning and Zoning Commission shall consider the vacation request in light of the Comprehensive Plan, the general requirements of this Development Code and the applicable review criteria of
Section 405.110(B).
After such consideration, the Planning and Zoning Commission shall make a recommendation to approve or disapprove the vacation.
The Planning and Zoning Commission recommendation shall be provided to the Board of Aldermen and the applicant at least five
(5) days before the meeting that the Board of Aldermen considers the vacation.
E. Review And Action — Board Of Aldermen.
The Board of Aldermen shall consider the vacation request at a regular meeting.
The Board of Aldermen shall approve the application if it determines from the submitted evidence and testimony that:
1. Due and legal notice has been given by publication as required herein;
2. No private rights will be injured or endangered by the vacation;
3. The public will suffer no loss or inconvenience thereby and that in justice to the applicant or applicants, the application should be granted.
|  |  |
| --- | --- |
|  | The City may require easements to be provided if deemed necessary for the public good or welfare. |"
3,Article III Rules and Procedures,Section 405.115 Variances.,sub-sec-3.20,https://ecode360.com/29242197,https://zoneomics.com/code/5578/chapter_3#3.20,False,0,"This
Section sets out the required review and approval procedures for use variances and area variances.
A. Application Submittal.
A complete application for a variance shall be submitted to the Zoning Officer in a form established by the City along with a non-refundable fee that has been established by the City to defray the cost of processing the application.
No application shall be processed until the application is complete and the required fee has been paid.
B. Review And Action — Board Of Zoning Adjustment.
The Board of Zoning Adjustment shall review the variance application and act to approve, approve with modifications or deny the application based upon review criteria set out in this Section.
The Board of Zoning Adjustment shall take action on a variance application within a reasonable period of time after application submittal but in no case more than sixty
(60) days after receipt of a complete application unless the applicant consents to an extension of the sixty
(60) day period.
A concurring vote of at least four
(4) members of the Board of Zoning Adjustment shall be required to approve any variance request.
C. Notice Of Public Hearings.
Notification requirements shall be the same as the requirements listed in
Section 405.085.
D. Review Criteria — Findings Of Fact.
1. Use variances.
A variance that would have the effect of allowing a use that the underlying zoning district prohibits may be granted by the Board of Zoning Adjustment upon an affirmative finding that all of the following conditions have been met.
The Board of Zoning and Adjustment shall make a determination on each condition, and its findings shall be entered in the official record.
a. The requested variance arises from conditions that are unique to the subject property, that are not ordinarily found in the same zoning district and that are not a result of the owner's intentional action;
b. The granting of the permit for the variance will not adversely affect the rights of adjacent property owners or residents; c. The strict application of the provisions of the zoning regulations that the variance is requested will constitute unnecessary hardship upon the property owner represented in the application; d. The variance desired will not adversely affect the public health, safety, morals, order, convenience, prosperity or general welfare.
2. Area variances.
A variance that does not have the effect of allowing a use that the underlying zoning district prohibits may be granted by the Board of Zoning Adjustment upon on affirmative finding that all of the following conditions have been met.
The Board of Zoning Adjustment shall make a determination on each condition, and its findings shall be entered in the official record.
a. The requested variance arises from conditions that are unique to the subject property, that are not ordinarily found in the same zoning district and that are not a result of the owner's intentional action;
b. The granting of the permit for the variance will not adversely affect the rights of adjacent property owners or residents; c. The strict application of the provisions of the zoning regulations of that the variance is requested will constitute a practical difficulty because the property cannot be used for an otherwise permitted use without coming into conflict with applicable site development standards; and d. The variance desired will not adversely affect the public health, safety, morals, order, convenience, prosperity or general welfare.
E. Conditions Of Approval.
1. Conditions.
In granting a variance, the Board of Zoning Adjustment may impose such conditions, safeguards and restrictions upon the premises benefited by the variance as may be necessary to reduce or minimize any potentially injurious effect of such variance upon other property in the neighborhood and to carry out the general purpose and intent of this Development Code.
In addition, the Board of Zoning Adjustment may grant a temporary variance with specific time limits.
2. Performance bonds.
The Board of Zoning Adjustment may require a performance bond to guarantee the installation of improvements.
The amount of the bond shall be based on a general estimate of cost for the improvements as determined by the Board of Zoning Adjustment, and shall be enforceable by or payable to the City in this sum equal to the cost of constructing the required improvements.
3. Time limits.
In lieu of performance bonds or other conditions, the Board of Zoning Adjustment may specify a time limit for the completion of such required improvements and in the event the improvements are not completed within the specified time, the Board of Zoning Adjustment may, after reconsideration, declare the granting of the application null and void, or the variance may be made contingent on the performance of certain actions.
F. Appeals Of Board Of Zoning Adjustment Decisions.
Any person aggrieved by a decision of the Board of Zoning Adjustment may present to the Circuit Court of the County a petition duly verified setting forth that such decision is illegal, in whole or part, specifying the grounds of the illegality.
Such petition shall be presented to the court within thirty
(30) days after the date of the Board of Zoning Adjustment's decision on the matter."
3,Article III Rules and Procedures,Section 405.120 Written Interpretations.,sub-sec-3.21,https://ecode360.com/29242217,https://zoneomics.com/code/5578/chapter_3#3.21,False,0,"This
Section sets out the required review and approval procedures for written interpretations of the provisions of this Unified Development Code.
A. Application Submittal.
A complete application for a written interpretation shall be submitted to the Zoning Officer in a form established by the City along with a non-refundable fee that has been established by the City to defray the cost of processing the application.
No application shall be processed until the application is complete and the required fee has been paid.
B. Review And Action — Zoning Officer.
Within twenty
(20) days after a complete application for a written interpretation has been submitted, the Zoning Officer shall: 1. Review and evaluate the request in light of the text of this Unified Development Code, the official Zoning Maps, the Comprehensive Plan and any other relevant documents;
2. Consult with other staff; and
3. Render a written interpretation.
C. Form.
The interpretation shall be provided to the applicant in writing and shall be filed in the official record of interpretations.
D. Official Record Of Interpretations.
The Zoning Officer shall maintain an official record of interpretations.
The record of interpretations shall be available for public inspection in the office of the Zoning Officer during normal business hours.
E. Appeal Of Zoning Officer's Interpretation.
Appeals of the Zoning Officer's written interpretations may be taken to the Board of Zoning Adjustment, in accordance with the procedures of
Section 405.125, by filing an appeal with the Zoning Officer within seven
(7) days of the date of the Zoning Officer's decision."
3,Article III Rules and Procedures,Section 405.125 Appeals of Administrative Decisions.,sub-sec-3.22,https://ecode360.com/29242226,https://zoneomics.com/code/5578/chapter_3#3.22,False,0,"This
Section sets out the required review and approval procedures for appeals of administrative decisions.
A. Applicability.
The Board of Zoning Adjustment shall be authorized to hear and decide appeals where it is alleged there is an error in any order, requirement, decision or determination made by an administrative official of the City in the administration or enforcement of this Unified Development Code.
B. Right To Appeal.
Appeals of administrative decisions may be filed by any person aggrieved or by and officer, department, board or bureau of the municipality affected by any decision of the administrative officer.
C. Application Submittal.
Applications for appeals of administrative decisions shall be submitted to the Zoning Officer in a form established by the City along with a non-refundable fee that has been established by the City to defray the cost of processing the application.
No application shall be processed until the application is complete and the required fee has been paid.
D. Time Of Filing Appeal.
Appeals of administrative decisions shall be filed within ten
(10) days of the date of the decision being appealed.
E. Effect Of Filing.
The filing of a complete application for appeal stays all proceedings in furtherance of the action appealed, unless the official whose decision is being appealed certifies to the Board of Zoning Adjustment, after the appeal is filed, that, because of facts stated in the certification, a stay would cause immediate peril to the public welfare, life or property.
In such case, proceedings shall not be stayed other than by a restraining order that may be granted by the Board of Zoning Adjustment or by a court of record.
F. Action By The Zoning Officer.
The Zoning Officer or the official whose decision is being appealed shall transmit to the Board of Zoning Adjustment all papers constituting the record that the action appealed is taken.
G. Review And Action — Board Of Zoning Adjustment.
Appeals of administrative decisions shall be taken to the Board of Zoning Adjustment.
The Board of Zoning Adjustment shall grant to the administrative official's decision a presumption of correctness, placing the burden of persuasion of error on the appellant.
In exercising the appeal power, the Board of Zoning Adjustment shall have all the powers of the official from whom the appeal is taken, and the Board of Zoning Adjustment may reverse or affirm, wholly or partly, or may modify the decision being appealed.
If the Board of Zoning Adjustment determines that it is necessary to obtain additional evidence in order to resolve the matter, it shall remand the appeal to the official from whom the appeal is taken with directions to obtain such evidence and to reconsider the decision in light of such evidence.
The Board of Zoning Adjustment shall take action on an appeal within a reasonable period of time after application submittal but in no case more than sixty
(60) days after receipt of a complete application.
A concurring vote of four
(4) members of the Board of Zoning Adjustment shall be necessary to reverse any order, requirement, decision or determination of an administrative official.
H. Review Criteria — Findings Of Fact And Conclusions Of Law.
An appeal shall be sustained only if the Board of Zoning Adjustment finds that the administrative official erred.
Every decision of the Board of Zoning Adjustment shall be accompanied by a written finding of fact and conclusions of law specifying the reason for the decision and said written findings shall be filed in the office of the Board of Zoning Adjustment.
I. Appeals Of Board Of Zoning Adjustment Decisions.
Any person aggrieved by a decision of the Board of Zoning Adjustment may present to the Circuit Court of the County a petition duly verified setting forth that such decision is illegal, in while or in part, specifying the grounds of the illegality.
Such petition shall be presented to the court within thirty
(30) days after the date that the Board of Zoning Adjustment's written decision on the matter is filed in the office of the Board of Zoning Adjustment."
3,Article III Rules and Procedures,Section 405.130 Administrative Delay of Development Applications.,sub-sec-3.23,https://ecode360.com/29242236,https://zoneomics.com/code/5578/chapter_3#3.23,False,0,"
A. Authority.
The Board of Aldermen, by resolution, may direct the Zoning Officer, or other appropriate City staff, not to initiate or not to continue the processing of any development application authorized by this Unified Development Code; provided that, the Board of Aldermen has previously directed City staff to prepare, or obtain consultant assistance in the preparation of, Unified Development Code text amendments contemplated by
Section 405.080 of this Unified Development Code or planning policies.
B. Procedure.
The Board of Aldermen, in the resolution, shall establish the types and nature of development applications with respect to which processing shall be delayed.
This decision shall be based upon the likelihood that the proposed Unified Development Code text amendment or planning policy may have an impact on the content and submission requirements and/or consideration of a certain type and/or nature of development applications.
The resolution may delay the processing of certain types or nature of, or all, development applications within the entire City or a defined geographic area of the City if it determines that development applications related to property within the defined geographic area covered by the resolution will be impacted by the proposed Unified Development Code text amendment or planning policy.
C. Effective Period.
The resolution shall establish the period of time within which processing of development applications shall be delayed or discontinued.
The period of time set shall not exceed one
(1) year from the date of adoption of the resolution; provided that, in no event shall the period set extend beyond the date upon which the Board of Aldermen makes a final decision in its consideration of the Unified Development Code text amendment or planning policy that it has directed City staff to prepare.
If the Board of Aldermen determines that a good faith effort is being made to prepare and make a final decision on the Unified Development Code text amendment or planning policy but that no final decision has been made, it may extend the period of time set in the initial resolution for an additional period not to exceed one
(1) year.
D. Purpose.
This
Section is designed to preserve the status quo while consideration is given to a Unified Development Code text amendment or planning policy and to prevent the establishment of a new non-conforming situation that will undermine the effect of the Unified Development Code text amendment before it is adopted."
3,Article III Rules and Procedures,Section 405.135 Adoption of Administrative Guidelines.,sub-sec-3.24,https://ecode360.com/29242241,https://zoneomics.com/code/5578/chapter_3#3.24,False,0,"
A. The Zoning Officer is authorized, as deemed necessary, to prepare administrative guidelines to augment, implement and provide further details and examples of methods and manners of complying with the minimum design standards of this
Section and to assist City staff, the Planning and Zoning Commission and the Board of Aldermen in evaluating whether a proposed subdivision complies with the minimum design standards.
B. No later than fourteen
(14) days in advance of the effective date as set by the Zoning Officer of an administrative guideline, the Zoning Officer shall provide a copy of the administrative guideline to each member of the Board of Aldermen.
Upon receipt of the administrative guideline, a majority of the Board of Aldermen may request a review of the administrative guideline and may approve all or a portion of such guidelines by resolution.
Any portion reviewed by the Board of Aldermen and not so approved shall not take effect.
If the Board of Aldermen does not request review, the administrative guideline shall take effect on the date set by the Zoning Officer.
All administrative guidelines that take effect in this manner and have not been previously adopted by the Board of Aldermen shall be adopted by the Board of Aldermen by resolution annually."
3,Article III Rules and Procedures,Section 405.140 Relationship to Private Restrictions.,sub-sec-3.25,https://ecode360.com/29242244,https://zoneomics.com/code/5578/chapter_3#3.25,False,0,"The provisions of this Unified Development Code are not intended to affect any deed restriction, covenant, easement or any other private agreement relating to or restricting the use of land.
Where the provisions of this Unified Development Code are more restrictive than any private restriction, the requirements of this Unified Development Code shall control.
Where the provisions of any private restriction are more restrictive than the provisions of this Unified Development Code, the private restrictions shall control, if properly enforced by a person having the legal right to enforce the restrictions.
Private restrictions shall not be enforced by the City."
3,Article III Rules and Procedures,Section 405.145 Development Under Prior Regulations.,sub-sec-3.26,https://ecode360.com/29242245,https://zoneomics.com/code/5578/chapter_3#3.26,False,0,"
A. Previously Existing Regulations.
Those regulations in effect immediately prior to the effective date of this Unified Development Code shall be referred to in this Unified Development Code as the ""previously existing regulations"".
This Unified Development Code shall be referred to either as ""these regulations"" or the UDC.
B. Administrative Permits.
All permits issued by an administrative official or body, or a legislative body acting in an administrative capacity, prior to the effective date of this Unified Development Code shall be valid until their expiration under the previously existing regulations.
Applications for administrative permits submitted after the effective date of these regulations shall be reviewed and evaluated pursuant to the requirements of this Unified Development Code, except as further specified in
Article IX.
C. Subdivision.
Complete applications for preliminary plat(s) submitted prior to the effective date of these regulations shall be processed under the previously existing regulations.
Incomplete applications for preliminary plats submitted prior to the effective date of this Unified Development Code, and that are not submitted in a complete form until after the effective date of this Unified Development Code, shall be processed under this Unified Development Code.
All applications for subdivision approvals submitted after the effective date of these regulations shall be reviewed pursuant to these regulations.
Preliminary or final plat applications, approved under the previously existing regulations, that are allowed to lapse or expire will be subject to reapplication under these regulations.
D. Zoning.
1. Existing uses may continue either in compliance with these regulations or as legal non-conforming uses subject to the requirements of
Article IX.
2. Existing lots that do not comply with the requirements of these regulations may be developed pursuant to the requirements of
Article IX.
3. Applications for proposed new uses submitted after the effective date of this Unified Development Code shall be considered pursuant to these regulations.
E. Special Permits.
The Zoning Officer shall monitor all outstanding conditional use permits issued under the previously existing regulations and prior to expiration of an existing conditional use permit, the permit holder may, if required under this UDC, apply for a conditional use permit as set forth in
Section 405.095.
F. Non-Conforming Situations.
All non-conforming situations and uses shall be governed by
Article IX of this Unified Development Code."
4,Article IV Base Zoning Districts,"Section 405.150 ""A"" Agricultural District Regulations.",sub-sec-4.1,https://ecode360.com/29242256,https://zoneomics.com/code/5578/chapter_4#4.1,False,0,"
A. Purpose.
This district is intended to provide a location for land situated on the fringe of the developed area of the City and used for agricultural purposes but that may become developed in the future.
Generally, ""A"" Agricultural Districts will be near development; therefore, the agricultural activities conducted in the ""A"" Agricultural District should not be detrimental to urban land uses.
The types of uses and the area and intensity of use permitted in this district shall encourage and protect agricultural uses until urbanization is warranted and the appropriate change in district classification is made.
B. Uses.
Uses shall be allowed in the ""A"" District in accordance with the Use Table of
Section 405.200.
[1] [1] Editor's Note — The Use Table is included as an attachment to this chapter.
C. Property Development Standards.
Each site in the ""A"" District shall be subject to the following property development standards:
1. Lot size.
The minimum lot size shall be three
(3) acres.
2. Lot width.
The minimum lot width shall be two hundred (200) feet.
3. Front setback.
The minimum front setback shall be seventy-five
(75) feet.
4. Side setback.
The minimum side setback shall be fifty
(50) feet.
5. Rear setback.
The minimum rear setback shall be fifty
(50) feet.
6. Building coverage.
The maximum building coverage shall be twenty-five percent (25%) of the lot area.
7. Height.
The maximum height shall be thirty-five
(35) feet.
8. Prohibitions.
It is specifically provided that no basement houses, house trailers, mobile homes or temporary buildings or structures shall be permitted in this district."
4,Article IV Base Zoning Districts,"Section 405.155 ""R-1"" Single-Family District Regulations.",sub-sec-4.2,https://ecode360.com/29242268,https://zoneomics.com/code/5578/chapter_4#4.2,False,0,"
A. Purpose.
The purpose of the Single-Family District is intended to accommodate and protect moderate density single-family residential development.
B. Uses.
Uses shall be allowed in the ""R-1"" District in accordance with the Use Table of
Section 405.200.
[1] [1] Editor's Note — The Use Table is included as an attachment to this chapter.
C. Property Development Standards.
Each site in the ""R-1"" District shall be subject to the following property development standards:
1. Lot size.
Minimum lot sizes shall be calculated based on usable open space, which shall be no less than nine thousand (9,000) square feet.
2. Lot width.
The minimum lot width shall be seventy-five
(75) feet.
3. Front setback.
The minimum front setback shall be twenty-five
(25) feet.
4. Side setback.
The minimum side setback shall be ten
(10) feet.
5. Rear setback.
The minimum rear setback shall be thirty
(30) feet.
6. Building coverage.
The maximum building coverage shall be thirty-five percent (35%) of the lot area.
7. Height.
The maximum height shall be thirty-five
(35) feet.
8. Prohibitions.
It is specifically provided that no basement houses, house trailers, mobile homes or temporary buildings or structures shall be permitted in this district."
4,Article IV Base Zoning Districts,"Section 405.160 ""R-2"" Two-Family Dwelling District.",sub-sec-4.3,https://ecode360.com/29242280,https://zoneomics.com/code/5578/chapter_4#4.3,False,0,"
A. Purpose.
The ""R-2"" Two-Family Dwelling District is intended primarily to accommodate duplex and single-family residential development.
B. Uses.
Uses shall be allowed in the ""R-2"" District in accordance with the Use Table of
Section 405.200.
[1] [1] Editor's Note — The Use Table is included as an attachment to this chapter.
C. Property Development Standards.
Each site in the ""R-2"" District shall be subject to the following property development standards:
1. Lot size.
Minimum lot sizes for the ""R-2"" District shall be calculated based on usable open space which shall be no less than the following:
a. Single-family detached: eight thousand (8,000) square feet;
b. Single-family attached: five thousand (5,000) square feet per unit; c. Duplex residential: ten thousand (10,000) square feet (five thousand (5,000) square feet per unit); and d. Other uses: eight thousand (8,000) square feet.
2. Lot width.
The minimum lot width shall be ninety
(90) feet.
3. Front setback.
The minimum front setback shall be twenty-five
(25) feet.
4. Side setback.
The minimum side setback shall be ten
(10) feet.
5. Rear setback.
The minimum rear setback shall be thirty
(30) feet.
6. Building coverage.
The maximum building coverage shall be thirty-five percent (35%) of the lot area.
7. Height.
The maximum height shall be thirty-five
(35) feet.
8. Prohibitions.
It is specifically provided that no basement houses, house trailers, mobile homes or temporary buildings or structures shall be permitted in this district."
4,Article IV Base Zoning Districts,"Section 405.165 ""R-3"" Multiple-Family Dwelling District.",sub-sec-4.4,https://ecode360.com/29242296,https://zoneomics.com/code/5578/chapter_4#4.4,False,0,"
A. Purpose.
The ""R-3"" Multiple-Family District is intended primarily to accommodate non-elevator residential development at low densities.
This district is intended to be applied to lands with direct access to arterial streets and shopping areas.
When sound site planning techniques are used, the ""R-3"" District can be an appropriate classification within established neighborhood areas, including those containing two-family and single-family dwellings.
B. Uses.
Uses shall be allowed in the ""R-3"" District in accordance with the Use Table of
Section 405.200.
[1] [1] Editor's Note — The Use Table is included as an attachment to this chapter.
C. Property Development Standards.
Each site in the ""R-3"" District shall be subject to the following property development standards, provided that the standards shall not be interpreted as precluding zero lot line development or individual duplex and single-family dwellings:
1. Lot size.
The minimum lot sizes for the ""R-3"" District shall be calculated based on usable open space which shall be no less than the following:
a. Single-family detached: seven thousand two hundred (7,200) square feet;
b. Single-family attached: five thousand (5,000) square feet per unit; c. Duplex residential: ten thousand (10,000) square feet (five thousand (5,000) square feet per unit); d. Multi-family: three thousand (3,000) square feet per unit; and e. Other uses: seven thousand two hundred (7,200) square feet.
2. Lot width.
The minimum lot width shall be one hundred
(100) feet.
3. Front setback.
The minimum front setback shall be thirty
(30) feet.
4. Side setback.
The minimum side setback shall be fifteen
(15) feet.
5. Rear setback.
The minimum rear setback shall be thirty
(30) feet.
6. Building coverage.
The maximum building coverage shall be thirty-five percent (35%) of the lot area.
7. Height.
The maximum height shall be forty
(40) feet.
8. Prohibitions.
It is specifically provided that no basement houses, house trailers, mobile homes or temporary buildings or structures shall be permitted in this district.
9. Special multi-family development standards.
Multi-family development shall be subject to the Special Use Standards of
Section 405.205."
4,Article IV Base Zoning Districts,"Section 405.170 ""C-1"" Neighborhood Commercial District.",sub-sec-4.5,https://ecode360.com/29242314,https://zoneomics.com/code/5578/chapter_4#4.5,False,0,"
A. Purpose.
The Neighborhood Commercial District in intended to provide commercial locations for small areas of convenience shopping facilities in and near residential neighborhoods.
Such convenience shopping facilities will often occupy a small area, frequently at an intersection or on a major street, in an area that is otherwise wholly residential.
B. Uses.
Uses shall be allowed in the ""C-1"" District in accordance with the Use Table of
Section 405.200.
[1] [1] Editor's Note — The Use Table is included as an attachment to this chapter.
C. Property Development Standards.
Each site in the ""C-1"" District shall be subject to the following property development standards:
1. Lot size.
There shall no minimum lot size standard in the ""C-1"" District.
2. Lot width.
The minimum lot width shall be seventy-five
(75) feet.
3. Front setback.
The minimum front setback shall be twenty
(20) feet.
4. Side setback.
No minimum side setback shall be required, provided that when the side setback area is adjacent to lots zoned ""R-2"" or less intensive, the minimum side setback shall be twenty-five
(25) feet and when the side setback is adjacent to lots zoned ""R-3"", the minimum side setback shall be fifteen
(15) feet.
5. Rear setback.
No minimum rear setback shall be required, provided that when the rear setback area is adjacent to lots zoned ""R-3"" or less intensive, the minimum rear setback shall be thirty
(30) feet.
6. Building coverage.
The maximum building coverage shall be sixty-five percent (65%) of the lot area.
7. Height.
The maximum height shall be thirty-five
(35) feet.
D. Supplemental Standards.
The following supplemental standards shall apply in the ""C-1"" District:
1. Floor area limit.
No separate business establishment shall occupy more than five thousand (5,000) square feet of floor space.
Each separate business establishment shall be physically separated and operate independently from adjacent business establishments.
2. Outdoor storage and display.
No outdoor display or storage of merchandise shall be allowed within the ""C-1"" District, except that the Zoning Officer may approve temporary displays of seasonal merchandise in accordance with the standards of
Section 405.255. In no event may the outdoor storage or display of materials be located on public right-of-way.
3. Drive-through services.
No drive-in or drive-through service windows, such as those sometimes associated with banks or fast-food restaurants, shall be allowed in the ""C-1"" District.
4. Gasoline sales.
No gasoline sales shall be allowed in the ""C-1"" District."
4,Article IV Base Zoning Districts,"Section 405.175 ""C-2"" Central Business District.",sub-sec-4.6,https://ecode360.com/29242330,https://zoneomics.com/code/5578/chapter_4#4.6,False,0,"
A. Purpose.
The ""C-2"" Central Business District is intended primarily to accommodate major business services and retail business activity related to the core area of the City.
Limited residential uses shall be permitted in accordance with
Section 405.205(X).
B. Uses.
Uses shall be allowed in the ""C-2"" District in accordance with the Use Table of
Section 405.200.
[1] [1] Editor's Note — The Use Table is included as an attachment to this chapter.
C. Property Development Standards.
Each site in the ""C-2"" District shall be subject to the following property development standards:
1. Lot size.
There shall be no minimum lot size standard in the ""C-2"" District.
2. Lot width.
The minimum lot width shall be seventy-five
(75) feet, except on existing lots adjacent to Broadway from South 10th Street to South 14th Street.
3. Front setback.
There shall be no required minimum front setback in the ""C-2"" District.
4. Side setback.
No minimum side setback shall be required, provided that when the side setback area is adjacent to lots zoned ""R-2"" or less intensive, the minimum side setback shall be twenty
(20) feet.
When adjacent to lots zoned ""R-3"" or ""C-1"", the minimum side setback shall be fifteen
(15) feet.
5. Rear setback.
No minimum rear setback shall be required, provided that when the rear setback area is adjacent to lots zoned ""R-3"" or less intensive, the minimum rear setback shall be thirty
(30) feet.
6. Building coverage.
There is no maximum building coverage limit in the ""C-2"" District.
7. Height.
The maximum height shall be fifty
(50) feet.
D. Supplemental Standards.
The following supplemental standards shall apply in the ""C-2"" District:
1. Outdoor storage and display.
Outdoor display and storage of merchandise shall be allowed within the ""C-2"" District in accordance with the standards of
Section 405.255. In no event may the outdoor storage or display of materials be located on public right-of-way.
2. Projections in right-of-way.
Marquees and awnings may project over public right-of-way but shall not project beyond the back-of-curb line and shall not interfere with the use of the public right-of-way."
4,Article IV Base Zoning Districts,"Section 405.180 ""C-3"" General Business District.",sub-sec-4.7,https://ecode360.com/29242344,https://zoneomics.com/code/5578/chapter_4#4.7,False,0,"
A. Purpose.
The ""C-3"" District is intended to accommodate general trades and commercial services at specific points on arterials outside central or neighborhood business districts.
The ""C-3"" District is particularly appropriate adjoining a major highway.
Such an areas draws highway uses such as restaurants, service stations and motels that are not totally compatible with shopping center developments but that may be grouped together advantageously as highway service centers.
B. Uses.
Uses shall be allowed in the ""C-3"" District in accordance with the Use Table of
Section 405.200.
[1] [1] Editor's Note — The Use Table is included as an attachment to this chapter.
C. Property Development Standards.
Each site in the ""C-3"" District shall be subject to the following property development standards:
1. Lot size.
There shall be no minimum lot size standard in the ""C-3"" District.
2. Lot width.
The minimum lot width shall be seventy-five
(75) feet.
3. Front setback.
The minimum front setback shall be fifteen
(15) feet when adjacent to local streets and twenty-five
(25) feet when adjacent to any other type of street.
4. Side setback.
No minimum side setback shall be required, provided that when the side setback is adjacent to lots zoned ""C-1"" or less intensive, the minimum side setback shall be thirty
(30) feet.
When adjacent to lots zoned ""M-1"" or ""M-2"", the minimum side setback shall be twenty
(20) feet.
5. Rear setback.
No minimum rear setback shall be required, provided that when the rear setback is adjacent to lots zoned ""C-1"" or less intensive, the minimum rear setback shall be thirty
(30) feet.
When adjacent to lots zoned ""M-1"" or ""M-2"", the minimum rear setback shall be twenty
(20) feet.
6. Building coverage.
The maximum building coverage shall be seventy-five percent (75%) of the lot area.
7. Height.
The maximum height shall be sixty
(60) feet.
D. Supplemental Standards.
The following supplemental standards shall apply in the ""C-3"" District:
1. Outdoor storage and display.
Outdoor display and outdoor storage of merchandise shall be allowed within the ""C-3"" District in accordance with the standards of
Section 405.255. In no event may the outdoor storage or display of materials be located on public right-of-way."
4,Article IV Base Zoning Districts,"Section 405.185 ""M-1"" Light Industrial District.",sub-sec-4.8,https://ecode360.com/29242357,https://zoneomics.com/code/5578/chapter_4#4.8,False,0,"
A. Purpose.
The ""M-1"" Light Industrial District is intended primarily to accommodate industries that produce finished products from semi-finished materials and require little or no outside storage of materials.
The district provides locations for limited manufacturing and industrial activities with limited land use impacts, primarily traffic generated by delivery vehicles and employees.
B. Uses.
Uses shall be allowed in the ""M-1"" District in accordance with the Use Table of
Section 405.200.
[1] [1] Editor's Note — The Use Table is included as an attachment to this chapter.
C. Property Development Standards.
Each site in the ""M-1"" District shall be subject to the following property development standards:
1. Minimum district size.
There shall be no minimum lot size standard in the ""M-1"" District.
2. Lot width.
The minimum lot width shall be seventy-five
(75) feet.
3. Front setback.
The minimum front setback shall be forty
(40) feet.
4. Side setback.
The minimum side setback shall be twenty
(20) feet, provided that when the side setback area is adjacent to lots zoned ""R-3"" or less intensive, the minimum side setback shall be forty
(40) feet.
5. Rear setback.
The minimum rear setback shall be twenty
(20) feet, provided that when the rear setback area is adjacent to lots zoned ""R-3"" or less intensive, the minimum rear setback shall be forty
(40) feet.
6. Building coverage.
The maximum building coverage shall be eighty-five percent (85%) of the lot area.
7. Height.
The maximum height shall be forty-five
(45) feet.
D. Supplemental Standards.
The following supplemental standards shall apply in the ""M-1"" District:
1. Outdoor storage and display.
No outdoor storage shall be allowed in the ""M-1"" District unless it is completely screened from view of rights-of-way and more restrictive zoning districts.
In no event may the outdoor storage or display of materials be located on public right-of-way."
4,Article IV Base Zoning Districts,"Section 405.190 ""M-2"" Heavy Industrial District.",sub-sec-4.9,https://ecode360.com/29242370,https://zoneomics.com/code/5578/chapter_4#4.9,False,0,"
A. Purpose.
The ""M-2"" Heavy Industrial District is intended primarily to accommodate basic manufacturing industries and related industrial activities and to protect such uses from encroachment by uses that are incompatible with industrial processing and intensive uses.
B. Uses.
Uses shall be allowed in the ""M-2"" District in accordance with the Use Table of
Section 405.200.
[1] [1] Editor's Note — The Use Table is included as an attachment to this chapter.
C. Property Development Standards.
Each site in the ""M-2"" District shall be subject to the following property development standards:
1. Minimum district size.
The minimum size of an ""M-2"" District shall be five
(5) contiguous acres.
2. Lot width.
The minimum lot width shall be seventy-five
(75) feet.
3. Front setback.
The minimum front setback shall be forty
(40) feet.
4. Side setback.
The minimum side setback shall be twenty
(20) feet, provided that when the side setback area is adjacent to lots zoned ""C-1"" or less intensive, the minimum side setback shall be fifty
(50) feet.
5. Rear setback.
The minimum rear setback shall be twenty
(20) feet, provided that when the rear setback area is adjacent to lots zoned ""C-1"" or less intensive, the minimum rear setback shall be fifty
(50) feet.
6. Building coverage.
The maximum building coverage shall be eighty-five percent (85%) of the lot area.
7. Height.
The maximum height shall be forty-five
(45) feet."
4,Article IV Base Zoning Districts,Section 405.195 Planned Unit Development.,sub-sec-4.10,https://ecode360.com/29242381,https://zoneomics.com/code/5578/chapter_4#4.10,False,0,"
A. Purpose.
The purpose of the Planned Unit Development is to encourage the unified design of residential, commercial, office, professional services, retail and institutional uses and facilities or combinations thereof in accordance with an approved comprehensive development plan.
This district provides for greater flexibility in the design of buildings, yards, courts and circulation that is provided by other districts.
See also
Section 405.090 for requirements of the Planned Unit Development.
B. Uses.
Any use listed in
Section 405.200 of this Title may be permitted.
However, each use must be listed on the ""PUD"" and approved by the Planning and Zoning Commission and the Board of Aldermen.
C. Development Standards.
Minimum standards for developments in this district are set forth as follows:
The ""PUD"" District in this
Chapter is a floating zone.
Although the specific conditions within this district are predetermined, the location of a proposed district must be carefully reviewed to assure that these conditions can be met.
""PUD"" concept plan and ""PUD"" final plan shall be submitted by each applicant for ""PUD"" zoning in accordance with the provisions and conditions outlined herein.
D. General Provisions.
The Planning and Zoning Commission shall make a report to the Board of Aldermen setting forth its reason for approval of the application, along with specific evidence and facts showing that the proposed ""PUD"" meets the following conditions:
1. Said Planned Unit Development shall be in general conformity with the provisions of the adopted Comprehensive Plan; and
2. Said Planned Unit Development shall not have a substantially adverse effect on the development of the neighboring area.
E. The ""PUD"" District may be established exclusively for residential, commercial or industrial development or any combination of those types of development."
4,Article IV Base Zoning Districts,Section 405.200 Use Regulations.,sub-sec-4.11,https://ecode360.com/29242389,https://zoneomics.com/code/5578/chapter_4#4.11,False,0,"The Use Table is included as an attachment to
Chapter 405."
5,Article V Special Use Standards,Section 405.205 Special Use Standards.,sub-sec-5.1,https://ecode360.com/29242395,https://zoneomics.com/code/5578/chapter_5#5.1,True,1,"The special use standards of this
Section shall apply to permitted, conditional and accessory uses as noted.
A. Agriculture, General.
General agriculture shall require a minimum site area of three
(3) acres.
B. Adult Entertainment Establishment.
1. Separation from other uses.
No adult entertainment establishment shall be permitted within one thousand two hundred fifty (1,250) feet of any residential-zoned lot, religious assembly, school, park and recreation use or child care center.
This separation distance shall be measured as a straight line, without regard to intervening properties, from the nearest exterior wall of the adult entertainment establishment to the nearest lot line of the lot that is zoned residential or that contains the religious assembly, school or park and recreation use.
2. Separation from other adult entertainment establishments.
No adult entertainment establishment shall be allowed to locate or expand within one thousand two hundred fifty (1,250) feet of any other adult entertainment use.
3. Frontage and access.
Adult entertainment establishments shall have at least one hundred
(100) feet of street frontage on an arterial street.
All vehicle access shall be taken from an arterial street.
4. Screening.
The lot that the use is located on shall be screened by solid masonry wall at least six
(6) feet in height along all interior lot lines.
A wall shall not be required in those areas where complete visual screening already exists.
The use shall also include ""Buffer D"" as set forth in
Section 405.230.
5. Building and parking area setbacks.
The minimum exterior setback for the building that the establishment is located within and the off-street parking serving the establishment shall be twenty
(20) feet.
The minimum interior setback for the building that the establishment is located within and the off-street parking serving the establishment shall be ten
(10) feet.
6. Windows and doors.
The building that the adult entertainment is located within shall be designated in such a fashion that all openings, entries and windows prevent views into such establishments from any sidewalk, walkway, street or other public area.
Further, no merchandise or pictures or products or entertainment on the premises shall be displayed in window areas or any area where such merchandise or pictures can be viewed from the sidewalk in front of the building.
No adult entertainment activity shall take place outside the building containing the adult entertainment establishment.
7. Signs.
Adult entertainment establishment shall be limited to one
(1) wall-mounted sign no greater than one
(1) square foot of sign per linear foot of wall length, not to exceed a total of fifty
(50) square feet.
Signs must meet all requirements of
Article VII.
8. Site plans.
Adult entertainment establishments shall be subject to site plan and design review pursuant to
Section 405.100.
C. Animal Care, General And Kennels.
All outdoor animal runs, pens or enclosures shall be located at least seventy-five
(75) feet from lot lines abutting ""R-2"" or less intensive zoning districts.
Kennels shall require a minimum lot size of three
(3) acres.
Animal care shall be subject to the operational performance standards of
Section 405.235.
D. Cemeteries.
The following standards shall apply to cemeteries, crematories and mausoleums:
1. Entrances.
All cemeteries, crematories and mausoleums shall provide entrances on an arterial or collector street with ingress and egress so designed as to minimize traffic congestion.
2. Landscape buffer.
A landscape buffer shall be provided along all property lines abutting any ""R-2"" or less intensive district.
Such buffers shall meet the standards of
Section 405.230.
E. Communication Towers.
Communication towers shall be subject to the following standards:
1. Principal use.
Communication towers shall always be considered a principal use.
They may be located on lots occupied by another principal use.
2. Setbacks.
a. The minimum setback between communication towers and all property lines shall be equal to twenty percent (20%) of the height of the tower; b. Communication towers shall be set back a minimum of fifty
(50) feet away from any existing or planned right-of-way; c. Communication towers shall be set back a minimum of one hundred
(100) feet from the lot line of any ""R-3"" or less intensive zoning district; and d. Peripheral supports and guy anchors for communication towers may be located within required setbacks, provided that they shall be located entirely within the boundaries of the property that the tower is located on and shall be located no closer than five
(5) feet from any lot line, and no closer than ten
(10) feet from the lot line of an ""R-3"" or less intensive zoning district.
3. Height.
The principal support structure for communication towers shall be permitted to exceed the height limit of the zoning district that it is located within, provided that the setback standards of this
Section shall apply.
4. Security fences and walls.
A fence or wall not less than seven
(7) feet in height from finished grade shall be constructed around each communication tower, around each guy anchor or peripheral support and around any associated accessory building.
The fence or wall shall comply with the following standards;
a. Access to the tower shall be through a locked gate in the required fence or wall;
b. If the communications tower is adjacent to a residential zoning district or a lot occupied by a residential dwelling unit, the required fencing shall consist of a masonry wall or solid fence with trees and shrubs planted along the exterior of the fence or wall.
At least one
(1) tree and one
(1) shrub shall be required for each thirty
(30) linear feet of fence line; and c. If high voltage is necessary for the operation of the communication tower and it is present in a ground grid or in the tower, signage consistent with the National Electric Code will be required.
5. Airport approach paths.
Communication towers shall not encroach into or through any established public or private airport approach as established by the Federal Aviation Administration (FAA).
6. Removal of obsolete towers.
All obsolete or unused communication towers shall be removed within six
(6) months of cessation of use.
7. Electromagnetic radiation.
Communication towers shall comply with all applicable Federal Communication Commission (FCC) standards for non-ionizing electromagnetic radiation (NIER).
F. Compost Facility.
The following standards shall apply to all compost facilities:
1. Landscape buffer.
Compost facilities shall be subject to the landscape buffer standards of"
5,Article V Special Use Standards,Section 405.205 Special Use Standards.,sub-sec-5.1,https://ecode360.com/29242395,https://zoneomics.com/code/5578/chapter_5#5.1,True,2,"Section 405.230, provided that the decision-making body may require a greater buffer to protect adjacent property from adverse visual and/or other impacts associated with a specific compost facility.
2. Traffic circulation.
The operation shall provide entrances on arterial or collector streets only with ingress and egress so designed as to minimize traffic congestion.
No more than one
(1) vehicle entrance shall be allowed for each six hundred sixty (660) feet of lot frontage on a public street.
There shall be enough room on-site to accommodate peak traffic volume and company vehicles.
3. Storage bins.
Storage bins or trailers will be allowed to be stored on-site as an ancillary use, providing they are durable, covered and meet the same setbacks required for the structure on the site.
The bins shall be completely screened from view from off-site.
4. Setbacks.
Structures shall be set back at least one hundred
(100) feet from all lot lines and at least three hundred (300) feet from the lot line of ""R-2"" or less intensive property.
5. Hours of operation.
Uses shall not operate before sunrise or after sunset.
When located within one thousand (1,000) feet of ""R-2"" or less intensive zoning, the use shall not operate after
7:00 P.M. or before
8:00 A.M.
6. Paving.
All roads, driveways, parking lots and loading/unloading areas shall be graded and paved with an approved concrete or asphalt/concrete surface.
7. Stormwater management.
A stormwater management plan may be required at the discretion of the City Engineer.
8. Litter control.
The operation shall be continually attended by the owner/operator on days of operation to maintain the property in a clean, litter-free condition.
9. Hazardous material.
Operations shall not involve the on-site holding, storage or disposal of hazardous substances, except substances used for the operation of the facility such as fuel shall be subject to the operational performance standards of
Section 405.235.
10. Material.
No food scraps (except for vegetable scraps) or other vermin-attracting materials shall be processed, stored or disposed of on the site of a compost facility.
Only yard/garden wastes are allowed as compost material.
G. Convalescent Care.
At least seventy
(70) square feet of usable outdoor open space shall be provided for each patient bed.
This required open space may be designed to provide outdoor space for recreational activities or landscaped outdoor sitting areas.
H. Day Care (Limited, General And Commercial).
1. Day care, limited (4 — 6) children.
Limited day care uses shall be conducted in a dwelling unit that is occupied as a permanent residence by the day care provider.
The use will be considered a home occupation and be subject to the home occupation provisions of
Section 405.210(D).
An occupational license shall be required prior to the establishment of a limited day care.
2. Day care, general (7 — 10).
General day care uses shall be conducted in a dwelling unit that is occupied as a permanent residence by the day care provider.
a. State licensing.
General day care uses shall be licensed by the State of Missouri and shall meet all City, County and State Health Department requirements pertaining to facilities, equipment and other features.
Overlap care for up to three
(3) persons shall be allowed if approved as part of the license issued by the State.
b. Residential districts.
In the ""R-3"" and more restrictive districts, general day care uses shall be conducted in a dwelling unit that is occupied as a permanent residence by the licensed day care provider.
c. Occupational license.
An occupational license shall be required prior to the establishment of a general day care.
d. Conditional use permit.
In those instances that a conditional use permit is required, the initial conditional use permit shall be issued for a period not to exceed one
(1) year.
The conditional use permit may be renewed if the operator applies for renewal before the active permit expires.
3. Day care, commercial.
a. State licensing.
Commercial day care uses shall be licensed by the State of Missouri and shall meet all City, County and State Health Department requirements pertaining to facilities, equipment and other features.
b. Occupational license.
An occupational license shall be required prior to the establishment of a commercial day care.
c. Vehicle drop-off area.
A loading zone capable of holding one
(1) car per ten
(10) licensed occupants shall be provided in addition to the required parking area in order to provide for easy pickup and discharge of passengers.
I. Golf Courses.
1. Location of restaurants.
Facilities such as restaurants and bars shall be allowed when an integral part of a principal clubhouse building, provided that restaurant signage not exceed six
(6) feet in height and is not illuminated.
2. Location of recreation facilities.
Buildings, swimming pools, tennis courts and similar recreational facilities shall be set back at least twenty-five
(25) feet from the property line of any ""R-2"" or less intensive district.
J. Group Home (Limited Or General).
Group homes shall be subject to the following standards only when located in an ""R-3"" or more restrictive district.
1. Spacing.
A group home to be located within a residential zoning district shall not be located within one thousand three hundred twenty (1,320) feet of another group home, measured as the shortest distance between any portion of the structure where persons reside.
2. Exterior appearance.
There shall be no alteration of the exterior of the group home that shall change the character thereof as a single-family residence if it is in an ""R-2"" or more restrictive district.
There shall be no alteration of the property where the group home is located that will change the character thereof as property within a single-family dwelling district if it is in an ""R-2"" or more restrictive district.
3. Neighborhood character.
A group home constructed in an ""A-1"", ""R-1"" or ""R-2"" District shall be constructed to be compatible with the architectural character of the neighborhood that it is located.
K. Hospitals And Charitable Institutions.
Hospitals and charitable institutions shall provide entrances on arterial or collector streets only with ingress and egress so designed as to minimize traffic congestion.
L. Landfills And Mining And Quarrying.
Landfills and mining and quarrying uses shall be subject to the following standards:
1. Minimum site area.
In the ""A-1"" District, the uses shall require a minimum site area of thirty-five
(35) acres.
2. Entrances.
There shall be no more than one
(1) entranceway from a public street for each six hundred sixty (660) feet of street frontage."
5,Article V Special Use Standards,Section 405.205 Special Use Standards.,sub-sec-5.1,https://ecode360.com/29242395,https://zoneomics.com/code/5578/chapter_5#5.1,True,3,"Total entranceways from any one
(1) public street shall not exceed two (2).
A traffic report shall be required.
3. Hours of operation.
Uses shall not operate before sunrise or after sunset if located within one thousand (1,000) feet of ""R-2"" or less intensive property.
4. Separation from residential.
No digging or excavating shall occur within one hundred
(100) feet of any lot line or within three hundred (300) feet of the lot line of ""R-3"" or less intensive property.
5. Paving.
All roads, driveways, parking lots and loading and unloading areas within five hundred (500) feet of any lot line shall be graded and paved with an approved concrete or asphalt/concrete surface as to limit adjoining lots and public roads the nuisance caused by wind-borne dust.
6. Slopes.
The slope of material in any excavation shall not exceed the normal angle of repose or fifty-five degrees (55°), whichever is less.
7. Buffers and fences.
When any open excavation will have a depth of ten
(10) feet or more and create a slope of more than thirty degrees (30°), there shall be erected a fence of not less than six
(6) feet in height with suitable gates where necessary effectively blocking access to the area that such excavation is located.
Such fences shall not be located fifty
(50) feet or more from the edge of the excavation.
Fences shall be adequate to prevent trespass and shall contain warning signs spaced no more than one hundred
(100) feet apart to be visible along the entire length of said fences.
A buffer shall be provided around the site in accordance with the standards of
Section 405.230.
8. Stormwater management.
A stormwater management plan shall be required.
9. Site restoration.
The following restoration requirements shall apply to all excavation uses, provided that landfills shall instead be subject to State and Federal requirements.
a. Restoration plan.
Before approval of a conditional use permit for an excavation use, the operator shall submit to the Zoning Officer a detailed plan for restoration of the site, including information on the anticipated future use of the restored land, existing and proposed final contours with an interval of no more than five
(5) feet.
The plan shall include type and number per acre of trees or shrubs to be planted and the location of future roads, drives, drainage courses or other improvements contemplated.
The restoration plans shall be filed with and approved by the Planning and Zoning Commission before quarrying or removal operations begin.
The plans shall be prepared by a soil or geological engineer.
b. Bonds.
Before issuance of any conditional use permit, the owner shall execute a bond sufficient to ensure restoration of the site in accordance with the approved restoration plan.
Such bonds shall also be approved by the Planning and Zoning Commission as to form, sufficiency and manner of execution and shall run for the same term as the term of the conditional use permit and any renewals.
c. Water quality.
In restoration, no filling operations shall be permitted that will likely result in contamination of ground or surface water, or soils, through seepage of liquid or solid waste or that will likely result in the seepage of gases into surface or subsurface water or into the atmosphere.
d. Appearance.
The restoration plan shall provide that all areas within any single development be rehabilitated progressively as they are worked out or abandoned to a condition of being entirely lacking in hazards, inconspicuous and blended with the general surrounding ground form so as to appear reasonably natural or they shall be restored pursuant to an approved restoration plan.
e. Top soil and fills.
Where topsoil is removed, sufficient arable soil shall be set aside for reclamation of the premises and shall be respread over the premises after the operation.
The area shall be brought to final grade by a layer of earth of two
(2) feet or original thickness, whichever is less, capable of supporting vegetation.
The area shall be seeded or sodded in a manner approved by the Planning and Zoning Commission.
Fill shall be of a suitable material approved by the Planning and Zoning Commission.
f. City, County, State and Federal standards.
All operations shall be licensed if required, have proper permits from the Missouri Department of Natural Resources and shall meet all City, County and Federal Health Department requirements pertaining to facilities, equipment and other features.
M. Manufactured Housing Development.
Manufactured housing units shall be located only in manufactured housing subdivisions that comply with the following standards.
1. Property development standards.
a. Minimum subdivision area.
Five
(5) acres;
b. Maximum density.
In accordance with applicable district regulations; and c. Minimum perimeter setbacks.
In accordance with applicable district regulations.
2. Streets.
Private streets shall be permitted within manufactured housing subdivisions, provided that they comply with all design standards for public improvements of the City of Oak Grove.
Street signs that comply with all applicable City standards shall be provided by the developer.
3. Parking.
A minimum of two
(2) exterior off-street parking spaces shall be provided for each dwelling unit within the manufactured housing subdivision.
Head-in parking bays may be permitted on private streets but shall be limited to cul-de-sac bays or other local street where fast-moving traffic will not be a hazard.
All common parking areas shall be paved in accordance with City standards, including parking spaces on individual manufactured housing spaces.
4. Recreation and open space.
If a recreation and open space is designated, it should meet open space requirements of the underlying district.
However if the recreation and open space is proposed as part of a planned unit development, then at least five hundred (500) square feet of common recreation and open space shall be provided per manufactured housing site in the manufactured housing subdivision.
Such recreation and open space area shall be located no further than five hundred (500) feet from any manufactured housing site served.
Streets, sidewalks, parking areas and accessory buildings are not to be included as recreation space in computing the necessary area.
5. Walkways.
Walkways shall be required on both sides of all interior streets and accessways and shall provide connections between manufactured housing units and common areas such as recreational areas and laundry facilities.
Walkways shall not be less than four
(4) feet in width and shall meet the design and construction requirements of the City of Oak Grove.
6. Water supply."
5,Article V Special Use Standards,Section 405.205 Special Use Standards.,sub-sec-5.1,https://ecode360.com/29242395,https://zoneomics.com/code/5578/chapter_5#5.1,True,4,"All manufactured housing subdivisions shall be connected to a public water supply.
The individual water service connections shall be provided at each manufactured housing space and the size, location and installation of water lines shall be in accordance with the requirements of the City's adopted Plumbing Code and other applicable laws.
7. Sewage disposal.
Individual sewer connections shall be provided for each manufactured housing subdivision and shall be installed in accordance with the City's adopted Plumbing Code and other applicable laws.
All manufactured housing subdivisions shall be connected to a public sewer system.
8. Storm drainage facilities.
Drainage facilities shall be so constructed as to protect those that will reside in the manufactured housing subdivision, as well as the property owners adjacent to the manufactured housing subdivision.
Such facilities shall be of such capacity to insure rapid drainage and prevent the accumulation of stagnant pools of water in or adjacent to the subdivision and shall comply with all applicable City standards.
9. Underground utilities.
All electric, telephone and other lines within or to each manufactured housing site shall be underground.
10. Fire protection.
Manufactured housing subdivisions shall be equipped at all times with fire extinguishing equipment in good working order of such type, size and number and so located within the park to satisfy regulations of the State Fire Marshall and the District Fire Chief.
11. Flammable liquid storage.
The use of individual fuel oil or propane gas storage tanks to supply each manufactured housing unit separately shall be prohibited.
Any fuel oil or gas storage shall be centrally located in underground tanks at a safe distance from any manufactured housing site.
All fuel lines leading to the park and to manufactured housing sites shall be underground and so designed as to conform to the City Building Code and any State codes that are applicable.
When separate meters are installed, each shall be located in a uniform manner.
12. Solid waste.
All garbage and trash containers shall be placed in a conveniently located, similarly designed and enclosed structure.
The removal of trash shall take place not less than once a week.
Individual incinerators shall be prohibited.
13. Landscaping.
A landscape buffer that complies with the standards of
Article VI,
Section 405.230 of the Zoning Code shall be provided and maintained along all boundaries of a manufactured housing subdivision except at established entrances and exits.
14. Emergency warning system.
A fee for each unit shall be assessed for the creation and maintenance of an emergency warning system.
15. Storm shelters.
Any manufactured housing subdivision with more than twelve
(12) units must provide a storm shelter designed to national standards and with a capacity equal to at least seventy-five percent (75%) of the units within the development.
N. Mobile Home Development.
Mobile homes shall be located only in mobile home parks that comply with the following standards.
1. Property development standards.
a. Minimum park area.
Five
(5) acres;
b. Maximum density.
Seven
(7) dwelling units per acre; and c. Minimum perimeter setbacks.
Twenty
(20) feet; thirty
(30) feet when adjacent to rights-of-way and ""R-2"" or less intensive districts.
2. Streets.
Private streets shall be permitted within mobile home parks, provided that they comply with the design standards of the City of Oak Grove.
Street signs that comply with all applicable City standards shall be provided.
3. Parking.
A minimum of two
(2) exterior off-street parking spaces shall be provided for each dwelling unit within the mobile home park.
Head-in parking bays may be permitted on private streets but shall be limited to cul-de-sac bays or other local street where fast-moving traffic will not be a hazard.
All common parking areas shall be paved in accordance with City standards, including parking spaces on individual mobile home spaces.
4. Recreation and open space.
If a recreation and open space is designated, it should meet open space requirements of the underlying district.
However if the recreation and open space is proposed as part of a planned unit development, then at least five hundred (500) square feet of common recreation and open space shall be provided per mobile home site in a mobile home park.
Such recreation and open space area shall be located no further than five hundred (500) feet from any mobile home site served.
Streets, sidewalks, parking areas and accessory buildings are not to be included as recreation space in computing the necessary area.
5. Walkways.
Walkways shall be required on both sides of all interior streets and accessways and shall provide connections between mobile home units and common areas such as recreational areas and laundry facilities.
Walkways shall not be less than four
(4) feet in width and shall meet the design and construction requirements of the City of Oak Grove.
6. Water supply.
All mobile home parks shall be connected to a public water supply.
The individual water service connections shall be provided at each mobile home space and the size, location and installation of water lines shall be in accordance with the requirements of the adopted City's Plumbing Code and any other applicable codes.
7. Sewage disposal.
Individual sewer connections shall be provided for each mobile home park and shall be installed in accordance with the adopted City's Plumbing Code and any other applicable laws.
All mobile home parks shall be connected to a public sewer system.
8. Storm drainage facilities.
Drainage facilities shall be so constructed as to protect those that will reside in the mobile home park, as well as the property owners adjacent to the mobile home park.
Such facilities shall be of such capacity to insure rapid drainage and prevent the accumulation of stagnant pools of water in or adjacent to the park and shall comply with all applicable City standards.
9. Underground utilities.
All electric, telephone and other lines within or to each mobile home site shall be underground.
10. Fire protection.
Mobile home parks shall be equipped at all times with fire extinguishing equipment in good working order of such type, size and number and so located within the park to satisfy regulations of the State Fire Marshall and the District Fire Chief.
11. Flammable liquid storage.
The use of individual fuel oil or propane gas storage tanks to supply each mobile home unit separately shall be prohibited.
Any fuel oil or gas storage shall be centrally located in underground tanks at a safe distance from any mobile home site."
5,Article V Special Use Standards,Section 405.205 Special Use Standards.,sub-sec-5.1,https://ecode360.com/29242395,https://zoneomics.com/code/5578/chapter_5#5.1,True,5,"All fuel lines leading to park and to mobile home sites shall be underground and so designed as to conform to the City Building Code and any State codes that are applicable.
When separate meters are installed, each shall be located in a uniform manner.
12. Solid waste.
All garbage and trash containers shall be placed in a conveniently located, similarly designed, enclosed structure.
The removal of trash shall take place not less than once a week.
Individual incinerators shall be prohibited.
13. Landscaping, fencing and screening.
A landscape buffer that complies with the standards of
Article VI, General Development Standards,
Section 405.230 Landscaping and Buffering of this Zoning Code shall be provided and maintained along all boundaries of a mobile home park except at established entrances and exits.
14. Mobile home spaces within mobile home parks.
Individual mobile home units within mobile home parks shall comply with the standards in this Section.
a. Minimum size of mobile home space.
Each mobile home space within a mobile home subdivision shall contain at least three thousand (3,000) square feet of site area and be at least forty
(40) feet in width.
b. Access.
Each space shall have access to a paved interior roadway.
In no case shall access to mobile home spaces be provided from abutting property.
c. Clearance.
Each space shall be located so that at least ten
(10) feet of clearance will be maintained between mobile home units and other structures in the subdivision.
d. Setbacks.
Mobile home units shall be located at least fifty
(50) feet away from the centerline of interior streets and accessways.
Mobile home units shall also comply with the perimeter setbacks of
Section 405.205(N)(1) of this Zoning Code.
e. Skirting.
Uniform skirting of each mobile home base shall be required within thirty
(30) days of placement of the mobile home unit.
Such skirting shall match the predominant color of the unit and be of twenty-six
(26) gauge solid sheet metal, aluminum or other non-corrosive metal or material of equal strength and so constructed and attached to this mobile home unit so as to deter and prevent entry of rodents and insects.
f. Stands.
Each mobile home site shall be provided with a stand consisting of a solid concrete pad not less than four
(4) inches thick and not more or less than the length and width of the mobile home to be placed upon it.
This pad shall be so constructed, graded and placed to be durable and adequate for the support of the maximum anticipated load during all seasons.
g. Tie-downs.
Each mobile home unit shall be supported on uniform jacks or locks and tied down as required by the City Code and State law.
h. Outdoor patio.
An all-weather hard surfaced outdoor patio area of not less than one hundred eighty (180) square feet shall be provided at each mobile home site, conveniently located to the entrance of the mobile home and appropriately related to open areas of the lot and other facilities to provide suitable outdoor living space to supplement the limited interior spaces of a mobile home.
This area shall not be used for the parking of vehicles or as a substitute for required parking areas.
i. Canopies and awnings.
Canopies and awnings may be attached to any mobile home unit.
If enclosed and used for recreation, living or storage purposes, such use shall be considered as part of the manufactured home and a permit issued by the Codes Administrator required
j. Utility hookup.
Each space shall have hookup facilities for water, sewer, electricity, telephone and cable TV service.
All occupied mobile homes shall have and use sanitary facilities contained wholly within the mobile home.
15. Storm shelters.
Any mobile home subdivision with more than twelve
(12) units must provide a storm shelter designed to national standards and with a capacity equal to at least seventy-five percent (75%) of the units within the development.
O. Multi-Family.
Multi-family development shall be subject to the following design guidelines and standards when located as the only use in a residential district.
See
Section 405.205(X) when multi-family development is located in the ""C-2"" District.
1. Site plan and design review.
Multi-family development shall be subject to site plan and design review in accordance with the procedures of
Section 405.100.
2. Natural features and environment.
Each site should be designed to preserve natural features and environmental resources, such as:
a. Flood plains and drainage ways;
b. Bodies of water; c. Prominent ridges and rock ledges; and d. Existing tree cover including tree masses, windrows and significant individual trees.
3. Cut and fill.
Excessive cut and fill are unacceptable.
The site plan should preserve the natural topography of the site and meet the Uniform Building Code.
4. Storm drainage facilities.
Drainage facilities shall be so constructed as to protect those that will reside in the multi-family development, as well as the property owners adjacent to the multi-family development.
Such facilities shall be of such capacity to insure rapid drainage and prevent the accumulation of stagnant pools of water in or adjacent to the park and shall comply with all applicable City standards.
5. Building separation.
All buildings shall be separated by a minimum distance of fifteen
(15) feet.
6. Lot coverage.
Each site plan should be designed to reflect unique site characteristics and strong neighborhood environments without overcrowding the site.
7. Access.
All multi-family residential developments must have direct vehicular access to collector, arterial or higher classification streets.
Multi-family residential development shall not take access to local streets.
8. Open space.
Open space should be provided to meet active and passive use requirements of the neighborhood.
a. At least ten percent (10%) of the total site area shall be set aside as common open space.
The common open space area shall be suitable for active or passive recreational use.
Common open space areas should be centrally placed within the neighborhood.
Common open space may include pools, tennis courts and tot lots.
Common open space may not be counted toward nor located in required zoning district setbacks.
b. In addition to the requirements of paragraph (a) above, a minimum of sixty
(60) square feet of private open space shall be provided for each ground level dwelling unit and each dwelling unit that is accessible from a walkout basement.
Private areas should allow only limited access and be enclosed to ensure privacy.
Private areas typically include yards, balconies and patios.
9. Building clustering."
5,Article V Special Use Standards,Section 405.205 Special Use Standards.,sub-sec-5.1,https://ecode360.com/29242395,https://zoneomics.com/code/5578/chapter_5#5.1,True,6,"Unusable and unassigned open space surrounding buildings should be reduced by clustering buildings.
Buildings should be clustered around a central common area and not have the primary orientation directed toward the parking area.
10. Building orientation.
a. Individual buildings.
Individual buildings should be oriented in a way that establishes neighborhoods and subneighborhoods.
b. Reduction of unusable open space.
Unusable open space should be reduced through building orientation, the use of low walls, fencing, landscaping and entry design.
11. Vehicular circulation and parking.
a. Street layout.
The layout of streets should provide for safe operation of vehicles within the neighborhood.
Excessively straight and wide streets encourage high speed traffic and should be avoided.
Curvilinear designs, reduced street widths and cul-de-sacs create stronger neighborhood environments.
b. Parking area layout.
Double loaded parking areas along private streets or drives are generally not acceptable.
Parking areas should be clustered and separated from the street.
c. Parking enclosures.
Parking enclosures should be designed and sited so as to complement the primary structures and to provide visual relief from extensive pavement areas.
12. Pedestrian circulation.
a. Pedestrian linkages.
Pedestrian circulation systems (sidewalks, walkways and paths) shall be located and designed to provide physical separation from vehicles along all public and private streets and within any parking area.
b. Pedestrian access should be designed to provide reasonable linkages of dwelling units to neighborhood facilities such as recreation, services, mail and parking.
c. Landscaping details.
Pedestrian systems should incorporate landscaping details to increase the visual interest and character of the neighborhood.
13. Landscaping.
Landscaping should be designed in sufficient form, quantity and location to reduce, to the greatest extent possible, negative impacts affecting the site and adjacent properties and to increase the sense of neighborhood scale, character and identity.
All landscape and buffer areas must conform to the requirements of
Section 405.230.
14. Architectural design.
The architecture of multi-family housing is a key element in determining the character of a neighborhood.
The architecture should create a strong feeling of identity through design principles of scale, harmony, rhythm and balance.
a. Elongated sites with rectangular, double-loaded building footprints should be avoided.
These designs typically lack interest and fail to create a strong sense of neighborhood.
b. The architectural design of each unit or building should impart a feeling of neighborhood scale.
Units should be designed with vertical and horizontal offsets to break up roof lines, define private outdoor areas, allow greater views and admit light and air to unit interiors.
Large, blank wall surfaces should be avoided.
Windows and projecting wall surfaces should be used to break up larger wall surfaces and establish visual interest.
c. The same level of architectural design and quality of materials should be applied to all sides of the building.
The side and rear elevations, garages, carports and all accessory structures should maintain the same level of design, aesthetic quality and architectural compatibility.
d. Screening from the street of all outdoor refuse areas, ground-mounted mechanical equipment, utilities and banks of meters shall be provided.
The screening of these items is to be architecturally compatible with major building components and may include landscaping.
P. Recreation And Entertainment, Outdoor.
Outdoor recreation and entertainment uses shall be located on arterials or collectors.
Activity areas available to the public shall be located at least two hundred (200) feet from any adjacent ""R-2"" or less intensive district.
Q. Religious Assembly.
1. Entrances.
Any lot containing a religious assembly use shall have direct access to a collector or arterial street.
2. Utilities.
All utilities shall be located underground.
3. Bus parking.
Any parking area used for the overnight parking of buses and vehicles shall be located at least one hundred
(100) feet from the lot line of a lot zoned ""R-1"" or less intensive.
Any such parking area shall be screened from view of adjacent ""R-1"" and less intensive districts by a landscape buffer that complies with the standards of
Section 405.230.
R. Salvage Yards.
The following standards shall apply to salvage yards, scrap and waste material storage yards, auto wrecking and junk yards.
1. Separation from residential.
No salvage yard shall be located within five hundred (500) feet of an ""R-3"" or less intensive district.
2. Screening.
The operation shall be conducted wholly within a non-combustible building or within an area surrounded on all sides by a fence or wall at least eight
(8) feet in height.
The fence or wall shall be of a uniform height, uniform texture and color and shall be so maintained by the proprietor as to insure maximum safety to the public, obscure the materials from normal view of the public, and preserve the general welfare of the neighborhood.
The fence or wall shall be installed in a way that retains all scrap, junk or other materials within the yard.
No scrap, junk or other salvaged materials may exceed the height of this enclosing fence or wall.
Fences or walls shall not be required in those instances where complete visual screening of the operation is already in place by way of natural or human-made features.
3. Loading/unloading.
No material shall be loaded, unloaded or otherwise placed either temporarily or permanently outside the enclosed building, fence or wall or within the public right-of-way.
S. Single-Family Attached.
Single-family attached development shall be subject to the standards of the underlying zoning district, as modified by the following standards, when located as the only use in a residential district.
See
Section 405.205(X) when single-family development is located in the ""C-2"" District.
1. Lot width.
Each single-family attached dwelling unit shall be located on an individual lot having a minimum width of fifty
(50) feet.
2. Building coverage.
Single-family attached dwelling units shall be exempt from the building coverage standards of the underlying zoning district.
3. Setbacks.
No interior side setback shall be required on the ""attached"" side of a lot containing a single-family attached dwelling unit.
The interior setback standards of the underlying zoning district shall apply to ""end"" units in a single-family attached development.
End units are those that are attached to other dwelling units only on one
(1) side."
5,Article V Special Use Standards,Section 405.205 Special Use Standards.,sub-sec-5.1,https://ecode360.com/29242395,https://zoneomics.com/code/5578/chapter_5#5.1,True,7,"T. Solid Waste Collection/Processing Facilities.
The following standards shall apply to solid waste collection/processing facilities.
1. Screening.
The operation shall be conducted wholly within a non-combustible building or within an area surrounded on all sides by a fence or wall at least eight
(8) feet in height.
The fence or wall shall be of uniform height, uniform texture and color and shall be so maintained by the proprietor as to insure maximum safety to the public, obscure the materials from normal view of the public, and preserve the general welfare of the neighborhood.
The fence or wall shall be installed in a way that retains all scrap or other materials within the yard.
No scrap or other salvaged materials may exceed the height of this enclosing fence or wall.
Fences or walls shall not be required in those instances where complete visual screening of the operation is already in place by way of natural or human-made features.
2. Traffic circulation.
The operation shall provide entrances on arterial or collector streets only with ingress and egress so designed as to minimize traffic congestion.
There shall be enough room on-site to accommodate peak traffic volume and company vehicles.
A traffic analysis shall be required.
3. Storage bins.
Storage bins or trailers will be allowed to be stored on-site as ancillary use, provided they are durable, covered and meet the same setbacks required for the structure on the site.
The bins shall be screened from view off-site as part of the operation.
4. Loading/unloading.
No solid waste or other materials shall be loaded, unloaded or otherwise placed either temporarily or permanently outside an enclosed building, fence or visually screened area or within the public right-of-way, except the use of storage bins placed on the outside of an enclosed building for recycling.
The operation shall be attended on days of operation to maintain the property in a clean, litter-free condition.
5. Separation from residential.
No structures shall be located within five hundred (500) feet of ""R-3"" or less intensive property.
6. Hours of operation.
Uses shall not operate before sunrise or after sunset if located within one thousand (1,000) feet of ""R-3"" or less intensive zoning.
7. Paving.
All roads, driveways, parking lots and loading/unloading areas shall be graded and paved with an approved concrete or asphalt/concrete surface.
8. Stormwater management.
A stormwater management plan may be required at the discretion of the City Engineer.
9. Other regulations.
All operations shall be licensed if required, have proper permits from the Missouri Department of Natural Resources and shall meet all City, County, State and Federal Health Department requirements pertaining to facilities, equipment and other features.
10. Time limit and renewal of conditional use permit.
The conditional use permit shall be effective for one
(1) year, at that time it may be renewed in accordance with procedures applicable to the original approval.
If renewed, a new time limit on the conditional use permit shall be established at the public hearing.
The conditional use permit shall be revoked if it is determined by the Zoning Officer that the use is creating a nuisance for nearby residents or businesses or is failing to comply with the conditions imposed on the operation.
U. Transitional Living Centers.
Transitional living centers shall be subject to the following standards.
1. Size.
No more than ten
(10) persons, including staff, shall reside in the center at one time.
2. Separation.
No transitional living center shall be located within one thousand five hundred (1,500) feet of any other transitional living center or substance abuse treatment facility, nor shall a transitional living center be located within three hundred (300) feet of any religious assembly, school, park, licensed child care facility or ""R-3"" or less intensive property.
V. Vehicle/Equipment Sales, Vehicle/Equipment Storage Yards and Vehicle Repair (General).
All vehicle and equipment storage areas and parking areas must be hard-surfaced (with asphalt or concrete), dust-free and landscaped in accordance with
Section 405.215(K).
Storage areas for vehicles parked and displayed for sale, storage or repair located adjacent to SW 1st Street covered with gravel or other approved material prior to January 1, 2019, may continue to be covered with gravel or other approved material rather than hard-surfaced subject to such conditions that may be imposed pursuant to the issuance of a conditional use permit, including, but not limited to, requirements for a minimum base material and depth to ensure the area is sufficient to support the storage of such vehicles and equipment and requirements necessary to reduce dust that may result from the use of gravel or other approved material rather than a hard surface.
Storage areas for such vehicles and equipment parked and displayed for sale shall not be subject to screening requirements for District M-1 in
Section 405.185.
W. Service Station, Automotive And Vehicle Repair (Limited).
The following regulations shall apply to all automotive service stations, vehicle repair (limited) uses and other businesses that sell gasoline or diesel fuel and are not a ""truck stop service station"".
1. A traffic study shall be required for all automotive service stations that derive access from an arterial street or from a major collector where the nearest driveway is within five hundred (500) feet of an arterial street.
The person preparing the report must be a registered engineer qualified to do traffic analyses.
The cost of the study shall be borne by the applicant.
The traffic study shall address potential external and internal concerns, and the conditional use shall not be granted unless all traffic concerns are adequately addressed to promote safety and reasonable traffic flow.
2. If the applicant intends to remain open for business past
10:00 P.M., the City may require that the buffer type to be located between the business and any residentially zoned property shall be a ""Buffer D"" as set forth in
Section 405.230 if vehicle headlights from any customer's vehicles entering, parking, standing or exiting would shine onto the residentially zoned property.
3. If the site cannot be screened from residential property such that vehicle headlights will not shine on to residentially zoned property, the hours of operation may be restricted to preclude operation between the hours of
10:00 P.M. and
6:00 A.M., or any portion thereof as determined by the Planning Commission."
5,Article V Special Use Standards,Section 405.205 Special Use Standards.,sub-sec-5.1,https://ecode360.com/29242395,https://zoneomics.com/code/5578/chapter_5#5.1,True,8,"4. Applicants shall indicate whether said business will sell alcoholic beverages, maintain video games for use by customers, sell prepared food for consumption on the premises or off the premises, provide car washing services, perform mechanical repairs on motor vehicles and/or provide an automatic teller machine or sell grocery type items.
The conditional use granted shall specify whether or not the business is authorized to perform any or all of these functions.
In evaluating the conditional use pursuant to
Section 405.095 of this Unified Development Code, the impact of any and all of the foregoing items on the surrounding area or its development may be considered.
When parking is calculated for such a business, all of the various types of operations combined within that business shall be considered to assure that adequate parking is provided.
5. The design, location, colors and screening of the gas pumps shall be such that they are compatible with the design of the building.
X. Accessory Residential In Downtown Commercial District.
1. Conditions.
Residential/commercial shall include, but not be limited to, the following:
a. Residential uses shall be located on the second (2nd) floor or above;
b. Separate outside entrances to first (1st) and second (2nd) floor.
2. Site design review.
a. A site plan meeting the requirements of
Section 405.100 of this Unified Development Code shall be submitted and approved.
b. A landscape plan meeting the requirements of
Section 405.230 shall be submitted and approved.
c. All structures in the ""C-2"" District shall be constructed using materials, surface textures and colors similar in nature to surrounding development.
Considerations shall be given to scale, orientation and proportion of surrounding development.
Design review shall be performed as part of the site plan review required by the Zoning Officer.
d. Lighting shall be designed to reflect away from any adjacent or nearby residential area and in accordance with
Section 405.250.
3. Parking.
a. A minimum of two
(2) exterior off-street parking spaces shall be provided for each dwelling unit.
b. All common parking areas shall be paved in accordance with City standards.
4. Architectural regulations.
a. The architecture of accessory residential designed structures within the ""C-2"" Commercial District is a key element of determining the character of the neighboring area.
In order to create a strong feeling of identity customarily associated with early twentieth century downtown shopping squares, the regulations should encourage the use of compatible materials and scale, as well as design principles of harmony, rhythm, balance, texture and color.
For example, blank walls should be avoided on the frontage portion of the structure.
Roof lines, window and door treatments and arrangements shall reasonably blend with the surrounding area.
b. Residential/commercial structures shall include, but not be limited to, the following:
(1) The exterior appearance of the building must convey the same level of design, aesthetic quality and architectural compatibility.
(2) Elevations shall maintain aesthetic quality and architectural compatibility as determined through
Section 405.100.
Y. Retail Sales On ""C-1"", ""C-2"", ""C-3"", ""M-1"", Or ""M-2"" Property Used As Residential.
For all properties located in a ""C-1"", ""C-2"", ""C-3"", ""M-1"", or ""M-2"" zoning district which contain a building used as a dwelling; dwelling, multi-family; dwelling, patio-court home; dwelling, single-family, attached; dwelling, single-family, detached; or dwelling, town house; and on which there is the outdoor display, storage, or sale of merchandise, the outdoor display, storage, or sale of merchandise shall be allowed on no more than four
(4) days in any calendar year and shall coincide with City-wide organized outdoor sales events.
Z. Clubs — Under
21.
1. Defined.
A place for dancing and/or entertainment, which does not serve alcohol to its patrons and which caters to young adults under the age of twenty-one
(21) years, including minors under the age of eighteen
(18) years.
2. Separation from other uses.
In order to minimize the effect that music or entertainment from an Under 21 Club may have on adjacent property, no Under 21 Club shall be located within five hundred (500) feet of any residential-zoned lot.
This separation distance shall be measured as a straight line, without regard to intervening properties, from the nearest exterior wall of the Under 21 Club to the nearest lot line containing the residential-zoned lot.
3. Standards for approval.
Special uses may be approved by action of the Board of Aldermen after recommendation from the Planning Commission using the procedures and standards set forth in
Section 405.095. Further, in considering any application for a conditional use permit, the Planning Commission and the Board of Aldermen may give consideration to the criteria listed in
Section 405.075(K), to the extent the criteria is pertinent to the particular application.
4. Conditions of approval.
The conditions of approval, which include, but are not limited to, the following, shall apply during the operation of the Under 21 Club:
a. Loitering or the creation of a public nuisance or disturbance of the peace by any patron of the Under 21 Club on the premises or in the immediate vicinity of the Under 21 Club shall be prohibited.
Loitering shall not include walking between the Under 21 Club building and the patron's vehicle, nor shall it include the act of waiting in line to gain admission to the club as long as the patrons are not creating a public nuisance or disturbing the peace while waiting in line.
b. The premises shall be kept free from litter resulting from the operation of the Under 21 Club.
c. No controlled substances shall be offered for sale or consumed on the premises.
d. The premises shall be illuminated adequately to ensure the safety of the public.
e. The business shall remove, or have removed, from the premises any person who is or appears to be under the influence or affected by the use of alcohol and/or drugs, or whose conduct poses a physical danger to the safety of others present.
f. The business shall comply with all applicable local, State, and Federal laws and regulations.
g. The business shall enter into and maintain sufficient off-street parking pursuant to
Sections 405.215 through
405.220 of the Unified Development Code.
Failure to maintain the minimum number of parking spaces at any time during the period of time the conditional use permit is effective shall result in immediate revocation of the right to utilize the property as an Under 21 Club.
AA.
Short-Term Loan Service.
1. Separation from other uses."
5,Article V Special Use Standards,Section 405.205 Special Use Standards.,sub-sec-5.1,https://ecode360.com/29242395,https://zoneomics.com/code/5578/chapter_5#5.1,True,9,"No short-term loan service establishment shall be allowed to locate or expand within two hundred (200) feet of any ""R-1"", ""R-2"", or ""R-3"" zoned lot or within two thousand five hundred (2,500) feet of any school, elementary, middle or high or parks and recreation use as those terms are defined in
Section 405.500. This separation distance shall be measured as a straight line, without regard to intervening properties, from the nearest exterior wall of the short-term loan service establishment to the nearest lot line of the lot that is zoned ""R-1"", ""R-2"", or ""R-3"" or that contains the school, elementary, middle or high or parks and recreation use.
2. Separation from other short-term loan service.
No short-term loan service establishment shall be allowed to locate or expand within one thousand (1,000) feet of any other short-term loan service use.
This separation distance shall be measured as a straight line, without regard to intervening properties, from the nearest exterior wall of the short-term loan service establishment to the nearest lot line of the lot that contains the other short-term loan service.
3. Separation from City limits.
No short-term loan service establishment shall be allowed to locate or expand within one thousand (1,000) feet of City of Oak Grove boundary lines.
This separation distance shall be measured as a straight line, without regard to intervening properties, from the nearest exterior wall of the short-term loan service establishment to the nearest City limits boundary line.
4. Limitation on number.
Not more than one
(1) conditional use permit for a short-term loan service shall be issued per each increment of five thousand (5,000) persons that make up the population of the City of Oak Grove.
This limitation shall be measured to allow the first (1st) conditional use permit for a short-term loan service to be issued after the City exceeds five thousand (5,000) persons, and each additional conditional use permit for a short-term loan service may only be issued when the City exceeds the next respective five thousand (5,000) person increment.
The population of the City, for the purpose of this Section, shall be determined by the most recent decennial census of the United States.
5. Conditional use permit.
Short-term loan service establishments shall not be permitted without a conditional use permit pursuant to
Section 405.095. BB.
Massage Establishments, Bathhouses, Modeling Studios, Body Painting, Tattoo Parlors And Body Piercing.
Special uses may be approved by action of the Board of Aldermen after recommendation from the Planning Commission using the procedures and standards set forth in
Section 405.095. Further, in considering any application for a conditional use permit, the Planning Commission and the Board of Aldermen may give consideration to the criteria listed in
Section 405.075(K) to the extent the criteria is pertinent to the particular application.
CC.
Recreational Vehicle Park.
Recreational vehicle parks shall be subject to the following standards:
1. Property development standards.
a. Minimum park area:
Two
(2) acres;
b. Maximum density:
One
(1) recreational vehicle space per each one thousand (1,000) square feet of land area; and c. Minimum perimeter setbacks.
The following setback requirements for pads and other permanent improvements shall apply:
(1) Five
(5) feet from an interior private street;
(2) Twenty
(20) feet from the park boundary.
2. Streets.
Interior private streets shall observe the following minimums:
a. Twelve
(12) feet of width per each travel lane and eight
(8) feet of width per each parking lane.
b. Improvement with approved hard surface in accordance with the specifications of the City Engineer.
In addition all streets shall be well drained and continuously maintained in operable condition.
Interior private streets that have not been improved with approved hard surface treatment as of January 1, 2015, may remain unimproved; provided that at such time thereafter the recreational vehicle Park is expanded in size, all interior private streets shall be improved as provided herein.
3. Parking.
A minimum of one
(1) off-street parking space shall be required for each recreational vehicle space.
It shall be located within the recreational vehicle space.
In addition, one
(1) off-street parking space per each three
(3) recreational vehicle spaces shall be required for guest parking.
The guest parking spaces shall be grouped and distributed evenly throughout the park.
The spaces shall meet the size and access requirements in
Section 405.215 Off-Street Parking and Loading Standards.
Recreational vehicle spaces shall not be required to be improved with any hard surface (bituminous surface treatment, asphalt, concrete, etc.)
but shall at a minimum be covered with gravel.
4. Recreation and open space.
No less than eight percent (8%) of the total site area shall be provided as defined recreational space.
The recreational space shall be easily accessible and shall be improved and maintained in such a manner so as to provide adequate recreational facilities for the residents of the recreational vehicle park.
Park owner-constructed fire pits may be allowed in the area(s) defined as recreational space if approved in writing by the Chief of the Sni Valley Fire Protection District.
5. (Reserved)
6. Water supply.
The following requirements for water supply shall apply:
a. A water supply system shall be provided in the recreational vehicle park for each recreational vehicle space designed to accommodate the park user occupying a self-contained recreational vehicle or a dependent recreational vehicle and shall be connected to the City water supply system.
The water system for a recreational vehicle park shall be constructed and maintained in accordance with all applicable State and local codes and regulations.
b. Each recreational vehicle park shall be provided with one
(1) or more easily accessible water supply outlets for filling recreational vehicle water storage tanks.
7. Sewage disposal.
The following requirements for sewage disposal shall apply:
a. An adequate and safe sewage disposal system shall be provided in a recreational vehicle park.
A minimum of seventy-five percent (75%) of the recreational vehicle spaces designed to accommodate the park users occupying a self-contained recreational vehicle or a dependent recreational vehicle park shall have a hookup to the sewage disposal system available at their space.
The sewage disposal system shall be permitted, constructed, inspected and maintained in accordance with all applicable State and local codes."
5,Article V Special Use Standards,Section 405.205 Special Use Standards.,sub-sec-5.1,https://ecode360.com/29242395,https://zoneomics.com/code/5578/chapter_5#5.1,True,10,"Connection to a City sewer main line shall be required if any part of the park site is located within two hundred (200) feet of the sewage main line unless the City Engineer determines that the connection is not feasible.
b. Each recreational vehicle park shall be provided with sanitary dumping stations in the ratio of one
(1) for every one hundred
(100) recreational vehicle spaces or fractional part thereof.
Sanitary stations shall consist of at least a trapped four-inch sewer riser pipe connected to the sewage disposal system and surrounded at the inlet end by a concrete apron sloped to the drain and provided with a suitable hinged cover; and a water outlet with the necessary appurtenances connected to the water supply system to permit periodic washdown of the immediate adjacent areas.
A sign shall be posted near the water outlet indicating that this water is for flushing and cleaning purposes only.
Sanitary stations shall be screened from other activities by a visual barrier such as fences, walls or natural growth and shall be separated from any recreational vehicle space by a distance of not less than fifty
(50) feet.
8. Electrical supply system.
Each recreational vehicle park space shall be provided with an underground electrical system [thirty
(30) amp minimum] which shall be installed and maintained in accordance with all applicable State and local codes and regulations.
Use of private generators shall not be allowed.
9. Underground utilities.
All electric, telephone and other lines within or to each recreational vehicle park space shall be underground.
10. Fire protection.
Recreational vehicle parks shall be equipped at all times with fire-extinguishing equipment in good working order of such type, size and number and so located within the park to satisfy regulations of the State Fire Marshall and the Sni Valley Fire Protection District Fire Chief.
11. Solid waste.
All garbage and trash containers shall be placed in a conveniently located, similarly designed, enclosed structure.
The removal of trash shall take place not less than once a week.
Individual incinerators shall be prohibited.
The storage, collection and disposal of solid waste in recreational vehicle parks shall be so conducted as to create no health hazards, rodent harborage, insect breeding areas, or accident or fire hazards.
Individual or grouped refuse containers must be screened from view except on collection day.
12. Landscaping, fencing and screening.
a. A landscape buffer that complies with the standards of
Article VI, General Development Standards,
Section 405.230, Landscaping and Buffering, of this Zoning Code shall be provided and maintained along all boundaries of an RV park except at established entrances and exits.
Adequate landscaping to enhance and beautify the recreational vehicle park as well as minimize noise and visual problems shall be provided.
Special attention should be given to:
(1) The need for landscaping to screen the perimeter of the park from properties, view lots and public roads where it is determined that presence of the RV park would have a negative visual or noise impact on property owners or the value of their property and vehicle occupants or others which might use public roads;
(2) Provide that the developed portion of the RV park have adequate beautification landscaping to provide users of the park with an attractive setting for the duration of their visit.
b. Negative visual or noise impact shall be determined by consideration of the following non-exclusive list of factors:
(1) Sight lines with regard to refuse storage, collection and disposal of solid waste;
(2) Vehicle congestion;
(3) The availability, cost and effectiveness of the use of trees, shrubs or other landscaping devices to minimize noise emissions from the recreational vehicle park;
(4) The availability and use of bonds or similar surety devices to ensure prompt and appropriate compensation and/or nuisance prevention in the event of visual and/or noise impact upon properties, view lots, public roads and the citizens of Oak Grove.
13. Spacing between units.
There shall be a minimum side-to-side dimension of eight
(8) feet between units and a minimum end-to-end dimension of ten
(10) feet between units.
14. Recreational vehicle spaces.
Each recreational vehicle space shall have a minimum width of twenty
(20) feet.
All recreational vehicle spaces shall be well marked and numbered.
All spaces existing as of January 1, 2015, may remain at their existing width.
15. Park trailers.
The following requirement shall apply to all park trailers:
a. Skirting.
Uniform skirting of each park trailer base shall be required within thirty
(30) days of placement of the park trailer unit.
Such skirting shall match the predominant color of the unit and be of twenty-six-gauge solid sheet metal, aluminum or other non-corrosive metal or material or other material approved by the City of Oak Grove and so constructed and attached to the park trailer so as to deter and prevent entry of rodents and insects.
b. Tie-downs.
Each park trailer shall be supported on uniform jacks or locks and tied down as required by the City Code and State law.
c. Outdoor patio.
An all-weather, hard-surfaced outdoor patio area of not less than one hundred eighty (180) square feet shall be provided at each park trailer site, conveniently located to the entrance of the park trailer to provide suitable outdoor living space to supplement the limited interior spaces of a park trailer.
This area shall not be used for the parking of vehicles or as a substitute for required parking areas.
16. Storm shelters.
Any recreational vehicle park with more than twelve
(12) park trailer units must provide a storm shelter designed to national standards and with a capacity equal to at least seventy-five percent (75%) of the park trailer units within the development.
17. Limit of stay.
No recreational vehicle other than a park trailer shall remain in place in a recreational vehicle park for more than 180 days in any one-year period or longer with the permission of the City of Oak Grove.
Any action toward removal of wheels of a recreational vehicle other than a park trailer, or placement of the unit on a foundation, except for temporary purposes of repair, is prohibited.
No external appurtenances, such as carports, cabanas, patios or storage facilities may be attached to any recreational vehicle other than a park trailer while it is in the park.
Park trailers shall not be occupied continuously by the same individuals for more than 180 days or longer with the permission of the City of Oak Grove.
18. Quiet period."
5,Article V Special Use Standards,Section 405.205 Special Use Standards.,sub-sec-5.1,https://ecode360.com/29242395,https://zoneomics.com/code/5578/chapter_5#5.1,True,11,"A quiet period within an RV park shall be enforced by the RV park owner and/or attendant during the period between
10:00 P.M. and
7:00 A.M.
The owner of the RV park shall be legally responsible for preventing excessive and uncorrected noise as well as disorderly conduct during the quiet period.
Additionally, the owner may be prosecuted under
Section 405.235, Operational Performance Standards, of the City Code, which addresses offenses against the public order, for failure to enforce the quiet period or permit unreasonably loud, disturbing and unnecessary noise at any hour.
Additionally, if necessary to correct excessive noise problems, be they animal or human caused, the owner of the RV park shall evict the offending individuals and their vehicles from the park if solution of the noise problem is not possible.
19. Dogs.
The owner of the RV park shall be responsible for dogs running at large outside of the RV park boundary.
Failure to do so will cause the RV park owner, as well as the owner of the dog(s), to be found in violation of
Section 205.190 of the City Code.
Additionally, the owner of the RV park, along with the owners of a dog(s), if proven to be obnoxious, shall be considered in violation of
Section 210.285 of the City Code.
20. Full-time manager.
RV parks must have a full-time resident manager on the park site.
21. Site plan.
A site plan meeting the requirements of
Section 405.100 shall be submitted and approved.
Special attention should be given to:
a. The need for landscaping to screen the perimeter of the park from properties, view lots and public roads where it is determined that presence of the RV park would have a negative visual or noise impact on property owners or the value of their property and vehicle occupants or others which might use public roads;
b. Provide that the developed portion of the RV park have adequate beautification landscaping to provide users of the park with an attractive setting for the duration of their visit; and c. The need to minimize RV park lighting impacts on nearby meeting(s).
DD.
Recreational Vehicle Sales And Service.
All recreational vehicle sales and service parking areas must be hard-surfaced (with asphalt or concrete), dust-free and landscaped in accordance with
Section 405.215(K).
Storage areas for Recreational Vehicles parked and displayed for sale may be covered with gravel or other approved material rather than hard-surfaced subject to such conditions that may be imposed, including, but not limited to, requirements for a minimum base material and depth to ensure the area is sufficient to support the storage of recreational vehicles and requirements necessary to reduce dust that may result from the use of gravel or other approved material rather than a hard surface.
Storage areas for Recreational Vehicles parked and displayed for sale shall not be subject to screening requirements for District ""M-1"" in
Section 405.185. EE.
Medical Marijuana Facilities and Marijuana Facilities.
The following regulations apply to all Medical Marijuana Facilities, Comprehensive Facilities, and Marijuana Microbusiness Facilities, including cultivation facilities, dispensary facilities, infused products manufacturing facilities, testing facilities, and wholesale facilities:
1. No new facility shall be initially sited within one thousand (1,000) feet of any then-existing elementary or secondary school, child day-care center, or church.
In the case of a freestanding facility, the distance between the facility and the school, day-care, or church shall be measured from the external wall of the facility structure closest in proximity to the school, day-care, or church to the closest point of the property line of the school, day-care, or church.
If the school, day-care, or church is part of a larger structure, such as an office building or strip mall, the distance shall be measured to the entrance or exit of the school, day-care, or church closest in proximity to the facility.
In the case of a facility that is part of a larger structure, such as an office building or strip mall, the distance between the facility and the school, day-care, or church shall be measured from the property line of the school, day-care, or church to the facility's entrance or exit closest in proximity to the school, day-care, or church.
If the school, day-care, or church is part of a larger structure, such as an office building or strip mall, the distance shall be measured to the entrance or exit of the school, day-care, or church closest in proximity to the facility.
Measurements shall be made along the shortest path between the demarcation points that can be lawfully traveled by foot.
For purposes of this Section:
a. A ""day-care"" means a child-care facility, as defined by
Section 210.201, RSMo., that is licensed by the State of Missouri.
b. A ""elementary or secondary school"" means any public school as defined in
Section 160.011, RSMo., or any private school giving instruction in a grade or grades not higher than the twelfth (12th) grade, including any property owned by the public or private school that is regularly used for extracurricular activities, but does not include any private school in which education is primarily conducted in private homes.
c. A ""church"" means a permanent building primarily and regularly used as a place of religious worship.
d. ""Then existing"" means any school, day-care, or church with a written building permit from the City to be constructed, or under construction, or completed and in use at the time the marijuana facility first applies for either zoning or a building permit, whichever comes first.
2. Outdoor Operations Or Storage Prohibited.
Unless licensed as an outdoor Medical Marijuana Cultivation Facility or Comprehensive Marijuana Cultivation Facility, all Medical Marijuana Facilities and Marijuana Facilities' operations and all storage of materials, products, or equipment shall be within a fully enclosed building.
3. On-Site Usage Prohibited.
No marijuana may be smoked, ingested, or otherwise consumed on the premises of a Medical Marijuana Facility or Marijuana Facility.
4. Hours Of Operation.
All Medical Marijuana Facilities and Marijuana Facilities shall be closed to the public, no persons not employed by the business shall be on the premises, and no sales or distribution of Marijuana shall occur upon the premises or by delivery from the premises between the hours of
10:00 P.M. and"
5,Article V Special Use Standards,Section 405.205 Special Use Standards.,sub-sec-5.1,https://ecode360.com/29242395,https://zoneomics.com/code/5578/chapter_5#5.1,True,12,"8:00 A.M., provided that, sales and distribution of Medical Marijuana or any other products sold to the public through a Medical Marijuana Dispensary, Comprehensive Marijuana Facility, or Microbusiness Wholesale Facility may occur until Midnight on Friday and Saturday evenings.
5. Residential Dwelling Units Prohibited.
No Medical Marijuana Facility or Marijuana Facility shall be located in a building that contains a residence.
6. Ventilation Required.
All Medical Marijuana Facilities and Marijuana Facilities shall install and operate a ventilation system that will prevent any odor of Marijuana from leaving the premises of the business.
No odors shall be detectable by a person with a normal sense of smell outside the boundary of the parcel on which the facility is located."
5,Article V Special Use Standards,Section 405.210 Accessory Uses.,sub-sec-5.2,https://ecode360.com/29242624,https://zoneomics.com/code/5578/chapter_5#5.2,True,1,"Permitted uses and approved conditional uses shall be deemed to include accessory uses and activities that are necessarily and customarily associated with and appropriate, incidental and subordinate to the principal uses allowed in zoning districts.
Accessory uses and activities shall be subject to the same regulations as apply to principal uses in each district, unless otherwise stated in this Unified Development Code.
A. Residential Accessory Uses.
Residential uses shall include, but not be limited to, the following accessory uses, activities and structures:
1. Fences and walls, subject to
Section 405.245 of the Unified Development Code;
2. Garages, carports and off-street parking and loading area, provided that a detached garage or carport shall not cover more than five percent (5%) of the total lot area;
3. Gardens;
4. Gates and guard houses;
5. Guest house or guest rooms, neither may include kitchen facilities, provided such facilities are used for the occasional housing of guests of the occupants of the principal building and not as rental units for permanent occupancy as housekeeping units;
6. Home occupations, subject to
Section 405.210(D) of the Unified Development Code;
7. Playhouses, patios, cabanas, porches, gazebos and incidental household storage buildings, provided that such buildings shall not cover more than five percent (5%) of the total lot area;
8. Radio and television receiving antennas, non-commercial broadcast radio towers and support structures, subject to the partial height exemption of
Section 405.225(F) of the Unified Development Code;
9. Recreational and play facilities for residents;
10. Storage of recreational equipment such as boats, boat trailers, camping trailers, converted buses or trucks, house trailers, provided that storage shall be limited to private garages, side or rear yards of private homes and in the driveways of private homes.
All parking areas for recreational vehicles or equipment shall be asphalt or concrete.
Stored vehicles or equipment shall not protrude onto public property or obstruct any sidewalks.
Recreational vehicles or equipment shall not be stored within required off-street parking spaces.
No recreational vehicle shall be used for living or sleeping purposes while on the premises.
Nor shall any recreational vehicle be allowed to create a public nuisance by allowing grass or weeds to grow around it, while being stored on the premises.
Storage of all recreational vehicles or equipment must be in compliance with
Section 405.215.
11. Storm shelters and fallout shelters; and
12. Other necessary and customary uses determined by the Zoning Officer to be appropriate, incidental and subordinate to the principal use on the lot, subject to compliance with any development and performance standards imposed by the Zoning Officer to ensure land use compatibility.
B. Non-Residential Accessory Uses.
Non-residential uses shall include, but not be limited to, the following accessory uses:
1. Cafeterias, dining halls and similar food services when operated primarily for the convenience of employees, residents, clients or visitors to the principal use;
2. Dwelling units, other than mobile homes, when used or intended to be used for security or maintenance personnel;
3. Fences and walls, subject to
Section 405.245 in the Unified Development Code;
4. Gates and guard houses;
5. Offices for allowed businesses and industrial uses when the office is located on the same site as the principal use;
6. Parking garages and off-street parking areas;
7. Radio and television receiving antennas, non-commercial broadcast radio towers and support structures, subject to the partial height exemption of
Section 405.225(F) of the Unified Development Code;
8. Restaurants, newsstands, gift shops, swimming pools, tennis courts, clubs and lounges when in a permitted hotel, motel or office building;
9. Sales of goods produced as part of allowed industrial activities when on the same site as the principal industrial use;
10. Recycling collection stations, subject to
Section 405.210(E) of the Unified Development Code;
11. The storage of merchandise when located within the same building as the principal business; and
12. Other necessary and customary uses determined by the Zoning Officer to be appropriate, incidental and subordinate to the principal use on the lot, subject to compliance with any development and performance standards imposed by the Zoning Officer to ensure land use compatibility.
C. Accessory Use Development And Operational Standards.
The following standards shall apply to all accessory uses and structures unless otherwise specifically provided.
1. Front setback.
No accessory structure, other than a fence or wall, shall be located within a required front setback.
See fence regulations
Section 405.245 of the Unified Development Code.
2. Rear setback.
Accessory structures shall not be required to comply with the rear setback standard that applies to principal uses.
Accessory structures, other than fences or walls, shall, however, be set back at least eight
(8) feet from rear lot lines and shall not be closer to the side lot line than the applicable minimum rear setback.
3. Side setback.
No accessory structure, other than a fence or wall, shall be located within a required side setback.
4. Setbacks from easements.
No accessory structure, other than a fence or wall, shall be located within any platted or recorded easement (other than a drainage easement) or over any known utility.
5. Height.
No accessory structure shall exceed the maximum height standards of the underlying district unless specifically authorized.
6. Building separation.
Unless attached to the principal structure, accessory structures shall be located at least five
(5) feet from any other structure.
7. Building coverage.
No detached accessory structure shall cover more than ten percent (10%) of the total lot area.
Accessory buildings and structures shall be included in the calculation of total building coverage.
D. Home Occupations.
Home occupations shall be allowed as an accessory use in any ""R-3"" or less intensive zoning districts, subject to the standards of this Section.
1. Permit.
No home occupation shall be conducted until an application for a home occupation permit is reviewed and approved by the Zoning Officer.
A home occupation permit shall be issued only to a resident of the dwelling unit in which the home occupation is to be conducted.
Home occupation permits shall not be transferable and shall not run with the land; they shall expire upon the sale or transfer of the property to a new owner.
2. Location and size."
5,Article V Special Use Standards,Section 405.210 Accessory Uses.,sub-sec-5.2,https://ecode360.com/29242624,https://zoneomics.com/code/5578/chapter_5#5.2,True,2,"Home occupations shall be operated entirely within the principal residential building and shall not occupy more than twenty-five percent (25%) of the total floor area of the principal residential building.
3. Outdoor storage and exterior appearance.
There shall be no visible exterior evidence of the conduct of a home occupation.
Specifically, no outdoor storage of materials or equipment shall be permitted in conjunction with a home occupation.
4. Employees.
No person shall be engaged in such home occupation other than a person occupying such dwelling unit as their residence, provided that in the case of a limited day care facility, one
(1) assistant not residing in the home shall be allowed as a substitute for the day care provider during necessary absences of the day care provider.
5. Operational standards.
No equipment shall be used that creates a nuisance due to noise or electrical interference.
Home occupations shall be subject to
Section 405.235 of the Unified Development Code.
6. Parking.
Parking to serve a home occupation shall be provided off-street, and no such parking shall be permitted within a residential setback other than in a driveway.
In no event shall required setbacks be used for off-street parking to serve a home occupation.
7. On-site product sales.
No products shall be sold directly to customers from the premises.
8. Prohibited home occupations.
In no event shall any of the following uses or activities be conducted as a home occupation.
(This list is for emphasis only and does not constitute an exhaustive list of prohibited activities.)
a. Funeral services;
b. Retail sales and service that involves direct product sales or service to customers from the premises; c. Hotel/motel; d. Vehicle or equipment sales, rental or repair; e. Medical offices; or f. Meat or animal processing.
E. Recycling Collection Stations.
Recycling collection stations shall be allowed as an accessory use in accordance with the following standards.
1. Maximum size approval required.
Recycling collection stations shall be allowed as an accessory use only if it does not exceed one thousand (1,000) square feet in area and only if shown on a site plan that been reviewed and approved in accordance with
Section 405.100 of the Unified Development Code.
2. Screening.
All collection stations shall be screened from public view of adjoining properties or any street right-of-way with a six
(6) foot tall, one hundred percent (100%) opaque, solid screen or be wholly contained within a structure.
3. Separation from residential.
Recycling collection station structures shall be located at least one hundred fifty (150) feet from adjacent property zoned ""R-2"" or less intensive.
4. Reverse vending machines.
Reverse vending machines shall be located or soundproofed such that the noise of operation is imperceptible from the property lines of property zoned or used for residential purposes.
5. Maintenance.
An employee, business owner or property owner shall be responsible for keeping the recycling site in a clean and safe condition and shall pick up any recyclable materials that have blown around the site or adjacent area.
All materials shall be stacked properly within a recycling bin and monitored on a frequent basis.
6. Hours of operation.
A sign shall be posed on the recycling enclosure stating the hours when collection of materials may be conducted.
Collection hours of recyclables shall be determined by the Zoning Officer.
7. Signs.
A directional sign indicating the location of the recycling structure shall be no larger than six
(6) square feet and shall be located as indicated on the site plan.
F. Solar Energy Systems Regulations.
1. Purpose and intent.
The purpose of the solar energy systems regulations is to encourage investment in solar energy systems in the City, both residential and non-residential, while providing guidelines for the installation of those systems that are consistent with the architectural, building and aesthetic standards of the community and protect the health and safety of the public.
The R-1 single-family residence district is designed to allow low-density residential development in an urban setting where all municipal or public services are provided.
It is intended that no uses be permitted in this district that will tend to devalue property for residential purposes or interfere with the health, safety, order, or general welfare of persons residing in the district.
Regulations are intended to control the density of population, limit traffic generation, and to provide adequate open space around buildings in the district to accomplish these purposes.
2. Permitted uses.
Small-scale solar energy systems are allowed only as an accessory use and/or structure to a principal use and/or structure in all zoning districts.
3. Conditional uses.
Utility-scale solar energy systems are allowed in commercial and industrial districts only after the issuance of a conditional use permit pursuant to
Section 405.095 and in accordance with the intent of this
Section and the issuance of a building permit.
4. Definitions.
Whenever used in this Section, the following words or phrases shall have the meanings ascribed to them:
SMALL-SCALE SOLAR ENERGY SYSTEMS Any solar energy system designed for on-site consumption.
SOLAR ENERGY SYSTEM Any energy system comprised of, but not limited to, solar cells, modules, panels, arrays, lines, pumps, batteries, mounting brackets, framing and/or foundations used for or intended to be used for the collection of solar energy to meet all or a significant part of a building's energy requirements.
UTILITY-SCALE SOLAR ENERGY SYSTEM Any solar energy system designed for off-site consumption.
5. Regulations applicable to all solar energy systems.
a. All solar energy systems shall require a building permit for the installation or alteration.
The applicant shall provide the City with an application and all information necessary to show compliance with the current adopted Building Codes, Fire Codes, Electrical Codes and this Unified Development Code.
The applicant shall also submit drawings of the solar energy system which have been stamped by a certified engineer.
b. Markings.
Include notes/specifications on plans that markings are required on interior and exterior direct current (DC) conduit, enclosures, raceways, cables, assemblies, junction boxes, combiner boxes and disconnects.
All markings shall be capitalized with a minimum height of three-eighths-inch white letters on a red background.
The material shall be reflective and weather resistant and state ""Warning, Photovoltaic Power Source.""
The following items shall be marked:
(1) Main service disconnects interior and exterior conduit, raceways, enclosures, and cable assemblies.
Markings shall be placed evenly ten"
5,Article V Special Use Standards,Section 405.210 Accessory Uses.,sub-sec-5.2,https://ecode360.com/29242624,https://zoneomics.com/code/5578/chapter_5#5.2,True,3,"(10) feet of straight pipe length.
Marks shall also appear within one
(1) foot of turns and bends and above and below all construction penetrations.
c. All solar energy systems and components shall have a UL listing and comply with the currently adopted Building Codes and currently adopted National Electrical Codes.
d. Solar energy systems shall be erected in a secure, wind-resistant manner, which meets or exceeds one hundred fifteen
(115) miles per hour and be maintained in good condition.
e. All applicants shall provide written evidence that the electric utility service provider that serves the site has been informed of the applicant's intent to install a solar energy system and connect to the electricity grid.
If the applicant does not intend to connect the solar energy system to the electricity grid, the applicant shall note said intention on the application.
f. Solar energy systems and all components shall be accessible for required routine maintenance without trespassing on adjoining property or disassembling a major portion of the structure of a building or appurtenance.
g. The principal use of the solar energy system structure shall be the powering of the primary structure.
Incidental selling of power back to the electric grid from the solar energy system shall not constitute a commercial use.
h. All abandoned or unused solar energy systems shall be removed within six
(6) months of the cessation of operations and shall provide a letter of decommissioning.
i. All solar energy systems shall be constructed using non-reflective and non-glare materials.
6. Roof-mounted solar energy systems.
a. The placement of solar energy systems or equipment on roofs of principal buildings is preferred and encouraged.
Roof-mounted solar energy systems located on front or side building roofs visible from the public right-of-way shall not extend above the peak of the roof plane on which they are mounted, and no portion of any such system shall extend more than twenty-four
(24) inches perpendicular to the point of the roof where it is mounted.
b. Roof-mounted solar energy system components servicing the collector panels shall be concealed, and all exposed metal shall be finished with similar colors to the structure on which it is mounted.
All framing shall be rust-treated or of non-rusting materials.
c. No visible exterior plumbing or electrical lines shall be installed in any portion of the front of the property.
Aluminum trim, if used and visible, shall be anodized or otherwise color treated to blend into the surroundings as much as possible.
d. Roof-mounted solar energy systems shall be located in such a manner as to ensure emergency access to the roof, provide areas for smoke ventilation opportunities and provide emergency egress from the roof.
e. Solar energy systems and all associated components shall not be located so as to interfere with the operation of required doors, windows or other building components.
Provisions shall be made to protect areas over doors, pedestrian and vehicular ways from sliding snow or ice.
f. Solar energy systems which are mounted on the rear or sides of roofs that are pitched shall be mounted a minimum of two
(2) feet below the peak and two
(2) feet above the eave of the roof, and no portion of any such solar collector shall extend more than two
(2) feet perpendicular to the point of the roof where it is mounted.
g. Solar energy systems may be mounted on a flat roof at an optimum angle to the sun for maximum energy production when the building parapet or roof design provides full screening of the solar panels from public streets.
h. Solar energy systems which are mounted on a flat roof without a parapet shall be placed in the most obscure location without reducing the operating efficiency of the collectors, such as the center of the roof.
The solar energy systems shall be installed at the same angle or as close as possible to the pitch of the roof.
i. In addition to other information required to be submitted with the building permit application, the applicant shall submit the manufacturer specifications of the solar energy system and components with the building permit application.
In addition, the applicant shall submit building, electrical and plumbing plans necessary to show that the roof can support the additional load, roof penetration details, including waterproofing, curbs, flashing, etc., connections to existing plumbing and electrical systems, ridgeline of roof and firefighter access.
7. Ground-mounted solar energy systems.
a. (Reserved)
b. Ground-mounted solar energy systems shall not be allowed to be located in the front or side yards, shall not exceed eight
(8) feet in total height and shall meet all setbacks from streets, rear and side lot lines of the underlying zoning district.
c. Ground-mounted solar energy systems shall be screened from view from public rights-of-way and/or adjacent residentially zoned property; provided that the Planning Commission may recommend and the Board of Aldermen may approve installation of systems with limited or no screening that will be located directly adjacent to the Interstate Seventy
(70) Corridor upon a determination that limited or no screening is sufficient to insure compatibility with surrounding land uses based upon factors, including, but not limited to, the types of existing land uses in the area, zoning of nearby properties, and the topography of the site.
d. All lines serving ground-mounted solar energy systems shall be installed and located underground.
e. Ground-mounted solar energy systems shall maintain a clear brush-free area of ten
(10) feet from all sides of the system and shall not allow weeds or grass to grow up around the system.
8. Wall-mounted solar energy systems.
a. Wall-mounted solar energy systems shall not extend more than five
(5) feet to the furthest extension of the solar collection panels from the wall plane on which they are installed.
b. Wall-mounted solar energy systems shall not be allowed to extend into any part of the side setback and shall only be allowed to extend a minimum of fifty percent (50%) into any required rear setback.
No part of any system shall be permitted to extend into any required front setback.
c. Solar energy systems and all associated components shall not be located so as to interfere with the operation of required doors, windows or other building components.
Provisions shall be made to protect areas over doors, pedestrian and vehicular ways from sliding snow or ice.
G. Micro-Wind Turbines (MWTs).
1. Definitions.
Whenever used in this Section, the following words or phrases shall have the meanings ascribed to them:
BLADES The aerodynamic surface that catches the wind."
5,Article V Special Use Standards,Section 405.210 Accessory Uses.,sub-sec-5.2,https://ecode360.com/29242624,https://zoneomics.com/code/5578/chapter_5#5.2,True,4,"LARGE/UTILITY-SCALE WIND TURBINES A wind energy conversion system consisting of a wind turbine, tower and the associated control or conversion electronics, which has the rated capacity of more than one hundred
(100) kW and which is intended to produce electricity for sale to a rate-regulated or non-regulated utility or use off site.
Turbines in this category are typically grouped together to form wind farms or a wind power plant and may also be referred to as wind facilities.
Large-scale wind energy collection systems are allowed in commercial and industrial districts only after the issuance of a conditional use permit in accordance with the intent of this Section, the requirements of
Section 405.095, and the issuance of a building permit.
SHADOW FLICKER The visible flicker effect when rotating blades of the wind generator cast shadows on the ground and nearby structures causing a repeating pattern of the light and shadow.
Significant shadow flicker is defined as more than thirty
(30) hours per year on abutting occupied buildings.
SMALL-SCALE/MICRO-WIND TURBINE (MWT) OR WIND ENERGY COLLECTION SYSTEM A wind energy conversion system consisting of a wind generator, a tower and all associated control and conversion electronics and designed for on-site consumption.
Small-scale wind energy collection systems shall not be taller than thirty-five
(35) feet in height, shall not be allowed to be installed on less than three
(3) acres, shall meet all setback requirements of this
Section and all other applicable codes of the City of Oak Grove.
Small-scale wind energy collection systems shall not require a conditional use permit; however, a building permit is required for all small-scale wind energy collection systems.
TOWER The monopole freestanding or guyed wire structure that supports a wind generator.
Towers are made from tubular steel, concrete, or steel lattice.
The vertical component of a wind energy conversion system that elevates and supports the wind turbine generator and attached blades above the ground up out of the turbulent wind.
2. Intent.
In order to balance the need for clean, renewable energy resources and the necessity to protect the public health, safety and welfare of the community, the City finds that these regulations are necessary in order to ensure that micro-wind turbines (MWTs) and subsequent wind energy conversion systems (WECS) are appropriately designed, sited and installed.
3. Purpose.
The purpose of this Subsection G is to provide a regulatory scheme for the construction and operation of MWTs, provide electricity up to ten
(10) kilowatts, subject to reasonable restrictions, which will preserve the public health and safety and minimize the visual, environmental and operational impacts of MWTs on the City and its residents.
4. Findings.
The City finds that wind energy is an abundant, renewable and non-polluting energy resource and that its conversion to electricity will reduce our dependence on non-renewable energy resources and decrease air pollution that results from the use of conventional energy sources.
MWTs also enhance the reliability and power quality of the power grid, reduce peak power demands and help diversify the State's energy supply portfolio.
5. Required submittal information.
The following information may be additionally required with any CUP application that includes a MWT:
a. Standard engineering drawings of the MWT structure, including the tower, base and footing.
Engineering drawings of access roads.
An engineering analysis and certification of the tower showing compliance with all local, State and Federal laws, standards and regulations and the applicable building code(s).
b. Data pertaining to the tower's safety and stability, including safety results from test facilities.
c. A survey map at an appropriate scale showing the proposed location of the MWT (including access roads) as it relates to the boundaries of the parcel, adjacent ownerships and existing residences, schools, churches, hospitals or libraries to a distance of two thousand (2,000) feet.
d. Description of compliance with all applicable Federal, State or local laws and regulations, including
Section 386.890, RSMo., also known as the ""Net Metering and Easy Connection Act"" and 4 CSR 240-20.065, if applicable, and including all provisions within this zoning Chapter.
e. A description of the safety precautions provided in order to ensure that the structure will not be detrimental to adjacent properties in the case of high winds and/or if the unit fails.
f. A copy of the warranty deed and any lease or leases for the property on which the MWT facility is to be located.
g. An accurate wind directional map provided by an expert in such matters such as a meteorologist.
h. Turbine information on the type, model, size, height, rotor material, rated power output, performance, safety and noise characteristics of each wind turbine being proposed, tower and electrical transmission equipment.
i. Additional information may be required as deemed necessary and appropriate by City staff.
6. Safety regulations and standards.
a. The minimum distance between the ground and any part of the rotor blade system shall be fifteen
(15) feet.
b. To limit unauthorized access:
(1) A fence six
(6) feet high with a locking portal shall be placed around the facility's tower base; or
(2) The tower climbing apparatus shall be limited to no lower than twelve
(12) feet from the ground; wind turbine towers shall not be climbable up to twelve
(12) feet above ground level.
c. All access doors to the MWT and electrical equipment shall be lockable.
d. Signs shall be limited to the manufacturer's or installer's identification and appropriate warning signs (e.g., electrical hazard or high voltage) placed on the wind turbine tower/s, electrical equipment and the wind turbine.
Commercial advertising is strictly prohibited.
e. Lighting shall be the minimum necessary for safety and security purposes, and techniques shall be used to prevent casting glare from the site except as otherwise required by the Federal Aviation Administration (FAA) or other applicable authority.
Wind energy facilities shall not be artificially lighted, except to the extent required by the FAA or other applicable authority.
f. Each MWT shall be equipped with both manual and automatic overspeed controls to limit the rotational speed of the blade within the design limits of the rotor.
Manual electrical and/or overspeed shutdown disconnect switches shall be provided and clearly labeled on the wind turbine structure.
No wind turbine shall be permitted that lacks an automatic braking, furling or feathering system to prevent uncontrolled rotation, overspeeding and excessive pressure on the tower structure, rotor blades and turbine components."
5,Article V Special Use Standards,Section 405.210 Accessory Uses.,sub-sec-5.2,https://ecode360.com/29242624,https://zoneomics.com/code/5578/chapter_5#5.2,True,5,"g. Prior to issuance of a building permit, the applicant shall provide proof of a level of insurance in the minimum amount required by State law, the Customer- Generator Liability Insurance Obligation
Section of 4 CSR
240-20.065 or other applicable provisions of the Code of State Regulations to cover damage or injury that might result from the failure of a tower or towers or any other part or parts of the generation and transmission facility.
Said insurance shall remain in place every year that the MWT is in place or operation.
h. Any wind energy system found to be unsafe by the Building Official or his/her designate shall be repaired by the owner to meet Federal, State and local safety standards and regulations in a reasonable amount of time set forth by the Building Official.
Any wind energy system found to be abandoned or unused by the Building Official shall be removed by the owner, at the owner's expense, within six
(6) months.
i. Building code safety standards.
Prior to the issuance of a building permit to construct a facility, the owner/applicant or operator/applicant shall provide the City with all required licenses and certifications from Federal, State and County agencies if needed.
To ensure that structural integrity of towers, the owner or operator of a tower shall ensure that it is maintained in compliance with standards contained in applicable Federal, State or local building codes and the applicable standards from towers that are published by the Electronic Industries Association, as amended from time to time.
In addition, if the wind energy system is interconnected and operates in parallel phase and synchronization with a retail electric supplier, all applicable safety, performance, interconnection and reliability standards established by the National Electrical Code, the National Electrical Safety Code, the Institute of Electrical and Electronics Engineers, Underwriters Laboratories and the Federal Energy Regulatory Commission shall be met.
j. Utility connections.
Reasonable effort shall be made to locate utility connections from the wind facility underground, depending on appropriate soil conditions, shape and topography of the site and any requirements of the utility provider.
Electrical transformers for utility interconnections may be located above ground if required by the utility company.
All ground-mounted and control equipment that is not located underground shall be screened from public view.
k. Electrical wires.
All electrical wires associated with the wind energy system shall be located underground except for those that are necessary to connect the wind energy generator to the tower wiring, the tower wiring to the disconnect junction box and the grounding wires.
l. Noise.
The noise emitted from any wind turbine shall not exceed fifty-five
(55) dba, as measured at the nearest property line, except during short-term events such as utility outages or severe windstorms.
m. Color/finish.
The color of the wind energy system shall be the stock color from the manufacturer or painted with a non-reflective, unobtrusive color that blends in with the surrounding environment.
Approved colors include, but are not limited to, white, off-white or gray.
n. The appearance of all towers and MWTs shall be maintained in a manner that is consistent with the originally approved colors and finishes.
o. Minimum setback requirements.
The energy collection system or MWT shall be sited in a manner that does not result in significant shadow flicker impacts.
The applicant has the burden of proving that the shadow flicker will not have a significant adverse impact on neighboring or adjacent properties at the time of application for a conditional use permit or a building permit.
p. Minimum height requirements.
No portion of the wind energy collection system or MWT shall be taller then the required height restrictions for the zoning district in which the structure is being placed.
q. Wind turbines shall not cause interference with microwave communications or radio and television reception in the area.
r. Wind turbines shall not be artificially lit unless such lighting is required by the FAA.
If lighting is required, the applicant shall provide a copy of the FAA determination to establish the required markings and/or lights for the MWT.
s. All tower structures shall be of a monopole construction unless attached to a structurally reinforced roof where such support is not warranted.
No lattice structures shall be permitted.
Tower required guy wire supports shall be limited to lots of three
(3) acres or more, and the guy wires shall be set back from property lines, public rights-of-way, and overhead utility lines a minimum distance of one and one tenths (1.1) times the height of the tower plus the highest vertical extent of any blades or the required setbacks from a street, rear and side lot lines of the underlying zoning district, whichever is greater.
Ground-mounted electrical and control equipment and guy wires shall meet the required setbacks from a street, rear and side lot lines of the underlying zoning district.
t. All MWTs shall be located in the rear yards only.
7. Permitting and enforcement.
A building permit shall be required for the installation or alteration of a wind energy collection system or MWT.
The applicant shall provide the City any information necessary to show compliance with the adopted building codes and fire codes.
This information may include, but shall not be limited to, the following:
a. Written description of the wind energy collection system and the estimated kilowatts generated annually.
b. Evidence to document that the site has sufficient wind to operate a wind energy collection system or MWT.
c. Site plan drawn to scale showing property lines, adjacent rights-of-way and overhead utility lines, building footprints, location and dimensions of the wind energy collection system, parking lots, driveways, sidewalks, and distance from other MWTs and from buildings which may be located on adjacent properties.
d. Full dimensions of all buildings existing on the property where the proposed wind energy collection system or MWT is located, including exterior dimensions, height of buildings and all uses on the property.
e. Drawings, to scale, showing the MWT, including the tower, blades, base footings, and guy wires, if any, electrical components, and associated equipment.
The drawings and necessary calculations shall be certified by a licensed Missouri engineer as meeting the requirements of the adopted building, electrical, and fire codes of the City.
f. A line drawing of the electrical components in sufficient detail to allow for a determination that the manner of installation conforms to the adopted electrical code."
5,Article V Special Use Standards,Section 405.210 Accessory Uses.,sub-sec-5.2,https://ecode360.com/29242624,https://zoneomics.com/code/5578/chapter_5#5.2,True,6,"g. A noise study or flicker model, if applicable.
h. Written evidence that the electric utility service provider that serves the site has been informed of the applicant's intent to install a wind energy collection system or MWT, unless the applicant does not plan, and so states on the application, to connect the system to the electricity grid."
6,Article VI General Development Standards,Section 405.215 Off-Street Parking and Loading.,sub-sec-6.1,https://ecode360.com/29242683,https://zoneomics.com/code/5578/chapter_6#6.1,True,1,"A. Applicability.
Off-street parking and loading shall be provided in accordance with the regulations of this
Section for all new development and for any existing development that is altered in a way that enlarges or increases capacity by adding or creating dwelling units, guest rooms, floor area or seats.
Off-street parking and loading shall also be provided for any change of use or manner of operation that would, based on the Off-Street Parking Schedule of
Section 405.215 or the Off-Street Loading Schedule of
Section 405.215, result in a requirement for more parking or loading spaces than the existing use.
B. Off-Street Parking Schedule A. Off-street parking spaces shall be provided in accordance with the following off-street parking ""Schedule A"", provided that there shall be no minimum off-street parking requirement for uses located on any property zoned ""C-2"" and located north of 22nd Street, east of Clinton Street, south of 5th Street, and west of Harding Street, where there is a finding by the Board that it is impossible or impractical to meet the requirements of ""Schedule A"".
In some cases, the applicable off-street parking space requirement in ""Schedule A"" refers to ""Schedule B"" or ""Schedule C"".
These schedules can be found following ""Schedule A"".
|  | **Off-Street Parking Schedule A** | |
| --- | --- | --- |
|  | **Use Type** | **Number Of Spaces Required** |
|  | Assisted Living | 1 per dwelling unit |
|  | Duplex | 2 exterior per dwelling unit |
|  | Group Home | 1 per employee, plus 1 per 4 residents |
|  | Group Residential | 1 per 2 residents |
|  | Manufactured Housing Unit | 2 exterior per dwelling unit |
|  | Mobile Home | 2 exterior per dwelling unit |
|  | Multi-Family | 1.25 per efficiency unit, plus 1.5 per one-bedroom unit, plus 2 spaces per two-bedroom and larger units. All required spaces shall be exterior unless approved by plan |
|  | Single-Family, Attached | 1.25 per efficiency unit, plus 1.5 per one-bedroom unit, plus 2 spaces per two-bedroom and larger units. All required spaces shall be exterior unless approved by plan |
|  | Single-Family, Detached | 2 exterior per dwelling unit | |  | **Off-Street Parking Schedule A** | | |
| --- | --- | --- | --- |
|  | **Use Type** | | **Number Of Spaces Required** |
|  | **PUBLIC, QUASI-PUBLIC AND COMMERCIAL USE** | | |
|  | Adult Entertainment Establishment | | 1 per 75 square feet |
|  | Airport or Airstrip | | Spaces to be provided pursuant to Schedule C |
|  | Animal Care, General | | 1 per 400 square feet |
|  | Animal Care, Limited | | 1 per 300 square feet |
|  | Auditorium or Stadium | | Spaces to be provided pursuant to Schedule C |
|  | Bank or Financial Institution | | 1 per 200 square feet, plus parking spaces per Section 405.215(L) |
|  | Bar or Tavern | | 1 per 75 square feet |
|  | Car Wash | | Stacking spaces per Section 405.215(L) |
|  | Cemetery | | Spaces to be provided pursuant to Schedule C |
|  | Club, Private | | 1 per 4 persons capacity |
|  | College or University | | Spaces to be provided pursuant to Schedule C |
|  | Construction Sales and Service | | Spaces to be provided pursuant to Schedule B |
|  | Convalescent Care | | 1 per 4 beds patient capacity, plus 1 per 2 employees |
|  | Correctional Facility | | Spaces to be provided pursuant to Schedule C |
|  | Cultural Service | | 1 per 500 square feet |
|  | Day Care (Limited, General, Commercial) | | 1 per employee, plus 1 per 10 pupils at maximum occupancy |
|  | Funeral Home | | 1 per 4 person capacity |
|  | Golf Course | | 4 per hole, plus spaces required for restaurant and bar area |
|  | Government Service | | 1 per 300 square feet |
|  | Health Club | | 1 per 200 square feet |
|  | Heliport or Helipad | | None |
|  | Hospital | | 1 per 4 beds patient capacity, plus 1 per 2 employees |
|  | Hotel or Motel | | 1 per guest room, plus 1 per 10 guest rooms, plus required spaces for restaurant, assembly and other uses within hotel/motel. |
|  | Library | | 1 per 500 square feet |
|  | Marina | | 1 per boat slip |
|  | Medical Service | | 1 per 200 square feet |
|  | Military Service | | Spaces to be provided pursuant to Schedule C |
|  | Mobile Home Sales | | Spaces to be provided pursuant to Schedule B |
|  | Office, General | | 1 per 200 square feet |
|  | Parks and Recreation | | Spaces to be provided pursuant to Schedule C |
|  | Post Office | | Spaces to be provided pursuant to Schedule C |
|  | Recreation and Entertainment, | |  |
|  |  | Indoor Theaters | 1 per 3 seats |
|  |  | Other | 1 per 400 square feet |
|  | Recreation and Entertainment, Outdoor | | Spaces to be provided pursuant to Schedule C |
|  | Recreational Vehicle Park | | 1 per camping space |
|  | Religious Assembly | | 1 per 4 seats |
|  | Repair Service | | 1 per 400 square feet |
|  | Research Service | | 1 per 300 square feet |
|  | Restaurant, Fast-Food | | 1 per 75 square feet of customer service or dining area, 1 per 200 square feet if no customer service or dining area, plus stacking spaces per Section 405.215(L) |
|  | Restaurant, General | | 1 per 150 square feet for first 2,500 square feet, plus 1 per 100 square feet over 2,500 square feet |"
6,Article VI General Development Standards,Section 405.215 Off-Street Parking and Loading.,sub-sec-6.1,https://ecode360.com/29242683,https://zoneomics.com/code/5578/chapter_6#6.1,True,2,"|  | Retail Sales and Service | | 1 — 25,000 square feet = 1 per 200 square feet  25,001 — 40,000 square feet = 1 per 250 square feet  40,001 — 60,000 square feet = 1 per 225 square feet  60,001+ square feet = 1 per 200 square feet |
|  | Safety Service | | Spaces to be provided pursuant to Schedule C |
|  | School, Elementary, Middle or High | | Spaces to be provided pursuant to Schedule C |
|  | Service Stations | | 1 per service bay, plus 0.5 per pump |
|  | Shooting Range | | Spaces to be provided pursuant to Schedule C |
|  | Studio, Television or Film | | Spaces to be provided pursuant to Schedule C |
|  | Vehicle and Equipment Sales | | Spaces to be provided pursuant to Schedule B |
|  | Vehicle/Equipment Storage Yard | | Spaces to be provided pursuant to Schedule C |
|  | Vehicle Repair, General | | 5 per service bay |
|  | Vehicle Repair, Limited | | 6 per service bay |
|  | Vocational School | | 1 per 3 students, plus 0.5 per faculty member at maximum occupancy |
|  | Warehouse, Residential Storage | | 1 per 10 storage bays or 1 per 500 square feet, whichever produces more spaces | |  | **Off-Street Parking Schedule A** | |
| --- | --- | --- |
|  | **Use Type** | **Number Of Spaces Required** |
|  | **MANUFACTURING, INDUSTRY AND EXTRACTIVE USE** | |
|  | Asphalt Concrete Plant | 1 per employee |
|  | Basic Industry | Spaces to be provided pursuant to Schedule B |
|  | Compost Facility | Spaces to be provided pursuant to Schedule C |
|  | Food/Bakery Product Manufacturing | 1 per 1,000 square feet or 1 per employee, whichever results in more spaces |
|  | Freight Terminal | Spaces to be provided pursuant to Schedule B |
|  | Gas and Fuel Sales | Spaces to be provided pursuant to Schedule B |
|  | Gas and Fuel Storage | 1 per employee |
|  | Hazardous Operation | Spaces to be provided pursuant to Schedule B |
|  | Landfill | Spaces to be provided pursuant to Schedule C |
|  | Laundry Service | 1 per 500 square feet or 1 per employee, that results in more spaces |
|  | Manufacturing and Assembly | Spaces to be provided pursuant to Schedule B |
|  | Mining or Quarrying | 1 per employee |
|  | Oil or Gas Drilling | 1 per employee |
|  | Oil Refining | 1 per employee |
|  | Printing and Publishing | 1 per 1,000 square feet or 1 per employee |
|  | Recycling Processing Center | Spaces to be provided pursuant to Schedule C |
|  | Salvage Yard | Spaces to be provided pursuant to Schedule B |
|  | Solid Waste Collection/Processing | Spaces to be provided pursuant to Schedule C |
|  | Stockyard | 1 per employee |
|  | Transit Facility | Spaces to be provided pursuant to Schedule C |
|  | Utility, Major | Spaces to be provided pursuant to Schedule B |
|  | Utility, Minor | None |
|  | Warehousing and Wholesale | Spaces to be provided pursuant to Schedule B |
|  | Welding or Machine Shop | 1 per 1,000 square feet or 1 per employee, whichever results in more spaces | |  | **Off-Street Parking Schedule A** | |
| --- | --- | --- |
|  | **Use Type** | **Number Of Spaces Required** |
|  | **AGRICULTURAL USES** | |
|  | Agricultural Processing | Spaces to be provided pursuant to Schedule B |
|  | Agricultural Sales and Service | Spaces to be provided pursuant to Schedule B |
|  | Agriculture, General | None |
|  | Agriculture, Limited | None | C. Off-Street Parking Schedule B. Off-street parking spaces for Schedule B uses shall be provided in accordance with the following table.
Parking is required for each of the component activities located on the lot.
| **Schedule B. Off-Street Parking** | | |
| --- | --- | --- |
| **Activity** | | **Number Of Spaces Required** |
| Office or administrative area | | 1 per 300 square feet |
| Indoor sales, service or display area | | 1 per 500 square feet |
| Outdoor sales, service or display area (3,000 square feet in area or less) | | 1 per 750 square feet |
| Outdoor sales, service or display area (over 3,000 square feet in area): | |  |
| Motor Vehicles and Heavy Equipment Sales/Storage | | 1 per 2,000 square feet |
| Other Sales/Service/Display | | 1 per 1,000 square feet |
| Indoor storage, warehousing, equipment servicing or manufacturing area | | 1 per 500 square feet | D. Schedule C. Schedule C uses have widely varying parking demand characteristics making it impossible to specify a single off-street parking standard.
A developer proposing to develop or expand a ""Schedule C"" use shall submit a parking study that provides justification for the number of off-street parking spaces proposed.
The Zoning Officer shall review this study and any other traffic engineering and planning data that are relevant to the establishment of an appropriate off-street parking standard for the proposed use.
A parking study shall include estimates of parking demand based on recommendations of the Institute of Traffic Engineers (ITE) and data collected for uses or combinations of uses that are the same or comparable to the proposed use.
Comparability shall be determined by density, scale, bulk, area, type of activity and location.
The study shall document the source of data used to develop the recommendations.
After reviewing the parking study, the Zoning Officer shall establish a minimum off-street parking standard for the proposed use.
E. Computing Off-Street Parking And Loading Requirements.
1. Multiple uses.
Lots containing more than one"
6,Article VI General Development Standards,Section 405.215 Off-Street Parking and Loading.,sub-sec-6.1,https://ecode360.com/29242683,https://zoneomics.com/code/5578/chapter_6#6.1,True,3,"(1) use shall provide parking and loading in an amount equal to the total of the requirements for all uses.
2. Fractions.
When measurements of the number of required spaces result in fractions, the required parking spaces shall be rounded up to the next whole number.
3. Area.
Unless otherwise noted in the provisions, all square footage-based parking and loading standards shall be computed on the basis of gross floor area.
4. Employees, students and occupant-based standards.
For the purpose of computing parking requirements based on the number of employees, students, residents or occupants, calculations shall be based on the largest number of persons working on any single shift, the maximum enrollment or the maximum fire-rated capacity that is applicable and that results in the greater number of spaces.
5. Unlisted uses.
Upon receiving a development application for a use not specifically listed in an off-street parking schedule, the Zoning Officer shall apply the off-street parking standard specified for the listed use that is deemed most similar to the use proposed in the application or require a parking study in accordance with Schedule C.
F. Off-Street Parking For Persons With Disabilities.
Off-street parking facilities shall be designed and constructed in accordance with all requirements of the American with Disabilities Act and the Uniform Federal Accessibility Standards.
G. Location Of Off-Street Parking Spaces.
1. On-Site.
Except as otherwise specifically provide, required off-street parking spaces shall be located on the same lot as the principal use.
2. Residential Districts.
a. In ""R-3"" and less intensive districts, off-street parking of motor passenger vehicles shall not be permitted in grassy areas.
Vehicles licensed as commercial vehicles and weighing less than six
(6) tons may be parked within customary driveways.
b. The paved area of driveways serving single-family or duplex uses shall not exceed thirty-five
(35) feet in width within the exterior setback in which the driveway is located.
Driveways serving single-family or duplex uses shall provide a minimum of exterior space to park two
(2) vehicles side-by-side.
c. On-street parking of vehicles with a gross vehicle weight greater than three-quarter (3/4) ton or containing more than two
(2) axles shall be prohibited in ""R-3"" and less intensive districts.
This provision shall not prohibit temporary parking of vehicles making pickups or deliveries.
d. In no event shall vehicles be parked on the grass or in any open space or yard area.
For the purposes of this Section, a vehicle is every device in, upon, or by which any person or property is or may be transported or drawn upon a roadway, waterway, or via air whether in operational or non-operational condition.
e. All off-street parking areas and all access drives shall be improved in a manner as described in Subsection (K).
This applies equally to all property in all zoning districts, except in the ""A"" and ""R-1"" districts it shall apply from the street to a minimum distance of seventy-five
(75) feet and thereafter a rolled stone/compacted aggregate measuring at least six
(6) inches in depth shall be a minimum requirement.
The aggregate paving material gradations and thickness must be sufficient to provide a stable all-weather surface for the vehicles that routinely use the drive.
The drive must also maintain dust control methods to reduce air pollutants.
3. Non-Residential Districts.
In ""C-1"" and more intensive districts, no off-street parking spaces shall be permitted within fifteen
(15) feet of public street right-of-way.
Motor passenger vehicles shall not be permitted in grassy areas.
H. Parking In Excess Of Minimum Standards.
Off-street parking spaces provided in excess of minimum standards shall comply with all standards of this Section.
I. Use Of Off-Street Parking Spaces.
Required off-street parking areas shall be used solely for the parking of licensed motor vehicles in operating condition and shall not be used for the storage of vehicles, boats, motor homes, campers, mobile homes or materials.
J. Off-Site Parking.
Required off-street parking spaces shall be located on the same lot as the use it is intended to serve, provided that the Zoning Officer shall be authorized to allow all or a portion of required off-street parking spaces to be located on a remote and separate lot from the lot that the principal use is located if the off-site parking complies with the following standards.
1. Ineligible activities.
Off-site parking shall not be used to satisfy the off-street parking standards for residential uses, restaurants, bars or convenience stores and to the convenience-oriented uses.
Required parking spaces reserved for persons with disabilities shall not be located in an off-site parking facility.
2. Location.
No off-site parking space shall be located more than three hundred (300) feet from the primary entrance of the use served, measured along the shortest legal, practical walking route.
Off-site parking spaces shall not be separated from the use by a street right-of-way with a width of more than eighty
(80) feet unless a grade-separated pedestrian walkway is provided.
3. Zoning classification.
Off-site parking areas shall require the same or a more intensive zoning classification than that required for the use served.
4. Agreement for off-site parking."
6,Article VI General Development Standards,Section 405.215 Off-Street Parking and Loading.,sub-sec-6.1,https://ecode360.com/29242683,https://zoneomics.com/code/5578/chapter_6#6.1,True,4,"In the event that an off-site parking area is not under the same ownership as the principal use served, a written agreement shall be required.
An attested copy of the agreement between the owners of record shall be submitted to the Zoning Officer for recordation on forms made available in the office of the Planning and Zoning Department.
Such agreement shall take place before issuance of a building permit for any use to be served by the off-site parking area.
K. Off-Street Parking And Loading Area Design Standards.
1. Surfacing.
All off-street parking and loading areas, except those required for single-family or duplex uses, shall be surfaced with:
a. Five
(5) inches of concrete;
b. Six
(6) inches of asphalt; c. Three
(3) inches of asphalt combined with eight
(8) inches of aggregate base and subgrade base.
d. Off-street parking areas serving single-family and duplex residences shall be graded and paved with an approved asphalt, concrete or paver brick over an approved base.
2. Lighting.
Any off-street parking areas, providing space for five
(5) or more vehicles, that are used after dark shall be provided with lights that provide at least an average of one-quarter (¼) foot-candle over the entire parking area, measured on the ground surface within the parking area.
Off-street parking areas in ""M-1"" and ""M-2"" Districts shall be exempt from the minimum lighting standards of this Subsection.
Parking lot lighting shall be subject to the outdoor lighting standards of
Section 405.250.
3. Drainage.
All off-street parking and loading areas shall be designed to not increase the rate of stormwater runoff onto adjoining properties or streets.
Drainage plans for off-street parking and loading areas shall be reviewed by the City Engineer.
4. Curbing.
The perimeter of all off-street parking and loading areas and their access drives shall be curbed, with the exception of driveways for single-family and duplex residences.
Landscaped islands and other interior parking features shall also be protected by curbs.
5. Striping.
Off-street parking areas contained five
(5) or more spaces shall be delineated by pavement striping.
6. Parking space dimensions.
Required off-street parking spaces shall be designed in accordance with the minimum standards shown in Table
600-1. In no event may a parking stall be less than an unobstructed rectangle of nine
(9) feet by eighteen and one-half (18.5) feet.
Aisle width shall be measured from the closest edge of any parking stall and may not encroach on any part of a parking stall.
|  | **Table 600-1. Parking Area Design** | | | | | |
| --- | --- | --- | --- | --- | --- | --- |
|  |  | **Diagram** | **45°** | **60°** | **75°** | **90°** |
|  | Stall width | A | 9.0 | 9.0 | 9.0 | 9.0 |
|  | Stall depth | B | 18.5 | 18.5 | 18.5 | 18.5 |
|  | Aisle width | C | 12.0 | 16.0 | 23.0 | 26.0 | |  | **Angle Parking** | **Head-In Parking** |
| --- | --- | --- |
|  | 405 Angle.tif | 405 Head.tif |
7. Loading space dimensions.
Off-street loading spaces shall be at least fourteen
(14) feet by fifty
(50) feet in size with a minimum eighteen
(18) foot height clearance.
8. Timing of construction.
Parking and loading spaces, driving aisles and accessways must be constructed before issuing occupancy certificates.
L. Stacking Spaces For Drive-Throughs.
In addition to meeting the off-street parking requirements of this Section, drive-through facilities shall comply with the following minimum stacking space standards:
1. Stacking space schedule.
The minimum number of stacking spaces required shall be as follows:
|  | **Use Type** | **Minimum Spaces** | **Measured From** |
| --- | --- | --- | --- |
|  | Bank teller lane | 4 | Teller or Window |
|  | Automated teller machine | 3 | Teller |
|  | Restaurant drive-through | 8 | Order Box |
|  | Car wash stall, automatic | 6 | Entrance |
|  | Car wash stall, self-service | 3 | Entrance |
|  | Other | To be determined by traffic study | |
|  | Gas Pump Island | Thirty (30) feet from each end of pump island | |
2. Design and layout.
Stacking spaces shall be subject to the following design and layout standards:
a. Stacking shapes shall be a minimum of eight
(8) feet by twenty
(20) feet in size; b. Stacking spaces shall comply with the parking setback standards of
Section 405.215(G)(2) and
Section 405.215(G)(3); c. Stacking spaces shall be designed so as not to impede on- and off-site traffic movements or movements into or out of parking spaces; and d. Stacking spaces shall be separated from other internal driveways with raised medians as deemed necessary by the City Engineer for traffic movement or safety.
M. Off-Street Loading.
Off-street loading spaces shall be provided in accordance with the following minimum standards:
|  | **Floor Area** | **Minimum Off-Street Loading Requirement** |
| --- | --- | --- |
|  | 3,000 to 25,000 sq. ft. | 1 |
|  | 25,001 to 100,000 sq. ft. | 2 |
|  | 100,001 to 250,000 sq. ft. | 3 |
|  | 250,001 to 500,000 sq. ft. | 5 |
|  | 500,001 to 750,000 sq. ft. | 7 |
|  | 750,001 to 1,000,000 sq. ft. | 9 |
|  | 1,000,001 + sq. ft. | 10 + one per each 250,000 sq. ft. above 1,000,000 | N. Off-Street Parking And Loading Plans.
Plans showing the layout and design of all required off-street parking and loading areas shall be submitted to and approved by the Zoning Officer before issuance of a building permit.Before approving any parking layout, the Zoning Officer shall determine that the spaces provided are usable and meet all applicable standards of this Unified Development Code.
All required off-street parking spaces shall be clearly marked on the plan."
6,Article VI General Development Standards,Section 405.216 Parking Lot Maintenance.,sub-sec-6.2,https://ecode360.com/29242731,https://zoneomics.com/code/5578/chapter_6#6.2,False,0,"All parking lots shall be maintained free of dust, paper and other loose particles.
All adjacent sidewalks shall be kept free from dirt, in a safe condition for use by pedestrians.
All signs, markers or any other method used to indicate the direction of traffic movement and the location of parking spaces shall be maintained in a neat and legible condition.
Any walls, trees, shrubbery and the surfacing of the lot shall be maintained in good condition for parking purposes and the City Engineer or his/her designee shall have the authority to prohibit the use of the area for parking purposes until proper maintenance, repair or rehabilitation is complete."
6,Article VI General Development Standards,Section 405.220 Driveways and Roadway Access.,sub-sec-6.3,https://ecode360.com/29242732,https://zoneomics.com/code/5578/chapter_6#6.3,False,0,"The following standards shall apply to all driveways providing access to multi-family or non-residential uses:
A. General Standards.
1. Off-street parking spaces shall be arranged so that no vehicle will back directly onto a street.
All private parking areas and circulation drives shall be located off of the street right-of-way.
2. Access to property shall be allowed only by way of driveways and no other portion of the lot frontage shall be used for ingress or egress.
3. Any driveway design must allow an entering vehicle turning speed of fifteen
(15) miles per hour to help reduce interference with through street traffic.
Radii of driveway shall be sufficient to achieve this standard for the types of vehicles that the driveway is intended to serve.
4. There must be sufficient on-site vehicle storage to accommodate queued vehicles waiting to park or exit without interfering with street traffic.
5. Provisions for circulations between adjacent parcels should be provided through coordinated or joint parking systems.
6. Driveway placement should be such that loading and unloading activities will in no way hinder vehicle ingress or egress.
7. Driveway design must be such that vehicles entering the driveway from the street will not encroach upon the exit lane of a two-way driveway.
Also, a right-turning exiting vehicle will be able to use only the first (1st) through-traffic land available without encroaching into the adjacent through-lane.
B. Right-Turn Lanes And Tapers.
Right-turn lanes and taper shall be required when:
1. Expected right-turn ingress movements meet or exceed fifty
(50) vehicles per hour during a typical weekday peak traffic period.
2. Driveway volumes are expected to meet or exceed one thousand (1,000) vehicles per day calculated using the Institute of Transportation Engineers site generated traffic standards for closest matching land use category as set forth in the most recent edition of the ITE Trip Generation Manual.
3. The City Engineer can document through traffic analysis that such treatment is necessary to avoid congestion and/or unsafe conditions on the public arterial.
C. Driveway Grade.
The grade of a two-way, one-way or divided driveway shall not exceed two percent (2%) for a minimum distance of twenty-five
(25) feet from the edge of the pavement.
D. Sight Distance.
Direct-access driveways shall be located to allow the following minimum sight distance:
|  | **Design Speed of Street (MPH)** | **Minimum Sight Distance (Feet)** |
| --- | --- | --- |
|  | 30 | 200 |
|  | 35 | 225 |
|  | 40 | 275 |
|  | 45 | 325 |
|  | 50 | 350 | E. Driveway Spacing.
1. Arterial streets.
Direct access to an arterial street shall be permitted only when the subject property has no other reasonable access to the street system and only if the Planning and Zoning Commission with the recommendation of the City Engineer determines that the proposed access point onto the arterial street can be accommodated safely.
When direct access to an arterial street is approved by the Planning and Zoning Commission with the recommendation of the City Engineer pursuant to the requirements of this Section, the following standards shall apply.
a. Spacing from signalized intersections.
All driveways providing access to arterial streets shall be constructed so that the point of tangency of the curb return radius closest to a signalized or stop sign-controlled intersection is at least two hundred fifty (250) feet from the perpendicular curb face of the intersecting street.
In the event that this standard cannot be met because of an unusually narrow or shallow lot size, the Planning and Zoning Commission with the recommendation of the City Engineer may reduce the spacing so long as the reduction does not result in an unsafe traffic condition.
b. Spacing from other (non-signalized) access points.
All driveways providing access to arterial streets shall be constructed so that the point of tangency of the curb return radius closest to all non-signalized street or driveway intersections is at least two hundred (200) feet from the perpendicular curb face of the intersecting street or driveway.
In the event that this standard cannot be met because of an unusually narrow or shallow lot size, the Planning and Zoning Commission with the recommendation of the City Engineer may reduce the spacing so as the reduction does not result in an unsafe traffic condition.
2. Waivers.
Waivers for these access standards may be approved by the Planning and Zoning Commission with the recommendation of the City Engineer if the City Engineer determines that the requested waiver will not create a serious detriment to the safety or operation of traffic on the street or roadway.
The Planning and Zoning Commission with the recommendation of the City Engineer may require that the applicant for a waiver submit a traffic analysis if it is determined that such an analysis is necessary in order to render a competent decision on the requested waiver.
F. Driveways Per Parcel.
1. Unless otherwise specifically restricted, one
(1) driveway opening shall be allowed per two hundred (200) feet of continuous street frontage.
At least one
(1) driveway shall be permitted for any lot.
2. Parcels with two hundred (200) feet of frontage or less may apply for a secondary driveway if shared with an adjoining parcel, provided that the required minimum spacing is maintained.
In such cases, only one
(1) shared driveway will be permitted.
G. Driveway Width.
Except for dual driveways approved by the Planning and Zoning Commission with the recommendation of the City Engineer, the width of the driveway throat shall not exceed thirty-five
(35) feet in width.
H. Right-of-Way Work Permit.
No construction, grading, excavation, repair or reconstruction of any street, curb or gutter or any sidewalk or driveway between the street and property line shall be commenced without first obtaining a right-of-way work permit from the Zoning Officer."
6,Article VI General Development Standards,Section 405.225 Zoning District Property Development Standards - Measurements and Computations.,sub-sec-6.4,https://ecode360.com/29242757,https://zoneomics.com/code/5578/chapter_6#6.4,True,1,"The zoning district standards of
Article IV establish many property development standards that apply within individual zoning districts.
The rules governing exemptions, computations and measurements related to zoning district property development standards are established in this Section.
A. Summary Of Residential Property Development Standards.
The following Residential Property Development Standards Table provides a summary of the property development standards that apply within residential zoning districts.
In the event of conflict between the standards of this table and the standards listed within the text of
Article IV, the standards listed in
Article IV shall control.
| **Residential Property Development Standards Table** | | | | |
| --- | --- | --- | --- | --- |
| **Development Standards** | **A** | **R-1** | **R-2** | **R-3** |
| **Minimum Lot Size** | | | | |
| Single-Family Detached (square feet) | 3 acres | 9,000 | 8,000 | 7,200 |
| Single-Family Attached (square feet) | NA | NA | 5,000 | 5,000 |
| Duplex (square feet) | NA | NA | 10,000 | 10,000 |
| Multi-Family (square feet per dwelling unit) | NA | NA | NA | 3,000 |
| Non-Residential Uses (square feet) | 3 Ac. | 12,000 | 8,000 | 7,200 |
| Minimum Lot Width (feet) | 200 | 75 | 90 | 100 |
| Minimum Front Setback (feet) | 75 | 25 | 25 | 30 |
| Minimum Side Setback (feet) | 50 | 10 | 10 | 15 |
| Minimum Rear Setback (feet) | 50 | 30 | 30 | 30 |
| Maximum Building Coverage (percent of lot area) | 25 | 35 | 35 | 35 |
| Maximum Height (feet) | 35 | 35 | 35 | 40 |
B. Summary Of Non-Residential Property Development Standards.
The following Non-Residential Property Development Standards Table provides a summary of the property development standards that apply within residential zoning districts.
In the event of conflict between the standards of this table and the standards listed within the text of
Article IV, the standards listed in
Article IV shall control.
| **Non-Residential Property Development Standards** | | | | | |
| --- | --- | --- | --- | --- | --- |
| **Development Standards** | **C-1** | **C-2** | **C-3** | **M-1** | **M-2** |
| Minimum Lot Size | None | None | None | None | 5 acres |
| Minimum Lot Width (feet) | 75 | 25 | 75 | 75 | 200 |
| Minimum Front Setback (feet) | 20 | 0 | 15 — 251 | 40 | 40 |
| Minimum Side Setback (feet) | 0 — 252 | 0 — 203 | 0 — 304 | 20 — 405 | 20 — 506 |
| Minimum Rear Setback (feet) | 0 — 307 | 0 — 307 | 0 — 304 | 20 — 405 | 20 — 506 |
| Maximum Building Coverage (percent of lot area) | 65 | 100 | 75 | 85 | 85 |
| Maximum Height (feet) | 35 | 50 | 60 | 45 | 45 | |  | **NOTES** | | | | | | |
| --- | --- | --- | --- | --- | --- | --- | --- |
|  | 1 | The minimum front setback shall be fifteen (15) feet if adjacent to local streets; twenty-five (25) feet adjacent to all other streets. | | | | | |
|  | 2 | The minimum side setback shall be twenty-five (25) feet if adjacent to ""R-2"" or less intensive; fifteen (15) feet if adjacent to ""R-3"". | | | | | |
|  | 3 | The minimum side setback shall be twenty (20) feet if adjacent to ""R-2"" or less intensive; fifteen (15) feet if adjacent to ""R-3"" or ""C-1"". | | | | | |
|  | 4 | The minimum side setback shall be thirty (30) feet if adjacent to ""C-1"" or less intensive; twenty (20) feet if adjacent to ""M-1"" or ""M-2"". | | | | | |
|  | 5 | The minimum side or rear setback shall be forty (40) feet if adjacent to ""R-3"" or less intensive. | | | | | |
|  | 6 | The minimum side setback shall be fifty (50) feet if adjacent to ""C-1"" or less intensive. | | | | | |
|  | 7 | The minimum rear setback shall be thirty (30) feet if adjacent to ""R-3"" or less intensive. | | | | | | C. Lot Size.
1. Reduction of public purpose.
When an existing lot is reduced because of conveyance to a Federal, State or local government for a public purpose and the remaining area is at least seventy-five percent (75%) of the required minimum lot size for the district that it is located, then that remaining lot shall be deemed to comply with the minimum lot size standards of this Unified Development Code.
2. Utilities.
Utilities (major or minor) using land or an unoccupied building requiring less than one thousand (1,000) square feet of site area are exempt from the minimum lot size standards of all zoning districts.
3. Single-family dwelling and two-family dwelling exemptions."
6,Article VI General Development Standards,Section 405.225 Zoning District Property Development Standards - Measurements and Computations.,sub-sec-6.4,https://ecode360.com/29242757,https://zoneomics.com/code/5578/chapter_6#6.4,True,2,"The minimum lot size standards of this Unified Development Code shall not be interpreted as prohibiting the construction of a single-family or two-family dwelling unit, in accordance with all other applicable regulations, on a lot that was legally platted or recorded before the adoption of this Unified Development Code.
D. Residential Densities.
The zoning district regulations of this Unified Development Code express maximum residential densities in terms of lot area requirements per dwelling unit.
The maximum number of dwelling units allowed on a lot shall be determined by dividing the subject lot's total lot area by the applicable lot area (per dwelling unit) requirement of the district.
The number of dwelling units permitted in a mixed-use building (one containing residential and non-residential uses) shall not be affected by virtue of the building's mixed-use status.
As with non-mixed-use projects, the maximum number of dwelling units allowed shall be calculated by dividing the subject lot's total lot area by the applicable lot area requirement of the district.
E. Setbacks.
1. Features allowed within setbacks.
The following features may be located within setbacks:
a. Trees, shrubbery or other landscape features;
b. Fences and walls, subject to
Section 405.245; c. Driveways and sidewalks; d. Signs, where permitted; e. Steps to the principal entrance, walks and balustrades; f. Bay windows, architectural features, cantilevered floors, chimneys and other ornamental features of buildings that do not project more than two
(2) feet into the required setbacks; g. Fire escapes that do not extend into a setback by more than thirty percent (30%) of the required setback dimension; and h. Utility lines, wires and associated structures, such as power poles.
2. Side or rear setback exemptions in ""M-1"" and ""M-2"" Districts.
No side or rear setback shall be required in the ""M-1"" and ""M-2"" Districts on any lot that adjoins a railway right-of-way or that has a rear railway track connection, provided that sufficient access for fire-fighting equipment is available.
Such access shall be approved by the Fire Chief before issuance of any permit.
3. Setback averaging.
If the existing front setbacks of lots within the same block with the same zoning classification and fronting on the same side of the street are less than the required front setback of the underlying zoning district, applicants shall be allowed to use the ""average"" front setback of the underlying zoning district, applicant shall be allowed to use the ""average"" front setback on that block.
In such cases, the ""average setback"" shall be the mean (average) setback of all lots on the same side of the street within the same side of the street within the same block as the subject property.
In no event shall lots with different zoning classifications or undeveloped lots be included in the calculation.
This provision shall not be interpreted as requiring a greater front setback than imposed by the underlying zoning district and it shall not be interpreted as allowing setbacks to be reduced to a level that results in right-of way widths dropping below established minimums.
4. Setback reduced for public purpose.
When an existing setback is reduced because of conveyance to a Federal, State or local government for a public purpose and the remaining setback is at least seventy-five percent (75%) of the required minimum setback for the district that it is located, then that remaining setback shall be deemed to satisfy the minimum setback standards of this Unified Development Code.
F. Height.
1. Fences or walls.
In the case of fences or walls, height shall be measured on the side with the least vertical exposure above finished grade to the top of the fence or wall.
2. Exemptions from height standards.
The following structures and features shall be exempt from the height requirements of this Development Code:a. Chimneys, smokestacks or flues; b. Cooling towers and ventilators; c. Elevators bulkheads and stairway enclosures; d. Grain elevators and silos; e. Flagpoles, radio and television receiving antennas and support structures, provided that they shall not exceed one hundred fifty percent (150%) of the maximum height permitted within the zoning district that they are located, measured from average finished grade at the base of the support structure or building that it is located; f. Communication towers; g. Utility poles, water towers and support structures; h. Belfries, spires and steeples; and i. Monuments and ornamental towers."
6,Article VI General Development Standards,Section 405.230 Landscaping and Buffering.,sub-sec-6.5,https://ecode360.com/29242790,https://zoneomics.com/code/5578/chapter_6#6.5,True,1,"This
Section sets out the minimum landscaping and buffering requirements for new development within the City of Oak Grove.
Three
(3) different types of landscaping and buffering are described in this Section:
(1) open space landscaping;
(2) parking lot landscaping; and
(3) right-of-way and transition buffers.
A. Applicability.
The standards of this
Section shall apply to all development except that specifically exempted in
Section 405.230(B).
If an applicant is unable to meet the requirements of
Section 405.230 due to physical or other constraints on the property, the applicant may submit an alternate Landscaping Plan.
The alternate Landscaping Plan shall be reviewed and may be approved by the Planning and Zoning Commission and the Board of Aldermen if it is determined, in their sole discretion, that the proposed adjustments from the landscaping requirements in
Section 405.230 as shown on the alternate Landscaping Plan will result in an equal or higher quality development overall.
B. Exemptions.
The following shall be exempt from the standards of this Section:
1. Agriculture.
Agriculture (limited) in the ""A"" District.
C. Open Space Landscaping.
The open space landscaping standards shall apply to all development.
1. Plants required.
At least one
(1) medium or large deciduous tree and four
(4) shrubs shall be provided for each one thousand five hundred (1,500) square feet of lot area or fraction thereof.
Open space is defined as any space not covered by buildings, parking or athletic fields.
2. Location of plants.
Plants required pursuant to this
Section shall be installed in required front setback areas to the maximum extent possible.
3. Limit on plants required for residential development.
In no case shall more than three
(3) medium or large deciduous trees and four
(4) shrubs be required to be installed on any single-family lot.
D. Parking Lot Landscaping.
These parking lot landscaping standards shall apply to the interior of all off-street parking areas containing more than ten
(10) off-street parking spaces.
They shall not apply to vehicle/equipment storage lots, vehicle and equipment sales lots or multi-level parking structures.
1. Relationship to other landscaping standards.
Landscaping provided to meet the open space or right-of-way and transition buffer landscaping standards of this
Section shall not be counted towards meeting a project's parking lot landscaping requirements.
2. Minimum planting area.
At least twenty
(20) square feet of landscape planting area shall be provided within the interior of an off-street parking area for each parking space contained within the parking area.
3. Plants required.
At least one
(1) medium or large deciduous tree and six
(6) shrubs shall be provided for each ten
(10) parking spaces within an off-street parking area.
All landscaping areas that are not dedicated to trees or shrubs shall be landscaped with grass, ground cover or other appropriate landscape treatment.
Sand or pavement shall not be considered appropriate landscape treatment.
a. Location.
Parking lot landscaping shall be reasonably dispersed throughout off-street parking areas.
b. Planting areas.
The interior dimensions of any planting area used to satisfy parking lot landscaping standards shall be sufficient to protect plant materials and to ensure proper growth.
Planting areas that contain trees shall be at least seven
(7) feet wide and all planting areas shall be protected by raised curbs or wheel stops to prevent damage by vehicles and vehicle overhang.
E. Right-of-Way And Transition Buffers.
The right-of-way and transition buffer standards of this
Section require landscape buffers to be provided and maintained when certain land uses are adjacent to one another or when adjacent to certain roadway types.
The standards are intended to help ease the land use transition between areas of varying development intensity, ensure land use compatibility, and preserve the appearance of roadway areas.
1. Exemption for ""C-2"" District.
Uses in the ""C-2"" District shall be exempt from the right-of-way buffer standards.
2. Determination of right-of-way and transition buffer requirements.
The following procedure shall be followed in determining the type of buffer required.
*
a. Identify the minimum zoning classification required to accommodate the proposed use.
This is the ""Proposed Development/Zoning"" classification of Column
1.
b. Identify the actual zoning classification of the abutting site(s).
This is the ""Adjacent Development/Zoning"" classification.
c. Identify the classification of the roadway adjacent to the site of the proposed development.
This is the ""Adjacent Street"" classification.
d. Determine the type of buffer required on each building site boundary (or portion thereof) by referring to the Right-of Way and Transition Buffer Table.
e. Refer to
Section 405.230(E)(3) (Description of Buffer Types and Options) and select the desired landscaping buffer option from those set forth in that Section.
Any of the listed options, at the option of applicant, may be used to satisfy right-of-way and transition buffer requirements.
|  |  |
| --- | --- |"
6,Article VI General Development Standards,Section 405.230 Landscaping and Buffering.,sub-sec-6.5,https://ecode360.com/29242790,https://zoneomics.com/code/5578/chapter_6#6.5,True,2,"|  | \* See the Right-of-Way and Transition Table included as an attachment to this chapter. |
3. Description of buffer types and options.
|  |  |  | **Required Plants Per 100 Linear Feet of Buffer** | | | |
| --- | --- | --- | --- | --- | --- | --- |
|  | **Buffer** | **Width (feet)** | **Shade Trees** | **Understory Deciduous** | **Understory Evergreen** | **Shrubs** |
|  | A | 15 | 2 |  | 2 | 4 |
|  | B | 20 | 2 | 2 | 2 | 6 |
|  | C | 25 | 3 | 2 | 4 | 8 |
|  | D | 40 | 3 | 4 | 6 | 10 |
4. Location of buffers.
Right-of-way and transition buffers shall be required to be located along those portions of a site that are adjacent to public right-of-way and along those portions adjoining lots with a different zoning classification.
5. Use of buffers.
Required buffers shall be reserved solely for open space and landscaping.
No proposed building addition, structure, parking area or any other type of physical land improvement shall be located in a required buffer, provided that driveways or roads may cross a required buffer if necessary to provide access to the building site.
Sidewalks and pedestrian paths may also be located within required buffers.
6. Waiver for small sites.
The area of required right-of-way and transition buffers shall not be required to exceed ten percent (10%) of the site proposed for development.
In cases where buffer requirements would consume more than ten percent (10%) of the site, the Planning Commission may allow the width or location of buffers to be reduced or eliminated.
The developer shall be required to add plant material within remaining buffers or elsewhere on the site.
7. Responsibility for installing buffers.
The developing property shall always be responsible for providing required right-of-way and transition buffers.
In those cases where a landscape buffer that complies with the right-of-way and transition buffer standards of this
Section is already in place — whether on the site of the developing property or on the site of the adjacent property — the developer shall not be required to install another landscape buffer.
The developer of a subdivision or other developing site shall only be responsible for ensuring that the intervening landscape buffer complies with the standards of this Section.
Landscape buffers required for subdivisions shall be placed in easements.
F. Dumpster And Ground-Mounted Mechanical Equipment Screening.
Dumpsters or other mechanically dumped trash receptacles located in ""R-2"" and more intensive districts shall be completely screened from view on all sides by a fence or wall with a minimum height of six
(6) feet or one
(1) foot taller than the dumpster or equipment, whichever is greater.
The fence or wall shall provide complete visual screening of the dumpster or equipment and be compatible in material and color with the principal structure on the lot.
G. Landscape Material Standards.
The following standards shall be considered the minimum required planting standards for all trees and landscape material.
1. Plant quality.
Plants installed to satisfy the requirements of this
Section shall conform to or exceed the plant quality standards of the most recent edition of American Standard for Nursery Stock published by the American Association of Nurserymen.
Plants shall be nursery quality and indigenous or adapted to the local area.
All plants shall be alive and in good health.
2. Artificial plants.
No artificial plants or vegetation shall be used to meet any standards of this Section.
3. Trees.
a. Types.
(1) Required.
Where required or permitted, trees shall be of ornamental, evergreen or of the large deciduous types, such as oak, maple, ash, hickory or thornless honey locust.
Use of the following trees is discouraged and shall not be used to satisfy the landscaping or buffering standards of this Section:
Box elder (Acer negundo); Siberian (Chinese) elm (Ulmus pumila); Silver (soft) maple (Acer saccarinum); Bradford Pear (Pyrus calleryana ""Bradford""); Green ash (Fraxinus americana); Cottonwood (Populus deltoides); Sycamore (Platanus acerifolia); Tree-of-heaven (Ailantus altissima); Willow (Salix sp.
);Lombardi poplar (Populus lombardi); Black locust (Robinia pseudoaccia).
(2) Recommended tree species.
The City of Oak Grove, in order to promote a unifying theme of landscaping, has identified specific trees that are recommended for use in developments throughout the City.
These trees are:
White Oak (Quercus alba); Post Oak (Quercus stellata); Bur Oak (Quercus macrocarpa); Chinkapin Oak (Quercus muehlenbergii); Northern Red Oak (Quercus rubra); Shumard Oak (Quercus shumardii);Black Oak (Quercus velutina); Shingle Oak (Quercus imbricaria);Scarlet Oak (Quercus coccinea); English Oak (Quercus robur) and Overcup Oak (Quercus lyrata).
(3) Species mix.
When three
(3) or more trees are required to be planted to meet the standards of this Section, a mix of species shall be provided.
In order to promote diversity in the urban forest, the number of species to be planted shall vary according to the overall number of trees required to be planted in accordance with the following requirements:"
6,Article VI General Development Standards,Section 405.230 Landscaping and Buffering.,sub-sec-6.5,https://ecode360.com/29242790,https://zoneomics.com/code/5578/chapter_6#6.5,True,3,"|  | **Required Number of Trees** | **Minimum Number of Species** |
| --- | --- | --- |
|  | 3 — 9 | 2 |
|  | 10 — 19 | 3 |
|  | 20 — 29 | 4 |
|  | 30 + | 5 | b. Sizes.
(1) Medium and large deciduous trees.
Medium and large deciduous trees planted to satisfy the standards of this
Section shall have a minimum diameter of one and three-quarters (1¾) inches measured at a point that is at least six
(6) inches above ground level.
(2) Understory deciduous or ornamental trees.
Understory deciduous and ornamental trees planted to satisfy the standards of this
Section shall have a minimum diameter of one and one-half (1½) inches measured at a point that is at least six
(6) inches above ground level.
(3) Conifers and upright evergreens.
Conifers and upright evergreens planted to satisfy the standards of this
Section shall have a minimum height of five
(5) feet.
(4) Shrubs (deciduous and conifer).
Shrubs may be of a size determined by the applicant, unless otherwise indicated by other Sections of this Development Code.
(5) Ground treatment.
The ground area within required landscape areas shall receive appropriate landscape treatment and present a finished appearance and reasonably complete coverage upon planting.
The following standard shall apply to the design of ground treatment:
(a) Ground cover.
Ground cover appropriate for the area may be planted in lieu of turf grass.
Ground cover shall be of a size and spacing to provide a minimum of fifty percent (50%) coverage after the first (1st) full growing season and complete coverage after three
(3) growing seasons.
Edging shall be provided for all ground cover.
(b) Mulch.
Mulch shall be installed and maintained at a minimum depth of two
(2) inches and a maximum depth of four
(4) inches on all planted areas except where ground cover plants are fully established.
Mulch may be used as a permanent ground treatment in those landscape designs where ground cover or grass is inappropriate.
(c) Grass seed and sod.
Turf areas shall be planted with species suitable as permanent lawns in Oak Grove.
Turf areas shall be sodded or seeded.
In areas where grass seed is used, maintenance shall be provided until coverage is complete and complete coverage shall be provided after the first (1st) full growing season.
Areas not covered in full after the first (1st) growing season shall be sodded.
(6) Fences and walls.
Fences and walls used to screen residential developments from adjacent streets and land uses shall be of uniform appearance and design throughout the subject development.
(7) Use of existing plant material.
(a) General.
Vegetation and plant material that exists on a site prior to its development may be used to satisfy the landscaping standards of this
Section provided that it meets the size, variety and locational requirements of this Section.
(b) Tree credits.
Existing trees that satisfy the standards of this
Section may be substituted for any of the trees required to be planted in this Section.
(c) Trees excluded from credit.
No credits shall be permitted for the following types of trees:
(i) Trees that are not properly protected from damage during the construction process.
(ii) Trees that are dead, dying, diseased or infested with harmful insects.
(iii) Tree species which are identified as inappropriate or discouraged for use in
Section 405.230(G)(3)(a)(1).
H. Installation, Maintenance And Replacement.
1. Installation.
All landscaping shall be installed according to sound landscape industry practices in a manner designed to encourage vigorous growth.
All landscape material, living and non-living, shall be healthy and in place prior to issuance of final occupancy certificate.
A temporary occupancy certificate may be issued prior to installation of required landscaping if written assurances and financial guarantees are submitted ensuring that planting and/or growth will take place when planting season arrives.
The amount of the financial guarantee or bond shall be equal to two
(2) times the estimated cost of the plant material based on written cost estimates provided by the developer.
2. Maintenance and replacement.
Trees, shrubs, fences, wall and other landscape features depicted on plans approved by the City shall be considered as elements of the project in the same manner as parking, building materials and other details are elements of the plan.
The land owner or successors in interest or agent, if any, shall be jointly and severally responsible for the following:
a. Regular maintenance of all landscaping in good condition and in a way that presents a healthy, neat and orderly appearance.
All landscaping shall be maintained free from disease, pests, weeds and litter.
This maintenance shall include weeding, watering, fertilizing, pruning, mowing, edging, mulching or other maintenance as needed and in accordance with acceptable horticultural practices;b. The repair or replacement of required landscape structures (e.g., walls, fences) to a structurally sound condition; c. The regular maintenance, repair or replacement, where necessary, of any landscaping required by this Section; and d. Continuous maintenance of the site as a whole."
6,Article VI General Development Standards,Section 405.235 Operational Performance Standards.,sub-sec-6.6,https://ecode360.com/29242850,https://zoneomics.com/code/5578/chapter_6#6.6,False,0,"
A. General.
No parcel, lot, building or structure in any zoning district shall be used or occupied in a manner so as to create any dangerous, harmful, noxious or otherwise objectionable element or condition so as to adversely affect the surrounding area or adjoining premises, provided that any use that is allowed by the underlying zoning district regulations may be undertaken and maintained if acceptable measures and safeguards are employed to limit dangerous and objectionable elements to acceptable limits as established by the following performance standards.
B. Fire Hazards.
Any activity regulated by the National Fire Protection Association and any other City, State or Federal agency shall be protected by adequate fire-fighting and fire-suppression equipment and by such safety devices as are normally used in the handling of any such material.
Such fire hazards shall be kept removed from adjacent activities to a distance that is compatible with the potential danger involved.
C. Vibration.
No vibration shall be permitted that is detectable without instruments on any adjoining lot or property.
D. Noise.
Noise that is objectionable due to volume, frequency, duration or beat shall be muffled or otherwise controlled so that there is no production of sound discernible at lot lines in excess of the average intensity of street and traffic noise at the lot lines.
Tornado sirens and related apparatus used solely for public purposes shall be exempt from this requirement.
E. Air Pollution.
All uses shall be so operated that no smoke, odor, dust or other form of particulate matter shall be emitted that exceeds the regulations established by the State of Missouri Department of Natural Resources.
Such uses shall be located so that prevailing winds will carry such air pollution away from areas of greatest concentration of persons.
Also, such shall be kept removed from adjacent activities to a distance that is compatible with the potential nuisance or hazard involved.
F. Water Pollution.
All uses shall conform to the requirements and regulations established by the State of Missouri Department of Natural Resources pertaining to the pollution of streams and other bodies of water.
G. Toxic Materials.
Every use shall be so operated that there is no emission of toxic, noxious or corrosive fumes, gases or materials.
The storage of toxic materials shall be in compliance with all local, State and Federal regulations."
6,Article VI General Development Standards,Section 405.240 Number of Principal Uses and Structures per Lot.,sub-sec-6.7,https://ecode360.com/29242858,https://zoneomics.com/code/5578/chapter_6#6.7,False,0,"A lot may be used for more than one
(1) principal non-residential use and more than one
(1) principal non-residential structure, provided that all structures are separated by a minimum distance of fifteen
(15) feet and provided that development on the lot complies with all applicable standards of this Development Code."
6,Article VI General Development Standards,Section 405.245 Fences.,sub-sec-6.8,https://ecode360.com/29242859,https://zoneomics.com/code/5578/chapter_6#6.8,False,0,"Except as otherwise specifically provided in other codes and regulations, the following regulations shall apply to the construction of all fences in ""R-3"" and less intensive zoning districts.
A. Maximum Height.
Fences shall not exceed eight
(8) feet in height.
Fencing around tennis courts and other recreational amenities shall be exempt from this eight
(8) foot height limit.
B. Corner Visibility.
Fences shall comply with the corner visibility standards of
Section 405.265.
C. Setbacks.
Fences shall not encroach into a required exterior front setback.
Fences may extend into or enclose required interior setbacks and exterior side setbacks on corner lots, provided that any fence that is over four
(4) feet in height shall be set back from the right-of-way line at least eight
(8) feet, except a wrought iron fence that shall be exempt from exterior side setback requirements.
D. Construction And Materials.
Fences shall be constructed in a workmanship-like manner so that the horizontal and vertical support posts are inside the fence area or otherwise hidden from view of those outside the fenced area.
This requirement shall not apply to fences that abut non-residential zoning districts or in situations where the owner of the lot adjacent to the fence agrees to a plan for placing support posts on the ""outside"" of the fence.
All exposed steel except galvanized metal shall have a color finish coat applied to them and be preserved against rust and corrosion.
E. Swimming Pools.
Fences enclosing swimming pools are required and shall meet the requirements of this Section, as well as all other applicable regulations.
F. Design And Maintenance.
All fences shall be maintained in their original upright condition.
Fences designed to be painted or have other surface finishes shall be maintained in their original condition as designed.
Missing boards, pickets or posts shall be replaced in a timely manner with material of the same type and quality.
G. Prohibited.
The following fences shall be prohibited in all ""R-1"", ""R-2"" and ""R-3"" zoning districts:
1. Fences constructed in whole or in part of barbed wire unless the barbed wire is at least six
(6) feet above ground and at least one
(1) foot inside the property line of a lot located within a ""C-3"", ""M-1"" or ""M-2"" Zoning District;
2. Fences constructed of more than two
(2) different types of fencing material;
3. Fences constructed in whole or in part of cloth, canvas or other like material;
4. Fences used as signs;
5. Fences constructed solely of a single wire or of two
(2) wires between posts or supports; and
6. Electrified fences.
H. Permits Required.
No fence in the City of Oak Grove shall be erected, modified or changed in any manner until a fence permit application has been reviewed and approved by the Zoning Officer.
Such application shall be filed upon forms provided by the City and shall clearly show:
1. The type of fence to be erected, modified or changed;
2. The material to be used; and
3. The placement location."
6,Article VI General Development Standards,Section 405.250 Outdoor Lighting Standards.,sub-sec-6.9,https://ecode360.com/29242877,https://zoneomics.com/code/5578/chapter_6#6.9,False,0,"
A. Purpose.
The purpose of the exterior lighting standards of this
Section is to regulate the spill over of light and glare on operators of motor vehicles, pedestrians and land uses near light sources.
With respect to motor vehicles in particular, safety considerations form the basis of the regulations contained herein.
In other cases, both the nuisance and hazard aspects of glare are regulated.
B. Applicability.
The following standards shall apply to all exterior lighting except public street lighting and other lighting that is specifically exempted.
C. Flickering And Flashing Lights.
No flickering or flashing lights shall be permitted.
D. Light Location.
Light sources or luminaries shall not be located within required setback yard areas except on pedestrian walkways.
E. Maximum Illumination.
The following table provides the standards for maximum illumination in a zoning district.
The height limitations for each zoning district shall apply to the maximum height of luminaries.
|  | **Underlying**  **Zoning**  **District** | **Maximum Illumination (foot-candles)** | | |
| --- | --- | --- | --- | --- |
|  | **Luminaries with no Cut-off** | **Luminaries with Total Cut-off Angle > 90°** | **Luminaries with Total Cut-off Angle < 90°** |
|  | A, R-1, R-2, R-3 | 0.20 | 0.50 | 0.50 |
|  | C-1, C-3 | 0.20 | 0.75 | 2.00 |
|  | C-2 | 0.30 | 1.00 | 3.00 |
|  | M-1, M-2 | 0.30 | 1.50 | 4.00 | F. Exemptions.
Because of their unique requirements for nighttime visibility and their limited hours of operation, ball diamonds, playing fields and tennis courts shall be exempt from the maximum illumination and luminaire height standards of this Section, provided that lights used for such activities shall not exceed a maximum post height of eighty
(80) feet.
Ball diamonds, playing fields and tennis courts may exceed a total cutoff angle of ninety degrees (90°), provided that the luminaire is shielded to prevent light and glare spill over to adjacent property zoned ""R-2"" or less intensive.
The maximum permitted illumination at the lot line of ""R-2"" or less intensive property shall not exceed two
(2) foot-candles.
G. Measurements.
1. Metering equipment.
Lighting levels shall be measured in foot-candles with a direct-reading, portable light meter.
The meter shall have a color and cosine-corrected sensor with multiple scales and shall read within an accuracy of plus or minus five percent (5%).
2. Method of measurement.
The meter sensor shall be mounted not more than six
(6) inches above ground level in a horizontal position.
Readings shall be taken only after the cell has been exposed long enough to provide a constant reading.
Measurements shall be made after dark when the light source in question is turned on, then when it is turned off.
The difference between the two
(2) readings shall be compared to the maximum permitted illumination and property line at ground level.
This procedure eliminates the effects of moonlight and other ambient light.
3. Exterior lighting plan.
At the time any exterior lighting is installed or substantially modified and whenever a building permit is sought in the ""R-3"" or more restrictive district or for a non-residential use in the ""A-1"" District, an exterior lighting plan shall be submitted to the Zoning Officer in order to determine whether the requirements of this
Section have been met."
6,Article VI General Development Standards,Section 405.255 Outdoor Storage and Display Standards.,sub-sec-6.10,https://ecode360.com/29242888,https://zoneomics.com/code/5578/chapter_6#6.10,False,0,"
A. Standards For Outdoor Display In ""C-1"", ""C-2"", ""C-3"" And ""M-1"".
The following standards shall apply to outdoor display areas in the ""C-1"", ""C-2"", ""C-3"" and ""M-1"" Districts when such display areas are not completely enclosed or completely screened from view.
1. Setback.
Outdoor display areas shall comply with all exterior and interior setback requirements.
2. Height.
Outdoor materials displayed shall not exceed fifteen
(15) feet in height.
B. Standards For Outdoor Storage In ""C-1"", ""C-2"", ""C-3"" And ""M-1"".
The following standards shall apply to outdoor storage areas in the ""C-1"", ""C-2"", ""C-3"" and ""M-1"" Districts when such storage areas are not completely enclosed or completely screened from view.
1. Setback.
Outdoor storage areas shall comply with all exterior and interior setback requirements.
2. Height.
The height of materials stored shall not exceed the height limitation of the underlying zoning district."
6,Article VI General Development Standards,Section 405.260 Non-Residential Design Standards.,sub-sec-6.11,https://ecode360.com/29242895,https://zoneomics.com/code/5578/chapter_6#6.11,False,0,"
A. Application Of Regulations.
These regulations shall apply with regard to all exterior walls in commercial and industrial districts.
B. Minimum Exterior Building Materials.
1. A minimum of one hundred percent (100%) of the front exterior wall and fifty percent (50%) of the side exterior walls, excluding windows and doors, in commercial and industrial districts shall consist of approved materials.
In the ""C-1"" and ""C-2"" Districts where the building is located on a corner lot, one hundred percent (100%) of the front exterior wall, one hundred percent (100%) of the side exterior wall facing a street and fifty percent (50%) of the rear exterior wall shall consist of approved materials.
Approved materials are:
a. Masonry.
Masonry construction shall include all masonry construction which is composed of solid, cavity, faced or veneered-wall construction or similar materials.
(1) Stone material used for masonry construction may consist of granite, sandstone, limestone, marble or other hard and durable all-weather stone.
Ashlar, cut stone and dimensioned stone construction techniques are acceptable.
(2) Brick material used for masonry construction shall be composed of hard fired (kiln fired) all-weather common brick or other all-weather facing brick.
(3) Stucco or approved gypsum concrete/plaster materials.
b. Glass walls.
Glass walls shall include glass curtain walls or glass block construction.
A ""glass curtain"" shall be defined as an exterior wall which carries no floor or roof loads and which may consist of a combination of metal, glass and other surfacing material supported in a metal framework.
c. Any other material not specifically excluded provided the Planning Commission and Board of Aldermen approve the material.
The process for approval of materials shall be the same as
Section 405.115, Site Plan and Design Review.
2. Prohibited materials on all exterior walls.
The following materials shall not be used as exterior building materials and shall be prohibited:
a. Concrete finish or pre-cast concrete panel (tilt wall) that is not exposed aggregate, hammered or sandblasted.
b. Metal panels shall not be allowed in any commercial district except that metal panels may be allowed in the C-3 General Business District for accessory buildings where the proposed structure will generally not be visible from an arterial street, a major highway, or adjacent residential areas due to its location on the site, existing structures on the site, the topography of the site, and/or the use of landscaping and/or berms on the site to screen the proposed structure and reduce its visibility from off site; provided that the use of metal panels is approved by the Planning Commission and Board of Aldermen as a part of the site plan and design review process pursuant to
Section 405.100. Metal panels may be allowed in an industrial district in conjunction with masonry construction, provided the materials are approved by the Planning Commission and Board of Aldermen.
The process for approval of metal panels in an industrial district shall be the same as
Section 405.100, Site Plan and Design Review.
3. Exposed front and street sidewalk facade(s), excluding windows, doors or overhead doors, consisting of a single undifferentiated plane with a single texture or color shall be prohibited.
4. Not less than fifteen percent (15%) of the area of each front exterior facade or street sidewall where a building is located on a corner lot, excluding windows, doors or overhead doors, shall be recessed, projected or alternately staggered from the primary plane of the wall.
For purposes of this Section, fascias or mansards shall not be counted as a projection from the primary plane.
5. Roof-mounted equipment, excluding satellite dishes, shall be screened from view (one hundred percent (100%) opacity) or isolated so that it is not visible from ground level of any adjacent applicable public thoroughfare up to a maximum of three hundred (300) feet away.
The appearance of roof screens shall be coordinated with the building to maintain a unified appearance.
6. All electrical and mechanical equipment in excess of three
(3) feet in height, located adjacent to the building and visible from any adjacent applicable public thoroughfare shall be screened from view (one hundred percent (100%) opacity) up to a maximum of three hundred (300) feet away.
Such screens and enclosures shall be treated as integral elements of the building's appearance.
7. Mirrored glass with a reflectance greater than forty percent (40%) shall not be permitted on more than twenty percent (20%) of the exterior walls of any building.
8. Plans for all commercial and industrial projects shall include detailed drawings of all enclosures and screening methods, as well as profiles and descriptions of the types of materials being used on all exterior walls."
6,Article VI General Development Standards,Section 405.265 Corner Visibility.,sub-sec-6.12,https://ecode360.com/29242914,https://zoneomics.com/code/5578/chapter_6#6.12,False,0,"On corner lots, nothing shall be erected, placed, planted or allowed to grow in such a manner as to materially impede vision between a height of two
(2) feet and eight
(8) feet above curb grade within the triangular area formed by an imaginary line that follows street pavement edges and a line connecting them twenty-five
(25) feet from the point of intersection.
This sight triangle standard may be increased by the Planning and Zoning Commission with a recommendation from the City Engineer when deemed necessary for traffic safety."
6,Article VI General Development Standards,Section 405.270 Underground Utilities.,sub-sec-6.13,https://ecode360.com/29242915,https://zoneomics.com/code/5578/chapter_6#6.13,False,0,"All newly constructed, modified or upgraded lines for telephone, electrical, television and other services distributed by conduit, wire or cable shall be placed underground.
The provision shall not be construed to prohibit the construction of above ground or surface equipment associated with an underground distribution system such as, but not limited to, surface-mounted transformers, power terminal pedestals, meters and meter boxes, concealed wires, street lights and street light poles."
7,Article VII Sign Code,Section 405.275 Purpose and Intent.,sub-sec-7.1,https://ecode360.com/29242917,https://zoneomics.com/code/5578/chapter_7#7.1,False,0,"The purpose of this
Article is to provide standards to safeguard life, health and property and to promote the public welfare by regulating the design, area, number, construction, location and installation of all signs referred to hereunder.
The Board of Aldermen and the City Planning Commission of the City of Oak Grove recognize that the visual environment has an effect on the welfare of the citizens of Oak Grove and that careful control of signage can preserve and enhance the community.
A. To carry out this general purpose, the regulations set forth herein are intended to:
1. Encourage well-maintained and attractive sign displays that meet the need for adequate business identification, advertising and communication.
2. Protect the public from hazards that result from signs that are structurally unsafe, obscure the vision of motorists and/or compete or conflict with necessary traffic signals and warning signs.
3. Limit the proliferation of those signs that are accessory or carry messages other than the name or principal product or service located on the premises.
4. Encourage signs that are well designed and compatible with the surroundings and with the buildings that they are attached to or mounted on."
7,Article VII Sign Code,Section 405.280 Exemptions.,sub-sec-7.2,https://ecode360.com/29242923,https://zoneomics.com/code/5578/chapter_7#7.2,False,0,"Exempt sign means any of the following (however, in no case shall the following signs be allowed within the public right-of-way):
A. A sign that is required or authorized by any law, Statute or ordinance, is designed to identify any public area or installation that gives notice of danger in connection with a public project or hazard.
B. Any sign in the nature of a cornerstone or commemorative or historical tablet or landmark designation plaque erected by a public or non-profit body or organization.
C. Any sign that identifies by name or number of each individual building within any institutional or residential building complex and that does not exceed one and one-half (1½) square feet in area.
D. Any sign in the nature of a decoration, identification or direction incidentally and customarily associated with any national or religious holiday or any civic festival, fair or similar gathering held during a period of ten
(10) days or less in any year, provided such sign shall not differ substantially from the requirements set forth in this Article.
E. Any sign (window sign, see definition) in a display window of a business establishment that is incorporated into a display of merchandise or a display relating to service offered on the premises.
F. A sign not to exceed four
(4) square feet in size displayed for a period of not more than forty-eight
(48) hours at one time and no more than twice in any one
(1) year period.
Three
(3) residential garage sale signs will be permitted; two
(2) may be off-property with permission of the property owner where the sign is displayed.
These signs may be displayed only during the hours that the advertised activity is to take place and must be a self-supporting type sign.
G. Traffic directional signs, (on private property) that are designed to provide direction and do not in any way advertise a business and are not more than three and one-half (3½) square feet in area, shall be located a minimum of one
(1) foot from the right-of-way of any street and shall not exceed three
(3) feet above the existing grade (immediate surrounding grade) or visual barrier but in no case more than seven
(7) feet in height.
The number of traffic direction signs shall be limited to one
(1) per driveway.
H. Landscape features, such as plant materials, berms, boulders, fencing and similar design elements, incorporated in conjunction with freestanding, ground-mounted signs are encouraged and shall not be counted as part of the allowable sign area.
I. All exempt signs must meet the requirements of
Section 405.310(E) — Restrictions."
7,Article VII Sign Code,Section 405.285 Permit Required.,sub-sec-7.3,https://ecode360.com/29242933,https://zoneomics.com/code/5578/chapter_7#7.3,False,0,"
A. It shall be unlawful for any person, firm, corporation or organization to place, erect, alter or relocate within the City any sign, as defined in this Article, without first obtaining a permit and paying the required fee therefor, unless exempt or excepted herein.
B. Permits shall not be required for a change of copy on a changeable copy sign nor for the repainting, cleaning and other normal maintenance and repair of any sign and its structure if the sign copy does not change.
C. Permits shall be subject to all applicable fees adopted by the Board of Aldermen.
D. Notwithstanding any provision of this Unified Development Code to the contrary, no permit shall be required for a public election or referenda sign, as defined in
Section 405.280(F), that does not exceed sixteen
(16) square feet."
7,Article VII Sign Code,Section 405.290 Application.,sub-sec-7.4,https://ecode360.com/29242938,https://zoneomics.com/code/5578/chapter_7#7.4,False,0,"Any person, firm, corporation or organization desiring to place, erect, alter or relocate a sign, as herein defined, except an exempt sign, shall make application to the Building Inspector and shall provide in writing the following information:
A. Name, address and telephone number of the applicant, owner (or owner's authorized representative) and the person, firm, corporation or association erecting the sign.
B. A plot plan, dimensioned, showing the location of the building, structure and lot that the proposed sign is to be attached to or erected on.
C. Photographs showing the location of the proposed sign and its relationship to the building that it is to be mounted on or the surrounding area if it is not a wall sign.
D. One
(1) drawing of the proposed sign showing the message to be displayed and method of construction, landscaping and attachment to the building or ground.
E. A colors sketch showing the proposed color combination of the sign with proposed and existing surrounding materials.
F. Written consent of the owner (or the authority to act on behalf of such owner) of the building, structure and land that the sign is to be erected on.
G. A description of all electrical equipment and attachments if the sign is to be lighted or illuminated.
H. Applications for temporary permits, as defined herein, shall include a written statement that the sign will be displayed for a period of time not exceeding twenty-one
(21) days."
7,Article VII Sign Code,Section 405.295 Design Review and Issuance of a Permit.,sub-sec-7.5,https://ecode360.com/29242947,https://zoneomics.com/code/5578/chapter_7#7.5,False,0,"
A. The Zoning Officer, or his/her designee, upon the filing of an application for a sign permit, shall examine the application within fourteen
(14) days from the date of submittal.
If the Zoning Officer determines that the application is complete, the sign complies with the requirements of this
Article and all other ordinances of the City, the Zoning Officer shall issue a sign permit.
B. If the Zoning Officer denies the permit, the reasons for denial shall be stated in writing to the applicant and the applicant may appeal the determination of the Zoning Officer to the Planning Commission.
The process for appeal to the Planning Commission shall be the same as
Section 405.075, General Requirements for All Applications.
The Planning Commission shall review all applications within forty-five
(45) days of submittal and approve, conditionally approve or disapprove the application.
Any decision of the Planning Commission may be appealed to the Board of Zoning Adjustment by making application for a variance.
A sign permit fee paid in accordance with
Section 405.305 shall be applied towards the fee necessary to appear before the Board of Zoning Adjustment.
C. In the event that a permit is issued but the sign authorized by the permit is not attached or erected within six
(6) months after the issuance of the permit, the permit shall expire and be null and void."
7,Article VII Sign Code,Section 405.300 Design Review Guidelines.,sub-sec-7.6,https://ecode360.com/29242951,https://zoneomics.com/code/5578/chapter_7#7.6,False,0,"The following sign review guidelines shall be used by the Planning Commission in acting on sign permit applications as required in
Section 405.290 above and by the Board of Zoning and Adjustment acting on variances.
A. Any signage affixed to a building should be dimensioned and located in such a manner that it fits the building's architectural features and proportions.
B. All signs should be designed to fit the zoning and status character of the surrounding area.
Special consideration should be made where proposed signage is located on or adjacent to locally identified historic structures or publicly owned recreation and conservancy areas.
Signage in planned district or planning areas, such as downtown, will be required to conform to the planned or existing dominant architectural theme of the area.
Signage in or abutting residential properties should be designed and located so as not to create a residential nuisance.
C. As a general guideline and where feasible, ground-mounted, freestanding signs larger than six
(6) square feet shall be located at least one hundred
(100) feet apart.
D. Signs illuminated by floodlight or spotlights must be positioned in such a manner that none of the light spills over onto an adjoining property or glares or shines into the eyes of motorists or pedestrians and may not exceed three
(3) foot-candles at the lot line.
E. As a general guideline, the colors and materials should be kept to a minimum and shall be consistent with adjacent signage and architecture.
F. Landscape features will be encouraged as part of all ground-mounted signs.
Landscape plantings or other landscape materials will not be counted as part of the allowable signage.
G. Signs affixed to the exterior of a building shall be compatible with the style, composition, materials, colors and details of the building, as well as with other signs used on the buildings in close proximity to the new sign.
H. Signs shall be mounted so that the method of installation is concealed.
Signs applied to masonry surfaces shall be mechanically fastened to mortar joints only and not directly into brick or stone.
Drilling to provide electrical service shall follow the same rule.
I. No sign shall be suspended by chains or other devices that will allow the sign to swing due to wind action.
Signs shall be anchored to prevent any lateral movement that would cause wear on the sign face or supporting members of connections.
J. All permanent signs and their supporting members shall be constructed of non-combustible materials.
1. All glass used in signs shall be shatter-resistant or covered by a shatter-resistant material.
2. All plastic signs that are internally illuminated shall conform to the City's adopted building codes.
K. Sign material shall be compatible with the design of the face of the facade where they are placed and should contribute to the legibility of the sign.
L. All signs shall comply with the appropriate detailed provisions of the City's adopted building codes and the Unified Development Code as related to the design, structural members and connections.
M. Monument sign structures shall be constructed utilizing the materials and colors of the primary structure on the site or other compatible material as approved by the Zoning Official.
N. All permanent signs shall be designed and constructed using a licensed and bonded sign company.
All permanent signs shall use appropriate materials and shall not be constructed using the following materials:
1. Wood;
2. Lightweight cloth or canvas, except approved canopies or awnings;
3. Paper;
4. Cardboard; or
5. Any other material that has not been approved by the City for construction of a permanent sign."
7,Article VII Sign Code,Section 405.305 Permit Fee.,sub-sec-7.7,https://ecode360.com/29242973,https://zoneomics.com/code/5578/chapter_7#7.7,False,0,The applicant shall pay a permit fee in an amount established by the City's standard fee schedule.
7,Article VII Sign Code,Section 405.310 Specific Requirements and Prohibitions.,sub-sec-7.8,https://ecode360.com/29242974,https://zoneomics.com/code/5578/chapter_7#7.8,True,1,"A. Limitations On Purposes.
All signs shall be limited to the owner's, tenant's or occupant's name or business name, logo and registered trademark, profession or trade, approved art work (such as seals, symbols or crests), as well as the principal services offered or products sold within the building or on the premises that the sign is to be attached to or to be erected on, except exempt signs.
B. Safety Regulations — Attachment — Location.
No sign or any part thereof or anchor, brace or guide rod shall be attached, fastened or anchored to any fire escape, fire ladder or standpipe, and no sign or any part thereof or anchor, brace or guide rod shall be erected or maintained that may cover or obstruct any door, doorway or window of any building and that may hinder or prevent ingress or egress through such door, doorway or window or that may hinder or prevent the raising or placing of ladders against such building in the event of fire.
C. Safety Regulations — Dead Loads — Live Loads.
All signs, except flat signs and those signs weighing less than ten
(10) pounds, shall be designed and constructed to withstand a wind pressure of not less than thirty
(30) pounds per square foot of area and shall be constructed to adequately support the dead load and any anticipated live loads (e.g.
ice, snow or wind) of the sign.
D. Roof Signs — Limitations.
No sign shall be mounted upon any roof of any building or structure in any district other than ""B-2"" and ""M-1"" zones and then only upon issuance of a variance, except a sign painted on the roof of a building or structure that is designed to provide information to air traffic.
E. Restrictions.
No person shall paste or otherwise fasten any paper or other material, paint, stencil or write any number, sign, name or any disfiguring mark within any street right-of-way, on any sidewalk, curb, gutter, street, post, fire hydrant, pole or tree, any other sign, building, fence or other structure, nor shall any of said objects be defaced in any manner.
F. Flashing, Lighted Signs — Regulations.
No flashing, alternating, rotating or swinging flood, spot, strobe or beacon light is permitted for the purpose of illuminating any sign.
This shall not apply to electronic changeable copy or messenger center signs.
No flashing, alternating, rotating or swinging flood, spot, strobe or beacon light illuminating any sign shall be located in such manner as to permit its beam or a glare of light to be directed onto surrounding premises or roadways.
Each illuminated sign shall comply with the Electrical Code of the City.
G. Billboards.
1. Conditional use.
Billboards shall be allowed only if reviewed and approved as a conditional use pursuant to the Oak Grove Unified Development Code and in compliance with the following standards:
a. Billboards may be located only on lots contiguous to the right-of-way of Interstate Highway
70.
b. Billboards shall not be located within one thousand (1,000) feet of any land zoned for residential purposes.
c. Billboards shall not be erected within one thousand four hundred (1,400) feet of any other billboard located on the same side of Interstate Highway
70. Such minimum spacing distance shall be measured along the centerline of the interstate highway from a point opposite any edge of a billboard and perpendicular to the centerline of the highway.
d. Billboards shall not be erected within one thousand (1,000) feet of any highway interchange as measured from the centerline of the intersecting street along the centerline of the interstate highway and no sign shall be located in such manner as to obstruct or otherwise physically interfere with the effectiveness of an official traffic sign, signal, or device or obstruct or physically interfere with a motor vehicle operator's view of approaching, merging, or intersecting traffic.
e. Billboards shall not be erected within a five hundred (500) foot radius of any billboard located on the opposite side of the Interstate Highway 70 right-of-way.
2. Size.
The maximum area for any one
(1) sign shall be eight hundred (800) square feet with a maximum height of thirty
(30) feet and a maximum length of seventy-two
(72) feet, inclusive of the border and trim but excluding the base or apron, supports, and other structural members.
3. Location.
No billboard shall be attached to the roof or wall of any building.
4. Face.
No new billboard shall be erected having more than one
(1) viewable sign face that is directed toward the same lane of traffic.
5. Illumination.
Billboards may be illuminated by electrical lighting of the surface of the sign face; however, no flashing, blinking or intermittent lighting of billboard sign faces shall be allowed.
No revolving or rotating beam or beacon of light that simulates any emergency light or device shall be permitted as part of any sign.
No sign shall be illuminated so that it interferes with the effectiveness of, or obscures, an official traffic sign, device or signal.
6. Structure.
A billboard is a structure for the purposes of the Unified Development Code, and all intensity, setback and other zoning district regulations shall apply to the structure.
The maximum height of the sign structure may not exceed forty-five
(45) feet above the elevation of the roadway of Interstate 70 as measured from the nearest point of the sign to the road.
The maximum height of a sign structure may be increased by up to an additional ten percent (10%) upon approval by the Board of Aldermen.
7. Service drives.
All billboards must be accessible by a paved access drive that is internal to the lot or parcel on which the sign is located.
8. Certifications."
7,Article VII Sign Code,Section 405.310 Specific Requirements and Prohibitions.,sub-sec-7.8,https://ecode360.com/29242974,https://zoneomics.com/code/5578/chapter_7#7.8,True,2,"All billboards must have the certification of a professional engineer stating that the soil and subsurface is capable of accepting the projected load of the sign, that the electrical components are constructed pursuant to all codes, and that the structural strength of the sign is sufficient.
All applications for billboards will be accompanied by a certified boundary survey prepared by a registered land surveyor that identifies the location of the proposed billboard and establishes that it complies with all required setbacks and distance requirements.
9. Financial security.
All applications for billboards will require a bond, letter of credit or other form of financial security to ensure removal of signs that are not validly permitted or that constitute a nuisance in the amount of fifty percent (50%) of the construction value of the sign.
The following types of billboards are defined to constitute a nuisance:
a. Abandoned Billboard:
A billboard which has carried no message for more than one hundred eighty (180) days or which no longer identifies a bona fide business, lessor, service, owner, product, or activity, date or time of past event, and/or for which no legal owner can be found.
b. Damaged Billboard:
A billboard which becomes damaged or dilapidated to fifty percent (50%) or more of its physical structure or economic value.
c. Structurally Unsound Billboard:
A billboard which is no longer adequately supported by the structure for which it was designed.
H. Pole Signs.
1. Conditional Use.
Pole signs shall be allowed only if reviewed and approved as a conditional use pursuant to the Oak Grove Unified Development Code and in compliance with the following standards:
a. Pole signs shall be located within five hundred (500) feet of the right-of-way of Interstate Highway
70.
b. Pole signs shall be located within one hundred fifty (150) feet of the right-of-way of Broadway between North 4th Street and South 5th Street.
c. Pole signs shall be located within three hundred (300) feet of the right-of-way of SE 4th Street between Broadway and SE Brandon Court.
2. Size.
The maximum gross area of the signboard face of any pole sign shall not exceed one hundred fifty (150) square feet, and the height of any part of the signboard face may not exceed fifteen
(15) feet in height measured vertically from the lowest part of the signboard face.
3. Location.
No pole sign shall be attached to the roof or wall of any building.
4. Illumination.
Pole signs may be illuminated by electrical lighting of the surface of the sign face; however, no flashing, blinking or intermittent lighting of pole sign faces shall be allowed.
5. Structure.
A pole sign is a structure for the purposes of the Unified Development Code, and all intensity, setback, and other zoning district regulations shall apply to the structure.
The maximum height of the sign structure may not exceed sixty
(60) feet above the elevation of the roadway of Interstate 70 when located within five hundred (500) feet of the right-of-way of Interstate
70. The maximum height of the sign structure may not exceed thirty
(30) feet above the elevation of the roadway of Interstate 70 when located within three hundred (300) feet of the right-of-way of SE 4th Street between Broadway and SE Brandon Court as measured from the nearest point of the sign to the road.
6. Certifications.
All pole signs must have the certification of a professional engineer stating that the soil and subsurface is capable of accepting the projected load of the sign, that the electrical components are constructed pursuant to all codes, and that the structural strength of the sign is sufficient.
7. Financial Security.
All applications for pole signs will require a bond, letter of credit or other form of financial security to ensure removal of signs that are not validly permitted or that constitute a nuisance.
I. Portable (Freestanding) Signs.
1. Size.
May not exceed twenty
(20) square feet.
2. Illumination.
Portable signs may not be illuminated.
3. Additional requirements.
a. May be displayed by churches, not-for-profit institutions, quasi-public institutions or governmental agencies for special events for a period of up to thirty
(30) days once per quarter of each calendar year with a temporary sign permit free of charge.
b. May be displayed on the premises by users other than those described in Subsection (I)(3)(a) above for not more than thirty
(30) days.
Use is limited to once per quarter of each calendar year with a temporary sign permit.
J. Banners And Balloons.
1. The use of any banner, pennant, flag, streamers, propeller, bunting or similar articles for advertising of a product, service, show, property or carnival is prohibited except by a temporary sign permit for specific events not to exceed thirty
(30) days per issuance.
Under no circumstances shall such a permit be granted for any premises more than once per quarter of each calendar year.
2. Balloons (hot air or cold air) and inflatable signs shall be limited to one
(1) time per year for specific events not to exceed ten
(10) days per issuance and require an area safety inspection before issuance of a temporary sign permit.
K. Height And Setback Requirements.
1. In zoning districts where setbacks are required for building construction, no part of any sign shall extend over the property line.
In zoning districts where no front yard setbacks are required, a sign must be attached to the building and shall project no more than four
(4) feet over the abutting public sidewalk or established street grade.
No part of such sign shall be more than eighteen
(18) feet in perpendicular height above the nearest established street grade.
Any signs projecting over sidewalks shall have a minimum of eight
(8) feet of clearance, including awnings.
2. The following setbacks shall be required for all billboards and other sign structures:"
7,Article VII Sign Code,Section 405.310 Specific Requirements and Prohibitions.,sub-sec-7.8,https://ecode360.com/29242974,https://zoneomics.com/code/5578/chapter_7#7.8,True,3,"a. On Broadway north of I-70 and south of 21st Street, sixty
(60) feet from the centerline as it presently exists.
b. On Broadway south of I-70 and north of 21st Street, fifty
(50) feet from the centerline as it presently exists.
c. On the I-70 frontage roads (both north and south of I-70), ninety
(90) feet from the centerline of the frontage road as it now exists.
d. On secondary arterial streets as designated on the City of Oak Grove master street plan, forty
(40) feet from the centerline.
e. On collector streets as designated on the City of Oak Grove master street plan, thirty
(30) feet from the centerline.
L. Moving Signs Or Signs With Moving Parts.
Sign structures may not move or rotate.
The Planning Commission may approve plans for sign permits in which parts or elements of the sign move.
Before approval of the permit, the Planning Commission shall find that the proposed moving parts of the sign shall not be a distraction to the public that creates a safety hazard or nuisance.
M. Prohibited Signs.
The following signs are expressly prohibited in the City of Oak Grove:
1. Off-premise signs.
Any sign, except billboards approved pursuant to
Section 405.310(G) advertising or announcing any place, product, goods, services, idea or statement or whose subject is not available or located at or on the lot where the sign is erected or placed.
2. Signs in the public right-of-way, except signs legally erected for informational purposes by or on behalf of a government agency.
3. Snipe signs.
Signs attached to any public utility pole or structure, street tree, fence, fire hydrant, bridge, curb, sidewalk, park bench or other location of public property.
4. Vehicle signs.
Signs that are attached to or painted upon a parked motor vehicle or trailer that is positioned for the primary purpose of acting as a sign exposed to the public and is not in use in the ordinary course of carrying out the transportation function of the vehicle.
5. Vehicle signs.
Signs attached to or painted on motor vehicles or trailers that are operated on or parked adjacent to a public street for the primary purpose of presenting a message or symbol offering or supporting the sale, rent, lease, loan, or other availability of any property, product or service, and is not otherwise in use in the normal course of transporting people, merchandise or freight.
6. Vehicle signs.
A sign, pole or any other device mounted on the top of, in the bed of, on the front or rear of, or attached to the sides of any vehicle for the specific purpose of presenting a message or symbol offering or supporting the sale, rent, lease, loan or other availability of any property, product, or service or for the purpose of attracting attention to a product sold or a business located on the property, not include vehicle sales which are licensed by the City.
7. Non-compliance.
Any other sign that does not comply with the terms, conditions or provisions of this sign code.
N. Temporary Event Signs.
1. Definition.
For purposes of this Subsection (N), ""temporary event"" shall mean any activity having a specific duration or the end of which is related to a specific action, usually lasting for less than twelve
(12) months at a time.
Temporary events include such activities as:
a. Each political campaign, referendum or ballot proposition put to the voters as part of City, State or Federal governance.
b. The offering of a property or premises for sale or lease.
c. The construction of a building or development project, or the rehabilitation, remodeling or renovation of a building.
2. Regulations.
Temporary event signs shall be allowed in all zoning districts under the conditions noted for each type of sign.
Signs for a temporary event as defined in this Subsection must comply with the following:
a. Duration.
The sign may be placed upon initiation of the temporary event, and must be removed within ten
(10) working days of the termination of the event.
Initiation and termination of particular events shall be interpreted as follows:
(1) Election.
Initiation upon the last day of qualification of candidates or certification of a ballot question and termination upon the election of a candidate to office or resolution of a ballot question.
(2) Real estate sale or lease.
Initiation upon the actual availability of the property or premises for sale or lease, and termination upon execution and acceptance of a final contract for the real estate transaction.
Off-property directional signs may be displayed only during the hours that the advertised activity is to take place and must be a self-supporting type sign.
When directional signs will be displayed for thirty
(30) or more consecutive days, a special permit must be obtained from the City.
(3) Building construction or remodeling.
Initiation upon issuance of a building permit and termination upon issuance of the certificate of occupancy or approval for connection to electric power for the work authorized by the building permit.
b. Size.
(1) Single- and two-family.
Temporary event signs located on properties occupied by or zoned for single-family or duplex residences shall not exceed six
(6) square feet in area and five
(5) feet in height.
(2) Multi-family and non-residential.
Temporary event signs located on properties occupied by or zoned for multi-family, office, commercial, industrial or other non-residential uses shall not exceed thirty-two
(32) square feet in area and eight
(8) feet in height.
c. Number.
(1) Election.
No limitation.
(2) Real estate sale or lease.
Five
(5) signs are permitted for the premises at any one time, either with not more than two
(2) signs erected on the premises for sale or rental, provided one
(1) is a flat sign; or not more than three
(3) off-property directional signs.Said off-property directional signs shall be for the purpose of directing traffic to ""open houses"" only and must have the knowledge and consent of the property owner on whose property the sign is to be placed.
Real estate signs advertising sites of five
(5) acres or more are allowed one
(1) sign per street frontage and shall not exceed thirty-two
(32) square feet in area per sign.
(3) Construction.
One
(1) temporary event sign per building lot."
7,Article VII Sign Code,Section 405.315 Permitted Signs by Property Use.,sub-sec-7.9,https://ecode360.com/29243053,https://zoneomics.com/code/5578/chapter_7#7.9,False,0,"The type of signs that may be permitted for each category of property use are described in Table 1 Permitted Signs by Use, at end of this Chapter.
The purpose of Table 1 is to provide an overview of potential signs, each of the described sign types have additional regulations described elsewhere in the Sign Code.
A. All sign types have been designated in Table 1 according to their appropriate use with specific categories of land use.
Any sign or use not included or specifically provided for in Table 1 may be assigned to Table 1 through interpretation by the Director of Community Development.
B. The purpose of Table 1 is to provide basic information about the distribution of sign types.
All of the types identified in Table 1 are also subject to the other regulatory provisions.
1. The sum of the area of all building and freestanding signs for the use by lot must conform with the maximum sign area established in Table 2 at the end of this Chapter.
2. The size, location and number of signs for the use (regardless of the type of permit required) must conform with the requirements established in Table 2 and else where in the Sign Code.
3. The characteristics and design of all signs (regardless of the type of permit required) must conform with the requirements of the Sign Code, except as permitted under the alternative sign permit process.
C. All of the sign types are further described in Standards for Permitted Signs, Standards for Limited Permit and Exempt Signs and Definitions.
D. Table 1 identifies the types of signs that may be appropriate for each type of land use.
In Table 1, signs are indicated as either:
(A) allowed with an administrative sign permit; (S) allowed with a standard sign permit; (E) exempt from permit requirements; or (N) not allowed, except through alternative sign permit approval process.
The purpose of this table is only to identify overall sign types that may be appropriate for individual uses.
All signs, even those allowed with a limited sign permit, are subject to additional regulations such as number, size, location and design."
7,Article VII Sign Code,Section 405.320 Maximum Sign Area Allowed Determined by Use Type.,sub-sec-7.10,https://ecode360.com/29243061,https://zoneomics.com/code/5578/chapter_7#7.10,False,0,"Each use permit in the City is limited to a specific amount of signage.
Table 2 Maximum Sign Area by Use describes the appropriate measurements for determining the maximum signage allowed by any particular use.
A. Table 2 contains more than one
(1) measurement standard per use.
These are expressed in terms of:
1. Maximum number of signs;
2. Sign area permitted as a function of linear front footage of a lot; and/or
3. Maximum sign size.
The maximum total sign area may not exceed the most restrictive (lesser) of the standards for measurement identified in Table
2.
B. Notwithstanding
Section 405.320(A) above, all existing non-residential lots shall be permitted a minimum of fifty
(50) square feet of signage, except in the central business district which shall be permitted a minimum of twenty-five
(25) square feet, all of which at any location may be subject to standard or limited sign permit approval.
C. Lots fronting on two
(2) or more streets or having one
(1) or more public entrances on different sides of the building are allowed the permitted sign area for each frontage/side; however, the total sign that is oriented toward a particular street/side may not exceed the portion of the lot's total sign area allocation that is derived from the lot or wall frontage on that street.
The Planning and Zoning Commission may allow additional signage on any side of newly constructed buildings.
D. A ""use"" shall include all purpose or activities for which the land or buildings are arranged, designed or intended or for which land or buildings are occupied or maintained.
E. Any measurement not specifically provided for in Table 2 may be assigned to Sign Code Table 2 through interpretation by the Director of Community Development.
F. The maximum sign size for individual tenant wall signs in multi-tenant developments shall be the same as the maximum size for individual uses, unless the size is restricted through a master sign plan or otherwise restricted in Table 2, such as through the size of a wall sign for an individual tenant in an office part would be two hundred (200) square feet, provided the building facade is of a sufficient size to permit the full two hundred (200) square feet of signage (wall signs are limited to ten percent (10%) of building facade).
Where the facade is too small to allow the full two hundred (200) square feet of wall signage or where a master sign plan places other restrictions on tenant sign size, the more restrictive wall sign measurement will prevail."
7,Article VII Sign Code,Section 405.325 Construction Requirements.,sub-sec-7.11,https://ecode360.com/29243071,https://zoneomics.com/code/5578/chapter_7#7.11,False,0,"
A. Specific Construction Requirements.
1. Live load.
All signs shall be designed, constructed and anchored to withstand a horizontal wind pressure, ice, snow of not less than thirty
(30) pounds per square foot of exposed area.
2. Dead load.
All sign structures shall be designed, constructed and fastened to adequately support the dead load of any sign.
3. Footings.
All footings for supports of detached signs erected on the ground shall be not less than thirty
(30) inches below the finished grade.
4. Attachment.
Projecting signs that are permitted to extend beyond building or parapet walls shall be attached to brackets fastened to such walls or roofs by any accepted methods but shall not be attached to any part of an unbraced wall above a point of bearing of the roof rafters.
5. Materials.
All signs shall be constructed of materials suitable for the intended purpose of this Unified Development Code.
6. Letters, decorations and embellishments.
Letters, decorations and embellishments in cutout or irregular form, maintained in conjunction with, attached to or superimposed upon any sign, shall be safely and securely built or attached to the sign structure.
B. Electrical Sign Requirements.
1. The application for a permit for the erection of a sign that electrical wiring and connections are to be used shall be submitted to the Electrical Inspector.
The Electrical Inspector shall examine the plans and specifications for the sign which are submitted and may require additional information relating to the proposed electrical installation from the applicant.
His/her inspection shall determine if the proposed installation complies with the ordinances of the City relating to electrical wiring and construction, and he/she shall approve said application if the plans and specifications as finally submitted comply therewith.
After action by the Electrical Inspector, the application shall be resubmitted to the Building Inspector for final approval of the sign permit.
2. All electrical signs, other than those bearing the label of approval of a recognized testing laboratory, shall be inspected and approved by the Electrical Inspector on the site prior to actual erection of the sign.
No sign shall be erected, despite issuance of a permit, until the Electrical Inspector has made the site inspection and the sign permit initialed by him/her to show approval.
3. All electrical signs shall be equipped with a watertight safety switch.
The switch shall be located where the electrical supply enters the sign.
A chain or hinges shall securely fasten any movable part of a sign, such as the cover of a service opening."
7,Article VII Sign Code,Section 405.330 Maintenance and Removal.,sub-sec-7.12,https://ecode360.com/29243083,https://zoneomics.com/code/5578/chapter_7#7.12,False,0,"
A. Maintenance.
All outdoor signs and supports shall be weather resistant and shall be maintained in good repair and structural condition, in compliance with all Building and Electrical Codes, and in conformance with this Sign Code.
Broken panels, missing letters, flaking or peeling paint, visual damage or other maintenance issues as identified by the Director of Community Development or designee shall be repaired within thirty
(30) days of notice to repair.
B. Removal.
Signs and sign structures that no longer serve the purpose for which they are intended or that are not maintained or that have been abandoned shall be removed by the owner or the owner of the premises after notice by the Director of Community Development or designee.
Such owner or owner of the premises shall complete the removal within thirty
(30) days after the Director of Community Development or designee mails notice by registered mail.
In the event that such sign is not removed within the time herein provided, the Director of Community Development or designee shall cause the sign to be removed and the cost thereof assessed to the owner or the owner of the premises.
Failure to reimburse the City within thirty
(30) days shall cause the cost to be entered on the tax roll as a special charge against the real estate."
7,Article VII Sign Code,Section 405.335 Non-Conforming Sign Regulations.,sub-sec-7.13,https://ecode360.com/29243086,https://zoneomics.com/code/5578/chapter_7#7.13,False,0,"Any non-conforming sign may continue to be displayed, except as hereinafter provided:
A. Whenever a non-conforming sign is damaged by fire, flood, explosion, earthquake, war, riot or act of God, it may be reconstructed and used as before if it be reconstructed within three
(3) months after such calamity, unless the damage to the sign is fifty percent (50%) or more of its replacement value, in this case the reconstructed sign shall comply with the provisions of this Article.
B. Whenever it is desired to change or alter the structural elements of an existing non-conforming sign, such as the supports, size of the sign area, shape of the sign area or lighting, such alteration shall constitute a major change and the sign shall be made to conform and comply with the provisions of this
Article within six
(6) months after the application for a permit to alter the sign has been filed with the Building Inspector.
Changes in the size or shape of an existing non-conforming sign in excess of ten percent (10%) shall constitute a major change and the sign shall be made to conform and comply with the provisions of this Unified Development Code.
A change in shape from one corporate logo to another or one shape to another shall not constitute a major change and is not required to come into conformance with the provisions of the Unified Development Code as long as the change does not increase the overall size of the sign in excess of ten percent (10%).
C. Non-Conforming Sign Inventory.
The Building Inspector shall make an investigation of all signs in the City and shall prepare an inventory of all non-conforming signs, identifying their location and ownership."
7,Article VII Sign Code,Section 405.340 Variance.,sub-sec-7.14,https://ecode360.com/29243090,https://zoneomics.com/code/5578/chapter_7#7.14,False,0,"
A. It is recognized that circumstances may exist from time to time where strict application of the size, location and type of sign standards hereinafter specified for the various zoning districts may be unreasonable or that literal enforcement of the regulations may work a hardship on the applicant.
Variations from the standards may, therefore, be permitted by issuance of a variance by the Board of Zoning and Adjustment in accordance with
Section 405.115.
B. It is likewise recognized that in certain situations, such as on lands of churches, schools, other public bodies and real estate developments, signing needs cannot reasonably be anticipated.
In such situations, signs shall be permitted upon application for and issuance of a variance, provided that in issuing such permit the Board of Zoning and Adjustment shall not authorize a substantial variance from the size, location and type standards applicable to signs in similar but specifically regulated situations."
7,Article VII Sign Code,Section 405.345 Violations.,sub-sec-7.15,https://ecode360.com/29243093,https://zoneomics.com/code/5578/chapter_7#7.15,False,0,"
A. It shall be unlawful and a violation of this
Article for any person to maintain any prohibited sign, to perform or order the performance of any act prohibited by this Article, or to fail to perform any act that is required by the provisions of this Section.
In the case of any such violation, each twenty-four
(24) hour period that such violation exists shall constitute a separate violation.
B. Any and all signs erected, altered or maintained in violation of this
Section or any of the clauses or provisions of the same or in violation of any of the laws or ordinances of the City are and each of them is declared to be a public nuisance and subject to enforcement.
The Director of Community Development or designee shall abate any such signs so erected, altered or maintained contrary to law as a common nuisance."
8,Article VIII Floodplain Regulations,Section 405.350 General Provisions.,sub-sec-8.1,https://ecode360.com/29243097,https://zoneomics.com/code/5578/chapter_8#8.1,False,0,"A. Statutory Authorization.
The Legislature of the State of Missouri has in
Section 79.110, RSMo., delegated the responsibility to local governmental units to adopt regulations designed to protect the health, safety and general welfare of its citizens.
Therefore, the Board of Alderman of the City of Oak Grove, Missouri, ordains as follows.
B. Findings Of Fact.
1. Flood Losses Resulting From Periodic Inundation.
The special flood hazard areas of the City of Oak Grove, Missouri, are subject to inundation which results in loss of life and property, health and safety hazards, disruption of commerce and governmental services, extraordinary public expenditures for flood protection and relief, and impairment of the tax base; all of which adversely affect the public health, safety and general welfare.
2. General Causes Of Flood Losses.
These flood losses are caused by:
a. The cumulative effect of development in any delineated floodplain causing increases in flood heights and velocities; and
b. The occupancy of flood hazard areas by uses vulnerable to floods, hazardous to others, inadequately elevated, or otherwise unprotected from flood damages.
3. Methods Used To Analyze Flood Hazards.
The Flood Insurance Study (FIS) that is the basis of this
Article (ordinance) uses a standard engineering method of analyzing flood hazards which consist of a series of interrelated steps.
a. Selection of a base flood that is based upon engineering calculations which permit a consideration of such flood factors as its expected frequency of occurrence, the area inundated, and the depth of inundation.
The base flood selected for this
Article (ordinance) is representative of large floods which are characteristic of what can be expected to occur on the particular streams subject to this
Article (ordinance).
The base flood is the flood that is estimated to have a one percent (1%) chance of being equaled or exceeded in any given year as delineated on the Federal Insurance Administrator's FIS, and illustrative materials for Jackson County dated December 7, 2023, as amended, and any future revisions thereto.
b. Calculation of water surface profiles are based on a standard hydraulic engineering analysis of the capacity of the stream channel and overbank areas to convey the regulatory flood.
c. Computation of a floodway required to convey this flood without increasing flood heights more than one
(1) foot at any point.
d. Delineation of floodway encroachment lines within which no development is permitted that would cause any increase in flood height.
e. Delineation of flood fringe, i.e., that area outside the floodway encroachment lines, but still subject to inundation by the base flood.
C. Statement Of Purpose.
It is the purpose of this
Article to promote the public health, safety and general welfare; to minimize those losses described in
Section 405.350(B)(1); to establish or maintain the community's eligibility for participation in the National Flood Insurance Program (NFIP) as defined in 44 Code of Federal Regulations (CFR) 59.22(a)(3); and to meet the requirements of 44 CFR 60.3(d) by applying the provisions of this
Article to:
1. Restrict or prohibit uses that are dangerous to health, safety or property in times of flooding or cause undue increases in flood heights or velocities;
2. Require uses vulnerable to floods, including public facilities that serve such uses, be provided with flood protection at the time of initial construction; and
3. Protect individuals from buying lands that are unsuited for the intended development purposes due to the flood hazard.
D. Lands To Which
Article Applies.
This
Article shall apply to all lands within the jurisdictions of the City of Oak Grove, Missouri, identified as numbered and unnumbered A Zones and AE Zones, on the Flood Insurance Rate Maps (FIRMs) for Jackson County on map panels 29095C0342G, 29095C0343G, 29095C0344G, 29095C0361G, 29095C0363G, 29095C0456G, 29095C0457G, and 29095C0476G dated January 20, 2017, as amended, and any future revisions thereto.
In all areas covered by this Article, no development shall be permitted except through the issuance of a floodplain development permit, granted by the City Council or its duly designated representative under such safeguards and restrictions as the City Council or the designated representative may reasonably impose for the promotion and maintenance of the general welfare, health of the inhabitants of the community, and as specifically noted in
Section 405.350(C).
E. Floodplain Administrator.
A designee appointed by the City Administrator is hereby designated as the Floodplain Administrator.
F. Compliance.
No development located within the special flood hazard areas of this community shall be located, extended, converted or structurally altered without full compliance with the terms of this
Article and other applicable regulations.
G. Abrogation And Greater Restrictions.
It is not intended by this
Article to repeal, abrogate or impair any existing easements, covenants or deed restrictions.
However, where this
Article imposes greater restrictions, the provisions of this
Article shall prevail.
All other ordinances inconsistent with this
Article are hereby repealed to the extent to the inconsistency only.
H. Interpretation.
In their interpretation and application, the provisions of this
Article shall be held to be minimum requirements, shall be liberally construed in favor of the Governing Body, and shall not be deemed a limitation or repeal of any other powers granted by State Statutes.
I. Warning And Disclaimer Of Liability.
The degree of flood protection required by this
Article is considered reasonable for regulatory purposes and is based on engineering and scientific methods of study.
Larger floods may occur on rare occasions, or the flood heights may be increased by man-made or natural causes, such as ice jams and bridge openings restricted by debris.
This
Article does not imply that areas outside unnumbered A Zones or land uses permitted within such areas will be free from flooding or flood damage.
This
Article shall not create a liability on the part of the City of Oak Grove, Missouri, any officer or employee thereof for any flood damage that may result from reliance on this
Article or any administrative decision lawfully made thereunder.
J. Severability.
If any Section, clause, provision or portion of this
Article is adjudged unconstitutional or invalid by a court of appropriate jurisdiction, the remainder of this
Article shall not be affected thereby.
K. Conflict.
All ordinances or parts of ordinances in conflict with this
Article are hereby repealed."
8,Article VIII Floodplain Regulations,Section 405.355 Administration.,sub-sec-8.2,https://ecode360.com/29243121,https://zoneomics.com/code/5578/chapter_8#8.2,False,0,"A. Floodplain Development Permit Required.
A floodplain development permit shall be required for all proposed construction or other development, including the placement of manufactured homes in the areas described in
Section 405.350(D).
No person, firm, corporation or unit of government shall initiate any development or substantial improvement or cause the same to be done without first obtaining a separate floodplain development permit for each structure or other development.
B. Designation Of Floodplain Administrator.
A designee appointed by the City Administrator is hereby designated as the Floodplain Administrator and is appointed to administer and implement the provisions of this Article.
C. Duties And Responsibilities Of Floodplain Administrator.
The duties and responsibilities of the Floodplain Administrator shall include, but not be limited to: 1. Review of all applications for floodplain development permits to assure that sites are reasonably safe from flooding and that the floodplain development permit requirements of this
Article have been satisfied; 2. Review of all applications for floodplain development permits for proposed development to assure that all necessary permits have been obtained from Federal, State or local governmental agencies from which prior approval is required by Federal, State or local law; 3. Review all subdivision proposals and other proposed new development, including manufactured home parks or subdivisions, to determine whether such proposals will be reasonably safe from flooding;
4. Issue floodplain development permits for all approved applications;
5. Notify adjacent communities and the Missouri State Emergency Management Agency (Mo SEMA) prior to any alteration or relocation of a watercourse and submit evidence of such notification to the Federal Emergency Management Agency (FEMA);
6. Assure that maintenance is provided within the altered or relocated portion of any watercourse so that the flood-carrying capacity is not diminished;
7. Verify and maintain a record of the actual elevation (in relation to mean sea level) of the lowest floor, including basement, of all new or substantially improved structures;
8. Verify and maintain a record of the actual elevation (in relation to mean sea level) that the new or substantially improved non-residential structures have been floodproofed; and
9. When floodproofing techniques are utilized for a particular non-residential structure, the Floodplain Administrator shall require certification from a registered professional engineer or architect.
D. Application For Floodplain Development Permit.
To obtain a floodplain development permit, the applicant shall first file an application in writing on a form furnished for that purpose.
Every floodplain development permit application shall:
1. Describe the land on which the proposed work is to be done by lot, block, and tract, house and street address, or similar description that will readily identify and specifically locate the proposed structure or work;
2. Identify and describe the work to be covered by the floodplain development permit;
3. Indicate the use or occupancy for which the proposed work is intended;
4. Indicate the assessed value of the structure and the fair market value of the improvement;
5. Specify whether development is located in designated flood fringe or floodway;
6. Identify the existing base flood elevation and the elevation of the proposed development;
7. Give such other information as reasonably may be required by the Floodplain Administrator;
8. Be accompanied by plans and specifications for proposed construction; and
9. Be signed by the permittee or his/her authorized agent who may be required to submit evidence to indicate such authority."
8,Article VIII Floodplain Regulations,Section 405.360 Provisions for Flood Hazard Reduction.,sub-sec-8.3,https://ecode360.com/29243143,https://zoneomics.com/code/5578/chapter_8#8.3,True,1,"A. General Standards.
1. No permit for floodplain development shall be granted for new construction, substantial improvements, and other improvements, including the placement of manufactured homes, within any numbered or unnumbered A Zones and AE Zones, unless the conditions of this
Section are satisfied.
2. All areas identified as unnumbered A Zones on the FIRM are subject to inundation of the 100-year flood; however, the base flood elevation is not provided.
Development within unnumbered A Zones is subject to all provisions of this Article.
If Flood Insurance Study data is not available, the community shall obtain, review and reasonably utilize any base flood elevation or floodway data currently available from Federal, State or other sources.
3. Until a floodway is designated, no new construction, substantial improvements, or other development, including fill, shall be permitted within any numbered A Zone or AE Zone on the FIRM, unless it is demonstrated that the cumulative effect of the proposed development, when combined with all other existing and anticipated development, will not increase the water surface elevation of the base flood more than one
(1) foot at any point within the community.
4. All new construction, subdivision proposals, substantial improvements, prefabricated buildings, placement of manufactured homes, and other developments shall require:
a. Design of adequate anchorage to prevent flotation, collapse or lateral movement of the structure resulting from hydrodynamic and hydrostatic loads, including the effects of buoyancy;
b. Construction with materials resistant to flood damage; c. Utilization of methods and practices that minimize flood damage; d. All electrical, heating, ventilation, plumbing, air-conditioning equipment and other service facilities be designed and/or located so as to prevent water from entering or accumulating within the components during conditions of flooding; e. New or replacement water supply systems and/or sanitary sewage systems be designed to minimize or eliminate infiltration of floodwaters into the systems and discharges from the systems into floodwaters and on-site waste disposal systems be located so as to avoid impairment or contamination; and f.
Subdivision proposals and other proposed new development, including manufactured home parks or subdivisions located within special flood hazard areas, are required to assure that:
(1) All such proposals are consistent with the need to minimize flood damage;
(2) All public utilities and facilities, such as sewer, gas, electrical and water systems, are located and constructed to minimize or eliminate flood damage;
(3) Adequate drainage is provided so as to reduce exposure to flood hazards; and
(4) All proposals for development, including proposals for manufactured home parks and subdivisions of five
(5) acres or fifty
(50) lots, whichever is less, included within such proposals base flood elevation data.
5. Storage, Material And Equipment.
a. The storage of processing of materials within the special flood hazard area that are in time of flooding buoyant, flammable, explosive or could be injurious to human, animal or plant life is prohibited.
b. Storage of other material or equipment may be allowed if not subject to major damage by floods, if firmly anchored to prevent flotation, or if readily removable from the area within the time available after a flood warning.
6. Accessory Structures.
Structures used solely for parking and limited storage purposes, not attached to any other structure on the site, of limited investment value and not larger than four hundred (400) square feet, may be constructed at grade and wet-floodproofed, provided there is no human habitation or occupancy of the structure; the structure is of single-wall design; a variance has been granted from the standard floodplain management requirements of this Article; and a floodplain development permit has been issued.
B. Specific Standards.
1. In all areas as numbered and unnumbered A Zones and AE Zones, where base flood elevation data have been provided, as set forth in
Section 405.360(A)(2), the following provisions are required:
a. Residential Construction.
New construction or substantial improvement of any residential structure, including manufactured homes, shall have the lowest floor, including basement, elevated to two
(2) feet above base flood level.
b. Non-Residential Construction.
New construction or substantial improvement of any commercial, industrial or other non-residential structure, including manufactured homes, shall have the lowest floor, including basement, elevated to two
(2) feet above the base flood level or, together with attendant utility and sanitary facilities, be floodproofed so that below the base flood level the structure is watertight with walls substantially impermeable to the passage of water and with structural components having the capability of resisting hydrostatic and hydrodynamic loads and effects of buoyancy."
8,Article VIII Floodplain Regulations,Section 405.360 Provisions for Flood Hazard Reduction.,sub-sec-8.3,https://ecode360.com/29243143,https://zoneomics.com/code/5578/chapter_8#8.3,True,2,"A registered professional engineer or architect shall certify that the standards of this Subsection are satisfied.
Such certification shall be provided to the Floodplain Administrator as set forth in
Section 405.355(C)(9).
c. Require, for all new construction and substantial improvements, that fully enclosed areas below the lowest floor used solely for parking of vehicles, building access or storage in an area other than a basement and that are subject to flooding shall be designed to automatically equalize hydrostatic flood forces on exterior walls by allowing for the entry and exit of floodwaters.
Designs for meeting this requirement must either be certified by a registered professional engineer or architect or meet or exceed the following minimum criteria:
(1) A minimum of two
(2) openings having a total net area of not less than one
(1) square inch for every square foot of enclosed area subject to flooding shall be provided; and
(2) The bottom of all openings shall be no higher than one
(1) foot above grade.
Openings may be equipped with screens, louvers, valves or other coverings or devices, provided that they permit the automatic entry and exit of floodwaters.
C. Manufactured Homes.
1. All manufactured homes to be placed within all unnumbered and numbered A Zones and AE Zones, on the community's FIRM, shall be required to be installed using methods and practices that minimize flood damage.
For the purposes of this requirement, manufactured homes must be elevated and anchored to resist flotation, collapse, or lateral movement.
Methods of anchoring may include, but are not limited to, use of over-the-top or frame ties to ground anchors.
2. Require manufactured homes that are placed or substantially improved within unnumbered or numbered A Zones and AE Zones, on the community's FIRM on sites:
a. Outside of a manufactured home park or subdivision;
b. In a new manufactured home park or subdivision; c. In an expansion to an existing manufactured home park or subdivision; or d. In an existing manufactured home park or subdivision on which a manufactured home has incurred substantial damage as the result of a flood; be elevated on a permanent foundation such that the lowest floor of the manufactured home is elevated to two
(2) feet above the base flood elevation and be securely attached to an adequately anchored foundation system to resist flotation, collapse, and lateral movement.
3. Require that manufactured homes to be placed or substantially improved on sites in an existing manufactured home park or subdivision within all unnumbered and numbered A Zones and AE Zones, on the community's FIRM, that are not subject to the provisions of
Section 405.360(C)(2) of this Chapter, be elevated so that either:
a. The lowest floor of the manufactured home is at two
(2) feet above the base flood level; or
b. The manufactured home chassis is supported by reinforced piers or other foundation elements of at least equivalent strength that are no less than thirty-six
(36) inches in height above grade and be securely attached to an adequately anchored foundation system to resist flotation, collapse, and lateral movement.
D. Floodway.
Located within areas of special flood hazard established in
Section 405.350(D) are areas designated as floodways.
Since the floodway is an extremely hazardous area due to the velocity of floodwaters that carry debris and potential projectiles, the following provisions shall apply:
1. The community shall select and adopt a regulatory floodway based on the principle that the area chosen for the regulatory floodway must be designed to carry the waters of the base flood without increasing the water surface elevation of that flood more than one
(1) foot at any point.
2. The community shall prohibit any encroachments, including fill, new construction, substantial improvements, and other development within the adopted regulatory floodway unless it has been demonstrated through hydrologic and hydraulic analyses performed in accordance with standard engineering practice that the proposed encroachment would not result in any increase in flood levels within the community during the occurrence of the base flood discharge.
3. If
Section 405.360(D)(2) is satisfied, all new construction and substantial improvements shall comply with all applicable flood hazard reduction provisions of
Section 405.360.
4. In unnumbered A Zones, the community shall obtain, review, and reasonably utilize any base flood elevation or floodway data currently available from Federal, State, or other sources as set forth in
Section 405.360(A)(2).
E. Recreational Vehicles.
1. Require that recreational vehicles placed on sites within unnumbered and numbered A Zones and AE Zones on the community's FIRM either:
a. Be on the site for fewer than one hundred eighty (180) consecutive days;b. Be fully licensed and ready for highway use (a recreational vehicle is ready for highway use if it is on its wheels or jacking system, is attached to the site only by quick-disconnect-type utilities and security devices, and has no permanently attached additions); or c. Meets the permitting, elevation and the anchoring requirements for manufactured homes of this Article."
8,Article VIII Floodplain Regulations,Section 405.365 Floodplain Management Variance Procedures.,sub-sec-8.4,https://ecode360.com/29243187,https://zoneomics.com/code/5578/chapter_8#8.4,True,1,"A. Establishment Of Board Of Zoning Adjustment As Appeal Board.
The Board of Zoning Adjustment as established by the City of Oak Grove shall hear and decide appeals and requests for variances from the floodplain management requirements of this Article.
B. Responsibility Of Board Of Zoning Adjustment.
1. Where an application for a floodplain development permit or request for a variance from the floodplain management regulations is denied by the Floodplain Administrator, the applicant may apply for such floodplain development permit or variance directly to the Board of Zoning Adjustment as defined in Subsection (A) above.
2. The Board of Zoning Adjustment shall hear and decide appeals when it is alleged that there is an error in any requirement, decision or determination made by the Floodplain Administrator in the enforcement or administration of this Article.
C. Further Appeals.
Any person aggrieved by the decision of the Board of Zoning Adjustment or any taxpayer may appeal such decision to the Circuit Courts of Jackson or Lafayette Counties as provided in
Section 89.110, RSMo.
D. Floodplain Management Variance Criteria.
In passing upon such application for variances, the Board of Zoning Adjustment shall consider all technical data and evaluations, all relevant factors, standards specified in other Sections of this Article, and the following criteria:
1. The danger to life and property due to flood damage;
2. The danger that materials may be swept onto other lands to the injury of others;
3. The susceptibility of the proposed facility and its contents to flood damage and the effect of such damage on the individual owner;
4. The importance of the services provided by the proposed facility to the community;
5. The necessity to the facility of a waterfront location, where applicable;
6. The availability of alternative locations, not subject to flood damage, for the proposed use;
7. The compatibility of the proposed use with existing and anticipated development;
8. The relationship of the proposed use to the Comprehensive Plan and floodplain management program for that area;
9. The safety of access to the property in times of flood for ordinary and emergency vehicles;
10. The expected heights, velocity, duration, rate of rise and sediment transport of the floodwaters, if applicable, expected at the site; and
11. The costs of providing governmental services during and after flood conditions, including maintenance and repair of public utilities and facilities such as sewer, gas, electrical and water systems; streets; and bridges.
E. Conditions For Approving Floodplain Management Variances.
1. Generally, variances may be issued for new construction and substantial improvements to be erected on a lot of one-half (1/2) acre or less in size contiguous to and surrounded by lots with existing structures constructed below the base flood level, providing Subsection (E)(2) through
(6) below have been fully considered.
As the lot size increases beyond the one-half (1/2) acre, the technical justification required for issuing the variance increases.
2. Variances may be issued for the reconstruction, rehabilitation or restoration of structures listed on the National Register of Historic Places, the State Inventory of Historic Places, or Local Inventory of Historic Places upon determination, provided the proposed activity will not preclude the structure's continued historic designation.
3. Variances shall not be issued within any designated floodway if any increase in flood levels during the base flood discharge would result.
4. Variances shall only be issued upon a determination that the variance is the minimum necessary, considering the flood hazard, to afford relief.
5. Variances shall only be issued upon:
a. A showing of good and sufficient cause;"
8,Article VIII Floodplain Regulations,Section 405.365 Floodplain Management Variance Procedures.,sub-sec-8.4,https://ecode360.com/29243187,https://zoneomics.com/code/5578/chapter_8#8.4,True,2,"b. A determination that failure to grant the variance would result in exceptional hardship to the applicant; and c. A determination that the granting of a variance will not result in increased flood heights, additional threats to public safety, extraordinary public expense, create nuisances, cause fraud on or victimization of the public, or conflict with existing local laws or ordinances.
6. The City of Oak Grove shall notify the applicant in writing over the signature of a City official that:
a. The issuance of a variance to construct a structure below base flood level will result in increased premium rates for flood insurance up to amounts as high as twenty-five dollars ($25.00) for one hundred dollars ($100.00) of insurance coverage; and
b. Such construction below the base flood level increases risks to life and property.
Such notification shall be maintained with the record of all variance actions as required by this Article.
F. Conditions For Approving Variances For Accessory Structures.
Any variance granted for an accessory structure shall be decided individually based on a case-by-case analysis of the building's unique circumstances.
Variances granted shall meet the following conditions as well as those criteria and conditions set forth in Subsections (D) and (E) of this Section.
In order to minimize flood damages during the 100-year flood and the threat to public health and safety, the following conditions shall be included for any variance issued for accessory structures that are constructed at grade and wet-floodproofed:
1. Use of the accessory structures must be solely for parking and limited storage purposes in zone A only as identified on the community's Flood Insurance Rate Map (FIRM).
2. For any new or substantially damaged accessory structures, the exterior and interior building components and elements (i.e., foundation, wall framing, exterior and interior finishes, flooring, etc.)
below the base flood elevation, must be built with flood-resistant materials in accordance with
Section 405.360(A)(4)(b) of this Article.
3. The accessory structures must be adequately anchored to prevent flotation, collapse, or lateral movement of the structure in accordance with
Section 405.360(A)(4)(a) of this Article.
4. Any mechanical, electrical or other utility equipment must be located above the base flood elevation or floodproofed so that they are contained within a watertight, floodproofed enclosure that is capable of resisting damage during flood conditions in accordance with
Section 405.360(A)(4)(d) of this Article.
5. The accessory structures must meet all National Flood Insurance Program (NFIP) opening requirements.
The NFIP requires that enclosure or foundation walls, subject to the 100-year flood, contain openings that will permit the automatic entry and exit of floodwaters in accordance with
Section 405.360(B)(1)(c) of this Article.
6. The accessory structures must comply with the floodplain management floodway encroachment provisions of
Section 405.360(D)(2) of this Article.
No variances may be issued for accessory structures within any designated floodway if any increase in flood levels would result during the 100-year flood.
7. Equipment, machinery, or other contents must be protected from any flood damage.
8. No disaster relief assistance under any program administered by any Federal agency shall be paid for any repair or restoration costs of the accessory structures.
9. Notification.
a. The City of Oak Grove, Missouri, shall notify the applicant in writing over the signature of a City official that:
(1) The issuance of a variance to construct a structure below base flood level will result in increased premium rates for flood insurance up to amounts as high as twenty-five dollars ($25.00) for one hundred dollars ($100.00) of insurance coverage; and
(2) Such construction below the base flood level increases risks to life and property.b. Such notification shall be maintained with the record of all variance actions as required by this Article.
10. Wet-floodproofing construction techniques must be reviewed and approved by the community and registered professional engineer or architect prior to the issuance of any floodplain development permit for construction."
8,Article VIII Floodplain Regulations,Section 405.370 Penalties for Violation.,sub-sec-8.5,https://ecode360.com/29243230,https://zoneomics.com/code/5578/chapter_8#8.5,False,0,"Violation of the provisions of this
Article or failure to comply with any of its requirements (including violations of conditions and safeguards established in connection with granting of variances) shall constitute a misdemeanor.
Any person who violates this
Article or fails to comply with any of its requirements shall, upon conviction thereof, be fined not more than five hundred dollars ($500.00) and, in addition, shall pay all costs and expenses involved in the case.
Each day such violation continues shall be considered a separate offense.
Nothing herein contained shall prevent the City of Oak Grove or other appropriate authority from taking such other lawful action as is necessary to prevent or remedy any violation."
8,Article VIII Floodplain Regulations,Section 405.375 Amendments.,sub-sec-8.6,https://ecode360.com/29243231,https://zoneomics.com/code/5578/chapter_8#8.6,False,0,"The regulations, restrictions and boundaries set forth in this
Article may from time to time be amended, supplemented, changed or appealed to reflect any and all changes in the National Flood Disaster Protection Act of 1973; provided, however, that no such action may be taken until after a public hearing in relation thereto at which parties of interest and citizens shall have an opportunity to be heard.
Notice of the time and place of such hearing shall be published in a newspaper of general circulation in Oak Grove, Missouri.
At least twenty
(20) days shall elapse between the date of this publication and the public hearing.
A copy of such amendments will be provided to the Region VII office of the Federal Emergency Management Agency (FEMA).
The regulations of this
Article are in compliance with the National Flood Insurance Program (NFIP) regulations."
8,Article VIII Floodplain Regulations,Section 405.376 Definitions.,sub-sec-8.7,https://ecode360.com/35564815,https://zoneomics.com/code/5578/chapter_8#8.7,True,1,"Unless specifically defined below, words or phrases used in
Article VIII, Floodplain Regulations, shall be interpreted so as to give them the same meaning they have in common usage and to give the
Article its most reasonable application.
100-YEAR FLOOD See ""base flood.""
ACCESSORY STRUCTURE The same as ""appurtenant structure.""
ACTUARIAL RATES See ""risk premium rates.""
ADMINISTRATOR The Federal Insurance Administrator.
AGENCY The Federal Emergency Management Agency (FEMA).
AGRICULTURAL COMMODITIES Agricultural products and livestock.
AGRICULTURAL STRUCTURE Any structure used exclusively in connection with the production, harvesting, storage, drying, or raising of agricultural commodities.
APPEAL A request for review of the Floodplain Administrator's interpretation of any provision of this
Article or a request for a variance.
APPURTENANT STRUCTURE A structure that is on the same parcel of property as the principal structure to be insured and the use of which is incidental to the use of the principal structure.
AREA OF SPECIAL FLOOD HAZARD The land in the floodplain within a community subject to a one-percent (1%) or greater chance of flooding in any given year.
BASE FLOOD The flood having a one-percent (1%) chance of being equaled or exceeded in any given year.
BASEMENT Any area of the structure having its floor subgrade (below ground level) on all sides.
BUILDING See ""structure.""
CHIEF EXECUTIVE OFFICER OR CHIEF ELECTED OFFICIAL The official of the community who is charged with the authority to implement and administer laws, ordinances, and regulations for that community.
COMMUNITY Any state or area or political subdivision thereof, which has authority to adopt and enforce floodplain management regulations for the areas within its jurisdiction.
DEVELOPMENT Any man-made change to improved or unimproved real estate, including but not limited to buildings or other structures, levees, levee systems, mining, dredging, filling, grading, paving, excavation or drilling operations, or storage of equipment or materials.
ELEVATED BUILDING For insurance purposes, a non-basement building which has its lowest elevated floor raised above ground level by foundation walls, shear walls, posts, piers, pilings, or columns.
ELIGIBLE COMMUNITY OR PARTICIPATING COMMUNITY A community for which the Administrator has authorized the sale of flood insurance under the National Flood Insurance Program (NFIP).
EXISTING CONSTRUCTION For the purposes of determining rates, structures for which the start of construction commenced before the effective date of the FIRM or before January 1, 1975, for FIRMs effective before that date.
Existing construction may also be referred to as ""existing structures.""
EXISTING MANUFACTURED HOME PARK OR
SUBDIVISION A manufactured home park or subdivision for which the construction of facilities for servicing the lots on which the manufactured homes are to be affixed (including, at a minimum, the installation of utilities, the construction of streets, and either final site grading or the pouring of concrete pads) is completed before the effective date of the floodplain management regulations adopted by a community.
EXPANSION TO AN EXISTING MANUFACTURED HOME PARK OR
SUBDIVISION The preparation of additional sites by the construction of facilities for servicing the lots on which the manufactured homes are to be affixed (including the installation of utilities, the construction of streets, and either final site grading or the pouring of concrete pads).
FLOOD BOUNDARY AND FLOODWAY MAP (FBFM) An official map of a community on which the Administrator has delineated both special flood hazard areas and the designated regulatory floodway.
FLOOD ELEVATION DETERMINATION A determination by the Administrator of the water surface elevations of the base flood, that is, the flood level that has a one-percent (1%) or greater chance of occurrence in any given year.
FLOOD ELEVATION STUDY An examination, evaluation and determination of flood hazards.
FLOOD FRINGE The area outside the floodway encroachment lines, but still subject to inundation by the regulatory flood.
FLOOD HAZARD BOUNDARY MAP (FHBM) An official map of a community, issued by the Administrator, where the boundaries of the flood areas having special flood hazards have been designated as (unnumbered or numbered) A zones.
FLOOD INSURANCE RATE MAP (FIRM) An official map of a community, on which the Administrator has delineated both the special flood hazard areas and the risk premium zones applicable to the community.
FLOOD INSURANCE STUDY (FIS) An examination, evaluation and determination of flood hazards and, if appropriate, corresponding water surface elevations.
FLOOD OR FLOODING A general and temporary condition of partial or complete inundation of normally dry land areas from the overflow of inland and/or the unusual and rapid accumulation or runoff of surface waters from any source.
FLOODPLAIN MANAGEMENT The operation of an overall program of corrective and preventive measures for reducing flood damage, including but not limited to emergency preparedness plans, flood control works, and floodplain management regulations.
FLOODPLAIN MANAGEMENT REGULATIONS Zoning ordinances, subdivision regulations, building codes, health regulations, special purpose ordinances (such as floodplain and grading ordinances) and other applications of police power.
The term describes such State or local regulations, in any combination thereof, that provide standards for the purpose of flood damage prevention and reduction.
FLOODPLAIN OR FLOOD-PRONE AREA Any land area susceptible to being inundated by water from any source (see ""flooding"").
FLOODPROOFING Any combination of structural and non-structural additions, changes, or adjustments to structures that reduce or eliminate flood damage to real estate or improved real property, water and sanitary facilities, or structures and their contents."
8,Article VIII Floodplain Regulations,Section 405.376 Definitions.,sub-sec-8.7,https://ecode360.com/35564815,https://zoneomics.com/code/5578/chapter_8#8.7,True,2,"FLOODWAY ENCROACHMENT LINES The lines marking the limits of floodways on Federal, State and local floodplain maps.
FLOODWAY OR REGULATORY FLOODWAY The channel of a river or other watercourse and the adjacent land areas that must be reserved in order to discharge the base flood without cumulatively increasing the water surface elevation more than one
(1) foot.
FREEBOARD A factor of safety usually expressed in feet above a flood level for purposes of floodplain management.
Freeboard tends to compensate for the many unknown factors that could contribute to flood heights greater than the height calculated for a selected size flood and floodway conditions, such as bridge openings and the hydrological effect of urbanization of the watershed.
FUNCTIONALLY DEPENDENT USE A use that cannot perform its intended purpose unless it is located or carried out in close proximity to water.
This term includes only docking facilities and facilities that are necessary for the loading and unloading of cargo or passengers, but does not include long-term storage or related manufacturing facilities.
HIGHEST ADJACENT GRADE The highest natural elevation of the ground surface prior to construction next to the proposed walls of a structure.
HISTORIC STRUCTURE Any structure that is:
1. Listed individually in the National Register of Historic Places (a listing maintained by the Department of the Interior) or preliminarily determined by the Secretary of the Interior as meeting the requirements for individual listing on the National Register;
2. Certified or preliminarily determined by the Secretary of the Interior as contributing to the historical significance of a registered historic district or a district preliminarily determined by the Secretary to qualify as a registered historic district;
3. Individually listed on a state inventory of historic places in states with historic preservation programs which have been approved by the Secretary of the Interior; or
4. Individually listed on a local inventory of historic places in communities with historic preservation programs that have been certified either:
a. By an approved state program as determined by the Secretary of the Interior; or
b. Directly by the Secretary of the Interior in states without approved programs.
LOWEST FLOOR The lowest floor of the lowest enclosed area, including basement.
An unfinished or flood-resistant enclosure, usable solely for parking of vehicles, building access, or storage, in an area other than a basement area, is not considered a building's lowest floor, provided that such enclosure is not built so as to render the structure in violation of the applicable floodproofing design requirements of this Article.
MANUFACTURED HOME A structure, transportable in one
(1) or more sections, that is built on a permanent chassis and is designed for use with or without a permanent foundation when attached to the required utilities.
The term ""manufactured home"" does not include a recreational vehicle.
MANUFACTURED HOME PARK OR
SUBDIVISION A parcel (or contiguous parcels) of land divided into two
(2) or more manufactured home lots for rent or sale.
MAP The Flood Hazard Boundary Map (FHBM), Flood Insurance Rate Map (FIRM), or the Flood Boundary and Floodway Map (FBFM) for a community issued by the Federal Emergency Management Agency (FEMA).
MARKET VALUE OR FAIR MARKET VALUE An estimate of what is fair, economic, just and equitable value under normal local market conditions.
MEAN SEA LEVEL For purposes of the National Flood Insurance Program (NFIP), the National Geodetic Vertical Datum (NGVD) of
1929 or other datum, to which base flood elevations shown on a community's Flood Insurance Rate Map (FIRM) are referenced.
NEW CONSTRUCTION
1. For the purposes of determining insurance rates, structures for which the start of construction commenced on or after the effective date of an initial FIRM or after December 31, 1974, whichever is later, and includes any subsequent improvements to such structures.
2. For floodplain management purposes, new construction means structures for which the start of construction commenced on or after the effective date of the floodplain management regulations adopted by a community and includes any subsequent improvements to such structures.
NEW MANUFACTURED HOME PARK OR
SUBDIVISION A manufactured home park or subdivision for which the construction of facilities for servicing the lot on which the manufactured homes are to be affixed (including, at a minimum, the installation of utilities, the construction of streets, and either final site grading or the pouring of concrete pads) is completed on or after the effective date of floodplain management regulations adopted by the community.
NFIP The National Flood Insurance Program (NFIP).
PARTICIPATING COMMUNITY (also known as an ""eligible community"") A community in which the Administrator has authorized the sale of flood insurance.
PERSON Includes any individual or group of individuals, corporation, partnership, association, or any other entity, including Federal, State, and local governments and agencies.
PRINCIPALLY ABOVE GROUND At least fifty-one percent (51%) of the actual cash value of the structure, less land value, is above ground.
RECREATIONAL VEHICLE A vehicle which is:
1. Built on a single chassis;
2. Four hundred (400) square feet or less when measured at the largest horizontal projections;
3. Designed to be self-propelled or permanently towable by a light-duty truck; and
4. Designed primarily not for use as a permanent dwelling but as temporary living quarters for recreational, camping, travel, or seasonal use.
REMEDY A VIOLATION To bring the structure or other development into compliance with Federal, State, or local floodplain management regulations; or, if this is not possible, to reduce the impacts of its non-compliance.
REPETITIVE LOSS Flood-related damages sustained by a structure on two"
8,Article VIII Floodplain Regulations,Section 405.376 Definitions.,sub-sec-8.7,https://ecode360.com/35564815,https://zoneomics.com/code/5578/chapter_8#8.7,True,3,"(2) separate occasions during a ten-year period for which the cost of repairs at the time of each such flood event equals or exceeds twenty-five percent (25%) of the market value of the structure before the damage occurred.
RISK PREMIUM RATES Those rates established by the Administrator pursuant to individual community studies and investigations which are undertaken to provide flood insurance in accordance with
Section 1307 of the National Flood Disaster Protection Act of
1973 and the accepted actuarial principles.
Risk premium rates include provisions for operating costs and allowances.
SPECIAL FLOOD HAZARD AREA See ""area of special flood hazard.""
SPECIAL HAZARD AREA An area having special flood hazards and shown on an FHBM, FIRM or FBFM as zones (unnumbered or numbered) A and AE.
START OF CONSTRUCTION Includes substantial improvements, and means the date the building permit was issued, provided the actual start of construction, repair, reconstruction, rehabilitation, addition placement, or other improvements were within one hundred eighty (180) days of the permit date.
The actual start means either the first placement of permanent construction of a structure on a site, such as the pouring of slabs or footings, the installation of piles, the construction of columns, any work beyond the stage of excavation, or the placement of a manufactured home on a foundation.
Permanent construction does not include land preparation, such as clearing, grading and filling, the installation of streets and/or walkways, excavation for a basement, footings, piers, foundations, the erection of temporary forms, nor installation on the property of accessory structures, such as garages or sheds not occupied as dwelling units or not part of the main structure.
For a substantial improvement, the actual start of construction means the first alteration of any wall, ceiling, floor, or other structural part of a building, whether or not that alteration affects the external dimensions of the building.
STATE COORDINATING AGENCY That agency of the state government, or other office designated by the governor of the state or by state statute at the request of the Administrator to assist in the implementation of the National Flood Insurance Program (NFIP) in that state.
STRUCTURE
1. For floodplain management purposes, a walled and roofed building, including a gas or liquid storage tank, that is principally above ground, as well as a manufactured home.
2. For insurance purposes, a walled and roofed building, other than a gas or liquid storage tank that is principally above ground and affixed to a permanent site, as well as a manufactured home on a permanent foundation.
3. For the latter purpose, the term includes a building while in the course of construction, alteration or repair, but does not include building materials or supplies intended for use in such construction, alteration or repair, unless such materials or supplies are within an enclosed building on the premises.
SUBSTANTIAL DAMAGE
1. Damage of any origin sustained by a structure whereby the cost of restoring the structure to its before-damaged condition would equal or exceed fifty percent (50%) of the market value of the structure before the damage occurred.
The term includes repetitive loss buildings (see definition).
|  |
| --- |
| For the purposes of this definition, repair is considered to occur when the first repair or reconstruction of any wall, ceiling, floor, or other structural part of the building commences. |
2. The term does not apply to:
a. Any project for improvement of a building required to comply with existing health, sanitary, or safety code specifications which have been identified by the Code Enforcement Official and which are solely necessary to assure safe living conditions; or
b. Any alteration of an historic structure provided that the alteration will not preclude the structure's continue designation as an historic structure; or c. Any improvement to a building.
SUBSTANTIAL IMPROVEMENT
1. Any combination of reconstruction, alteration, or improvement to a building, taking place during a ten-year period, in which the cumulative percentage of improvement equals or exceeds fifty percent (50%) of the current market value of the building.
For the purposes of this definition, an improvement occurs when the first alteration of any wall, ceiling, floor, or other structural part of the building commences, whether or not that alteration affects the external dimensions of the building.
This term includes structures which have incurred repetitive loss or substantial damage, regardless of the actual repair work done.
2. The term does not apply to:
a. Any project for improvement of a building required to comply with existing health, sanitary, or safety code specifications which have been identified by the Code Enforcement Official and which are solely necessary to assure safe living conditions; or
b. Any alteration of an historic structure, provided that the alteration will not preclude the structure's continued designation as an historic structure; or c. Any building that has been damaged from any source or is categorized as repetitive loss.
SUBSTANTIALLY IMPROVED EXISTING MANUFACTURED HOME PARKS OR SUBDIVISIONS The repair, reconstruction, rehabilitation or improvement of the streets, utilities and pads equals or exceeds fifty percent (50%) of the value of the streets, utilities and pads before the repair, reconstruction or improvement commenced.
VARIANCE A grant of relief by the community from the terms of a floodplain management regulation.
Flood insurance requirements remain in place for any varied use or structure and cannot be varied by the community.
VIOLATION The failure of a structure or other development to be fully compliant with the community's floodplain management regulations.
A structure or other development without the elevation certificate, other certifications, or other evidence of compliance required by thisChapter is presumed to be in violation until such time as that documentation is provided.
WATER SURFACE ELEVATION The height, in relation to the National Geodetic Vertical Datum (NGVD) of
1929 (or other datum where specified) of floods of various magnitudes and frequencies in the floodplain."
9,Article IX Non-Conformities,Section 405.380 Purpose.,sub-sec-9.1,https://ecode360.com/29243233,https://zoneomics.com/code/5578/chapter_9#9.1,False,0,"
A. Purpose.
The purpose of the regulations of this
Article is to establish regulations that govern uses, structures, lots and other current circumstances that came into being lawfully but that do not conform to one
(1) or more requirements of this Development Code.
The regulations address the following types of non-conformities:
1. Non-conforming uses.
Uses legally established prior to February 1, 2003, that do not conform with the use regulations of the district that the use is located are referred to as ""non-conforming uses"".
Temporary uses shall not qualify as ""non-conforming uses"".
2. Non-conforming structures.
Buildings and structures, not including signs, legally established prior to February 1, 2003, that do not conform with the property development standards of the zoning district that the use is located in are referred to as ""non-conforming structures"".
Temporary structures shall not qualify as ""non-conforming structures"".
3. Non-conforming signs.
Signs established prior to February 1, 2003, that do not conform to the sign regulations are referred to as ""non-conforming signs"".
Refer to
Article VII.
Temporary signs shall not qualify as ""non-conforming signs"".
B. Policy.
It is the general policy of the City to allow uses, structures or lots that came into existence legally and in conformance with then-applicable requirements but that do not conform to all of the applicable requirements of this Development Code to continue to exist and be put to productive use but to bring as many aspects of such use into conformance with the current Development Code as is reasonably practicable, all subject to the limitations of this Article.
The limitations of this
Article are intended to recognize the interests of the property owner in continuing to use the property but to control the expansion of the non-conformity and to control reestablishment of abandoned uses and limit reestablishment of buildings and structures that have been substantially destroyed.
C. Authority To Continue.
Non-conformities shall be allowed to continue in accordance with the regulations of this Article.
D. Determination Of Non-Conformity Status.
The burden of establishing that a non-conformity lawfully exists is to the owner and not the City.
E. Repair And Maintenance.
Repairs and normal maintenance required to keep non-conforming structures and non-conforming signs in a safe condition shall be permitted, provided that no alterations shall be made except those allowed by this
Article or required by law or ordinance.
F. Change Of Tenancy Or Ownership.
Changes of tenancy, ownership or management of an existing non-conformity shall be permitted, provided there is no change in the nature or character, extent or intensity of such non-conformity."
9,Article IX Non-Conformities,Section 405.385 Non-Conforming Uses.,sub-sec-9.2,https://ecode360.com/29243243,https://zoneomics.com/code/5578/chapter_9#9.2,False,0,"Non-conforming uses shall be subject to the following standards.
A. Enlargement.
No non-conforming use shall be enlarged, expanded or extended to occupy a greater area of land or floor areas than was occupied on February 1, 2003, and no additional accessory use, building or structure shall be established on the site of a non-conforming use.
This provision notwithstanding, uses may be extended throughout any part of a building or other structure that was lawfully and manifestly designed or arranged for such use on February 1, 2003.
B. Relocation.
No non-conforming use shall be moved in whole or part to any other portion of such parcel nor to another lot unless the use will be in conformance with the use regulations of the district into which it is moved.
C. Discontinuance And Abandonment.
If a non-conforming use ceases for any reason for a period of more than twelve
(12) consecutive months (except where Government action causes such cessation), the subsequent use of such parcel or lot shall conform to the regulations and provisions set by this Unified Development Code for the district that such parcel or lot is located.
D. Damage Or Destruction.
1. In the event that any structure that is devoted in whole or in part to a non-conforming use is damaged or destroyed, by any means, to the extent of more than fifty percent (50%) of its structural value prior to such destruction, such structure shall not be restored unless such structure and the use thereof shall thereafter conform to all regulations, of the zoning district that it is located.
The City shall make the determination of such reduced structural valuation.
2. When such damage or destruction is fifty percent (50%) or less, no repair or restoration shall be made unless a building permit is obtained within six
(6) months and restoration is completed within one
(1) year after the date that such permit is issued.
The time limit may be extended upon the recommendation of the Planning Commission and the approval of the Board of Aldermen.
E. Change In Use.
A non-conforming use may be changed to a new use, provided that the new use shall be of the same general character or of a character less intensive (and thus more closely conforming) than the existing, non-conforming use.
The Zoning Officer shall make the initial determination of whether a proposed use is a conforming use or is less intense, with an appeal to the Board of Zoning and Adjustment.
A non-conforming use may not thereafter be changed back to a less conforming use than when it was changed.
F. Residential Uses In Non-Residential Districts.
1. The other provisions of this
Section notwithstanding, any structure that is devoted to a non-conforming residential use and that is located in a ""C-1"" or more intensive district may be remodeled, extended, expanded and enlarged;provided that after any such remodeling, extension, expansion or enlargement, such structure shall not be used to accommodate a greater number of dwelling or lodging units than such structure accommodated prior to any such work.
2. Additionally, a residential use may be rebuilt for residential purposes in the event of damage or destruction as defined in
Section 405.385(D) if a building permit is obtained within one
(1) year of the damage or destruction.
G. Accessory Uses.
No use that is an accessory to a principal non-conforming use shall continue after such principal use ceases or terminates.
H. Outdoor Storage, Recycling Collection Stations, Recycling Collection Centers And Solid Waste Collection And Processing Facilities.
A non-conforming use of land for outdoor storage for the sale of merchandise may be continued only until February 1, 2003. After that time the use shall be brought into full compliance with the use regulations of the underlying zoning district.
Any non-conforming recycling collection station, recycling collection center or solid waste collection or processing facility shall, by February 1, 2003, be made to comply with all of the provisions of this Unified Development Code or be removed."
9,Article IX Non-Conformities,Section 405.390 Non-Conforming Structures.,sub-sec-9.3,https://ecode360.com/29243256,https://zoneomics.com/code/5578/chapter_9#9.3,False,0,"Non-conforming structures shall be subject to the following standards:
A. Enlargement.
Any expansion of a non-conforming structure that increases the degree of non-conformance shall be prohibited.
Other expansions of the structure shall be permitted and shall not require a variance.
The Zoning Officer shall make the initial determination of whether a proposed expansion increases the degree of non-conformity, with an appeal to the Board of Zoning and Adjustment.
B. Damage Or Destruction.
In the event that any non-conforming structure is damaged or destroyed, by any means, to the extent of more than fifty percent (50%) of its structural value prior to such destruction, such structure shall not be restored except in conformance with the regulations for the zoning district that it is located.
When a structure is damaged to the extent of fifty percent (50%) or less, no repairs or restoration shall be made unless a building permit is obtained within six
(6) months, and restoration is actually begun within one
(1) year after the date of such partial destruction and is diligently pursued to completion.
The City shall make the determination of such reduced structural valuation.
C. Relocation.
Non-conforming structures shall not be moved unless the movement or relocation will bring the structure into compliance with all applicable zoning district regulations."
9,Article IX Non-Conformities,Section 405.395 Other Non-Conformities.,sub-sec-9.4,https://ecode360.com/29243260,https://zoneomics.com/code/5578/chapter_9#9.4,False,0,"A. Applicability.
The types of other non-conformities that this
Section applies include, but are not limited to:
1. Fence height or location;
2. Lack of or inadequate landscape buffers;
3. Lack of or inadequate landscaping;
4. Lack of or inadequate off-street parking; and
5. Other non-conformities not involving zoning district use or property development standards.
B. Enlargement Or Change In Use.
Where an addition, enlargement or change in use is proposed to an extent in excess of twenty-five percent (25%) of the floor area of the existing buildings or structures, the entire lot shall be brought into conformance with presently existing requirements of this Development Code as to landscaping, buffering, off-street parking and other non-use and non-property development regulations of this Development Code."
9,Article IX Non-Conformities,Section 405.400 Non-Conformities Created by Public Action.,sub-sec-9.5,https://ecode360.com/29243268,https://zoneomics.com/code/5578/chapter_9#9.5,False,0,"When lot area or setbacks are reduced as a result of conveyance to a Federal, State or local government for a public purpose and the remaining area is at least seventy-five percent (75%) of the required minimum standard for the district that it is located, then that lot shall be deemed to be in compliance with the minimum lot size and setback standards of this Development Code without resort to the Board of Zoning and Adjustment."
10,Article X Subdivision Regulations,"Section 405.405 Title, Purpose, Authority and Jurisdiction.",sub-sec-10.1,https://ecode360.com/29243270,https://zoneomics.com/code/5578/chapter_10#10.1,False,0,"
A. Short Title.
This
Article shall be known as the ""City of Oak Grove
Subdivision Regulations"".
B. Purpose.
Responsible land subdivision is the initial step in the process of orderly community development.
Once land has been divided into streets, lots and blocks and publicly recorded, the correction of defects is difficult and costly.
The purpose of this document is to set forth rules and regulations for the division of real property so that each subdivision shall be properly coordinated with existing streets, utilities and public facilities and for the future development of these entities.
These subdivision regulations will be helpful to City Officials and private developers by clarifying requirements and by assuring more uniform application of City standards for new subdivisions.
C. Authority.
The requirements and recommendations set forth herein are designed to encourage orderly growth for the City of Oak Grove through responsible land subdivision and adopted under the authority of
Sections 89.300 through 89.480, RSMo.,
Chapter 445, RSMo., and by other applicable laws, Statutes, orders and regulations of the State of Missouri and the City of Oak Grove.
D. Jurisdiction.
This
Article shall apply to all subdivision of land within the corporate limits of the City of Oak Grove as presently exists or as hereafter established.
E. Applicability.
The requirements of these subdivision regulations shall apply to any owner or owners desiring to:
1. Divide, further divide land;
2. Otherwise alter the boundaries of lots or parcels of land; or
3. Dedicate land for use as streets, alleys and sidewalks or for other public or private purposes.
F. Exemptions.
Notwithstanding the requirements of this Section, this
Article shall not apply in the following instances or transaction:
1. The division or further division of land into lots or parcels, each of which contains more than forty
(40) acres, where such subdivision does not involve the creation of any new streets or easements of access.
2. A transaction between owners of adjoining land that involves only a change in the boundary between the land owned by such persons and does not create an additional lot or non-conformity.
3. A conveyance of land or interest therein for use as right-of-way or other public utilities subject to State or Federal regulation, where no new street or easement of access is created.
4. A conveyance made to correct a description in a prior conveyance.
5. Any transfer by operation law.
G. Conflict.
These regulations are not intended to abrogate any easement, covenant or any other private agreement, or restriction, provided that where the provisions of these subdivision regulations are more restrictive or impose higher standards or regulations than such easement, covenant or other private agreement or restriction, the requirements of these subdivision regulations shall govern.
Where the provisions of the easement, covenant or private agreement or restriction impose duties and obligations more restrictive, or higher standards than the requirements of these subdivision regulations, or the determinations of the Planning and Zoning Commission or the Board of Aldermen in approving a subdivision or in enforcing these subdivision regulations or determinations thereunder, then such private provisions shall be operative and supplemental to these subdivision regulations and determination made thereunder.
H. Conditions.
Regulation of the subdivision of land and the attachment of reasonable conditions to land subdivision is in the public interest and an exercise of valid Police power delegated by the State to the City.
The subdivision of land is a privilege conferred upon the developer by the laws of the State of Missouri and through these subdivision regulations.
It is the developer who is seeking to acquire the advantages of lot subdivision and upon him/her rests the duty of compliance with the requirements of this Article, all other applicable provisions of the City Code, reasonable conditions imposed by the Planning and Zoning Commission and/or the Board of Aldermen and the Planning and Zoning Commission, and the Board of Aldermen are hereby authorized to impose such conditions upon the approval of a final plat, as applicable, in order to ensure that the City's public health, safety and general welfare are provided for and protected."
10,Article X Subdivision Regulations,Section 405.410 Administration and Enforcement.,sub-sec-10.2,https://ecode360.com/29243287,https://zoneomics.com/code/5578/chapter_10#10.2,False,0,"
A.
Division Of Responsibility.
1. Administration of these subdivision regulations is vested in the following governmental branches, agencies, department or individuals of the City Government:
a. Office of the person designated as the Zoning Officer.
b. Oak Grove, Missouri, Planning and Zoning Commission.
c. Oak Grove, Missouri, Board of Aldermen.
d. Office of the person designated as the City Engineer.
2. Each of the above-named governmental branches, agencies, departments or individuals shall have the responsibilities hereinafter set forth.
B. Duties Of The Zoning Officer.
The Zoning Officer shall administer the provisions of this
Article and in furtherance of such authority shall:
1. Maintain up-to-date subdivision regulations, including amendments thereto, and permanent and current records with respect to this Unified Development Ordinance.
2. Receive, file and transmit application, sketch plans, preliminary plats and final plats to the designated review groups as specified in this Unified Development Ordinance.
3. Inform applicants of the procedural requirements for subdivision approval, discuss and review sketch plans in regard to the type and density of use as proposed in the Comprehensive Plan.
C. Duties Of The Oak Grove Planning And Zoning Commission.
The Oak Grove Planning and Zoning Commission shall: 1. Review and recommend approval, approve conditionally or disapprove preliminary plats.
2. Review and recommend approval or disapproval of final plats.
3. Transmit the final plat to the Board of Aldermen for approval and acceptance or rejection of dedication of streets, alleys and other public ways and sites.
4. Make such other determinations and decisions as may be required of the Planning and Zoning Commission from time to time by these subdivision regulations or the applicable
Section of the Missouri Statutes.
D. Duties Of The Board Of Aldermen.
The Board of Aldermen shall approve all final plats and accept or reject dedications of streets, alleys and other public ways and sites shown on all plats and approve a written agreement with the subdivider as required in
Section 405.440(E).
The Board of Aldermen shall also accept or reject financial guarantees from the subdivider in lieu of immediate completion of installment of improvements required by this Unified Development Ordinance.
E. Duties Of The City Engineer.
The City Engineer shall: 1. Review and recommend approval, conditional approval or disapproval of preliminary plats to the Planning Commission and Board of Aldermen.
2. Review and recommend approval, conditional approval or disapproval of final plats to the Planning Commission and Board of Aldermen.
3. Review engineering plans for the construction of public improvements for compliance with the ordinances of the City and recommend approval, conditional approval or disapproval of the engineering plans to the Planning Commission and Board of Aldermen.
F. Filing Fees And Other Costs.
Prior to the filing of a preliminary or final plat, the following fees shall be paid:
1. The filing fee for a preliminary plat shall be set according to the fee schedule adopted by the City of Oak Grove.
2. The filing fee for a final plat shall be set according to the fee schedule adopted by the City of Oak Grove.
3. Any direct cost incurred by the City of Oak Grove above and beyond filing fees outlined in this
Section shall be billed to and paid by the applicant before final determination by the Board of Aldermen.
4. All developers shall deposit monies as determined in the fee schedule for placement of future outdoor warning sirens.
The deposit shall be made at the time of final platting along with administrative fees and fees associated with street lights.
Monies shall be placed into an escrow account for the sole purpose of purchasing, placing and maintaining outdoor warning sirens within and adjacent to the City limits of Oak Grove, Missouri.
5. Any other fees, taxes or assessments related to the subdivision of land adopted by the City of Oak Grove."
10,Article X Subdivision Regulations,Section 405.415 Sketch Plan.,sub-sec-10.3,https://ecode360.com/29243315,https://zoneomics.com/code/5578/chapter_10#10.3,False,0,"A. Pre-Submittal Conference.
1. Application filing procedures.
Before submitting a preliminary plat, the owner or his/her agent and the owner's engineer or land planning consultant shall confer with the Zoning Officer, the City Engineer and other staff as designated by the City of Oak Grove to determine the applicable ordinances and regulations.
The purpose of the inquiry is for the owner to become familiar with procedures required by the City of Oak Grove, including:
a. Procedure for filing plats;
b. Availability of City sewer and water; c. Comprehensive Plan requirements for improvements such as major streets, land use, parks, schools and open spaces; d. Zoning requirements for the property in questions and adjacent properties; and e. Special setback requirements for arterial, collector and local streets.
2. Conference procedures.
After submittal of the subdivision plan, the Zoning Officer, the City Engineer and other designated members of the City staff shall hold a conference with the subdivider to discuss the character of the subdivision, the adequacy of sanitary and other services, streets, pavement, stormwater drainage, and provisions for maintenance of public or common property, or sanitary and water supply services and of the character of the subdivision, minimum dwelling size and such other matters as are relevant to the preparation of a preliminary plat.
B. Review Of Sketch Plan.
The Zoning Officer shall review the sketch plan and shall be available to meet with the subdivider to discuss any findings or recommendations.
The purpose of the review shall be to inform the applicant of the requirements of development regulations as they apply to the subdivision.
One
(1) copy of the sketch plan shall be retained by the Zoning Officer for his/her records.
C. Contents Of Sketch Plan.
Prior to the filing of a preliminary plat, the subdivider should submit to the office of the Zoning Administrator plans and data showing the subdivider's ideas and intentions in the platting of the proposed subdivision.
The subdivider should outline and describe the existing conditions of the site and the proposed development to supplement the drawings and sketches required below.
Should the subdivider submit a sketch plan, the plan shall contain the following:
1. A general location of the proposed subdivision and its relationship to existing community facilities.
Such location maps shall show the location and name of subdivision, existing streets and highways, schools, parks and playgrounds.
2. The proposed layout of streets, lots and other features in relation to existing utilities and other conditions.
Proposed land use, parks, playgrounds and other public areas shall be shown on the sketch plan.
This plan may be submitted in the form of a freehand sketch map on a map in scale.
3. The subdivider shall submit the following with the sketch plan:
a. A statement describing the existing and proposed community facilities and utilities on and adjacent to the property to be subdivided.
b. A statement of proposed protective covenants, if any.
c. A statement of the approximate number of lots the proposed subdivision will contain, together with typical proposed lot widths and depths.
d. Aerial or ground photographs which show the character and topographic features of the land, if available."
10,Article X Subdivision Regulations,Section 405.420 Preliminary Plat.,sub-sec-10.4,https://ecode360.com/29243333,https://zoneomics.com/code/5578/chapter_10#10.4,True,1,"A. Application For
Subdivision Approval.
Any person desiring to subdivide land that is subject to the provisions of this
Article shall file with the Zoning Officer a complete application form and the appropriate filing fee.
B. Filing Of Preliminary Plat.
Twenty-five
(25) copies of the preliminary plat and additional information as required by
Article III,
Section 405.075 of the Unified Development Code shall be filed with the Zoning Officer in accordance with the schedule adopted by the Planning and Zoning Commission.
The copies of the preliminary plat and all appropriate information shall then be transmitted to the Planning and Zoning Commission for appropriate action.
C. Filing Fee.
The preliminary plat shall not be accepted for filing until the subdivider has paid a filing fee and all required drawings and information have been submitted.
D. Written Notification.
The applicant shall provide the names and addresses of the abutting property owners of the proposed subdivision.
The City shall attempt to notify, by mail, all abutting property owners of the boundaries of the property for which the application is filed.
Failure to receive notice by mail does not invalidate any action taken.
E. Contents Of Preliminary Plat.
The preliminary plat shall contain information and data set out in
Section 405.420(K) of this Article.
F. Distribution And Review Of Preliminary Plat.
The Zoning Officer shall distribute one
(1) or more copies of the preliminary plat to the following governmental agencies, departments and other persons as may be deemed appropriate for the particular proposed subdivision:
City Engineer, fire district, the Police Department, the school district, the Missouri Department of Transportation (if the subdivision is near a State highway) and any utility companies providing gas, electric or telephone service in or near the subdivision.
The agencies, departments and persons named in this
Section shall have a minimum of ten
(10) working days to review the preliminary plat and to make their report and recommendations to the Planning and Zoning Commission.
The agencies, departments and appropriate persons named in this
Section shall return preliminary plats, report and recommendations to the Planning and Zoning Commission.
If such report has not been returned to the Zoning Officer prior to one
(1) week before the Planning and Zoning meeting, the proposed plat shall be submitted to the Planning and Zoning Commission without recommendations by the reviewing agency or department.
G. Adjacency Compatibility For Residential Development.
Submission requirement.
All single-family residential preliminary and final plat applications shall, upon the request of the Zoning Officer, Planning and Zoning Commission or Board of Aldermen, contain a statement, on a form provided by the Zoning Officer, regarding the compatibility of the proposed development with adjacent proposed or existing development that addresses the following considerations:
1. Street separation between the proposed development and the adjacent development;
2. Density of development, measured in dwelling units per acre;
3. Restrictions on types of fencing, parking of specific vehicles, dog runs and outbuildings;
4. Similarity of architectural style and character of structures in transition areas, including front elevations, exterior materials and roof pitch;
5. Classification and mixture of building types, including ranch, raised-ranch, split-level, multi-level, earth contact and two-story structures;
6. Green space or common area in transition areas, including areas, structures and amenities for the exclusive use and maintenance of homeowners of a subdivision;
7. Streetscape, including distinctive and aesthetic features of special street signage, street lighting fixtures, street trees and other landscaping;
8. Lot width;
9. Lot depth;
10. Setbacks; and
11. Square footage of homes in transition areas measured by total finished floor area.
|  |  |
| --- | --- |
|  | Only proposed adjacent development for which a preliminary plat has been approved shall be considered in a statement regarding adjacency compatibility submitted pursuant to this Section. | H. Action By The Planning And Zoning Commission On Preliminary Plat.
The Planning and Zoning Commission shall consider the preliminary plat within sixty
(60) days of its receipt by the Zoning Officer or at the next regular meeting for which the Zoning Officer may schedule the plat.
The Planning and Zoning Commission shall review and consider the reports and recommendations of the agencies, departments and persons to whom the preliminary plat has been submitted for review.
1. The Planning and Zoning Commission shall determine, based on the evidence before it, whether the preliminary plats meets the design standards and requirements of these subdivision regulations and conforms to the requirements of the Unified Development Code, Comprehensive Plan and other applicable provisions of the policies and standards of the City of Oak Grove.
a. If the preliminary plat does comply with all requirements, the Planning and Zoning Commission shall approve the preliminary plat; the approval shall be recorded on or attached to the preliminary plat.
b. If the preliminary plat is in general compliance but not complete compliance, the Planning and Zoning Commission may grant conditional approval of the preliminary plat.
The conditions of such approval shall specify the modifications necessary to achieve full compliance.
No final plat shall be recommended for approval unless such modifications are included to the satisfaction of the Planning and Zoning Commission.
The conditions of approval shall be recorded on or attached to the preliminary plat.
c. If the preliminary plat is not in compliance with all requirements, the Planning and Zoning Commission shall disapprove of the preliminary plat."
10,Article X Subdivision Regulations,Section 405.420 Preliminary Plat.,sub-sec-10.4,https://ecode360.com/29243333,https://zoneomics.com/code/5578/chapter_10#10.4,True,2,"2. If the preliminary plat is not approved, the subdivider may modify the preliminary plat and resubmit it to the Planning and Zoning Commission.
If the plat is amended and resubmitted within sixty
(60) days of the disapproval of the original preliminary plat, no additional filing fee shall be required.
The Planning and Zoning Commission may reconsider the preliminary plat at a regular meeting for which the Zoning Officer may schedule the plat.
I. Effect Of Approval Of Preliminary Plat.
1. Approval of the preliminary plat shall not constitute acceptance of the subdivision by the Board of Aldermen but shall be considered permission to prepare and submit a final plat.
Preliminary plat approval shall be effective for no more than two
(2) years from the date approval was granted unless, upon the request of the subdivider, the Board of Aldermen grants an extension.
If the preliminary plat approval expires, the preliminary plat shall be resubmitted, with all necessary fees, as if no such plat had ever been approved.
2. Applicant must request an extension of the preliminary plat within two
(2) years of the last acceptance date of said preliminary plat or within two
(2) years of the last approved final plat in said subdivision.
An extension of the preliminary plat can only be requested if said plat remains unchanged from last acceptance.
A request for extension does not require an application fee or notification of surrounding property owners.
3. Traffic study.
Upon approval of the preliminary plat and prior to preparation of the final plat and construction plans, a traffic study may be requested by the City Engineer to determine the impacts of the proposed development on the existing street system.
The traffic study must be prepared by a professional engineer licensed in the State of Missouri.
J. Construction Plan Submittal.
Upon approval of the preliminary plat and prior to submission of the final plat, the developer must then proceed with the detailed construction plans required for all facilities and utilities.
When the construction plans are completed, the developer then may submit the construction plans and the final plat to the Planning and Zoning Commission and Board of Aldermen for their review and approval.
Submittal of the construction plans shall be made not less than twenty
(20) days prior to the Planning and Zoning Commission meeting at which time the plans are to be considered.
All improvements and facilities are required to be installed prior to issuance of a building permit.
K. Contents Of Preliminary Plat.
1. The preliminary plat shall be submitted for review of the entire site, including all phases of construction.
The site may be broken out into phases for final platting, once the Planning and Zoning Commission has approved the preliminary plat.
2. Twenty-five
(25) paper print copies of the preliminary subdivision plat shall be furnished for review.
3. The preliminary plat for a subdivision shall be a formal plan, drawn to scale, indicating prominent existing features of a tract and its surroundings and the general layout of the proposed subdivision and shall meet the requirements outlined herein.
The preliminary plat shall contain the following information:
a. Proposed name of subdivision.
Names shall not duplicate too closely or resemble names of existing subdivisions.
b. Location of boundary lines in relation to section, quarter sections or quarter-quarter section lines and any adjacent corporate boundaries comprising a legal description of the property.
c. The names and addresses of the owner, subdivider and engineer or surveyor.
d. The plat shall be drawn with a standard engineering scale and a minimum dimension of one
(1) inch equals one hundred
(100) feet.
e. The date, north point and legend.
f. A vicinity or general location map showing section lines, the subdivision, adjacent subdivisions, corporate limits, main traffic arteries and other prominent features.
g. The layout, number and approximate dimensions of lots, the number or letter of each block and the minimum lot size in square feet.
h. Existing conditions.
(1) The location, width and name of each existing or platted street or other public way, utility rights-of-way, parks and other public open spaces, permanent buildings within or adjacent to the proposed subdivision, and other important features such as section lines and corners, survey monuments and political subdivision boundaries.
(2) All existing sewers, water mains, gas mains, culverts, or other underground installations within the proposed subdivision or immediately adjacent thereto with pipe size, grade and locations shown.
(3) The names of adjacent subdivisions and property owners directly abutting the proposed subdivision.
(4) Topography (unless specifically waived by the City Engineer) with contour intervals of not more than five
(5) feet referenced to U.S.G.S.
datum; the location of watercourses, ravines, bridges, lakes, wooded areas, approximate acreage, and such other existing features as may be pertinent to the subdivision.
In areas where grades are gentle, a lesser contour interval may be required.
(5) The location and character of all adjacent existing public utility lines, including sewers (storm and sanitary), water, gas and power lines.
If a community sewage treatment plant or other type of community disposal system is to be installed or constructed to serve all or certain portions of the proposed subdivision, the general plan for such community type sewage treatment or disposal system shall be shown and so identified on the preliminary plat.
(6) Areas subject to flooding by a storm having the probability of occurring once in fifty
(50) years, and areas in the official 100-year floodplain (as determined by the Federal Emergency Management Agency) shall be shown.
(7) Zoning on and adjacent to the tract."
10,Article X Subdivision Regulations,Section 405.420 Preliminary Plat.,sub-sec-10.4,https://ecode360.com/29243333,https://zoneomics.com/code/5578/chapter_10#10.4,True,3,"(8) Location, elevation and description of the bench mark controlling the vertical survey tied to U.S.G.S.
datum.
i. The following information with respect to the manner in which the tract is to be subdivided and developed shall be included on the preliminary plat.
(1) Streets, showing the location, width, names and approximate grades thereof, the preliminary plat shall show the relationship of all streets to any projected streets shown on any development plan adopted by the Planning and Zoning Commission.
Where the plat submitted includes only a part of the tract owned by the subdivider, a tentative plan of a proposed future street system for the unsubdivided portion shall be prepared and submitted by the subdivider.
No street names shall be used which will duplicate or be confused with the names of existing streets.
Existing street names shall be used where they are or would be logical extensions of existing streets, even though separated by undeveloped land.
Street names shall be subject to the approval of the Planning and Zoning Commission.
(2) Location and size of proposed parks, playgrounds, church or school sites, or other special uses of land to be considered for dedication to public use, or to be reserved by deed or covenant for the use of all property owners in the subdivision, and any conditions of such dedication or reservation.
(3) Easements showing width and purpose.
(4) Building setback lines with dimensions.
(5) Sites, if any, to be allocated for development with other than single-family dwellings and indication of any lots on which use other than residential is proposed by the subdivider.
(6) Location and type of utilities to be installed.
(7) Location and width of proposed sidewalks in conformance with
Section 405.440(C)(5).
j. The following data and information shall be submitted with the preliminary plat.
If practical, such data and information may be shown on the preliminary plat.
Otherwise, separate statements and/or maps shall accompany the preliminary plat.
(1) Proposed deed restrictions, if any, in outline form.
(2) Stages of development sequence if the total area is not proposed to be developed as one
(1) unit.
(3) Minimum livable floor area standards as follows:
(a) At the time of approval of a preliminary plat for a residential subdivision, the Planning and Zoning Commission shall designate a minimum livable floor area classification for all lots within the subdivision.
Livable floor area shall not include open or screened porches, garages or basements, whether finished or unfinished.
(b) Subdivisions are to be classified in a manner that minimizes the difference in dwelling sizes between adjacent residential developments.
Unless the developer requests a higher classification, the Planning and Zoning Commission shall not classify the subdivision more than one
(1) step lower than the classification of the abutting subdivision.
More than one
(1) classification may be established within a subdivision when the Planning and Zoning Commission finds such multiple classifications appropriate to provide a more harmonious transition in dwelling sizes.
However, no more than one
(1) classification may be imposed on a single block within the subdivision.
In the event the proposed subdivision adjoins land not previously classified, the Planning and Zoning Commission may designate a classification or classifications for the proposed subdivision that will, in its judgment, be in harmony with the surrounding area.
In so doing, the Planning and Zoning Commission may take into account the average livable floor area and the minimum dwelling size requirements set for in deed restrictions of adjoining subdivisions and the overall intent of this Section.
(c) The range of classifications and livable floor area shall be as follows:
|  | **Classification** | **Minimum Livable Floor Area**  **(square feet)** |
| --- | --- | --- |
|  | A | 2,600+ |
|  | B | 2,000 |
|  | C | 1,800 |
|  | D | 1,600 |
|  | E | 1,400 |
|  | F | 1,200 |
|  | G | 1,000 | (d) Approved dwelling size classifications shall be depicted on the final plat that is submitted for recordation.
(e) No building permit shall be issued for construction of a single-family dwelling that contains a total livable floor area less than the livable floor area permitted by the classification approved by the Planning and Zoning Commission, and it shall be unlawful to construct a dwelling with less total livable floor area than the classification requires.
(f) Each single-family dwelling to be constructed on land not previously assigned a minimum livable floor area classification shall contain a minimum floor area of one thousand (1,000) square feet.
(4) A statement of the improvements that will be installed by the developer and the time when such improvements will be completed.
This statement shall be of sufficient detail to permit determination of whether such improvements will comply with these regulations and other applicable Statutes, ordinances and regulations.
If the nature of the approval of the preliminary plat is not practical, the Planning and Zoning Commission may waive the submission of such details, provided that they are submitted at least thirty
(30) days prior to the date that approval of the final plat is requested.
(5) Preliminary plans and profiles of streets, sanitary sewer, storm sewers and water lines may be required.
The location of bridges and culverts may also be required.
(6) All preliminary and final plats must be prepared and sealed by a professional engineer licensed by the State of Missouri.
All construction plans associated with a preliminary and final plat must be prepared and sealed by a professional engineer licensed by the State of Missouri.
(7) A drainage study including analyses of existing and proposed drainage area, peak flows and storm sewer system capacities.Existing and proposed stormwater detention/retention basins shall also be described and performance calculations provided.
(8) A traffic study including an analysis of the impacts on the adjacent street network may be required by the City."
10,Article X Subdivision Regulations,Section 405.425 Final Plat.,sub-sec-10.5,https://ecode360.com/29243406,https://zoneomics.com/code/5578/chapter_10#10.5,True,1,"A. Filing Of The Final Plat.
Ten
(10) copies of the final plat and three
(3) copies of final improvement plans, as required by
Article III,
Section 405.075, shall be filed with the Zoning Officer sixty
(60) days prior to the date of the meeting on which the plat is to be heard.
The copies of the final plat and all appropriate information shall then be transmitted to the Planning and Zoning Commission for appropriate action and then forwarded to the Board of Aldermen for approval.
An expedited review process may be requested by the developer to shorten the review period.
The developer may be required to par additional fees as identified in the schedule of fees in order to pay for consultants services or any staff overtime.
The minimum fee must be paid at the time of application and the developer must request the thirty
(30) day deadline in writing.
B. Official
Subdivision Submission Date.
For the purpose of these subdivision regulations, the date that the plat is placed on the agenda and action is taken by the Planning and Zoning Commission shall constitute the official submittal date of the plat at which the sixty
(60) day period required by
Section 89.420, RSMo., for formal approval or disapproval of the plat commences to run.
C. Action By The Planning And Zoning Commission.
Within forty-five
(45) days after consideration of the final plat, the Planning and Zoning Commission shall recommend approval, conditional approval or disapproval of the final plat.
If the Planning and Zoning Commission recommends disapproval of the final plat, it shall advise the subdivider in writing of the reasons for such recommendation within ten
(10) days after such action.
The Planning and Zoning Commission shall recommend approval of a final plat if it is:
1. Substantially the same as the approved preliminary plat;
2. There has been compliance with all conditions, restrictions and requirements of this
Article and of all other applicable ordinances and design standards of the City;
3. There has been compliance with any condition that may have been attached to the approval of the preliminary plat.
D. Failure Of Planning And Zoning Commission To Act On The Final Plat.
Within sixty
(60) days after the submission of a plat to the Commission, the Commission shall recommend approval, conditional approval or disapprove the final plat; otherwise the plat is deemed approved by the Commission, except that the Commission, with the consent of the applicant for the approval, may extend the sixty
(60) day period.
The grounds of disapproval of any plat by the Commission shall be made a matter of record.
E. Submission Of Plat To The Board Of Aldermen.
Before a final plat is recorded and consideration by the Planning and Zoning Commission, the Board of Aldermen shall either approve by ordinance or disapprove the final plat and accept or reject the dedication of land for public purposes within thirty
(30) days and after the first (1st) meeting of the Board of Aldermen after the plat was submitted to the City Clerk.
If the plat is disapproved, the subdivider shall be notified of the reasons for such disapproval.
If the Board of Aldermen rejects any dedications on the final plat, they shall advise the subdivider in writing of the reasons for such rejection.
F. Staged Development Of Final Plat.
The foregoing provisions of these subdivision regulations to the contrary notwithstanding, an approved preliminary plat may be submitted for final approval in separate geographic units rather than as a whole, provided the following conditions are met:
1. Each unit of a plat of subdivision for single-family residences shall contain an area of sufficient size based on physical conditions and ability to install improvements economically.
Such units should contain at least twenty
(20) lots.
2. The approval of the Planning and Zoning Commission upon the advice of the City Engineer as to the feasibility of such development in separate units, including the feasibility of the proposed sequence of development, shall be secured.
3. A final plat of at least one
(1) unit shall be submitted for approval within one
(1) year from the date of approval of the preliminary plat, and final plats of all such units shall be submitted for approval within five
(5) years from date that the preliminary plat was approved.
The Planning and Zoning Commission on application of the subdivider may from time to time grant extensions on time within which to submit final plat, provided that each such extension shall be for more than one
(1) year."
10,Article X Subdivision Regulations,Section 405.425 Final Plat.,sub-sec-10.5,https://ecode360.com/29243406,https://zoneomics.com/code/5578/chapter_10#10.5,True,2,"4. All steps required for the approval of final plat, including the recording thereof, shall be adhered to with respect to each unit so submitted.
G. Recording Of The Final Plat.
No plat shall be recorded or filed with the office of the Recorder of Deeds until such plat has been approved by the Board of Aldermen; all dedications of rights-of-way, easements and other property have been accepted by the Board of Aldermen; and the design and financing of all improvements has been agreed to by both the subdivider and the Board of Aldermen.
The financing responsibility for the cost of recording the plat with the Recorder of Deeds shall be borne solely by the subdivider.
The subdivider must record the plat with the Recorder of Deeds and the cost shall be borne solely by the subdivider.
The subdivider must record the final plat within sixty
(60) days from the date of approval, or such plat is null and void.
H. Building And Other Permits.
No building permits or occupancy certificates shall be issued for a building or structure on any lot, tract or parcel of any subdivision that is subject to the provisions of these subdivision regulations until a copy of the recorded plat of subdivision is available for examination by the official charged with issuing building permits and/or occupancy certificates.
No such permits or certificates shall be issued until there has been compliance with all of the provisions of these subdivision regulations and conditions of plat approval.
Building permits will not be issued until all public improvements are installed and accepted by the City of Oak Grove.
I. Contents Of The Final Plat.
1. The final plat shall be a complete and exact subdivision plat, prepared for official recording as required by Statute, to define property boundaries, proposed streets and dedications.
2. The final plat shall be prepared by a registered land surveyor in the State of Missouri and bear his/her official seal.
3. Ten
(10) paper print copies of the final subdivision plat shall be furnished for review.
4. After the final plat has been approved by the Planning and Zoning Commission and rights-of-way and easements have been accepted by the Board of Aldermen, a minimum of ten
(10) copies of the final plat, of which five
(5) will be paper prints and five
(5) will be mylar prints, shall be submitted.
5. The final plat prepared for recording purposes shall be drawn with a standard engineering scale and a minimum dimension of no less than one
(1) inch equals one hundred
(100) feet.
The size of the sheets on which final plats are submitted shall be at least sixteen and one-quarter (16¼) inches by nineteen
(19) inches and shall not exceed twenty-four
(24) inches by thirty-six
(36) inches.
Each sheet shall have a one and one-quarter (1¼) inch binding edge along the left side (narrow dimension) and a one-quarter (¼) inch border along all other sides.
Where the proposed plat is of unusual size, the final plat shall be submitted on two
(2) or more sheets of the same dimensions.
If more than two
(2) sheets are required, an index sheet of the same dimensions shall be filed showing the entire development at a smaller scale.
6. The final plat shall show and contain the following information:
a. The name of the subdivision (not to duplicate or closely approximate the name of any existing subdivision).
b. The location by section, township, range, County and State, and including legal descriptive boundaries of the subdivision, based on an accurate traverse, giving angular and linear dimensions which must mathematically close.
The allowable error of closure on any portion of a final plat shall be not more than one
(1) in three thousand (3,000) for residential subdivisions and one
(1) in ten thousand (10,000) for commercial subdivisions.
All calculations shall be furnished showing bearings and distances of all boundary lines and lot lines.
c. The location of the boundary shall be shown in reference to existing official monuments or the nearest established street lines, including true angles and distances to such reference points or monuments.
d. The location of lots, streets, public highways, alleys, parks and other features with accurate dimensions in feet and decimals of feet, with the length of radii and/or arcs of all curves, and with all other information necessary to reproduce the plat on the ground.
Dimensions shall be shown from all angle points and points of curve to lot lines.
e. Lots shall be clearly numbered.
If blocks are to be numbered or lettered, these should be shown clearly in the center of the block.
f. Approved dwelling size classifications as defined in
Section 405.420(K)(3)(j)(3)(c)."
10,Article X Subdivision Regulations,Section 405.425 Final Plat.,sub-sec-10.5,https://ecode360.com/29243406,https://zoneomics.com/code/5578/chapter_10#10.5,True,3,"g. The exact locations, right-of-way widths, and names of all streets to be dedicated and the right-of-way width and names of any existing streets.
h. The location and width of all easements to be dedicated.
If the easement is being dedicated by the plat, it shall be properly referenced in the owner's certification of dedication.
i. Boundary lines and description of boundary lines of any areas other than streets and alleys which are to be dedicated or reserved for public use.
j. Building setback lines on front and side streets with dimensions.
k. The location of all monuments required to be installed by the provisions of these subdivision regulations.
l. The names of adjoining subdivisions.
m. The names and addresses of the developer, surveyor and/or professional engineer making the plat.
n. The regulatory flood elevation.
o. Statement dedicating all easements, streets, alleys, and all other public areas not previously dedicated.
p. The following certificates, which may be combined where appropriate:
(1) A certificate signed and acknowledged by all parties having any record, title or interest in the land subdivided and consenting to the preparation and recording of said subdivision map.
(2) A certificate signed and acknowledged as above, dedicating or reserving all parcels of land shown on the final plat and intended for any public or private use including easements and those parcels which are intended for the exclusive use of the lot owners of the subdivision, their licensees, visitors, tenants and servants.
(3) The acknowledgement of a notary in the following form:
|  | STATE OF MISSOURI | | ) |  |  |
| --- | --- | --- | --- | --- | --- |
|  |  | | ) | SS |  |
|  | COUNTY OF JACKSON | | ) |  |  |
|  | Be it remembered that on this \_\_\_\_\_ day of \_\_\_\_\_\_\_\_\_\_\_\_\_\_\_, 20\_\_\_, before me, a notary public in and for said County and State, came \_\_\_\_\_\_\_\_\_\_\_\_\_\_\_\_\_\_\_\_, to me personally known to be the same person who executed the foregoing instrument of writing and duly acknowledged the execution of same. In testimony whereof, I have hereunto set my hand and affixed by notarial seal the day and year above written. | | | | |
|  | (SEAL) | Notary Public | | | |
|  | My Commission Expires: \_\_\_\_\_\_\_\_\_\_\_\_\_\_\_ | | | | |
(4) The certificate of the Planning and Zoning Commission in the following form:
|  |  |
| --- | --- |
|  | This plat of \_\_\_\_\_\_\_\_\_\_\_\_\_\_\_ addition has been submitted to and a recommendation forwarded to the Board of Aldermen by the Oak Grove Planning and Zoning Commission this \_\_\_\_ day of \_\_\_\_\_\_\_\_\_\_\_\_\_\_\_, 20\_\_\_. |
|  | Chairman, (with actual name) |
(5) The approval of the plat and acceptance of easements and rights-of-way by the Board of Aldermen in the following form:
|  | This plat of \_\_\_\_\_\_\_\_\_\_\_\_\_\_\_\_\_\_\_\_ addition, including easements and rights-of-way accepted by the Board of Aldermen has been submitted to and approved by the Oak Grove Board of Aldermen by Ordinance No. \_\_\_\_\_\_\_\_\_\_\_\_\_\_\_\_\_\_\_\_ duly passed and approved by the Mayor of Oak Grove, Missouri, on the \_\_\_\_\_ day of \_\_\_\_\_\_\_\_\_\_\_\_\_\_\_, 20\_\_\_. | | | | |
| --- | --- | --- | --- | --- | --- |
|  | (SEAL) | Mayor, (with actual name) | | | |
|  | ATTEST: | | | | |
|  | City Clerk,  (with actual name) | | City Engineer,  (with actual name) | | |
(6) A blank space for noting entry on the transfer record in the following form:
|  | Entered on transfer record this \_\_\_\_\_ day of \_\_\_\_\_\_\_\_\_\_\_\_\_\_\_, 20\_\_\_. |
| --- | --- |
|  | Deputy County Recorder of Deeds |
(7) Supplemental information to be submitted with final plat.
The following additional data shall be submitted with the final plat:
(a) A title report by an abstract or a title insurance company or an attorney's opinion of title showing the name of the owner of the land and all other persons who have an interest in, or an encumbrance on, the plat.
The consent of all such persons shall be shown on the plat.
(b) A certificate showing that all taxes and special assessments due and payable have been paid in full; or if such taxes have been protested as provided by law, monies or other sufficient escrows guaranteeing such payment of taxes in the event the protest is not upheld may be placed on the deposit with such officials or governing bodies to meet this requirement.
(c) A copy of any deed restrictions applicable to the subdivision.(8) The City Engineer shall have the authority to adopt and publish specifications for completion on subdivision surveys, based on the current Minimum Standards for Property Boundary Survey's 10 CSR 30-2, Missouri Code of State Regulations.
All subdivision surveys shall comply with the specifications adopted and published by the City Engineer."
10,Article X Subdivision Regulations,Section 405.430 Minor Subdivisions.,sub-sec-10.6,https://ecode360.com/29243456,https://zoneomics.com/code/5578/chapter_10#10.6,False,0,"
A. Authorization For Approval Of Minor Subdivision.
If a proposed plat of subdivision or resubdivision complies with the requirements of Subsection (B) of this Section, then the Zoning Officer may approve the minor subdivision.
The Zoning Officer shall be responsible for determining whether a proposed plat meets the requirements of Subsection (B) of this Section.
B. Requirements For Approval Of Minor Subdivisions.
In order to qualify for approval in the manner provided in
Section 405.430(C), a proposed plat of subdivision shall comply with the following requirements:
1. The proposed plat of subdivision shall include not more than five
(5) acres;
2. The proposed plat of subdivision shall create not more than five
(5) lots, tracts or parcels or land;
3. No public street or easement of access is sought to be dedicated, or is contemplated or projected, through (as opposed to adjacent to) the lot, tract or parcel proposed to be subdivided or resubdivided; and
4. The proposed plat of subdivision shall be in the form required by
Section 405.425 of these subdivision regulations and shall contain all the data, information and certifications required on final plats by
Section 405.425 of these subdivision regulations other than the signature block which shall reflect approval by the Zoning Officer rather than the Board of Aldermen by ordinance.
C. Procedure For Approval Of Minor Subdivisions.
1. Minor subdivisions submitted for approval shall be filed with the Zoning Officer.
The Zoning Officer may require to be submitted the topographic information required under
Section 405.420 whenever the property to be subdivided or resubdivided is traversed by or is adjacent to a known watercourse, including intermittent streams.
2. The approval of a minor subdivision shall be subject to the provisions of these subdivision regulations, except insofar as the Sections requiring prior approval of or compliance with an approved preliminary plat and any approvals required by the Planning Commission and the Board of Aldermen."
10,Article X Subdivision Regulations,Section 405.435 Design Standards.,sub-sec-10.7,https://ecode360.com/29243466,https://zoneomics.com/code/5578/chapter_10#10.7,True,1,"A. Scope.
All subdivisions of land subject to these subdivision regulations shall conform to the design standards of this Article.
B. Comprehensive Plan.
Subdivisions should be in conformance with the Comprehensive Plan of the City of Oak Grove, Missouri.
C. Access.
All lots located in any subdivision shall be served directly by a public street except those served by private streets may be permitted as a part of a planned unit development or equivalent thereto.
D. Streets.
1. In any new subdivision, the street layout shall conform to the arrangement, width and location indicated on the latest version of the Comprehensive Plan as approved by the Planning Commission.
Streets shall be designed and located in proper relation to existing and proposed streets, to the terrain, to such natural features as streams and tree growth, to public convenience and safety, to the proposed use of the land served by such streets, and to the most advantageous development of the adjoining area.
Each lot within the subdivision shall provide access to a dedicated public street, except those served by private streets may be permitted as part of a planned unit development or equivalent thereto.
Proposed streets shall extend to the boundary line of the tract being subdivided unless prevented by topography or other physical conditions; or unless in the opinion of the Planning and Zoning Commission such extension is not necessary or desirable for the coordination of the layout of the subdivision or for the advantageous development of the adjacent tracts.
2. The standards within these subdivision regulations recognize and reference subdivision streets by functional classification.
3. Whenever the proposed subdivision contains or is adjacent to a limited access highway or where lots back onto a public street, the subdivision shall provide the following treatment:
a. In residential districts a buffer strip at least twenty-five
(25) feet in depth shall be provided in addition to the normal lot depth required.
The strip shall be a part of the platted lots and shall have the following restriction letter on the face of the plat: ""This strip reserved for the planting of trees or shrubs by the owner or developer: the building of structures hereon is prohibited.""
b. In commercial and industrial districts adjacent to limited access highways, no parallel street shall be less than one hundred fifty (150) feet from said right-of-way or limited access highway.
4. Streets shall intersect each other at right angles unless otherwise dictated by topography or other factors of good design.
a. The number of intersections along major streets shall be held to a minimum.
Wherever practical, the distance between such intersections shall not be less than twelve hundred (1,200) feet.
b. Property lines at street intersections shall be rounded with a minimum radius of fifteen
(15) feet.
The City Engineer may require a greater radius where anticipated traffic justifies such a requirement.
c. Streets parallel to a limited access highway shall, when intersecting a major street, highway or a collector street, be located at a minimum distance of two hundred fifty (250) feet from the right-of-way for said limited access highway.
Such distance, when desirable and practical, shall be determined with due consideration of the minimum distance required for the future separation of grades by means of appropriate approach gradients.
d. Local streets need not continue across major or collector streets; but if the centerline of such local street approaches the major streets from opposite sides thereof within one hundred fifty (150) feet, however, the City Engineer may require an appropriate easement to accommodate drainage facilities, pedestrian traffic or utilities.
5. The minimum right-of-way of all proposed streets shall be as follows:
|  | **Type of Street** | **Right-of-Way** |
| --- | --- | --- |
|  | Broadway (south of I-70 and north of 21st Street) | 100 feet minimum |
|  | Broadway (north of I-70 and south of 21st Street) | 120 feet minimum |
|  | Primary arterial | 120 feet minimum |
|  | Secondary arterial | 80 feet minimum |
|  | Residential/commercial/industrial collector | 60 feet minimum |
|  | Rural collector | 80 feet minimum |
|  | Local | 50 feet minimum |
|  | Marginal access street | 40 feet minimum |
|  | Alleys | 20 feet minimum |
|  | Pedestrian ways | 8 feet minimum | |  |  |
| --- | --- |
|  | Parkways: Any street designated as a parkway will ordinarily require thirty (30) feet of right-of-way in addition to the right-of-way required above. |
|  | Minimum highway right-of-way shall be established by the Missouri Department of Transportation. |
|  | Every cul-de-sac shall terminate in a circular turnaround having a minimum right-of-way diameter of one hundred (100) feet. |
6. The minimum pavement width of all proposed streets, measured back of curb to back of curb, shall be as follows:
|  | **Type of Street** | **Pavement** |
| --- | --- | --- |
|  | Primary arterial | 56 feet minimum |
|  | Secondary arterial | 48 feet minimum |
|  | Residential/commercial/industrial collector | 36 feet minimum |
|  | Rural collector | 36 feet minimum |
|  | Local | 28 feet minimum |
|  | Marginal access street | 28 feet minimum |
|  | Pedestrian ways | 6 feet minimum |
|  | Sidewalk | 4 feet minimum | |  |  |
| --- | --- |
|  | Parkways: The Planning and Zoning Commission may establish supplemental standards for the construction of parkways. |
|  | Minimum highway right-of-way shall be established by the Missouri Department of Transportation. |
|  | Cul-de-sac: The minimum pavement width for a cul-de-sac shall be a radius of thirty-nine (39) feet from the centerpoint. |
7. Unless necessitated by exceptional terrain and subject to the approval of the City Engineer, the maximum street grades shall not exceed the following:
|  | **Type of Street** | **Maximum Grade in Percentage** |
| --- | --- | --- |
|  | Major arterial | 6% |
|  | Minor arterial | 6% |
|  | Collector | 8% |
|  | Minor (local/residential street) | 10% |
|  | Cul-de-sac (excluding turnaround) | 10% |
|  | Cul-de-sac (turnaround only) | 10% |
|  | Alleys | 10% |
|  | Pedestrian ways | 10% | |  |  |
| --- | --- |
|  | All changes in street grade shall be connected by vertical curves and be designed for safe stopping sight distance as determined by the City Engineer using Federal highway administration design criteria. |"
10,Article X Subdivision Regulations,Section 405.435 Design Standards.,sub-sec-10.7,https://ecode360.com/29243466,https://zoneomics.com/code/5578/chapter_10#10.7,True,2,"|  | Wherever practical, street grades shall be established in such a manner to avoid excessive grading, promiscuous removal of ground cover and tree growth, and a general leveling of the terrain. Grades so established will reduce hazards by maintaining adequate sight distance for classification of streets and design speeds. |
8. The centerline radius of a horizontal curve shall be as follows:
|  | **Type of Street** | **Minimum Curve Radius** |
| --- | --- | --- |
|  | Major arterial | 1,200 feet |
|  | Minor arterial | 700 feet |
|  | Collector | 450 feet |
|  | Local | 200 feet | |  |  |
| --- | --- |
|  | A minimum tangent length of one hundred (100) feet shall be provided between curves of opposite direction on arterial and collector streets. A minimum tangent length of fifty (50) feet shall be provided between curves of opposite direction on residential streets. |
|  | The developer may request a variance to the above minimums based on engineering considerations of topography, length of street, number of curves and other factors which may dictate a lesser radius. The Board of Aldermen, with the review and recommendation of the Planning and Zoning Commission and the City Engineer, may approve such request. |
9. Where an existing dedicated or platted half-street is adjacent to the tract being subdivided, the other half (½) of the street right-of-way shall be dedicated by the subdivider.
Half-street dedications for minor streets are not permitted, unless there is satisfactory agreement with the City that both adjacent developers agree to dedicate and construct one-half (½) of the street.
10. Street names shall be suggested by the developer and approved by the Planning and Zoning Commission at the time of the preliminary plat approval.
11. Minimum sight distance shall be provided at each intersection by providing an area free of trees, shrubs, signs or other obstructions greater than two
(2) feet in height as measured from the elevation at the edge of pavement.
Sight distance triangles at intersecting streets shall be in accordance with the current edition of the American Association of State Highway and Transportation Officials (AASHTO) ""A Policy on Geometric Design of Highways and Streets"".
Every effort shall be made to select intersection locations so that the maximum sight distance is possible.
12. Suburban estate streets.
Street design in subdivisions with lots three-quarter (¾) acres in area or larger may be modified from the design requirements of
Section 405.435 based on the review of the City Engineer and the approval of the Planning and Zoning Commission
13. Cul-de-sac streets.
Cul-de-sac streets shall be not more than six hundred (600) feet in length measured from the centerline of the cul-de-sac to the centerline of the connecting street (eight hundred (800) feet in subdivisions of one-half (½) acre or larger lots).
Exceptions may be made where topographic or other unusual existing conditions so require.
Cul-de-sacs shall terminate with a minimum outside property line turnaround radius of fifty
(50) feet and a minimum curb line radius of thirty-nine
(39) feet.
The use of a ""T"" design for the cul-de-sac's terminus may be considered for cul-de-sacs of short length (less than three hundred (300) feet) when specifically approved by the Planning and Zoning Commission with the recommendation of the City Engineer.
14. Decorative islands.
When specifically reviewed by the Planning and Zoning Commission and approved by the Board of Aldermen, islands to be used for landscaping, statuary or to other decorative purposes may be constructed by a developer in a dedicated reserve in the center of a cul-de-sac or other roadway pavement section.
Decorative islands shall not be approved if it is possible that their installation would in any way impede traffic or create unsafe condition as directed by the City Engineer.
If decorative islands are approved, the developer shall, as condition of such approval, assign full responsibility for maintenance of such islands to the homeowners' association created by the developer for the subdivision.
Provisions of the homeowners' association articles of agreement related to such maintenance shall be reviewed by the Planning and Zoning Commission and approved by the Board of Aldermen before approval of the final plat.
A sinking fund shall be established by any such association to finance the maintenance of private streets, monthly accounting of which shall be submitted annually to the City Clerk.
15. Private streets.
Private streets are generally unacceptable in subdivisions in which any of the streets are dedicated to the public.
Exceptions will be considered in commercial and industrial subdivisions if they are constructed to the standards of this
Section and in planned unit developments.
A homeowners' association or business district association shall be formed to maintain any private street.
A sinking fund shall be established by any such association to finance the maintenance of private streets, monthly accounting of which shall be submitted annually to the City Clerk.
16. Marginal access streets.
Where marginal access streets are required, the developer shall be responsible for improving said marginal access streets according to City standards and shall dedicate, after construction, such streets and right-of-way to the City of Oak Grove.
A landscaped strip at least twenty
(20) feet wide shall be provided between a marginal access street and the adjacent street.
17. Street names and signs.
Street names shall not duplicate names of any existing street in Oak Grove and adjacent communities except where a new street is a continuation of an existing street.
Street names that are spelled differently but sound the same shall be avoided.
Generally, no street should change direction by more than ninety degrees (90°) without a change in street name.
The street name pattern established by Oak Grove shall be continued except as approved by the City Engineer.
Night-glowing street signs, approved by the City Engineer, will be purchased and installed by the City at all street intersections at the developer's expense.
18. Street classification.
The Planning and Zoning Commission shall determine the classification of all streets.
The City Engineer shall first determine street classification in new subdivisions when the preliminary plat of a subdivision is submitted."
10,Article X Subdivision Regulations,Section 405.435 Design Standards.,sub-sec-10.7,https://ecode360.com/29243466,https://zoneomics.com/code/5578/chapter_10#10.7,True,3,"The Board of Aldermen shall determine the final classification as approval of the final plat is made by that Board.
19. Standard street sections and details.
The Subsections which follow set forth standard street sections and details which are to be used for future residential, minor secondary thoroughfare and collector, and major secondary thoroughfare and collector streets and for primary thoroughfares constructed with the City of Oak Grove.
a. Design for persons with disabilities.
Access ramps for disabled persons shall be installed whenever new curbing or sidewalks are constructed or reconstructed in the City of Oak Grove.
Such ramps shall conform to Americans with Disabilities Act (ADA) standards subject to review and approval by the City Engineer.
These standards shall apply to any City street or connecting street on which curbs and sidewalks are required by this
Article or on curb and sidewalk having been prescribed by the Board of Aldermen.
b. Approval of grades.
Profiles of streets shall be submitted to and approved by the City Engineer.
Submittal information required for review of the preliminary plat shall include preliminary street profiles.
Final calculated street profiles will be required in submittal of construction plans required during review of the final plat.
c. Maximum and minimum grades.
The grades of all streets shall not be greater than the maximum grades for each classification as set forth in this Section, except where topographical conditions unquestionably justify a departure from this maximum as determined by the City Engineer and approved by the Board of Aldermen.
The minimum grade for all streets shall be at least one percent (1%).
d. Compaction requirements for cut and fill areas.
All fill areas within the street right-of-way shall be compacted to ninety-five percent (95%) of standard maximum density.
Layers shall be placed in depths not to exceed ten
(10) inches of loose material.
All embankment materials and compaction methods shall be subject to approval of the City Engineer.
In cut areas, the top of the subgrade under areas to be paved shall be scarified and compacted to a minimum depth of six
(6) inches to not less than ninety-five percent (95%) of standard maximum density at optimum moisture.
Maximum density shall be determined in accordance with requirements of the standard compaction test.
e. Approval of subgrade.
The City Engineer shall approve the subgrade before any base course or surface is placed thereon.
The subgrade shall be constructed so that it will be uniform in density throughout.
The entire width and length shall conform to line, grade and typical cross section shown on the plans or as established by the City Engineer.
If any settling or washing occurs or where hauling results in ruts or other objectionable irregularities, the contractor shall reshape and reroll the subgrade before the base or surfacing is placed.
The City Engineer may require additional subgrade modification (fly-ash treatment, replacement with aggregate, etc.)
where subgrade soils lack adequate strength.
f. Sewer and water work before base construction.
No base course work may proceed on any street until all trenching for storm and sanitary sewers and for water lines within an area extending five
(5) feet behind curbs has been properly backfilled satisfactory to the City Engineer.
Wherever possible, the developer shall schedule installation of gas or buried electric utility lines so that the trenches for such lines can be properly backfilled before street base course construction.
g. Storm sewer and inlets.
Manholes, storm sewers, inlets and utility valves shall be adjusted to meet the proper grade of street or yard areas to the satisfaction of the City Engineer.
20. Exceptions for existing improvements.
a. Where the proposed subdivision is a resubdivision or concerns an area presently having any or all required improvements as previously set out and where such improvements meet the requirements of this
Section and are in good condition as determined by the Board of Aldermen upon its consideration of the opinion of the City Engineer, no further provision need be made by the subdivider to duplicate such improvements.
However, where such existing improvements do not meet said requirements as determined by the Board of Aldermen upon its consideration of the opinion of the City Engineer, the subdivider shall provide for the repair, correction or replacement of such improvements so that all final improvements will then meet said requirements as determined by the Board of Aldermen upon its consideration of the opinion of the City Engineer.
b. Where the proposed subdivision is a resubdivision or concerns an area presently abutting or continuing any existing public street of less than the minimum required right-of-way width or roadway width, land shall be dedicated so as to provide a minimum street right-of-way width established by these subdivision regulations or by the policy of the Board of Aldermen; and the subdivider of such proposed subdivision shall provide an additional roadway pavement meeting the minimum standards set by these subdivision regulations and the Board of Aldermen.
The Board of Aldermen shall determine what adjustment to make where the aforesaid widening merges with existing streets which are of smaller width at the boundary of such proposed subdivision.
The Board of Aldermen may reduce the minimum roadway system in the proposed subdivision if the extension of such roadway is already improved at each end of such roadway in the subdivision and the roadway in the proposed subdivision is two
(2) blocks or less in length.
E. Block And Lot Design.
The lengths, widths and shape of lots shall be suited for the planned use of the land, zoning requirements, and need for convenient access, control and safety of street traffic and the limitations and opportunities of the terrain.
Block lengths in residential areas shall not, as a general rule, be less than six hundred (600) feet in length between street lines unless dictated by exceptional terrain or other limiting factors of good design.
Blocks shall have sufficient width to provide for two
(2) tiers of lots of appropriate depth except where otherwise required to separate residential development from through traffic.
Pedestrian ways or crosswalks of not less than ten"
10,Article X Subdivision Regulations,Section 405.435 Design Standards.,sub-sec-10.7,https://ecode360.com/29243466,https://zoneomics.com/code/5578/chapter_10#10.7,True,4,"(10) feet in width shall be provided near the center and entirely across any block that is nine hundred (900) feet or more in length and deemed essential in the opinion of the Planning and Zoning Commission to provide adequate pedestrian circulation or access to schools, shopping center, churches, parks or transportation facilities.
At the time of preliminary plat approval, this requirement may be modified in an instance where this access is adequately served otherwise.
F. Large Lots Or Parcels.
When land is subdivided into larger parcels than ordinary building lots, parcels shall be arranged in such a manner as to allow for the opening of future streets and local further resubdivision of the parcels.
Minor subdivisions are prohibited in final platted subdivisions where additional buildable lots are created.
G. Lot Design.
The lot size, width, depth, shape and orientation, and the minimum setback lines shall be appropriate for the location of the subdivision and for the type of development and use contemplated.
1. Lot dimensions shall conform to the requirements of the zoning regulations unless established in accordance with this Section.
2. The minimum widths of residential lots measured at the setback lines thereof shall not be less than:
a. Two hundred (200) feet when the lot is zoned ""A"" agriculture.
b. Seventy-five
(75) feet when the lot is zoned ""R-1"" residential.
c. One hundred
(100) feet when the lot is zoned ""R-2"" or ""R-3"" residential.
3. Residential lots fronting or backing on major streets shall be platted with extra depth to permit increased distances between the buildings and traffic ways.
4. The slope of a residential lot shall not exceed a ratio of three to one (3:1).
On lots that exceed this ratio, vertical walls with appropriate safety devices shall be required.
5. Where lots front upon a cul-de-sac or curved street having a radius of two hundred (200) feet or less, the minimum lot widths set forth above shall be measured at the building setback line along an arc parallel to the right-of-way of such cul-de-sac or curved street.
Such lots shall also be laid out so that their lot frontage, as measured on the arc of such right-of-way line, is not less than fifty percent (50%) of the required lot width measured at the building setback line.
6. The area of the street right-of-way shall not be included and calculated in the area of the lot with respect to minimum lot area requirements of these subdivision regulations or of the Unified Development Code applicable to the property.
Lots shall be required to have more than the minimum area dimensions provided for in this
Section where such greater area or dimensions are required to meet the yard requirements of the Unified Development Code.
7. Double frontage and reverse frontage lots may be approved at the time of preliminary plat approval where necessary to provide separation of residential development from through traffic or overcome specific disadvantages of terrain and orientation.
8. The depth and width of properties reserved or laid out for commercial and industrial purposes shall be adequate to provide for the off-street service and parking facilities required by the type of use and development contemplated.
9. Corner lots for residential use shall have extra width to permit appropriate building setback from, and orientation to, both streets.
10. As established in the Unified Development Code, frontage and side yard setback requirements shall be the same on other sides of the streets for residential structures to provide a consistent line-of-sight throughout the entire subdivision.
Recorded final plats and current preliminary plats, shall be exempt from this Article.
If a preliminary plat is not renewed within the two
(2) year period, all new ordinances shall apply.
11. Lot elevation relative to sewer line elevation.
Minimum basement floor elevations (MBF) shall be shown on each sewerable lot of the recorded plat.
Minimum low opening elevations (MLO) shall be shown on each lot adjacent to a waterway on the recorded plat.
MBFs and MLOs may need to be revised in the event the ""as-built"" engineering plans show a significant change in the elevation of the sanitary sewer main or in the elevation of the 100-year floodplain.
H. Dams, Retention Basins And Siltation Control.
1. Where dams are proposed in any subdivision, they shall be designed by a professional engineer registered in the State of Missouri.
A preliminary engineering report, including soil investigations and design procedures, shall be submitted to the City Engineer for review.
When a dam is planned on private property, the engineer shall certify that the dam is constructed in accordance with the approved plans and specifications.
All dams are subject to compliance with the laws of the State of Missouri and the regulations of the Missouri Department of Natural Resources.
2. When the proposed development of a subdivision would increase the runoff of stormwater onto adjoining properties above that normally expected for residential development typical for the City, detention basins may be required on-site to control the rate of runoff except as otherwise permitted by the City Engineer on the basis of an individual subdivision design and approval on the preliminary plat.
3. Downstream property owners shall be protected from adverse flooding and siltation by such methods as are approved by the City Engineer.
I. Conformance To Applicable Rules And Regulations.
1. In addition to the regulations established herein, all subdivision plats shall comply with the following laws, rules and regulations:
a. All applicable provisions of the Missouri Statutes.
b. The City of Oak Grove Unified Development Code, Building and Housing Codes Standard Contract Documents and Technical Specifications and Design Criteria for Utility and Street Construction, as adopted by the City, and all other applicable laws.
c. The latest edition of the KC-APWA Standard Specifications and Design Criteria as adopted by the City of Oak Grove.
d. The Comprehensive Plan as adopted.
e. The special requirements of these subdivision regulations and any adopted policies and rules of the City Engineer and the Department of Natural Resources of the State of Missouri f. The rules of the Missouri Department of Transportation if the subdivision of any lot contained therein abuts a State highway or connecting street.g. The standards and regulations adopted by the City Engineer and all boards, commissions, departments, agencies and officials of the City adopted pursuant to any law or ordinance.
2. Plat approval may be withheld if a subdivision is not in conformity with the above guidelines or the intention and purpose of these subdivision regulations."
10,Article X Subdivision Regulations,Section 405.440 Public Improvements.,sub-sec-10.8,https://ecode360.com/29243537,https://zoneomics.com/code/5578/chapter_10#10.8,True,1,"A. Minimum Improvements.
The developer shall submit to the City a firm contract providing for the construction and completion, within a reasonable time frame, of the public improvements as specified by the engineer's plans and specifications.
1. The following are considered minimum public improvements:
a. Installation of eight
(8) inch sewer line and four
(4) inch service connection to all adjacent lots;
b. Extension of eight
(8) inch water distribution mains and six
(6) inch service connections to all adjacent lots in accordance with the City's minimum specification; c. Installation of concrete curb and concrete gutter and backfill; d. Installation of paving in accordance with the City's minimum specifications; e. Installation of storm sewers or surface drainage where required by the City; f. Installation of sidewalks according to the City's minimum specifications; and g. Installation of street lights according to the City's minimum specifications.
2. All of the above improvements shall be extended to the boundary of the subdivision, unless otherwise approved by the Planning and Zoning Commission with the recommendation of the City Engineer.
3. All public improvements shall be completed in accordance with the plans and specifications approved by the City Engineer and ""as built"" plans shall be filed in the City Engineer's office at the completion of improvement.
B. Easements.
1. The City Engineer may require general utility easements of adequate width along lot lines where necessary or advisable for poles, wires, conduits, sanitary sewers, gas, water, power and other utility lines as dictated by the plans of the developer to provide utility connections.
The following are established as minimum width for any general utility easements:
a. Front line easements — ten
(10) feet on each side of the public street only.
b. Side line easements — five
(5) feet on each side of the lot line.
c. Rear line easements — seven and one-half (7½) feet if adjacent to a general utility easement of at least five
(5) feet in width, otherwise ten
(10) feet.
2. Suitable drainage easements as required by the City Engineer shall be dedicated on the subdivision plat to provide for the natural drainage of stormwater through the plat and in consideration of proposed improvements.
The minimum width for drainage easements shall not be less than fifteen
(15) feet for closed conduits and twenty
(20) feet for open channels but in any case shall provide for conveyance of a 50-year storm flow with additional width of no less than ten
(10) feet for construction and maintenance equipment and operations.
These drainage ways shall be improved to the extent necessary to properly accommodate storm flows in a manner to eliminate erosion and possible loss and damage to life, land and property.
Any variation to these standards (such as location, width and alignment) should be noted on the final plat certified and approved by the City Engineer.
C. Required Improvements.
1. The subdivider shall cause a registered land surveyor to install permanent reference points on all perimeter corners of the property.
2. (Reserved)
3. All required improvements shall be designed and built in accordance with the latest edition of the Kansas City Metropolitan A.W.P.A.
design criteria unless otherwise noted in the City of Oak Grove's public improvement standards.
a. Off-site road improvements.
When an area to be subdivided contains lots adjacent to an existing road, said road shall be suitably improved as required by the street construction standards for the City Of Oak Grove based on its functional classification.
b. Grading.
All streets shall be graded to their full right-of-way width as approved by the City Engineer.
c. Paving.
Road base and paving shall be installed in accordance with the specifications and standards adopted by the City of Oak Grove.
d. Curbs and gutters.
Vertical face curbs and gutters shall be installed in accordance with the specifications and standards adopted by the City of Oak Grove.
Roll back curbs shall be permitted in areas along streets serving single-family residences or in other residential areas where curb cuts cannot be predetermined.
4. Bridges and culverts shall be constructed only at locations approved by the City in accordance with plans and specifications approved by the City Engineer.
Plans shall be prepared and sealed by an engineer licensed by the State of Missouri.
5. Sidewalks shall be constructed on both sides of all streets in all zoning districts except for ""R-1"".
In the ""R-1"" District, sidewalks shall, at a minimum, be installed only on one
(1) side of all streets.
In large lot subdivisions, no sidewalks are required.
However, in the interest of a better arrangement of pedestrian circulation and to accommodate special design features of the developments, this requirement may be waived with conditions if the development is part of a plan approved by the Planning and Zoning Commission.
Also, sidewalks may be required exceeding the above standards if they are necessary to complete pedestrian ways across a lower density development.
Sidewalks in residential development shall be constructed prior to the issuance of certification of occupancy."
10,Article X Subdivision Regulations,Section 405.440 Public Improvements.,sub-sec-10.8,https://ecode360.com/29243537,https://zoneomics.com/code/5578/chapter_10#10.8,True,2,"The design and installation of sidewalks shall meet all State and Federal requirements.
6. Storm drainage and sanitary sewers shall be designed by applicant's registered professional engineer, approved by the City and installed by the subdivider.
7. Water distribution system, including the number and location of fire hydrants, shall be designed by a registered professional engineer and approved by the City and installed by the subdivider.
8. Street name signs and traffic control signs shall be provided by the developer in accordance with the standards and specifications of the City.
The City shall replace and maintain said signs after the initial installation by the developer.
9. Sewage treatment plants and pumping stations, if approved, shall be constructed in accordance with the specifications and standards of the Missouri Department of Natural Resources.
Plans shall be prepared and sealed by an engineer licensed by the State of Missouri.
10. A street light plan shall be designed by applicant's registered professional engineer and approved by the City.
The City shall take the necessary steps in its capacity as a municipal corporation to secure placement of street lights by Missouri Public Service Company.
The subdivider shall agree to pay all costs of installation and all costs incurred by the City for said street lights of a period of five
(5) years.
A bond or other financial assurance in a form acceptable to the City Attorney may be required to ensure payment.
11. All public utilities must be installed underground.
Plans for underground facilities shall be prepared by, or at the direction of, the agency involved.
D. Recommended Improvements.
1. Tree planting.
If planting of street trees is proposed by the subdivider or if otherwise required in compliance with the plan approval, the placement and species to use under varying conditions will be approved by the Zoning Officer.
2.
Subdivision identification signs.
Subdivision identification signs, if desired, shall be placed at entrances to the subdivision and shall be within an easement or private property.
The developer or homeowners' association is responsible for the maintenance and upkeep of the identification signs as originally approved and installed.
Location of signs shall be subject to the provisions of the subdivision regulations, as well as other applicable ordinances.
3. Limited access.
Whenever the proposed subdivision contains or is adjacent to a major street or highway, adequate protection of residential properties, limitations of access, and the preparation of through and local traffic shall be provided by reversed frontage with screen planting, provided by the developer and approved by the City, contained in a non-access reservation along the rear property lines.
There shall be no reserve strips controlling access to streets except where control of such strips is definitely placed under conditions approved by the Planning and Zoning Commission.
Frontage roads may be provided by the developer with the concurrence of the Planning and Zoning Commission and will be shown on the preliminary plat, provided such frontage roads shall be approved by the State of Missouri or United States Government, when applicable.
E. Agreement For The Installation Of Improvements.
Prior to the approval of a final plat by the Board of Aldermen for any subdivision located in the City of Oak Grove or in any area where improvements are required to be installed to City standards, the subdivider shall enter into a written agreement with the City, in which all required improvements are specified, together with method of construction and provisions for payment of the cost thereof.
F. Inspection Of Improvements.
1. Administrative fee.
The subdivider shall pay to the City an administration fee as set forth in the schedule of fees for the review and processing of the subdivision plat and construction plan.
The subdivision plat shall not be signed until the administrative fee has been paid and inspection services guaranteed as described in Subsection (F)(2) hereof.
2. Inspection of improvements.
The subdivider shall contract with a professional engineer registered in the State of Missouri qualified to perform surveying, staking, inspection and testing services, and ""as-built"" construction plans and furnish to the City a copy of said contract.
Upon inspection, if any of the required improvements have not been completed in accordance with the City's construction standards and specifications, the subdivider shall be responsible for completing said improvements.
Building permits shall not be issued until an affidavit, signed and sealed by a registered professional engineer, has been delivered to the City stating all the required improvements have been in accordance with the approved plans, standards and specifications.
The City Engineer will perform the final inspection of all public improvements.
G. Vacation Of Undeveloped Subdivision.When no lots on a plat of subdivision have been sold, the subdivider may request the vacation of the plat prior to the time that the improvements covered by the bond are installed, and when such plat is vacated, all fiscal sureties shall be returned to the subdivider."
10,Article X Subdivision Regulations,Section 405.445 Improvement Procedures.,sub-sec-10.9,https://ecode360.com/29243580,https://zoneomics.com/code/5578/chapter_10#10.9,True,1,"A. Final Construction Plans.
The subdivider or developer shall have plans and engineering drawings, complete with other engineering information, as specified in
Section 405.445(B), prepared for required improvements by a registered engineer.
The complete plans, drawings and other engineering information shall be submitted in duplicate to the City Engineer at least thirty
(30) days prior to the requested approval date of final plat.
Failure to submit these plans, drawings and other information shall be considered an automatic extension of or a waiver by the subdivider of any time limitation for plat approval.
B. Content Of Engineering Drawings.
Engineering plans, drawings and other engineering information shall contain the following data and information and shall conform to the following requirements:
1. All plans, profiles and details of proposed improvements shall be on standard plan and profile sheets or other appropriate sheets.
Each sheet of the drawings shall be on twenty-four
(24) inches by thirty-six
(36) inches sheets with an appropriate border and a title block along the right edge of the plans.
The title block shall contain at least the name of the subdivision, a brief description of the information shown on the individual sheet, the name and address of the developer, the name, address and professional seal of the engineer, the date of the original drawing and the date of any revisions to the drawing.
A vicinity map shall be shown on the cover sheet.
Plans and profiles shall be shown to a horizontal scale of one
(1) inch equals one hundred
(100) feet and a vertical scale of one
(1) inch equals ten
(10) feet, or a horizontal scale of one
(1) inch equals fifty
(50) feet and a vertical scale of one
(1) inch equals five
(5) feet.
The scale and north point shall be clearly indicated on each sheet.
If the drawings consist of three
(3) or more sheets, there shall also be an appropriate cover or title sheet showing the entire subdivision at a suitable scale, the subdivision name, a brief description of the nature of the drawings, an index to the drawings and other applicable information.
2. Plans, profiles and details for roadway and sidewalk construction shall show profiles of the existing topography elevations, profiles of proposed sidewalks, curb and street centerline elevations, intersection control elevations, paving geometrics, typical cross sections and other data required to staking and construction.
Construction specifications and cost estimates shall be submitted with the plans.
3. Plans, profiles and details of storm sewer and storm drainage improvements shall show existing profiles, proposed flow-line profiles, grades and elevations, manhole details, drainage structure details and inlet details, plus any other data necessary for staking and construction.
Construction specifications and cost estimates shall be submitted with the plans.
Copies of engineering calculations may also be required submittals for review.
4. Plans and details of the proposed water distribution system and water supply facilities shall show all information necessary for review and construction of the systems, including line sizes, fire hydrant locations and valve locations.
Construction specifications and cost estimates shall be submitted with the plans.
Copies of engineering calculations may also be required submittals for review.
5. Plans, profile and details for sanitary sewer systems and sewage treatment facilities shall show line sizes, grades flow-line elevations and other information necessary for plan review and construction.
Construction specifications and cost estimates shall be submitted with the plans.
Copies of engineering calculations may also be required for submission and review.
6. Grading plans for all lots and tracts in the subdivision requiring cut or fill of more than thirty
(30) inches showing the existing ground contours, proposed finish ground contours, temporary erosion and sediment controls and drainage shall be submitted.
Construction specifications and cost estimates shall be submitted with the plans.
7. When unusual site conditions exist, the City Engineer may require additional plans, drawings and specifications as may be necessary for adequate review of the proposed improvements.
8. All plans shall be based on USGS datum.
Bench mark descriptions and elevations shall be shown on the plan sheets.
9. All plans for underground wiring shall be prepared by or at the direction of the agency involved.
C. Review Of Engineering Drawings.
The City Engineer shall require review all engineering drawings in order to determine whether such drawings are consistent with the approved preliminary plat and comply with the design standards.
If such drawings are consistent and so comply, the City Engineer shall forward to the Planning and Zoning Commission a notice that they so conform and comply.
In the event that the drawings do not so conform and comply, the City Engineer shall notify the subdivider in writing of the specific manner in which such drawings do not so comply, and the subdivider may then correct such drawings."
10,Article X Subdivision Regulations,Section 405.445 Improvement Procedures.,sub-sec-10.9,https://ecode360.com/29243580,https://zoneomics.com/code/5578/chapter_10#10.9,True,2,"If such drawings are not corrected, the City Engineer shall forward to the Planning and Zoning Commission a notice as to the items of non-compliance.
D. Recommendation By Planning And Zoning Commission.
The Planning and Zoning Commission shall not consider a final plat until the City Engineer has approved the engineering drawings and any other required plans.
E. Construction Permits.
No improvements shall be constructed nor shall any preliminary work thereto be done until such times as the engineering drawings have been approved and a construction permit issued.
Improvements shall be in compliance with all of the requirements relating to the agreement specified in
Section 405.440(E).
Permits shall have a required time limit for completion of the work with a provision that would include any authorized time extension.
Preliminary grading may take place if a grading plan has been approved by the City Engineer and a grading permit has been issued.
F. Certificate Of Insurance.
The contractors shall indemnify the City and shall provide a certificate of insurance naming the City as an insured.
The certificate of insurance shall be on a form furnished by the City, or an industry standard, approved by the City.
The contractor shall secure and maintain throughout the duration of construction insurance of types and in amounts as may be necessary to protect the contractor and the interests of the City against all hazards or risk of loss.
It shall be the responsibility of the contractor to maintain adequate insurance coverage at all times.
The contractor may satisfy the liability limits required for each type of insurance by securing and maintaining an umbrella excess liability type policy.
Satisfactory certificates of insurance shall be filed with the City before a construction permit will be issued.
The liability limits shall not be less than:
|  | **Type Of Insurance** | **Limits** |
| --- | --- | --- |
|  | **Workers' Compensation** | **Statutory** |
|  | Automobile liability and bodily injury | $500,000.00 per person;  $2,000,000.00 per occurrence |
|  | Property | $100,000.00 per occurrence;  $2,000,000.00 combined single limit |
|  | Comprehensive general liability (including  products and completed operations) | $500,000.00 per occurrence;  $2,000,000.00 aggregate | G. Performance Bonds.
1. The contractor shall furnish a performance bond before a construction permit will be issued as security for the faithful performance of all his/her obligations under the ""Agreement for the Installation of Improvements"".
Each bond shall be in the amount at least equal to the contract price and in such form and with such sureties as acceptable to the City.
2. Mud deposit.
Each developer working within the City limits of Oak Grove shall deposit a sum as set forth in the schedule of fees at the time of issuing individual building permits.
Said deposit shall be guarantee that the permit applicant, and any subcontractors of employees of such applicant, will keep streets and sidewalks in the area in which they are working free and clear of dirt, gravel, rubbish or other construction debris.
The City Engineer may waive the deposit required by this
Section when the applicant is an individual homeowner.
A refund of the mud deposit will be processed after approval of the final occupancy permit.
3. No person, firm or corporation shall dump or deposit or cause to be dumped or deposited any dirt, gravel, rubbish, leaves or other debris, including, but not limited to, lumber, paper, trash, concrete or metal, in any street right-of-way, gutter, storm sewer, waterway or drainage way.
Erosion of soil which flows onto any street, right-of-way, gutter, storm sewer, waterway or drainage way from property before or during construction shall be considered as depositing dirt, grave or other construction debris.
If, upon inspection by the Building Inspector, City Engineer or any of their designated representatives, it is determined that dirt, gravel, rubbish, leaves or other debris has been dumped or deposited in any street, right-of-way, gutter, storm sewer, waterway or drainage way in violation of the provisions of this Section, he/she shall then notify the responsible permittee or permittees and establish a twenty-four
(24) hour period to make the affected area free of said dirt, gravel or debris.
If within the twenty-four
(24) hour period the said area is not clear, the City Engineer or his/her designee may authorize the City to take necessary action to clean up the said area and assess all charges at an established hourly rate, but in no case will the charges be less than two
(2) hours for labor, materials and equipment.
H. Escrow Deposits In Lieu Of Completion Of Improvements.
In lieu of completion and dedication of all public improvements, the subdivider may cause a construction escrow account to be established by placing monies on deposit with the City in amounts sufficient to secure the satisfaction construction, installation and dedication of the incomplete portion of required improvements."
10,Article X Subdivision Regulations,Section 405.445 Improvement Procedures.,sub-sec-10.9,https://ecode360.com/29243580,https://zoneomics.com/code/5578/chapter_10#10.9,True,3,"The dollar amount of the escrow account will be based on the firm construction estimate provided by the developer and approved by the City Engineer.
Escrow accounts shall not be established for the minimum improvements as outlined in
Section 405.440(A), but may be utilized for perimeter street improvements and off-site improvements.
I. Final Inspection.
1. Construction inspection.
Construction of any public improvement, or grading of land in conjunction with approved plans, shall be limited over weekends and/or holidays.
If said improvement is to be inspected by the City of Oak Grove, such construction must be left uncovered, lined with safety fence and stabilized until inspection of that portion of construction has been conducted.
If improvements have been constructed and covered without inspection thereto, the City of Oak Grove may require that particular section be uncovered, at the sole expense of the contractor, and inspected.
Connection to and/or construction within twenty-five
(25) feet of any existing public improvement is strictly prohibited on weekends and over holidays.
2. All improvements constructed or erected shall be subject to inspection by the City Engineer.
The cost attributable to all inspections required by this
Article shall be set forth in the schedule of fees and charged to and paid by the subdivider.
a. All phases of roadway and sidewalk construction.
b. All phases of construction including, but not limited to, water lines, sanitary sewer lines, storm sewer, underground wiring and other required improvements.
If the City of Oak Grove is responsible for inspecting said improvement, verbal approval to cover must be obtained from either the Public Works Inspector or Public Works Director.
When possible, a request for inspection shall be made at least one
(1) full business day's hours in advance.
3. Upon completion of all improvements within the area covered by the final plat, the subdivider shall notify the City Engineer who shall thereupon conduct a final inspection of all improvements installed.
If such final inspection indicates that there are any defects or deficiencies in any such improvements as installed, or if there are any deviations in such improvements as installed from the final engineering plans and specifications, he/she shall notify the subdivider in writing of such defects, deficiencies or deviations and the subdivider shall, at his/her sole expense correct such defects or deviations.
When such defects, deficiencies or deviations have been corrected, the subdivider shall notify the engineer that the improvements are again ready for inspection.
J. Report To The City Engineer.
If a final inspection indicates that all improvements as installed contain no defects, deficiencies or deviations, the City Engineer shall certify that all improvements have been installed in reasonable conformity with the engineering plans and specifications accompanying the plat.
K. As-Built Drawings.
Upon completion of the work or any phases thereof, the developer shall furnish permanent, reproducible ""as built"" drawings of the work to the City.
L. Survey Monuments.
All required survey monuments disturbed, destroyed, obliterated or lost during construction shall be replaced upon completion of the work by the developer or his/her contractors at the cost of the developer.
M. Maintenance Bond And Maintenance Of Improvements.
1. When all or parts of required improvements in a subdivision are installed and the required inspections have been made, the developer shall furnish to the City a maintenance bond equal to fifty percent (50%) of the construction cost of said improvements.
Said maintenance bond shall be conditioned that improvements shall endure without need of repairs for a period of two
(2) years, said maintenance bond shall be on the form as provided by the City of Oak Grove.
2. Within the time period prescribed by the bond, the contractor, as ordered by the City Engineer, shall repair, replace or rebuild such portions of the work which are found to be faulty because of material or workmanship.
The contractor shall begin the remedial work not later than five
(5) days after the order from the engineer.
In case the contractor does not start the remedial work within the above time limit or in case of an emergency condition caused by faulty workmanship, the City may take the remedial action and charge the cost thereof against the contractor and his/her surety.
3. Prior to the expiration of the maintenance bond, an inspection of the bonded improvements shall be made by the City and if improvements are without need of repairs, the City shall release the maintenance bond and assume the responsibility of maintenance of the improvements.
N. Acceptance Of Improvements.
Upon receipt of a certification from the City Engineer stating that all improvements have been installed in reasonable conformity with the approved engineering drawings and in reasonable conformity with the requirements of thisArticle and all other applicable Statutes, ordinances and regulations, that all ""as built"" drawings have been furnished as required and that all survey monuments are in place, the Zoning Officer will thereupon formally accept such improvements.
The improvements shall become the property of the City.
This acceptance does not relieve the developer of any obligation to maintain these facilities as may be required by the maintenance bond."
10,Article X Subdivision Regulations,Section 405.450 Adoption of Administrative Guidelines.,sub-sec-10.10,https://ecode360.com/29243615,https://zoneomics.com/code/5578/chapter_10#10.10,False,0,"
A. The Zoning Officer is authorized, as deemed necessary, to prepare administrative guidelines to augment, implement and provide further details and examples of methods and manners of complying with the minimum design standards of this
Article and to assist City staff, the Planning and Zoning Commission and the Board of Aldermen in evaluating whether a proposed subdivision complies with the minimum design standards.
B. No later than fourteen
(14) days in advance of the effective date as set by the Zoning Officer of an administrative guideline, the Zoning Officer shall provide a copy of the administrative guideline to each member of the Board of Aldermen.
Upon receipt of the administrative guideline, a majority of the Board of Aldermen may request a review of the administrative guideline and may approve all or a portion of such guidelines by resolution.
Any portion reviewed by the Board of Aldermen and not so approved shall not take effect.
If the Board of Aldermen does not request review, the administrative guideline shall take effect on the date set by the Zoning Officer.
All administrative guidelines that take effect in this manner and have not been previously adopted by the Board of Aldermen shall be adopted by the Board of Aldermen, by resolution, annually."
10,Article X Subdivision Regulations,"Section 405.455 Appeals, Waivers and Variances.",sub-sec-10.11,https://ecode360.com/29243618,https://zoneomics.com/code/5578/chapter_10#10.11,False,0,"
A. Appeals — Generally.
The subdivider of a proposed subdivision may appeal decisions made in the enforcement of these subdivision regulations by the Zoning Officer to the Planning and Zoning Commission and by the Planning and Zoning Commission to the Board of Aldermen.
Any such appeal shall provide a hearing de novo.
In the event the Board of Aldermen sustains the Planning and Zoning Commission, the action of the Planning and Zoning Commission shall be final, except as otherwise provided by law.
If the Board of Aldermen overrules the Planning and Zoning Commission, the Board of Aldermen shall make its decision, in writing, stating the reason therefore and, except as provided in
Section 405.455 (B), return such decision and plat to the Planning and Zoning Commission for reconsideration and approval as required by law.
B. Appeals On Improvement Standards.
Any appeal as to the approval of standards or plans and engineering drawings in connection with required improvements shall be directed to the Board of Aldermen, and that action shall be final.
C. Waiver Of Required Improvements.
Any waiver of the required improvements may be made only by the Board of Aldermen on a showing that such improvement is technically not feasible.
D. Variances.
In cases in which there is unwarranted hardship in carrying out the literal provisions of these subdivision regulations as to design criteria, e.g., lot width, lot depth, block length, etc., the Planning and Zoning Commission may recommend a variance from such provision.
1. An application for a variance shall be made to the Zoning Officer who shall transmit the application to the Planning and Zoning Commission.
The Planning and Zoning Commission shall give the applicant and any other interested person an opportunity to be heard with respect to the proposed application for a variance.
2. The Planning and Zoning Commission shall not recommend a variance unless it shall find that the strict application of these subdivision regulations will create an unwarranted hardship and unless the proposed variance is in harmony with the intended purpose of these subdivision regulations and that the public safety and welfare will be protected.
3. Variances permitted under the provisions of this
Article shall not include variances from the requirements of making improvements required in this Article, unless approved as provided for in
Section 405.455 (C), the standards or specifications thereof, nor from the provisions of the Unified Development Code of the City, except as to variances for minimum lot width and/or area requirements.
Consideration of an application for a variance pursuant to this
Article does not relieve the applicant from the necessity of proceeding under the applicable provisions of any other regulations (including Unified Development Code regulations) of the City relating to variances.
E. Variances — Planned Unit Development.
When a plat or subdivision is prepared in connection with a planned unit development authorized by any legally adopted zoning regulation regulating the same area, the Planning and Zoning Commission may vary the design standards contained in this
Article to such extent as may be necessary to permit the preparation of a planned development plan in accordance with the standards, conditions and restrictions of such Unified Development Code regulations."
11,Article XI Violations and Enforcement,Section 405.460 Responsibility for Enforcement.,sub-sec-11.1,https://ecode360.com/29243628,https://zoneomics.com/code/5578/chapter_11#11.1,False,0,The Zoning Officer shall enforce this Development Code.
11,Article XI Violations and Enforcement,Section 405.465 Types of Violations.,sub-sec-11.2,https://ecode360.com/29243629,https://zoneomics.com/code/5578/chapter_11#11.2,False,0,"Any of the following shall be a violation of this Development Code and of law and shall be subject to the remedies and penalties provided in this Development Code, the City Code or the general Police powers granted by Missouri law:
A. Subdivision, Development Or Use Without Permit.
To engage in any subdividing, development, use, construction, remodeling or other activity of any nature upon the land and improvements thereon subject to the jurisdiction of this Development Code without all of the required permits, approvals, certificates and other forms of authorization required by this Development Code in order to conduct or engage in such activity.
B. Subdivision, Development, Use Or Sign Inconsistent With Permit.
To engage in any development, use, construction, remodeling or other activity of any nature in any way inconsistent with the terms and conditions of any permit, approval, certificate or other form of authorization required in order to engage in such activity.
C. Subdivision, Development, Use Or Sign Inconsistent With Conditions.
To violate, by act of omission, any term, conditions or qualification placed by the Planning Commission, Board of Aldermen or Board of Zoning and Adjustment, as applicable, upon a required permit, certificate or other form of authorization granted by the Planning Commission, Board of Aldermen or Board of Zoning and Adjustment to allow the use, development, sign or other activity upon land or improvements thereon.
D. Subdivision, Development Or Use Inconsistent With Development Code.
By erecting, constructing, reconstructing, remodeling, altering, maintaining, moving or using any building, structure or sign or by using any land in violation or contravention of any zoning, subdivision, sign or general regulation of this Development Code or any amendment thereof.
E. Making Lots Or Setbacks Non-Conforming.
By reducing or diminishing any lot area so that the setbacks or open spaces shall be smaller than prescribed by this Development Code and the final plat or site plan.
F. Increasing Intensity Of Use.
By increasing the intensity of use of any land or structure, except in accordance with the procedural and substantive requirements of this Development Code.
G. Continuing Violations.
By continuing any of the violations of this Section, each day that a violation continues shall be considered a separate offense.
H. Removing, Defacing Or Obscuring Notice.
By removing, defacing, obscuring or otherwise interfering with any notice required by this Development Code.
I. Failure To Remove Signs.
By failing to remove any sign installed, created, erected or maintained in violation of this
Chapter for which the sign permit has lapsed.
Refer to
Article VII."
11,Article XI Violations and Enforcement,Section 405.470 Remedies and Enforcement Powers.,sub-sec-11.3,https://ecode360.com/29243639,https://zoneomics.com/code/5578/chapter_11#11.3,False,0,"The City shall have the following remedies and enforcement powers.
A. Withhold Permits.
1. The City may deny or withhold all permits, certificates or other forms of authorization on any land or structure or improvements thereon upon that there is an uncorrected violation of a provision of this Development Code or of a condition or qualification of a permit, certificate, approval or other authorization previously granted by the City.
Instead of withholding or denying an authorization, the City may grant such authorization subject to the condition that the violation be corrected.
This enforcement provision shall apply regardless of whether the current owner or applicant is responsible for the violation in question.
2. The City may deny or withhold all permits, certificates or other forms of authorization of any land or structure or improvements owned or being developed by a person who owns, developed or otherwise caused an uncorrected violation of a provision of this Development Code or of a condition or qualification of a permit, certificate, approval or other authorization previously granted by the City.
This provision shall apply regardless of whether the property that the permit or other approval is sought is the property in violation.
B. Revoke Permits.
Any permit may be revoked when the Zoning Officer determines:
(1) that there is departure from the plans, specifications or conditions as required under terms of the permit;(2) that the same was procured by false representation or was issued by mistake; or,
(3) that any of the provisions of this Development Code are being violated.
Such revocation may also include certificates to occupy or conduct business.
Written notice of such revocation shall be served upon the owner, the owner's agent or contractor or upon any person employed on the building or structure that such permit was issued or shall be posted in a prominent location; and, thereafter, no such construction shall proceed.
Such revocation may include certificate to occupy or conduct business.
C. Stop Work.
With or without revoking permits, the City may stop work on any building or structure on any land that there is an uncorrected violation of a provision of this Development Code or of a permit of other form of authorization issued hereunder in accordance with its power to stop work under its Building Codes.
D. Revoke Plan Or Other Approval.
Where a violation of this Development Code involves a failure to comply with approved plans or conditions that the approval of such plans was made subject, the Board of Aldermen may, upon notice to the applicant and other known parties in interest (including any holder of building permits affected) and after a public hearing, revoke the plan or other approval or condition its continuance on strict compliance, the provision of security of such other conditions as the Board of Aldermen may reasonably impose.
E. Injunctive Relief.
The City may seek an injunction or other equitable relief in court to stop any violation of this Development Code or of a permit, certificate or other form of authorization granted hereunder.
F. Abatement.
The City may seek a court order in the nature of mandamus, abatement, injunction or other action or proceeding to abate or remove a violation or to otherwise restore the premises in question to the condition that they existed prior to the violation.
G. Penalties.
The penalty for a violation of this Development Code shall be pursuant to
Section 100.220(E)(2) of the Municipal Code of the City of Oak Grove, Missouri.
H. Other Remedies.
The City shall have such other remedies as are and as may be from time to time provided by Missouri law and the City Code for the violation of zoning, subdivision, sign or related development Code provisions.
I. Administrative Warrants.
If the City seeks entrance onto a property to search for and/or abate violations of this Development Code, and the owner, occupant, or other person with lawful possession of the premises in question refuses such entrance, the City may request an administrative warrant pursuant to
Section 130.135 of this Code, if such administrative warrant is required by law."
11,Article XI Violations and Enforcement,Section 405.475 Remedies Cumulative.,sub-sec-11.4,https://ecode360.com/29243651,https://zoneomics.com/code/5578/chapter_11#11.4,False,0,"The remedies and enforcement powers established in this
Article shall be cumulative."
11,Article XI Violations and Enforcement,Section 405.480 Enforcement Procedures.,sub-sec-11.5,https://ecode360.com/29243652,https://zoneomics.com/code/5578/chapter_11#11.5,False,0,"A. Non-Emergency Matters.
In the case of violations of this Development Code that do not constitute an emergency or require immediate attention, the Zoning Officer shall give notice of the nature of the violation to the property owners or to any other person who is party to the agreement or to any applicant for any relevant permit in the manner hereinafter stated, after the persons receiving notice shall have ten
(10) days to correct the violation before further enforcement action shall be taken.
Notice shall be given in person, by United States mail or by posting notice on the premises.
Notices of violation shall state the nature of the violation and the time period for compliance and may state the corrective steps necessary and the nature of subsequent penalties and enforcement actions should the situation not be corrected.
B. Emergency Matters.
In the case of violations of this Development Code that constitute an emergency situation as a result of safety or public concerns or violations that will create increased problems or costs if not remedied immediately, the City may use the enforcement powers available under this
Article without prior notice, but the Zoning Officer shall attempt to give notice simultaneously with beginning enforcement action to the property owner, to any other person who is party to the agreement and to applicants for any relevant permit."
11,Article XI Violations and Enforcement,Section 405.485 Other Enforcement Matters.,sub-sec-11.6,https://ecode360.com/29243655,https://zoneomics.com/code/5578/chapter_11#11.6,False,0,"
A. Other Powers.
In addition to the enforcement powers specified in this Article, the City may exercise any and all enforcement powers granted to them by Missouri law as it may be amended from time to time.
B. Continuation.
Nothing in this Development Code shall prohibit the continuation of previous enforcement actions undertaken by the City pursuant to previous and valid ordinances and laws."
11,Article XI Violations and Enforcement,Section 405.490 Violations of Prior Regulations.,sub-sec-11.7,https://ecode360.com/29243658,https://zoneomics.com/code/5578/chapter_11#11.7,False,0,"All violations under the previously existing regulations that exist within the City as of the effective date of this Unified Development Code shall continue to be violations and shall not be considered to be legal, non-conforming situations under this Unified Development Code.
The City shall have the authority to secure remedies for violations of those regulations to the same extent that it may secure similar remedies for violations of this Unified Development Code pursuant to this Section."
12,Article XII Rules of Interpretation and Definitions,Section 405.495 Rules of Interpretation.,sub-sec-12.1,https://ecode360.com/29243660,https://zoneomics.com/code/5578/chapter_12#12.1,False,0,"When referring to this Chapter, the following rules of interpretation shall be applied, except when the context clearly requires otherwise.
A. The particular shall control the general.
B. In the case of any difference of meaning or implication between the text of this
Chapter and any chart, graph, illustration or table, the text shall control.
C. The word ""shall"" is always mandatory and not discretionary.
The word ""may"" is permissive.
D. Words used in the present tense shall include the future and words used in the singular include the plural and the plural is singular, unless the context clearly indicates the contrary.
E. The use of the male pronoun includes the use of the female pronoun.
F. The word ""person"" includes individuals, firms, corporation, associations and any other similar entities.
G. The words ""parcel"", ""site"" or ""tract"" are synonymous and are general terms for the description of land.
H. The word ""City"" means the area of jurisdiction of the City of Oak Grove, Missouri.
I. All public officials, bodies and agencies that references are made are those of the City of Oak Grove, Missouri."
12,Article XII Rules of Interpretation and Definitions,Section 405.500 Definitions.,sub-sec-12.2,https://ecode360.com/29243670,https://zoneomics.com/code/5578/chapter_12#12.2,True,1,"Words in the text or tables of this
Chapter shall be interpreted in accordance with provisions set forth in this Section.
Where words have not been defined, the standard dictionary definition shall prevail.
[1]ACCESSORY RESIDENTIAL IN ""C-2"" A separate, complete dwelling unit that is substantially contained within a commercial structure in the ""C-2"" District.
ACCESSORY STRUCTURE A structure that:
1. Is subordinate to and serves a principal structure;
2. Is subordinate in area, extent or purpose to the principal structure served;
3. Contributes to the comfort, convenience or necessity of the occupants, business or industry in the principal structure; and
4. Is located on the same lot as the principal structure served.
ACCESSORY USE A use of land or of a building or portion thereof that:
1. Is subordinate to and serves a principal use;
2. Is subordinate in area, extent or purpose to the principal use served;
3. Contributes to the comfort, convenience or necessity of the occupants, business or industry of the principal use; and
4. Is located on the same lots as the principal structure served.
ACRE A measure of land area containing forty-three thousand five hundred sixty (43,560) square feet.
[2] ADULT ENTERTAINMENT ESTABLISHMENT An establishment used or intended to be used for commercial entertainment or having ten percent (10%) or more of its stock for sale or viewing of matters depicting, describing or relating to sexual conduct for the enjoyment of the patrons.
[3] AGRICULTURAL PROCESSING The initial processing of crop-based agricultural products that is reasonably required to take place in close proximity to the site where such products are produced.
Typical uses include grain mills.
AGRICULTURAL SALES AND SERVICE A use primarily engaged in the sale or rental of farm tools and implements, feed and grain, tack, animal care products and farm supplies.
This definition excludes the sale of large implements, such as tractors and combines, but includes food sales and farm machinery repair services that are accessory to the principal use.
AGRICULTURAL USES The use of a tract of land of not less than ten
(10) acres for the growing of crops, pasturage or nursery, including the structures necessary for carrying out farming operations and the dwellings of these owning or operating the premises, member of the family thereof or persons employed thereon and the family thereof.
AGRICULTURE, GENERAL The use of land for the production of livestock, dairy products, poultry or poultry products.
AGRICULTURE, LIMITED The use of land for the production of row crops, field crops, tree crops or timber.
AIRPORT OR AIRSTRIP Any public or privately owned or operated ground facility designed to accommodate landing and takeoff operations of aircraft, including all taxiways, aircraft storage and tie-down areas, hangars and other necessary buildings and open spaces.
ALLEY A public or private street primarily designed to serve as secondary access to the side or rear of those properties whose principal frontage is on some other street.
ALTERATION, STRUCTURAL Any change in a load-bearing member of a structure.
ANIMAL CARE, GENERAL A use providing animal care, boarding or veterinary services with outdoor animal runs.
(See ""ANIMAL CARE, LIMITED"" and ""KENNEL"").
ANIMAL CARE, LIMITED A use providing animal care, boarding or veterinary services for household pets, with no outdoor animal runs.
(See ""ANIMAL CARE, GENERAL"" and ""KENNEL"").
ANIMAL CARE, WILDLIFE REHABILITATION A use providing for rehabilitation of wild animals that are Missouri native small mammals pursuant to a wildlife rehabilitation permit issued by the Missouri Department of Conservation, with no outdoor animal runs.
ANIMATION Any action or motion, other than flashing lights, automatic changeable copy or indexing, in an attempt to develop a pictorial scene through the movements of lights or parts of a sign.
[4] APPLICANT A developer submitting an applications for development.
APPLICATION FOR DEVELOPMENT The application form and all accompanying documents required by ordinance for approval of a subdivision plat or site plan.
APWA The American Public Works Association.
[5] AS-BUILT PLANS Construction plans revised to show a facility or structure as actually constructed and as it appears on the tract of land involved.
ASTM American Society for Testing Materials.
ASPHALT OR CONCRETE PLANT A use engaged in the manufacture, mixing, batching or recycling of asphalt, asphaltic cement, cement or concrete products.
ASSISTED LIVING Multi-family dwelling units used or designed to be used by older persons, persons with disabilities or other persons needing or desiring assistance with day-to-day living matters, but not including group homes, group residential, hospitals or convalescent care facilities.
Typical uses include retirement communities in which housekeeping services, common dining facilities and recreational and social activities are offered to residents.
AUDITORIUM OR STADIUM An open, partially enclosed or fully enclosed facility used or intended to be used primarily for spectator sports, entertainment events, expositions and other public gatherings.
Typical uses include convention and exhibit halls, sports arenas and amphitheaters.
AWNING An architectural projection that provides weather protection, identity or decoration and is wholly supported by the building to which it is attached.
An awning is comprised of a light-weight, rigid skeleton structure over which a covering is attached.
AWWA American Water Works Association.
BANK OR FINANCIAL INSTITUTION Establishments engaged in deposit banking.
Typical uses include commercial banks, savings institutions and credit unions and automated teller machines.
BAR OR TAVERN An establishment where fifty percent (50%) or more of gross income is derived from the sale of alcoholic beverages by the drink for consumption on the property and where the serving of food and non-alcoholic beverage for consumption on the property and the sale of package liquors may be accessory uses.
[6] BASEMENT A story partly or wholly below grade.
For purposes of height measurement, a basement shall be counted as a story when the finished surface of the floor above the basement is:
1. More than six
(6) feet above the average grade.
2. More than six
(6) feet above the finished grade for more than fifty percent (50%) of the total building perimeter.
3. More than twelve
(12) feet above the finished grade at any point.
BASIC INDUSTRY A use engaged in the basic processing and manufacturing of materials or products predominately from extracted or raw materials."
12,Article XII Rules of Interpretation and Definitions,Section 405.500 Definitions.,sub-sec-12.2,https://ecode360.com/29243670,https://zoneomics.com/code/5578/chapter_12#12.2,True,2,"Typical uses include distilleries; pulp processing and paper products manufacturing; glass manufacturing; brick manufacturing; steel works; tanneries; acid manufacturing; cement, lime, gypsum or plaster of Paris manufacturing; fertilizer or chemical manufacturing; and petroleum refineries.
BED AND BREAKFAST A dwelling or portion thereof that contains guest rooms that short-term lodging, with or without meals, is provided for compensation.
BERM A mound of earth, typically located in a bufferyard to shield or block noise, lights or other nuisances.
BLOCK An area of land within a subdivision that is entirely bounded by streets, highways or rights-of-way, except alleys or between streets, highways, streams, parks, etc., or any other barriers or combination thereof, to the continuity of development.
BOARD The Board of Aldermen of the City of Oak Grove.
BOARDING HOUSE An establishment or part thereof that lodging and meals are provided by the owner or operator for at least three
(3) but not more than eleven
(11) persons for compensation whether the compensation is paid directly or indirectly.
BUFFERYARD Land area typically containing trees, shrubs or other plants, berms, fences or walls and used to visibly separate one use from another or to block noise, lights or other nuisances.
BUILDABLE AREA The area of a lot remaining after the minimum yard and open space requirements of the Zoning Ordinance have been met.
BUILDING Any structure having a roof supported by columns or walls and intended for the shelter, housing or enclosure of any individual, animal, process, equipment, goods or materials of any kind or nature.
BUILDING CODES The Building Code of the City of Oak Grove, Missouri, together with the Electrical Code, Plumbing Code, Fire Code and any related code(s) adopted by the Oak Grove Board of Aldermen and any regulations adopted in conformance therewith.
BUILDING COVERAGE The horizontal area measured within the exterior walls of the ground floor of all principal and accessory buildings on a lot divided by the gross area of the lot.
BUILDING FACADE That portion of a building that is parallel or nearly parallel to the abutting roadway or parking lot.
BUILDING MATERIALS The physical characteristics that create the aesthetic and structural appearance of the resource including, but not limited to, a consideration of the texture and style of the components and their combinations, such as bricks, stone, shingle, wood, concrete or stucco.
BUILDING OR SETBACK LINE A line parallel to a street or right-of-way line, shore or a lake, edge of a stream, other property line established on a parcel of land or lot for the purpose of prohibiting construction of a building or structure in the area between such building line and right-of-way, lakeshore, streambank or other property line.
BUILDING, PRINCIPAL A building that the primary use of the lot, that the building is located on, is conducted.
BULK REQUIREMENTS Standards that control the height, intensity and location of structures.
BULK STORAGE The storage of chemicals, petroleum products and other materials in above-ground containers for subsequent resale (wholesale) to distributors or retail dealers or outlets.
BUSINESS AREA Any zoning district designated for office, government and institutional, commercial and industrial use.
CABINET/CARPENTRY SHOP A use primarily engaged in the manufacturing or assembly of custom wood products for residential or business uses.
This use does not include the large-scale, mass manufacture of wood products such as furniture.
CANDLEPOWER The amount of light that will illuminate a surface one
(1) foot distant from a light source to an intensity of one
(1) foot-candle.
Maximum (peak) candlepower is the largest amount of candlepower emitted by any lamp, light source or luminaire.
CANOPY An architectural projection that provides weather protection, identity or decoration and is wholly supported by the building to which it is attached and at the outer end by not less than one
(1) stanchion.
A canopy is comprised of a rigid structure over which a covering is attached.
CAR WASH A use primarily engaged in cleaning or detailing motor vehicles, whether self-service, automatic or by hand.
CARNIVAL OR CIRCUS An amusement enterprise consisting of rides, acts, shows, games, amusement devices or other similar devices or any combination of such devices.
CEMETERY Property used for interring of the dead, including mausoleums.
CENTRAL BUSINESS DISTRICT The commercial area of Oak Grove centered on South Broadway from 7th Street to 25th Street.
CHANNEL The bed and banks of a natural stream which convey the constant or intermittent flow of the stream.
CHANNELIZATION The straightening and deepening of channels and/or the surfacing thereof to permit water to move rapidly and/or directly.
[7] CITY The City of Oak Grove, Missouri.
CITY ENGINEER The officially appointed engineer of the City of Oak Grove, Missouri, or his/her duly appointed designee.
The term may be abbreviated in this
Chapter as the ""Board"".
CITY PLANNING AND ZONING COMMISSION The official appointed Planning and Zoning Commission of the City of Oak Grove.
The term may be abbreviated in this
Chapter as the ""Commission"".
CLUB, PRIVATE A use providing meeting, recreational or social facilities for a private association, primarily for use by members and guests.
Typical uses include private social clubs, lodges and fraternal organizations.
COLLEGE OR UNIVERSITY An institution of higher education offering undergraduate or graduate degrees.
COMMERCIAL VEHICLE Any vehicle designed, maintained or used primarily for the transportation of property or persons for hire.
COMMISSION The Oak Grove Planning and Zoning Commission.
COMMUNICATION TOWER AM/FM radio, television and microwave transmission towers and accessory equipment and buildings.
[8] COMPENSATION The receiving of goods, services or money in exchange for or as a result of a service performed.
COMPOST FACILITY A commercial or public solid waste processing facility where yard or garden waste is transformed into soil or fertilizer by biological decomposition.
COMPREHENSIVE MARIJUANA FACILITY A ""Comprehensive Facility"" as defined by
Article XIV,
Section 2, of the Missouri Constitution, a Comprehensive Marijuana Cultivation Facility, a Comprehensive Marijuana Dispensary Facility, or a Comprehensive Marijuana-Infused Products Manufacturing Facility."
12,Article XII Rules of Interpretation and Definitions,Section 405.500 Definitions.,sub-sec-12.2,https://ecode360.com/29243670,https://zoneomics.com/code/5578/chapter_12#12.2,True,3,"COMPREHENSIVE MARIJUANA CULTIVATION FACILITY A facility licensed by the Missouri Department of Health and Senior Services to acquire, cultivate, process, package, store on-site or off-site, transport to or from, and sell Marijuana, Marijuana seeds, Marijuana vegetative cuttings (clones) to a Medical Marijuana Facility, Comprehensive Marijuana Facility, or Marijuana Testing Facility.
A Comprehensive Marijuana Cultivation Facility need not segregate or account for its Marijuana products as either non-medical Marijuana or medical Marijuana.
A Comprehensive Marijuana Cultivation Facility's authority to process Marijuana shall include the creation of Prerolls, but shall not include the manufacture of Marijuana-Infused Products.
COMPREHENSIVE MARIJUANA DISPENSARY FACILITY A facility licensed by the Missouri Department of Health and Senior Services to acquire, process, package, store on-site or off-site, sell, transport to or from, and deliver Marijuana, Marijuana seeds, Marijuana vegetative cuttings (clones), Marijuana-Infused Products, and drug paraphernalia used to administer Marijuana as allowed by applicable law to a qualifying patient or primary caregiver, as defined by law, or to a consumer, anywhere on the licensed property or to any address as directed by the patient, primary caregiver, or consumer and consistent with the limitations of applicable laws and as otherwise allowed by law, to a Comprehensive Marijuana Facility, a Marijuana Testing Facility, or a Medical Marijuana Facility.
Comprehensive Marijuana Dispensary Facilities may receive transaction orders at the dispensary directly from the consumer in person, by phone, or via the internet, including from a third party.
A Comprehensive Marijuana Dispensary Facility need not segregate or account for its Marijuana products as either non-medical Marijuana or medical Marijuana, but shall collect all appropriate tangible personal property sales tax for each sale, as set forth in
Article XIV of the Missouri Constitution and provided for by general or local law.
A Comprehensive Marijuana Dispensary Facility's authority to process Marijuana shall include the creation of Prerolls.
COMPREHENSIVE MARIJUANA-INFUSED PRODUCTS MANUFACTURING FACILITY A facility licensed by the Missouri Department of Health and Senior Services to acquire, process, package, store, manufacture, transport to or from a Medical Marijuana Facility, Comprehensive Marijuana Facility, or Marijuana Testing Facility, and sell Marijuana-Infused Products, Prerolls, and Infused Prerolls to a Comprehensive Marijuana Dispensary Facility, a Marijuana Testing Facility, or another Comprehensive Marijuana-Infused Products Manufacturing Facility.
A Comprehensive Marijuana-Infused Products Manufacturing Facility need not segregate or account for its Marijuana products as either non-medical Marijuana or medical Marijuana.
COMPREHENSIVE PLAN The Master Plan and its associated elements of the City of Oak Grove adopted by the Planning and Zoning Commission and Board of Aldermen containing analysis, recommendations and policies for the community's population, economy, housing, transportation, community facilities and land use.
CONDITIONAL USE A use permitted in a particular zoning district only upon showing that such use in a specific location will comply with all the conditions and standards for the location or operation of such use as specified in the
Chapter and authorized by the Board of Aldermen.
CONDOMINIUM A building, group of buildings or property that units are owned individually with the common elements owned by all the owners on a proportionate, undivided basis.
CONSTRUCTION SALES AND SERVICE A use engaged in the retail or wholesale of materials used in the construction of buildings or other structures and the outdoor storage of construction equipment or materials on lots other than construction sites.
Typical uses include lumberyards, home improvement centers, lawn and garden supply stores, electrical, plumbing, air conditioning and heating supply stores, swimming pool sales, construction contractors' storage yards and construction equipment rental establishments.
CONVALESCENT CARE A use providing bed care and in-patient services for persons needing regular medical attention, but excluding facilities for the care and treatment of mental illness, alcoholism, narcotics addiction, emergency medical services or communicable disease.
Typical uses include nursing homes.
COPY The letters, figures, characters, representations, pictures or wording on a sign, including any identification, description, symbol, trademark, object, design or logo illustration, illuminated or non-illuminated, that directs attention to a product, service, place, activity, person, institution, business or solicitation, including any permanently installed or situated merchandise; or any emblem or painting designed to advertise, communicate, identify or convey information.
CORRECTIONAL FACILITY A facility providing housing and care for individuals confined for violations of law.
CUL-DE-SAC A street having one
(1) end opened to traffic and being terminated by a vehicle turnaround.
CULTURAL SERVICE A facility providing cultural and educational services to the public.
Typical uses include museums, art museums, observatories, planetariums, botanical gardens, arboretums, zoos and aquariums.
CURB A vertical or sloping edge of a roadway.
CUTOFF The point that all light rays emitted by a lamp, light source or luminaire are completely eliminated (cutoff) at a specified angle above the ground.
CUTOFF ANGLE The angle formed by a line drawn from the direction of light rays at the light source and a line perpendicular to the ground from the light source, above where no light is emitted.
CUTOFF-TYPE LUMINAIRE A luminaire with elements such as shields, reflectors or refractor panels that direct and cut off the light at a cutoff angle that is less than ninety degrees (90°).
DAY CARE A use that provides care, protection and supervision for individuals on a regular basis away from their primary residence for less than twenty-four
(24) hours per day.
DAY CARE, COMMERCIAL A day care conducted in a structure other than a private residence.
DAY CARE, GENERAL A day care establishment conducted in a private residence that provides care for seven
(7) to ten
(10) individuals at any one time, excluding those persons related to and residing in the home of the day care provider.
DAY CARE, LIMITED A day care establishment conducted in a private residence that provides care for four
(4) to six
(6) individuals at any one time, excluding those persons related to and residing in the home of the day care provider.
DEDICATION An act transmitting property or interest thereto."
12,Article XII Rules of Interpretation and Definitions,Section 405.500 Definitions.,sub-sec-12.2,https://ecode360.com/29243670,https://zoneomics.com/code/5578/chapter_12#12.2,True,4,"DEMOLITION Any act or process that destroys in part or in whole any building or structure.
DENSITY The permitted number of dwelling units per gross acre of land to be developed.
DESIGN FLOOD The relative size or magnitude of a major flood or reasonable expectancy which reflects both flood experience and flood potential and is the basis of the delineation of the floodway, the flood hazard area and the water surface elevations.
DESIGN STANDARDS Standards that set forth specific improvement requirements.
DETAIL Architectural aspects that, due to particular treatment, draw attention to certain parts or features of a structure.
[9] DIRECTOR The Director of the Community Development Department of the City of Oak Grove, Missouri, or his/her designated representative.
DISTRICT A part, zone or geographic area within the area of Oak Grove where certain zoning regulations apply and are uniform.
DIVIDED STREET A street having an island or other barrier separating moving lanes.
DRAINAGE The removal of surface water or ground water from land by drains, grading or other means.
DRAINAGE FACILITY Any component of the drainage system.
DRAINAGE SYSTEM The system through which water flows from the land, including all watercourses, waterbodies and wetlands.
DRIVEWAY A paved or unpaved area used for ingress or egress of vehicles and allowing access from a street to a building or other structure or facility.
DUPLEX A structure on a single lot containing two
(2) dwelling units, each that is totally separated from the other.
DWELLING A building or portion therefor designed and used exclusively by individuals for no less than thirty
(30) day residential occupancy with complete cooking and sanitary facilities, excluding hotels, motels, boarding, rooming and lodging houses and institutional care facilities.
DWELLING, MULTI-FAMILY A dwelling on a single lot containing three
(3) or more dwelling units where each is totally separated from the others.
DWELLING, PATIO-COURT HOME See ""DWELLING, SINGLE-FAMILY, DETACHED"".
DWELLING, SINGLE-FAMILY, ATTACHED A dwelling unit attached to one
(1) or more dwelling units by common vertical walls and each dwelling unit is located on a separate lot.
This definition may include the term zero lot line, twin house or patio house.
DWELLING, SINGLE-FAMILY, DETACHED A dwelling unit entirely surrounded by open space on the same lot.
DWELLING, TOWN HOUSE A dwelling unit of at least three
(3) such units where each unit has its own front and rear access to the outside, no unit is located over another unit, and each unit is separated from any other unit by one
(1) or more common walls.
DWELLING, TWIN HOUSE See ""DWELLING, SINGLE-FAMILY, DETACHED"".
DWELLING, TWO-FAMILY See ""DUPLEX"".
DWELLING UNIT One
(1) or more rooms located within a dwelling that creates an independent housekeeping establishment for occupancy by one
(1) family with separate toilets and facilities for cooking and sleeping.
EASEMENT A right-of-way granted, but not dedicated, for limited use of private land for a public or quasi-public purpose and within which the owner of the property shall not erect any permanent structures.
ECONOMIC HARDSHIP When the landowner cannot economically utilize the property and it is impractical to sell or lease it or no market exists for it at a reasonable price.
[10] ENGINEER A professional engineer registered in the State of Missouri.
ENGINEERING DRAWINGS The construction or public works plans showing types of materials and construction details for physical structures and facilities, including dwelling units to be installed in conjunction with development of subdivision.
ERECT This term shall mean attach, alter, build, construct, reconstruct, enlarge or move.
ESCROW Money delivered to a third person to be delivered by him/her to the grantee only upon fulfillment of a condition.
[11] FAMILY The following living arrangements shall constitute a family for the purposes of this Chapter:
1. One
(1) or more persons related by blood, marriage, adoption or custodial relationship living as a single housekeeping unit;
2. Three
(3) or less persons living as a single housekeeping unit; or
3. Two
(2) unrelated persons, plus their biological, adopted or foster children or other minors for whom they have legally established custodial responsibility, living as a single housekeeping unit.
|  |
| --- |
| Domestic servants, employed on the premises, may be housed on the premises without being counted as part of the family. The term *""family""* shall not be construed to mean a fraternity, sorority, club or institutional group. | FENCE An enclosure or barrier such as wooden posts, wire, iron, etc., used as a boundary, means of protection, privacy screening or confinement, but not including hedges, shrubs, trees or other natural growth.
FINAL APPROVAL The official action taken on a preliminary approved major subdivision or site plan after all conditions, engineering drawings and other requirements have been completed or fulfilled.
FINAL PLAT The final maps of all or portion of a subdivision which is presented for final approval.
FLASHING LIGHT A continuously intermittent light or sequential light, but not including animation or lighting changes that change the copy of a sign.
FLEXTECH A use combining office and warehousing; office and light assembly; or office, warehousing and light assembly activities within the same building.
Flextech buildings typically have office storefronts on one
(1) side of the structure and loading docks or roll-up doors on the other side.
Loading and service areas are screened from view of public right-of-way, public recreation facilities and lower intensity zoning districts.
Flextech uses may involve retail sales of merchandise as an accessory use.
[12] FLOOR AREA For non-residential buildings or buildings containing residential and non-residential uses, ""floor area"" means the sum of the gross horizontal area of all floors of the building measured from the exterior faces of the exterior walls.
For residential buildings, ""floor area"" shall mean the gross horizontal area of all floors in a dwelling measured from the external faces of the exterior walls.
Garages, basements and open porches shall be excluded when measuring residential floor area.
FLOOR AREA RATIO (FAR) The gross floor area of all buildings on a lot divided by the lot area.
For the purpose of this Chapter, parking decks are not included in calculating the floor area ratio.
FOOD/BAKERY PRODUCT MANUFACTURING A use engaged in the manufacture of food and food products, including non-retail bakeries, canning facilities and creameries.
FOOT-CANDLE A unit of illumination produced on a surface, all points of which are one
(1) foot from a uniform point source of one
(1) candle."
12,Article XII Rules of Interpretation and Definitions,Section 405.500 Definitions.,sub-sec-12.2,https://ecode360.com/29243670,https://zoneomics.com/code/5578/chapter_12#12.2,True,5,"FREIGHT TERMINAL A building or area in which freight brought by truck, rail or air is processed for continued shipment by truck, rail or air.
FRONTAGE That part of a lot or premise immediately adjacent to a street or streets without regard to access to or elevation of the street or streets.
[13] FUNERAL HOME A building used for the preparation of the deceased for burial and the display of the deceased and ceremonies connected therewith before burial or cremation, but shall not include facilities for cremation.
GAS AND FUEL SALES/STORAGE The use of a site for bulk storage and distribution and sales of flammable liquid, gas or solid fuel, excluding below-ground storage that is clearly ancillary to an allowed principal use on the site.
GLARE The effect produced by brightness sufficient to cause annoyance, discomfort or loss in visual performance and visibility.
GOLF COURSE A facility providing private or public golf recreation services and support facilities.
This definition shall exclude miniature golf courses and golf driving ranges except those that are clearly accessory uses.
(See ""RECREATION AND ENTERTAINMENT, OUTDOOR"").
GOVERNMENT SERVICE Buildings or facilities owned or operated by a government entity and providing services for the public, excluding utilities and park and recreation services.
Typical uses include administrative offices of government agencies and utility billing offices.
GRADE The slope of a street or other public way specified in percentage terms.
GREENHOUSE A building whose roof and sides are made largely of glass or other transparent or translucent material and in which the temperature and humidity can be regulated for the cultivation of delicate or out-of-season plants for subsequent sale or for personal enjoyment.
GROUP HOME, GENERAL A facility providing twenty-four
(24) hour care in a protected living environment for more than eight
(8) persons with physical or mental disabilities and any number of caregivers.
GROUP HOME, LIMITED A facility providing twenty-four
(24) hour care in a protected living environment for no more than eight
(8) persons with physical or mental disabilities and up to two
(2) house parents or caregivers.
GROUP RESIDENTIAL The use of a site for occupancy by groups of more than five
(5) persons, not defined as a family, on a weekly or longer basis.
Typical uses include fraternity or sorority houses, dormitories, residence halls and boarding or lodging houses.
The term ""group residential"" does not include ""group homes"".
GUTTER A shallow channel usually set along a curb or the pavement edge of a road for purposes of catching and carrying runoff water.
HAZARDOUS OPERATION Activities that present the potential for serious hazards to human life and health.
Typical uses include arsenals, atomic reactors, explosives and fireworks manufacture, hazardous waste disposal, medical waste disposal and radioactive waste handling.
HAZARDOUS SUBSTANCE Any substances or materials that, by reason of their toxic, caustic, corrosive, abrasive or otherwise injurious properties, may be detrimental or harmful to the health of any person handling or otherwise coming into contact with such material or substance.
HEALTH CLUB A facility where members or non-members use equipment or space for the purpose of physical exercise.
HEIGHT The vertical distance of a structure measured from the average established grade at the street lot line or from the average natural ground level, if higher; or if no street grade has been established, to the highest point of the roof's surface if a flat surface; to the deck line of mansard roofs; and to the mean height level between the eaves and ridge for hip or gable roofs.
In measuring the height of a building, the following structures shall be excluded: chimneys, cooling towers, telecommunication towers, ornamental cupolas, domes or spires, elevator bulk heads, penthouses, tanks, water towers, and parapet walls not exceeding four
(4) feet in height.
HELIPORT OR HELIPAD An area, either on the ground or on a building, used as a landing pad for helicopters to pick up or discharge passengers or cargo.
HOME OCCUPATION An activity carried out for compensation in a residential dwelling unit.
HOSPITAL An institution providing primary health services and medical or surgical care to persons, primarily inpatients, suffering from illness, disease, injury, deformity and other abnormal physical or mental conditions and including, as an integral part of the institution, related facilities such as laboratories, outpatient facilities or training facilities.
HOTEL OR MOTEL A facility used, maintained or advertised as a place where sleeping accommodations, in rooms without individual kitchens, are supplied for short-term rent to transient guests.
Typical uses include hotels and motels.
IDEOLOGICAL AND NON-COMMERCIAL SIGN A sign which does not name or advertise a product, service or business but only expresses a viewpoint, non-commercial message, opinion or idea.
This includes commemorative plaques, historic markers, holiday decorations, political signs, political or fraternal flags or emblems or protective signs which are commonly associated with safeguarding the permitted uses of a premise, including, but not limited to, vicious dog, no trespassing, neighborhood watch and authorized parking only.
IES Illuminating Engineering Society.
IMPERVIOUS SURFACE Any part of a lot that is covered by buildings, structures, parking areas, driveways and any other surfaces which reduce or prevent absorption of stormwater.
IMPOUNDMENT A body of water, such as a pond, confined by a dam, dike, floodgate or other barrier.
IMPROVEMENT Street work, utilities, sidewalks, drainage structures and other physical modifications which are to be installed or constructed by the subdivider for the benefit of the lot owners and for the proper development of the community as a condition precedent to the approval and acceptance of the final plat.
INFUSED PREROLL A consumable or smokable Marijuana product, generally consisting of:
(1) a wrap or paper;
(2) dried flower, buds, and/or plant material; and
(3) a concentrate, oil or other type of Marijuana extract, either within or on the surface of the product.
Infused Prerolls may or may not include a filter or crutch at the base of the product.
KENNEL An establishment licensed to operate a facility housing dogs, cats or other household pets and where grooming, breeding, boarding, training or selling of animals is conducted as a business.
LANDFILL A disposal facility employing an engineered method of disposing of solid waste, including demolition and construction debris.
LANDSCAPING MATERIALS Landscape materials include lawns, trees, plants and other natural and decorative features."
12,Article XII Rules of Interpretation and Definitions,Section 405.500 Definitions.,sub-sec-12.2,https://ecode360.com/29243670,https://zoneomics.com/code/5578/chapter_12#12.2,True,6,"In addition, it can include non-living materials such as mulch, brick, concrete, stone, cobbles, wood blocks, gravel and sand.
LATERAL SEWERS Pipes conducting sewage from individual buildings to larger pipes called trunk or interceptor sewers that usually are located in street rights-of-way.
LAUNDRY SERVICE A use that is primarily engaged in the large-scale washing or cleaning of laundry, rugs and similar materials.
This definition does not include laundromat or dry cleaning pickup stations.
LOADING SPACE An off-street space or berth on the same lot with a building or contiguous to a group of buildings for the temporary parking of a commercial vehicle while loading or unloading merchandise or materials.
LOT A parcel of property that complies with the minimum lot area and setback standards of this Unified Development Code which is developed or intended to be developed as a unit under single ownership or control.
A lot may consist of one
(1) or more lots of record, one
(1) or more portions of a lot or lots of record or any combination thereof.
LOT AREA The total horizontal area within the lines of a lot.
LOT, CORNER A lot situated at the intersection of two
(2) or more streets.
LOT DEPTH The horizontal distance between the front and rear lot lines measured along the median between the two
(2) side lot lines.
LOT, END A lot on either end of a row of lots and intended for a town house attached on one
(1) side to another town house and with a yard on the opposite side.
LOT FRONTAGE That portion of a lot extending along a street line.
LOT, FRONT OF The front of a lot shall be considered to be that side of the lot which fronts on a street.
In the case of a corner lot, the narrowest side fronting on the street shall be considered to be the front of the lot.
In case the corner lot has equal frontage on two
(2) or more streets, the lot shall be considered to front on that street which the greatest number of lots front.
LOT, INTERIOR A lot other than a corner lot.
LOT LINE A boundary line of a lot.
LOT LINE, FRONT The lot line separating a lot from the street.
On a corner lot, the shortest lot line abutting a street is the front lot line; on a through lot, both lot lines abutting the streets are the front lot lines; on a flag shaped lot, the front lot line is also that lot line most parallel to the front lot line abutting the street.
LOT LINE, REAR Any lot line not a front or side lot line.
The rear lot line for a triangular shaped lot shall be a line ten
(10) feet long drawn between the lot's side lot lines and parallel to the front lot line.
LOT LINE, SIDE The lot lines that intersect with a lot's front line.
LOT OF RECORD A lot which exists as shown or described on a plat or deed in the records of the appropriate County Recorder of Deeds and recorded prior to March 15, 1982. LOT, THROUGH A lot having frontage on two
(2) parallel streets or which fronts upon two
(2) streets which do not intersect at the boundaries of the lot.
LOT WIDTH The horizontal distance between the side lot lines measured at right angles to the lot depth along a line parallel to the front lot line at the minimum required building setback line.
[14] LUMINAIRE A complete lighting unit consisting of a light source and all necessary mechanical, electrical and decorative parts.
MAIN In any system of continuous piping, the principal artery of the system to which branches may be connected.
MAINTENANCE GUARANTEE Any security that may be required and accepted by a governmental agency to ensure those necessary improvements will function as required for a specific period of time.
MAJOR
SUBDIVISION Any subdivision not classified as a minor subdivision.
MANUFACTURED HOME DEVELOPMENT A site with required improvements and utilities for the long-term placement of manufactured homes for dwelling purposes.
Services and facilities for residents of the development may also be included on the site.
MANUFACTURED HOUSING UNIT A transportable, factory-built structure that is manufactured in accordance with the Federal Manufactured Housing Construction and Safety Standards Act of
1974 (42 U.S.C.
Section 5401)
and that is designed to be used as a single dwelling unit.
MANUFACTURING AND ASSEMBLY An establishment engaged in the manufacture, predominately from previously prepared materials, of finished products or parts, including processing, fabrication, assembly, treatment and packaging of such products and incidental storage, sales and distribution of such products, but excluding basic industry.
[15] MARGINAL ACCESS STREET A service street that runs parallel to a higher-order street which, for purposes of safety, provides access to abutting properties and separation from through traffic.
May be designed as a residential access street or subcollector as anticipated daily traffic dictates.
[16] MARIJUANA or MARIHUANA Cannabis indica, Cannabis sativa, and Cannabis ruderalis, hybrids of such species, and any other strains commonly understood within the scientific community to constitute marijuana, as well as resin extracted from the plant and Marijuana-Infused Products.
""Marijuana"" or ""Marihuana"" do not include industrial hemp as defined by Missouri Statute, or commodities or products manufactured from industrial hemp.
MARIJUANA FACILITY A Comprehensive Marijuana Cultivation Facility, Comprehensive Marijuana Dispensary Facility, Marijuana Testing Facility, Comprehensive Marijuana-Infused Products Manufacturing Facility, Microbusiness Wholesale Facility, Microbusiness Dispensary Facility, or any other type of Marijuana-related facility or business licensed or certified by the Missouri Department of Health and Senior Services, but shall not include a licensed Medical Marijuana Facility.
MARIJUANA-INFUSED PRODUCTS Products that are infused, dipped, coated, sprayed, or mixed with Marijuana or an extract thereof, including, but not limited to, products that are able to be vaporized or smoked, edible products, ingestible products, topical products, suppositories, and Infused Prerolls.
MARIJUANA MICROBUSINESS FACILITY A facility licensed by the Missouri Department of Health and Senior Services as a Microbusiness Dispensary Facility or Microbusiness Wholesale Facility, as defined by law.
MARIJUANA TESTING FACILITY A facility certified by the Missouri Department of Health and Senior Services to acquire, test, certify, and transport Marijuana, including those originally certified as a Medical Marijuana Testing Facility.
MASTER PLAN See ""COMPREHENSIVE PLAN"".
MAXIMUM PERMITTED ILLUMINATION The maximum illumination measured in foot-candles at the interior bufferyard line, or property line if no bufferyard is required, at ground level in accordance with the standards of
Section 405.250."
12,Article XII Rules of Interpretation and Definitions,Section 405.500 Definitions.,sub-sec-12.2,https://ecode360.com/29243670,https://zoneomics.com/code/5578/chapter_12#12.2,True,7,"[17] MEDICAL MARIJUANA Marijuana or Marihuana used for medical purposes as set forth in
Article XIV,
Section 1, of the Missouri Constitution and the rules promulgated by the Missouri Department of Health and Senior Services.
MEDICAL MARIJUANA CULTIVATION FACILITY A facility licensed by the Missouri Department of Health and Senior Services to acquire, cultivate, process, package, store on-site or off-site, transport to or from, and sell Marijuana, Marijuana seeds, and Marijuana vegetative cuttings (also known as clones) to a Medical Marijuana Dispensary Facility, Medical Marijuana Testing Facility, Medical Marijuana Cultivation Facility, or to a Medical Marijuana-Infused Products Manufacturing Facility.
A Medical Marijuana Cultivation Facility's authority to process Marijuana shall include the production and sale of Prerolls, but shall not include the manufacture of Marijuana-Infused Products.
MEDICAL MARIJUANA DISPENSARY FACILITY A facility licensed by the Missouri Department of Health and Senior Services to acquire, cultivate, process, package, store on-site or off-site, sell, transport to or from, and deliver Marijuana, Marijuana seeds, Marijuana vegetative cuttings (also known as clones), Marijuana-Infused Products, and drug paraphernalia used to administer Marijuana as provided for in this Code to a qualifying patient, a primary caregiver, anywhere on the licensed property or to any address as directed by the patient or primary caregiver, so long as the address is a location allowing for the legal possession of Marijuana, another Medical Marijuana Dispensary Facility, a medical Marijuana Testing Facility, a Medical Marijuana Cultivation Facility, or a Medical Marijuana-Infused Products Manufacturing Facility.
Medical Marijuana Dispensary Facilities may receive transaction orders at the dispensary in person, by phone, or via the internet, including from a third party.
A Medical Marijuana Dispensary Facility's authority to process Marijuana shall include the production and sale of Prerolls, but shall not include the manufacture of Marijuana-Infused Products.
MEDICAL MARIJUANA FACILITY Any Medical Marijuana Cultivation Facility, Medical Marijuana Dispensary Facility, or Medical Marijuana-Infused Products Manufacturing Facility, as defined in this Section.
MEDICAL MARIJUANA-INFUSED PRODUCTS MANUFACTURING FACILITY A facility licensed by the Missouri Department of Health and Senior Services, to acquire, process, package, store on-site or off-site, manufacture, transport to or from, and sell Marijuana-Infused Products to a Medical Marijuana Dispensary Facility, a Marijuana Testing Facility, or to another Medical Marijuana-Infused Products Manufacturing Facility.
MEDICAL MARIJUANA TESTING FACILITY A facility certified by the Missouri Department of Health and Senior Services to acquire, test, certify, and transport marijuana.
MEDICAL SERVICE A use providing therapeutic, preventive or corrective personal treatment services on an out-patient basis by physicians, dentists and other practitioners of the medical or healing arts and the provision of medical testing and analysis services.
Typical uses include clinics and offices for doctors of medicine, dentists, chiropractors, osteopaths, optometrists, blood banks and medical laboratories.
MICROBUSINESS DISPENSARY FACILITY A facility licensed by the Missouri Department of Health and Senior Services to acquire, process, package, store on-site or off-site, sell, transport to or from, and deliver Marijuana, Marijuana seeds, Marijuana vegetative cuttings (clones), Marijuana-Infused Products, and drug paraphernalia used to administer Marijuana as allowed by law to a qualifying patient or primary caregiver, as defined by law, or to a consumer, anywhere on the licensed property or to any address as directed by the qualifying patient, primary caregiver, or consumer and consistent with the limitations of
Article XIV of the Missouri Constitution and as otherwise allowed by law, a Microbusiness Wholesale Facility, or a Marijuana Testing Facility.
Microbusiness Dispensary Facilities may receive transaction orders at the dispensary directly from the consumer in person, by phone, or via the internet, including from a third party.
A Microbusiness Dispensary Facility's authority to process Marijuana shall include the creation of Prerolls.
MICROBUSINESS WHOLESALE FACILITY A facility licensed by the Missouri Department of Health and Senior Services to acquire, cultivate, process, package, store on-site or off-site, manufacture, transport to or from, deliver, and sell Marijuana, Marijuana seeds, Marijuana vegetative cuttings (clones) and Marijuana-Infused Products to a Microbusiness Dispensary Facility, other Microbusiness Wholesale Facility, or Marijuana Testing Facility.
A Microbusiness Wholesale Facility may cultivate up to two hundred fifty (250) flowering Marijuana plants at any given time.
A Microbusiness Wholesale Facility's authority to process Marijuana shall include the creation of Prerolls and Infused Prerolls.
MILITARY SERVICE A facility used or intended to be used by a branch of the U.S. Armed Forces, including military reserves.
MINING OR QUARRYING The extraction of metallic and non-metallic minerals, excluding oil or natural gas.
Typical uses include sand and gravel pit operations, quarries and mines.
MINOR
SUBDIVISION A subdivision of land of not more than five
(5) lots, provided that such subdivision does not involve a planned development, any new street or the extension of a utility or other municipal facility.
MOBILE HOME A transportable, factory-built structure that was manufactured prior to the enactment of the Federal Manufactured Housing Construction and Safety Standards Act of
1974 (42 U.S.C.
Section 5401)
and that is designed to be used as a single dwelling unit.
MOBILE HOME DEVELOPMENT A site with required improvements and utilities for the long-term placement of mobile homes for dwelling purposes.
Services and facilities for residents of the development may also be included on the site.
MODULAR HOME A factory-built transportable structure which bears the seal of the State of Missouri Public Service Commission or is built to the UBC Basic Code as adopted by the City of Oak Grove and which does not have its own running gear and is designed to be used as a dwelling unit with a permanent foundation.
MOUNTABLE CURB A low curb with a flat slope designed to be crossed easily without discomfort.
MULTI-FAMILY The use of a site for three
(3) or more dwelling units within a single building.
Typical uses include triplexes, four-plexes, apartments and residential condominiums."
12,Article XII Rules of Interpretation and Definitions,Section 405.500 Definitions.,sub-sec-12.2,https://ecode360.com/29243670,https://zoneomics.com/code/5578/chapter_12#12.2,True,8,"NEW CONSTRUCTION For the purposes of determining insurance rates, structures for which the ""start of construction"" commenced on or after the effective date of an initial FIRM or after December 31, 1974, whichever is later, and includes any subsequent improvements to such structures.
[18] NON-CONFORMING STRUCTURE Any structure that does not meet the limitations on structure size and location on a lot for the district in which such structure is located and for the use to which such structure is being put at the time the structure was established.
NON-CONFORMING USE A use of land that does not comply with the use regulations for its zoning district but which complied with applicable regulations at the time the use was established.
OFFICE, GENERAL A use providing executive, management, administrative or professional services, but not medical or dental services or the sale of merchandise, except as incidental to a permitted use.
Typical uses include real estate, insurance, property management, investment, employment, travel, advertising, law, architecture, design, engineering, accounting and similar offices.
OFF-PREMISE SIGN Any sign other than an on-premise sign.
OFF-SITE Located outside the lot lines of the lot in question but within the property (of which the lot is a part) that is the subject of a development application or on a contiguous portion of a street or right-of-way.
OIL AND GAS DRILLING/REFINING The subsurface extraction or refining of oil or natural gas.
ON-SITE Located on the lot in question.
OPEN SPACE Any occupied space on a lot that is unobstructed to the sky except for the ordinary projection of cornices and eaves.
Open space shall not include areas covered by structures, decks, porches, parking areas, driveways, internal streets and other forms of impervious surfaces.
Water bodies that are not subject to public ownership shall also be included as open space.
ORDINARY MAINTENANCE AND REPAIR Where the purpose of the work is stabilization or is normal, customary and routine affecting the exterior of the structure or the outside of the site.
OUTDOOR DISPLAY The placement of products in their finished state for public viewing as a means of advertising.
Such products may include automobiles, portable buildings, outdoor furniture and other similar items.
Landscape materials such as mulch, rock and plant material may be displayed as part of a finished landscape but may not be displayed in bulk.
OUTDOOR STORAGE The placement of raw materials prior to manufacture or sale.
Items may include lumber, fencing or bulk landscape materials.
OWNER The property owner of record according to the County Recorder of Deeds.
PARKING AREA, OFF-STREET A permanently surfaced, dust-free area (concrete, asphaltic concrete or other comparable surface) enclosed or unenclosed for the short-term storage of automobiles.
PARKING LOT, COMMERCIAL An area used or intended to be used for the off-street parking of operable motor vehicles on a temporary basis, other than as accessory parking to a principal use.
PARKS AND RECREATION A park, playground or community facility, owned by or under the control of a public agency or property owners' association, that provides opportunities for active or passive recreational activities.
[19] PAVING Brick, stone, asphalt or other impervious dustless material placed on the surface of the land.
PEAK HOUR TRIPS Total number of trip ends generated by a site during the hour when the adjacent street carries the maximum number of trips or during the hour when the site generates the maximum number of trip ends.
PEDESTRIAN WAY A separate right-of way dedicated to or reserved for public use by pedestrians which crosses blocks or other tracts of land to facilitate pedestrian access to adjacent streets and properties.
PERFORMANCE GUARANTEE Any security that may be accepted by a municipality as a guarantee that the improvements required as part of an application for development are satisfactorily completed.
PERSON Any individual, corporation, association, firm, partnership, institution or legal entity, singular or plural.
PERVIOUS SURFACE Any material the allows the absorption of stormwater.
PLANNED UNIT DEVELOPMENT An area of a minimum contiguous size, as specified by ordinance, to be planned, developed, operated and maintained as a single entity containing one
(1) or more structures to accommodate commercial, office or residential uses or all in any combination thereof and appurtenant common area and other uses incidental to the predominant uses.
PLAT A map or maps of a subdivision or site plan.
PORCH A roofed, open area usually attached to or part of and with indirect access to or from a building.
A porch becomes a room when the space enclosed is heated or air conditioned or, if glazed, when the percentage of the window area to wall area of the porch, not attached to the building, is less than seventy-five percent (75%).
PORCH, OPEN A porch where at least seventy-five percent (75%) of the sides of the porch not attached to the building are empty voids and whose voids are neither glazed nor screened.
POST OFFICE A facility used for the collection, sorting and distribution of U.S. mail among several zip code areas and having limited retail services for the public, such as the sale of stamps, postcards and postal insurance.
PRE-APPLICATION CONFERENCE An initial meeting between developers and municipal representatives which affords developers the opportunity to present their proposals informally.
PRELIMINARY APPROVAL The City and the applicant have agreed upon the conferral of certain rights prior to final approval after specific elements of a development plan.
PRELIMINARY PLAT A map indicating the proposed layout of a development and related information that is submitted for preliminary approval.
PREROLL A consumable or smokable Marijuana product, generally consisting of:
(1) a wrap or paper; and
(2) dried flower, buds, and/or plant material.
Prerolls may or may not include a filter or crutch at the base of the product.
PRINCIPAL BUILDING A building in which a principal use is conducted.
PRINCIPAL USE The primary use and chief purpose of a lot or structure.
[20] PRINTING AND PUBLISHING The production of books, magazines, newspapers and other printed matter and record pressing and publishing, engraving and photoengraving, but excluding businesses involved solely in retail photocopying, reproduction, photo developing or blueprinting services.
(See ""RETAIL SALES AND SERVICE"").
PROPORTION The relative physical size within and between buildings and building components.
PUBLIC Maintained for or used by the people of the City of Oak Grove on a non-commercial basis."
12,Article XII Rules of Interpretation and Definitions,Section 405.500 Definitions.,sub-sec-12.2,https://ecode360.com/29243670,https://zoneomics.com/code/5578/chapter_12#12.2,True,9,"PUBLIC IMPROVEMENT PROJECT An action by the City of Oak Grove or any of its departments or agencies involving major modification or replacement of streets, sidewalks, curbs, street lights, street or sidewalk furniture, landscaping or other portions of the public infrastructure.
RECREATION AND ENTERTAINMENT, INDOOR A use offering recreation, entertainment or games of skill to the public for a fee or charge and that is wholly enclosed in a building.
Typical uses include bowling alleys, indoor theaters, bingo parlors, pool halls, billiard parlors and video game arcades.
RECREATION AND ENTERTAINMENT, OUTDOOR A use offering recreation, entertainment or games of skill to the public for a fee or charge wherein any portion of the activity takes place in the open.
Typical uses include archery ranges, batting cages, golf driving ranges, drive-in theaters and miniature golf courses.
RECREATIONAL VEHICLE
1. A vehicular-type unit designed for temporary living quarters for recreational, camping, or travel use, which either has its own motive power or is mounted on or drawn by another vehicle.
a. DEPENDENT RV An RV not containing sanitary facilities and/or devices for connecting the facilities to a community waste disposal system.
b. INDEPENDENT RV An RV containing sanitary facilities and devices for connecting the facilities to a community waste disposal system.
2. The term ""recreational vehicle"" shall include, but not be limited to, the following:
a. TRAVEL TRAILER A vehicular, portable structure built on a chassis and drawn by a motorized vehicle and which is designed to be used as a temporary dwelling for travel, recreational and vacation uses;
b. CAMPER A structure designed to be mounted on a truck chassis for use as a temporary dwelling for travel, recreational and vacation uses; c. MOTOR HOME A portable, temporary dwelling to be used for travel, recreational and vacation uses and which is constructed as an integral part of a self-propelled vehicle; d. CAMPING TRAILER A folding structure mounted on wheels and designed for travel, recreational and vacation uses; e. PARK TRAILER A trailer-type unit that is primarily designed to provide temporary living quarters for recreational, camping or seasonal use, that meets the following criteria:
(1) Built on a single chassis, mounted on wheels;
(2) Having a gross trailer area not exceeding four hundred (400) square feet (37.15 square meters) in the setup mode; and
(3) Certified by the manufacturer as complying with ANSI A119.5; f. Tents.
An enclosed structure or shelter fabricated entirely or in major part of cloth, canvas, plastic or similar material which is erected for periods not exceeding thirty
(30) days for recreational or vacation purposes.
For the purpose of this Code, a tent shall be considered as a dependent camping vehicle.
RECREATIONAL VEHICLE PARK Land used or intended to be used for occupancy by recreational vehicles for transient living purposes, including the use of camping spaces for tents.
RECREATIONAL VEHICLE SALES AND SERVICE A use engaged in the retail sale of recreational vehicles from the premises along with incidental service or maintenance activities within completely enclosed buildings and an outdoor area used or intended to be used for storage of recreational vehicles displayed for sale.
RECREATIONAL VEHICLE SPACE A designated and defined parcel of land within a recreational vehicle park intended for temporary location of a recreational vehicle as a dwelling unit.
RELIGIOUS ASSEMBLY A site used by a bona fide religious group primarily or exclusively for religious worship and related religious services, including a place of worship, retreat site or religious camp.
RELOCATION Any relocation of a structure, object or artifact on its site or to another site.
REMODEL Any interior or exterior change to a structure not including a change in a load-bearing member of a structure.
REPAIR SERVICE A use primarily engaged in the provision of repair services to individuals and households, but excluding vehicle repair services.
Typical uses include appliance repair shops.
RESEARCH SERVICE A use engaged in conducting basic and applied research, including production of prototype products when limited to the minimum scale necessary for full investigation of the merits of a product, excluding production of products used primarily or customarily for sale or for use in non-prototype production operations.
RESTAURANT, FAST-FOOD A use primarily engaged in the sale of food and non-alcoholic beverages in a ready-to-consume state.
The design or principal method of operation is that of a fast-food or drive-in restaurant offering quick food service; where orders are generally not taken at the customer's table; where food is generally served in disposable wrapping or containers; and where food and beverages may be served directly to the customer in a motor vehicle.
RESTAURANT, GENERAL A use where the principal business is the sale of food and beverages in a ready-to-consume state.
RETAIL SALES AND SERVICE A use engaged in the sale or rental of goods and services, excluding uses more specifically defined.
RETENTION BASIN A pond, pool or basin used for the permanent storage of water runoff.
RIGHT-OF-WAY A strip of land occupied or intended to be occupied by a street, crosswalk, railroad, road, electric transmission line, gas pipeline, water main, sanitary or storm sewer main, shade trees or for another special use.
[21] ROADWAY The actual road surface area from curbline to curbline, which may include travel lanes and parking lanes.
Where there are no curbs, the roadway is that portion between the edges of the paved or hard surface width.
SAFETY SERVICE A facility for conduct of public safety and emergency services, including fire and Police protection services and emergency medical and ambulance services.
SALE OR LEASE Any immediate or further transfer of ownership, including contract of sale or transfer of an interest in a subdivision or part thereof, whether by meters and bounds, deed, contact, plat, map or other written instrument.
SALVAGE YARD A lot, land or structure or part thereof used primarily for the collecting, dismantling, storage and salvaging of machinery or vehicles that are not in operating condition or for the sale of parts thereof.
Typical uses include automobile salvage yards and junk yards.
SCALE The harmonious proportion of parts of a building or structure to one another and to the human figure.
SCHOOL, ELEMENTARY, MIDDLE OR HIGH The use of a site for instructional purposes on an elementary or secondary level.
SEPTIC SYSTEM An underground system with a septic tank used for the decomposition of domestic waste."
12,Article XII Rules of Interpretation and Definitions,Section 405.500 Definitions.,sub-sec-12.2,https://ecode360.com/29243670,https://zoneomics.com/code/5578/chapter_12#12.2,True,10,"SERVICE STATION, AUTOMOTIVE A use primarily engaged in the retail sale of gasoline or other motor fuels to automobiles and passenger vehicles, along with accessory activities such as the sale of lubricants, accessories or supplies, the lubrication of motor vehicles and the minor adjustment or repair of passenger motor vehicles.
Uses involved primarily in the sale of diesel fuel, gasoline or other fuels to tractor trucks and uses that feature parking, storage or servicing of tractor trucks or semi-trailers shall be classified as ""Truck Stop Service Stations"".
SERVICE STATION, TRUCK STOP A use primarily engaged in the sale of diesel fuel, gasoline or other fuels to tractor trucks, along with accessory activities such as the sale of lubricants, accessories or supplies or the servicing of tractor trucks or semi-trailers.
A truck stop service station may include, as an accessory use, the parking and storage of tractor trucks or semi-trailers.
SETBACK The required minimum horizontal distance between the lot line and the nearest front, side or rear line of the building, as the case may be.
SEWER Any pipe conduit used to collect and carry sewage or stormwater runoff from the generating source to treatment plant or receiving streams.
SHOOTING RANGE, OUTDOOR An outdoor facility used or intended to be used for the discharge of firearms at targets.
SHORT-TERM LOAN SERVICE shall include
1. PAYDAY LOAN BUSINESS The business of making loans for a period of thirty
(30) days or less in duration, intended to coincide with the period from one payday of the borrower to the next, and in principle amounts of five hundred dollars ($500.00) or less.
2. TITLE LOAN BUSINESS A business that primarily lends money with the pledge of personal property as collateral, evidenced by a certificate of title issued by the State of Missouri, and regulated under
Sections 367.500 through 367.533, RSMo., as from time-to-time amended.
SIDEWALK A paved path provided for pedestrian use and usually located at the side of a road within the right-of-way.
SIGHT TRIANGLE A triangular-shaped portion of land established at street intersections in which nothing is erected, placed, planted or allowed to grow in such a manner as to limit or obstruct the sight distance of motorists entering or leaving the intersection.
SIGN Any medium, including its structure and component parts, that is used or intended to be used to attract attention for identification, announcement or advertising purposes.
This definition applies to all signs with letters, emblems or logos of more than three
(3) inches in height.
Signs on vending machines will be counted in the allowable sign area.
If located against the building facade, they will not be counted as a freestanding sign.
SIGN AREA The area of the face of the sign within a perimeter that forms the outside shape, but excluding the necessary supports or uprights that the sign may be placed unless these supports or uprights are designed as part of the sign.
If the sign consists of more than one
(1) section or module, all areas will be totaled.
The area of an irregularly shaped sign shall be computed using the actual sign face surface.
In the case of an irregularly shaped sign or a sign with letters and/or symbols directly affixed to or painted on the wall of a building or a window, the area of the sign shall be the entire area within a single continuous rectilinear perimeter of not more than eight
(8) straight lines enclosing the extreme limits of writing, representation, emblem or any figure or similar character, together with any logo material or color forming an integral part or backdrop of the display or used to differentiate such sign from the backdrop or structure.
SIGN, ATTACHED Any sign substantially and permanent attached to, applied on, structurally connected to, painted on, engraved on, etched on or supported by any part of a building.
SIGN, BACK-TO-BACK A sign with copy on two
(2) parallel faces that are facing in opposite directions not separated by more than twelve
(12) inches.
The area of a back-to-back sign is calculated on one
(1) face only.
SIGN BANNER A sign having the character, letters, illustrations or ornamentation applied to cloth, or lightweight fabric material for advertising a product, business, service, show, property, or carnival.
SIGN, BILLBOARD Any sign with a sign area in excess of three hundred fifty (350) square feet that advertises or directs attention to a business, commodity, service or entertainment conducted, sold or offered at a location other than the premise that the sign is located.
SIGN, CHANGEABLE COPY A sign such as a manual, electronic or electric controlled time and temperature sign, message center or reader board, whether electronic, electric or manual, where copy changes.
Any sign may be, or include as part of it, a changeable message sign.
SIGN, DETACHED Any sign other than an attached sign and including any inoperable vehicle or any trailer located for the primary purpose of advertising.
SIGN, DIRECTIONAL Any sign that serves solely to designate the location of or direction to any premise or area.
SIGN, FLAT Any sign that the back is attached flat against any part of a building or structure and that does not extend outward more than six
(6) inches or any sign painted upon any building or structure or upon a window thereof.
SIGN, ILLUMINATED A sign lighted by electricity or any other source of power.
A sign with an artificial light source incorporated internally or externally for the purpose of illuminating the sign.
SIGN, MONUMENT A freestanding sign mounted on an enclosed, structural base which base length is equal to or greater than the length of the sign face, which base depth is not narrower than the structure containing the sign face or twelve
(12) inches, whichever is greater, and which total overall height does not exceed eight
(8) feet.
SIGN, NON-CONFORMING Any sign that was in existence and displayed on the effective date of this Sign Code but that does not conform to the requirements and limitations hereof or any sign that was lawfully in existence and displayed on the effective date of any amendment to this Sign Code but that does not conform to such amendment.
SIGN, ON-PREMISE Any sign designating the name of the owner or occupant of the premises upon which the sign is placed, or identifying such premises, or advertising goods manufactured or produced, or services rendered on or listing the sale or lease of the premises upon which the entire sign is located.
SIGN, PERMANENT Any sign which is not a temporary sign.
SIGN, POLE A sign supported by a sign structure in the ground and that is wholly independent of any building, other than the sign structure, for support."
12,Article XII Rules of Interpretation and Definitions,Section 405.500 Definitions.,sub-sec-12.2,https://ecode360.com/29243670,https://zoneomics.com/code/5578/chapter_12#12.2,True,11,"SIGN, PORTABLE Any sign not permanently attached to the ground or other permanent structure or a sign designed to be transported by means of wheels.
SIGN, PROJECTING Any sign attached to any part of a building or structure and that extends outward more than six
(6) inches.
Canopies and awnings shall not be considered projecting signs if they do not contain signage information.
However, when they do provide signage information, canopies and awnings shall constitute projecting signs.
SIGN, SPECIAL EVENT A sign that carries a message regarding a special event or function that is of general interest to the community and does not include for-profit business promotional activities that are strictly commercial in nature.
Such signs may include banners or seasonal decorations and may be placed within the right-of-way.
SIGN STRUCTURE Any words, numbers, figures, devices, designs or trademarks by which anything is made known, such as are used to designate an individual, a firm, profession, business or a commodity and which are visible from any public street.
Any device that supports, has supported or is designed to support a sign, including any decorative cover, exclusive of any copy.
SIGN, TEMPORARY (PORTABLE SIGNS) A sign which either:
1. Is not permanently attached to any structure building, motor vehicle or the ground;
2. Is intended for a limited display period covering a special event; or
3. Is designed and constructed to be movable from one location to another.
SIGN, VEHICULAR Any sign permanently attached to a motor vehicle.
SIGN, WINDOW Any sign advertising sales of specials attached to any window visible from a public right-of-way.
Window signs must be located inside the window and shall be limited to only temporary advertisement of sales or specials.
When a sign is permanently painted on or otherwise attached or applied to the window area so as to be visible to the general public, then such sign shall be included in the total allowable sign area for the building.
Window signs shall not be placed on door windows or other windows needed to be clear for pedestrian safety.
SITE PLAN An accurately scaled development plan that illustrates the existing conditions on a land parcel, as well as depicting details of a proposed development.
SKETCH PLAN A rough plan of a proposed subdivision or other development.
SOLID SCREENING A device or materials used to conceal one
(1) element of a development from other elements or from adjacent or contiguous development.
Screening may include one
(1) or a combination of the following materials of sufficient mass to be opaque or that shall become opaque after twelve
(12) months and which shall be maintained in an opaque condition: solid fences, walls, berms, plantings or other features.
A chain link fence with plastic or wooden inserts shall not be considered solid screening.
SOLID WASTE COLLECTION/PROCESSING Incinerators, processing facilities, materials recovery facilities, solid waste transfer stations or any facility where municipal solid wastes are salvaged, sorted, processed or treated.
[22] STOCKYARD A non-farm-based facility used or intended to be used for selling or holding livestock.
STORY That portion of a building included between the surface of any floor and the surface of the next floor above it or, if there is no floor above it, then the space between such floor and the ceiling next above it.
STORY, FIRST The lowest story in a building that qualifies as a story as defined herein, except that a floor level in a building having only one
(1) floor level shall be classified as a story, provided such floor level is not more than four
(4) feet below grade, as defined herein, for more than fifty percent (50%) of the total perimeter or not more than eight
(8) feet below grade, as defined herein, at any point.
STREET A public or private way used or intended to be used for passage or travel by motor vehicles.
Streets are further classified by the functions they perform as follows:
1. Primary arterial.
2. Secondary arterial.
3. Collector.
4. Local.
STREET, COLLECTOR A street which collects and distributes traffic to and from local and arterial street systems and is primarily intended to provide for low-to-moderate volume, low speed and short length trips while also providing access to abutting property.
STREET GRADE The highest altitude of the street vertically under any portion of the sign or its supports.
STREET, LOCAL A street primarily providing direct access to abutting properties and designed to accommodate low-volume, low-speed traffic (typically less than five hundred (500) vehicles per day).
STREET, PRIMARY ARTERIAL A street primarily intended to provide for high-volume, moderate-speed traffic (normally carrying ten thousand (10,000) to fifteen thousand (15,000) vehicles per day) and moderate to extended trip length traffic movement between major activity centers.
Access to abutting property is subordinate to major traffic movement and is subject to the necessary control of entrances and exits.
STREET, SECONDARY ARTERIAL A street that interconnects, augments and feeds the primary arterial system and is intended for moderate-volume, moderate-speed traffic (with a volume range of five thousand (5,000) to ten thousand (10,000) vehicles per day) and short to moderate trip lengths.
Access to abutting property is partially controlled.
STREET WIDTH The horizontal distance between the outside edges of a street's pavement, including any curbing and guttering, measured at right angles to the street's centerline.
STRUCTURE Anything constructed or erected, the use of which requires permanent or temporary location on or in the ground, including, but not without limiting the generality of the foregoing: houses, buildings, barns, backstops for tennis courts, bridges, fences, pergolas, parking lots, gazebos, radio and television antennae, signs, solar collectors, microwave antennae including supporting towers, roads, ruins or remnants (including foundations), swimming pools, walkways, septic systems or any similar item.
STUDIO, TELEVISION OR FILM A use primarily engaged in the provision of recording or broadcasting services accomplished through the use of electronic mechanisms.
SUBDIVIDER A person, firm, corporation, partnership or association which causes land to be divided into a subdivision for itself or for others.
SUBDIVISION The division of tract of land into two
(2) or more lots or parcels for the purpose of transfer of ownership or building development or, if a new street is involved, any division of a parcel of land.
However, the division of land shall not be considered to be a subdivision when the smallest parcel created is more than forty
(40) acres in area."
12,Article XII Rules of Interpretation and Definitions,Section 405.500 Definitions.,sub-sec-12.2,https://ecode360.com/29243670,https://zoneomics.com/code/5578/chapter_12#12.2,True,12,"The term ""subdivision"" includes resubdivision and the term ""resubdivision"", as used herein, shall include any further subdivision of a lot or parcel of land previously subdivided for sale, use or other purpose which vary from the latest, approved plat of the same.
[23] SURVEYOR A professional land surveyor registered in the State of Missouri.
TEMPORARY PROMOTIONAL USE An activity which may commonly be described as carnival rides or amusement park rides as accessory uses to an existing and legally conforming business use or uses and for the purposes of promoting business sales and/or raising funds for community service organizations or for the purpose of promoting any special event, any community educational campaign, any membership drive or any other similar promotion and which activity is established for a fixed period of time with the intent to discontinue such activity upon the expiration of the time period.
TERRACE A level, landscaped area directly adjacent to a principal building at or within three
(3) feet of the finished grade and not covered by a permanent roof or enclosed by temporary or permanent walls.
TOWER A structure with a fixed location which is designed primarily with the objective of obtaining an elevation above other objects to support an antenna or other device for receiving or transmitting radio, television, microwave or other telecommunications or signals.
This definition does not apply to utility poles.
TRANSIT FACILITY A facility used or intended to be used as an area for loading, unloading and interchange of transit passengers.
Typical uses include bus terminals, rail stations and passenger-related mass transit facilities.
TRANSITIONAL LIVING CENTER State licensed group-care homes for juvenile delinquents, halfway houses providing residence, rehabilitation and counseling to persons on release from a more restrictive custodial confinement and residential rehabilitation treatment centers which also may provide out-patient rehabilitation for alcohol and other drug abuse.
TRANSPORTATION FACILITY A facility certified by the Missouri Department of Health and Senior Services to house operations involving the transport of Marijuana product to or from a Marijuana Facility or Medical Marijuana Facility; or to a qualifying patient, primary caregiver, or consumer.
TRIP ENDS The total number of all trips entering plus all trips leaving a designated site over a given period of time.
TUTORING The provision of instruction.
UNDEVELOPED LAND Land in its natural state before development.
UNIFIED DEVELOPMENT CODE (UDC) The duly approved, enacted and amended ordinance which controls and regulates zoning in the City of Oak Grove.
UNINHABITABLE Lands that are subject to flooding or otherwise deemed uninhabitable/unusable in their natural state by the Planning Commission and City Council shall not be platted for residential use or for any other use that might create a danger to health, safety or property, or which might increase the flooding hazard within or outside the subdivision.
Such lands shall be set aside for recreational use or shall be retained in their natural state as open space; provided however, that such lands may be platted and developed if the features making the lands uninhabitable/unusable can reasonably be removed without destruction of adjacent or nearby property or desirable natural features of the land and if necessary approval is obtained from the Planning and Zoning Commission and the City Council.
In all platting adjacent to such area, adequate provisions for access to said areas, as determined by the City Engineer, shall be provided.
USABLE OPEN SPACE An area that is intended to provide light and air and is designed for either environmental, scenic or recreational purposes.
Usable open space may include, but is not limited to, lawns, decorative plantings, walkways, active and passive recreational area, playgrounds, fountains, swimming pools, wooded areas and watercourses.
Usable open space shall not include, but is not limited to, manmade reservoirs or dams, retention or detention ponds, driveways, parking lots or other surfaces intended for vehicular travel.
Usable open space shall also not include any other manmade elements that will take away or cause to take away from the original lot area.
USE The conduct of an activity or the performance of a function or operation on a site or in a building or facility.
USGS (ALSO USC&G AND USC&GS) United States Coast and Geodetic Survey.
UTILITY, MAJOR Generating plants; electrical switching facilities and primary substations; water and wastewater treatment plants; water tanks; and similar facilities of agencies that are under public franchise or ownership to provide the public with electricity, gas, heat, steam, communication, rail transportation, water, sewage collection or other similar service.
The term ""utility"" shall not be construed to include corporate or general offices, gas or oil processing, manufacturing facilities, postal facilities or other uses defined in this Section.
UTILITY, MINOR Services and facilities of agencies that are under public franchise or ownership to provide services that are essential to support development and that involve only minor structures, such as poles and lines.
[24] VARIANCE (STRUCTURE OR USE) A waiver from compliance with a specific provision granted to a particular property owner because of the practical difficulties or unnecessary hardship that would be imposed by the strict application of that provision of this Unified Development Code.
The granting of variances on zoning is the responsibility of the Board of Zoning Adjustment.
VARIANCE (SUBDIVISION) A waiver from compliance with a specific provision granted to a particular property owner because of the practical difficulties or unnecessary hardship that would be imposed by the strict application of that provision of this Unified Development Code.
A recommendation for approval of a variance is made by the Planning and Zoning Commission and final approval is granted by the Board of Aldermen by acceptance of the final plat.
VEHICLE Any mechanical device on wheels in or by which any person or property is or can be transported or drawn on a highway, except devices moved by human power or used exclusively on stationary rails or trucks.
VEHICLE AND EQUIPMENT SALES A use engaged in the retail or wholesale sale or rental from the premises of motorized vehicles or equipment, along with incidental service or maintenance activities.
Typical uses include new and used automobile and truck sales, automobile rental, boat sales, motorcycle sales, moving trailer rental and farm equipment and machinery sales and rental."
12,Article XII Rules of Interpretation and Definitions,Section 405.500 Definitions.,sub-sec-12.2,https://ecode360.com/29243670,https://zoneomics.com/code/5578/chapter_12#12.2,True,13,"VEHICLE/EQUIPMENT STORAGE YARD An outdoor area used or intended to be used for long-term storage of vehicles and equipment, other than a commercial parking lot or accessory parking to a principal use.
VEHICLE REPAIR, GENERAL A use primarily engaged in painting of or body work to motor vehicles or heavy equipment.
Typical uses include paint and body shops.
VEHICLE REPAIR, LIMITED A use providing automobile repair or maintenance services within completely enclosed buildings, but not including general vehicle repair services.
VIBRATION The effect produced by any physical process characterized by a periodic and usually rapid, oscillatory motion sufficient to cause annoyance or discomfort, however, excluding blasting operations for quarries and temporary construction activities.
VOCATIONAL SCHOOL A use providing education or training in business, commercial trades, language, arts or other similar activity or occupational pursuit and not otherwise defined as a college or university or school.
WAREHOUSE, RESIDENTIAL STORAGE An enclosed storage facility containing independent, fully enclosed bays that are leased to individuals exclusively for long-term storage of household goods or personal property.
WAREHOUSING AND WHOLESALE A use primarily engaged in the storage or sales of materials, equipment or products to wholesalers or retailers.
Typical uses include cold storage, warehousing and long-term storage facilities, but excluding residential storage warehouses and sales of goods to the general public.
WATERCOURSE A running stream of water; a natural stream fed from permanent or natural sources, including rivers, creeks and streams.
It must flow in a definite channel, having a bed or banks.
It must be something more than surface drainage over the land.
WELDING OR MACHINE SHOP A workshop where machines, machine parts or other metal products are fabricated.
Typical uses include machine shops, welding shops and sheet metal shops.
WORKING DAYS The days of the week, excluding Saturdays, Sundays and recognized holidays, during which normal business is conducted by the City of Oak Grove.
If only days are stated, then Saturdays, Sundays and holidays shall be included.
YARD An open space located on the same lot as and that lies between the principal or accessory building or buildings and the nearest lot line.
Such yard is unoccupied and unobstructed from the ground upward except as otherwise noted provided herein.
YARD, FRONT An open space extending the full width of the lot between the nearest principal building and the front lot line and measured perpendicular to the front lot line.
The minimum front yard required in each district of this
Chapter shall be unoccupied and unobstructed from the ground upward except as otherwise provided herein.
YARD, REAR An open space extending the full width of the lot between the nearest principal building and the rear lot line and measured perpendicular to the rear building line.
The minimum rear yard required in each district of this
Chapter shall be unoccupied and unobstructed from the ground upward except as otherwise provided herein.
YARD, SIDE An open space extending from the front yard to the rear yard between the nearest principal building and the side lot line and measured perpendicular from the side lot line.
The minimum side yard required in each district of this
Chapter shall be unoccupied and unobstructed from the ground upward except as otherwise noted.
ZERO LOT LINE The location of a building on a lot in such a manner that one
(1) or more of the building sides is directly on the lot line.
[1] Editor’s Note:
The former definition of ""100-year flood,"" which immediately preceded this definition, was repealed by Ord.
No.
1861-B, 12-19-2016. See now
Section 405.376.
[2] Editor’s Note:
The former definition of ""Administrator,"" which immediately followed this definition, was repealed by Ord.
No.
1861-B, 12-19-2016. See now
Section 405.376.
[3] Editor’s Note:
The former definition of ""agency,"" which immediately followed this definition, was repealed by Ord.
No.
1861-B, 12-19-2016. See now
Section 405.376.
[4] Editor’s Note:
The former definition of ""appeal,"" which immediately followed this definition, was repealed by Ord.
No.
1861-B, 12-19-2016. See now
Section 405.376.
[5] Editor’s Note:
The former definition of ""area of special flood hazard,"" which immediately followed this definition, was repealed by Ord.
No.
1861-B, 12-19-2016. See now
Section 405.376.
[6] Editor’s Note:
The former definition of ""base flood,"" which immediately followed this definition, was repealed by Ord.
No.
1861-B, 12-19-2016. See now
Section 405.376.
[7] Editor’s Note:
The former definition of ""Chief Executive Officer or Chief Elected Official,"" which immediately followed this definition, was repealed by Ord.
No.
1861-B, 12-19-2016. See now
Section 405.376.
[8] Editor’s Note:
The former definition of ""community,"" which immediately followed this definition, was repealed by Ord.
No.
1861-B, 12-19-2016. See now
Section 405.376.
[9] Editor’s Note:
The former definition of ""development,"" which immediately followed this definition, was repealed by Ord.
No.
1861-B, 12-19-2016. See now
Section 405.376.
[10] Editor’s Note:
The former definitions of ""elevated building,"" and ""eligible community or participating community,"" which immediately followed this definition, were repealed by Ord.
No.
1861-B, 12-19-2016. See now
Section 405.376.
[11] Editor’s Note:
The former definition of ""existing construction,"" which immediately followed this definition, was repealed by Ord.
No.
1861-B, 12-19-2016. See now
Section 405.376.
[12] Editor’s Note:
The former definitions of ""flood or flooding,"" ""Flood Hazard Boundary Map,"" ""Flood Insurance Rate Map (FIRM),"" ""floodplain or flood-prone area,"" ""floodplain management,"" ""floodplain management regulations"" and ""floodproofing,"" which immediately followed this definition, were repealed by Ord.
No.
1861-B, 12-19-2016. See now
Section 405.376.
[13] Editor’s Note:
The former definition of ""functionally dependent use,"" which immediately followed this definition, was repealed by Ord.
No.
1861-B, 12-19-2016. See now
Section 405.376.
[14] Editor’s Note:
The former definition of ""lowest floor,"" which immediately followed this definition, was repealed by Ord.
No.
1861-B, 12-19-2016. See now
Section 405.376.
[15] Editor’s Note:
The former definition of ""map,"" which immediately followed this definition, was repealed by Ord.
No.
1861-B, 12-19-2016. See now
Section 405.376.
[16] Editor’s Note:
The former definition of ""market value or fair market value,"" which immediately followed this definition, was repealed by Ord.
No.
1861-B, 12-19-2016. See now
Section 405.376.
[17] Editor’s Note:"
12,Article XII Rules of Interpretation and Definitions,Section 405.500 Definitions.,sub-sec-12.2,https://ecode360.com/29243670,https://zoneomics.com/code/5578/chapter_12#12.2,True,14,"The former definition of ""mean sea level,"" which immediately followed this definition, was repealed by Ord.
No.
1861-B, 12-19-2016. See now
Section 405.376.
[18] Editor’s Note:
The former definition of ""NFIP,"" which immediately followed this definition, was repealed by Ord.
No.
1861-B, 12-19-2016. See now
Section 405.376.
[19] Editor’s Note:
The former definition of ""participating community,"" which immediately followed this definition, was repealed by Ord.
No.
1861-B, 12-19-2016. See now
Section 405.376.
[20] Editor’s Note:
The former definition of ""principally above ground,"" which immediately followed this definition, was repealed by Ord.
No.
1861-B, 12-19-2016. See now
Section 405.376.
[21] Editor’s Note:
The former definition of ""risk premium rates,"" which immediately followed this definition, was repealed by Ord.
No.
1861-B, 12-19-2016. See now
Section 405.376.
[22] Editor’s Note:
The former definitions of ""special flood hazard area,"" ""special hazard area,"" ""start of construction"" and ""state coordinating agency,"" which immediately followed this definition, were repealed by Ord.
No.
1861-B, 12-19-2016. See now
Section 405.376.
[23] Editor’s Note:
The former definition of ""substantial damage,"" which immediately followed this definition, was repealed by Ord.
No.
1861-B, 12-19-2016. See now
Section 405.376.
[24] Editor’s Note:
The former definition of ""variance (floodplain),"" which immediately followed this definition, was repealed by Ord.
No.
1861-B, 12-19-2016. See now the definition of ""variance"" in
Section 405.376."
13,Additional Zoning Details,Attachment 1 - Use Table,sub-sec-13.1,https://ecode360.com/attachment/310548/OA3380-405a%20Use%20Table.pdf,https://zoneomics.com/code/5578/chapter_13#13.1,True,1,"UNIFIED DEVELOPMENT CODE 405 Attachment 1 City of Oak Grove USE TABLE [Ord.
No.
1383
§ 410, 1-6-2003; Ord.
No.
1515
§ 7, 6-5-2006; Ord.
No.
1565
§ §6, 12, 4-22007; Ord.
No.
1585
§ 2, 12-3-2007; Ord.
No.
1690
§ 1, 9-7-2010; Ord.
No.
1694
§ 1, 9-20-2010; Ord.
No.
1719
§ 2, 9-19-2011; Ord.
No.
1720
§ 1, 9-19-2011; Ord.
No.
1807
§ 1, 11-17-2014; Ord.
No.
1833, 12-7-2015; Ord.
No.
1944, 6-17-2019; Ord.
No.
1962, 12-16-2019; Ord.
No.
2083, 7-17-2023] Key to Use Table:
P = Permitted (By Right).
Uses identified in a zoning district column of the Use Table with a ""P"" are ""permitted by right"" and shall be permitted in such zoning district, subject to such special use regulations as may be indicated in the ""conditions"" column and all other requirements of this Development Code.
C = Conditional Uses.
Uses identified in a zoning district column of the Use Table with a ""C"" are ""conditional uses"" and shall be permitted in such zoning district if reviewed and approved in accordance with the standards of
Section 405.095. Conditional uses shall be subject to such special use regulations as may be indicated in the ""conditions"" column and all other requirements of this Development Code.
NP = Not Permitted.
Uses identified in a zoning district column of the Use Table with a ""NP"" are ""not permitted"" and are not allowed in such zoning district unless otherwise expressly permitted by other regulations of this Development Code.
Conditions.
A letter in the final ""conditions"" column of the Use Table refers to special use standards applicable to a particular use in one
(1) or more of the districts that such use is allowed.
The referenced regulations appear in
Section 405.205. For example, condition ""E"" refers to the special use standards of
Section 405.205(E).
UNIFIED DEVELOPMENT CODE City of Oak Grove USE TABLE |  | Residential | Residential | Residential | Residential | Non-residential | Non-residential | Non-residential | Non-residential | Non-residential | Non-residential |
| --- | --- | --- | --- | --- | --- | --- | --- | --- | --- | --- |
|  | A | R-1 | R-2 | R-3 | C-1 | C-2 | C-3 M-1 | M-2 | PUD | Cond |
| Residential Uses |  |  |  |  |  |  |  |  |  |  |
| Assisted Living | NP | NP | P | P | P | P | P NP | NP | P |  |
| Duplex | NP | NP | P | P | NP | NP | NP NP | NP | P |  |
| Group Home, Ltd. (1-8) | P | P | P | P | NP | NP | NP NP | NP | P | J |
| Group Home, Gen. (9+) | NP | NP | NP | C | C | C | P P | NP | P | J |
| Group Residential | NP | NP | C | C | C | C | P P | NP | P |  |
| Manufactured Home Dev. | NP | NP | C | C | NP | NP | NP NP | NP | C | M |
| Modular Home | NP | P | P | P | NP | NP | NP NP | NP | P |  |
| Mobile Home Dev. | NP | NP | C | C | NP | NP | NP NP | NP | C | N |
| Multi-Family | NP | NP | P | P | NP | NP | NP NP | NP | P | O |
| Single-Family, Attached | NP | NP | P | P | NP | NP | NP NP | NP | P | S |
| Single-Family, Detached | P | P | P | P | NP | NP | NP NP | NP | P |  |
| Accessory Residential/C-2 | NP | NP | NP | NP | NP | P NP | NP | NP | P | X | |  | Residential | Residential | Residential | Residential | Non-residential | Non-residential | Non-residential | Non-residential | Non-residential | Non-residential |
| --- | --- | --- | --- | --- | --- | --- | --- | --- | --- | --- |
|  | A | R-1 | R-2 | R-3 | C-1 | C-2 | C-3 M-1 | M-2 | PUD | Cond |
| Public, Quasi-Public and Commercial Uses |  |  |  |  |  |  |  |  |  |  |
| Adult Entertainment Establishment | NP | NP | NP | NP | NP | NP | C C | C | C | B |
| Airport or Airstrip | NP | NP | NP | NP | NP | NP | NP NP | C | P |  |
| Animal Care, General | NP | NP | NP | NP | NP | NP | P P | NP | P | C |
| Animal Care, Ltd. | NP | NP | NP | NP | NP | P | P P | NP | P | C |
| Animal Care, Wildlife Rehabilitation | NP | NP | NP | NP | NP | C | C C | NP | C |  |
| Auditorium or Stadium | NP | NP | NP | NP | NP | C | P P | P | P |  |
| Bank/Financial Institution | NP | NP | NP | NP | P | P | P NP | NP | P |  |
| Bar or Tavern | NP | NP | NP | NP | NP | P | P NP | NP | P |  |
| Cabinet/Carpentry Shop | NP | NP | NP | NP | NP | C | P P | P | P |  |
| Car Wash | NP | NP | NP | NP | NP | C | P P | P | P |  |
| Cemetery | C | C | C | C | C | C | C C | C | P | D |
| Club, Private | NP | NP | NP | NP | NP | P | P P | P | P |  |
| Clubs-under 21 | NP | NP | NP | NP | NP | NP | C NP | NP | NP | Z |
| College or University | NP | NP | NP | NP | NP | P | P P | NP | P |  |
| Communication Tower | C | NP | NP | NP | C | C | C C | C | C | E |
| Comprehensive Marijuana Dispensary Facility | NP | NP | NP | NP | NP | P | P P | P | P | EE |
| Construction Sales/Service | NP | NP | NP | NP | NP | C | P P | NP | P |  | OAK GROVE CITY CODE |  | Residential | Residential | Residential | Residential | Non-residential | Non-residential | Non-residential | Non-residential | Non-residential | Non-residential | Non-residential |
| --- | --- | --- | --- | --- | --- | --- | --- | --- | --- | --- | --- |
|  | A | R-1 | R-2 | R-3 | C-1 | C-2 | C-3 | M-1 | M-2 | PUD | Cond |
| Public, Quasi-Public and Commercial Uses |  |  |  |  |  |  |  |  |  |  |  |
| Convalescent Care | NP | NP | C | C | C | C | C | C | NP | P | G |
| Correctional Facility | NP | NP | NP | NP | NP | NP | NP | NP | C | P |  |
| Cultural Service | NP | NP | NP | NP | P | P | P | P | P | P |  |
| Day Care, Ltd. (1-6) | P | P | P | P | NP | NP | NP | NP | NP | P | H |
| Day Care, General (7-10) | C | C | C | C | C | C | NP | NP | NP | P | H |
| Day Care, Commercial | NP | NP | NP | C | P | C | P | P | NP | P | H |
| Flextech | NP | NP | NP | NP | NP | C | C | C | P | P |  |
| Funeral Home | NP | NP | NP | NP | NP | C | C | P | P | P |  |
| Golf Course | P | C | C | C | C | C | C | C | P | P | I |
| Government Service | NP | NP | NP | NP | P | P | P | P | P | P |  |
| Health Club | NP | NP | NP | NP | P | P | P | P | P | P |  |
| Heliport or Helipad | NP | NP | NP | NP | NP | NP | NP | P | P | P |  |
| Hospital | NP | NP | NP | NP | C | C | P | P | P | P | K |
| Hotel or Motel | NP | NP | NP | NP | NP | C | P | P | P | P |  |
| Kennel | C | NP | NP | NP | NP | NP | C | C | NP | P |  |
| Massage Establishments and Bathhouse | NP | NP | NP | NP | NP | C | C | NP | NP | NP | BB |
| Medical Marijuana Dispensary Facility | NP | NP | NP | NP | NP | P | P | P | P | P | EE |
| Medical Service | NP | NP | NP | NP | C | P | P | P | P | P |  |
| Microbusiness Dispensary Facility | NP | NP | NP | NP | NP | P | P | P | P | P | EE |
| Military Service | NP | NP | NP | NP | C | C | C | C | C | P |  |
| Mobile Homes Sales | NP | NP | NP | NP | NP | NP | NP | P | C | P |  |
| Modeling Studio and Body Painting | NP | NP | NP | NP | NP | C | C | NP | NP | NP | BB |
| Office, General | NP | NP | NP | NP | P | P | P | P | P | P |  |"
13,Additional Zoning Details,Attachment 1 - Use Table,sub-sec-13.1,https://ecode360.com/attachment/310548/OA3380-405a%20Use%20Table.pdf,https://zoneomics.com/code/5578/chapter_13#13.1,True,2,"| Outdoor display, storage, or sale of merchandise on C-1, C-2, C-3, M-1, or M-2 property used as residential | NP | NP | NP | NP | C | C | C | C | C | P | Y |
| Parking Lot, Commercial | NP | NP | NP | NP | NP | C | P | P | P | P |  |
| Parks and Recreation | C | C | C | C | C | C | C | P | P | P |  |
| Post Office | NP | NP | NP | NP | NP | C | P | P | P | P |  |
| Recreation/Entertainment Indoor | NP | NP | NP | NP | C | C | P | P | P | P |  |
| Recreation/Entertainment Outdoor | NP | NP | NP | NP | NP | NP | C | C | C | P | P |
| Recreational Vehicle Park | NP | NP | NP | NP | NP | NP | C | C | C | C | CC |
| Recreational Vehicle Sales and Service | NP | NP | NP | NP | NP | NP | C | C | C | C | DD | UNIFIED DEVELOPMENT CODE |  | Residential | Residential | Residential | Residential | Non-residential | Non-residential | Non-residential | Non-residential | Non-residential | Non-residential |
| --- | --- | --- | --- | --- | --- | --- | --- | --- | --- | --- |
|  | A | R-1 | R-2 | R-3 | C-1 | C-2 | C-3 M-1 | M-2 | PUD | Cond |
| Public, Quasi-Public and Commercial Uses |  |  |  |  |  |  |  |  |  |  |
| Religious Assembly | P | P | P | P | P | P | P P | P | P | Q |
| Repair Service | NP | NP | NP | NP | C | P | P P | P | P |  |
| Research Service | NP | NP | NP | NP | NP | C | C C | P | P |  |
| Restaurant, Fast-food | NP | NP | NP | NP | NP | C | P C | P | P |  |
| Restaurant, General | NP | NP | NP | NP | P | P | P P | P | P |  |
| Retail Sales and Service | NP | NP | NP | NP | P | P | P P | P | P |  |
| Safety Service | C | C | C | C | C | C | C C | C | P |  |
| Schools, Elementary, Middle or High | P | P | P | P | C | C | C C | C | P |  |
| Service Sta., Automotive | NP | NP | NP | NP | NP | C | P C | C | P | W |
| Service Sta., Truck Stop | NP | NP | NP | NP | NP | NP | P C | NP | P |  |
| Shooting Range (outdoor) | NP | NP | NP | NP | NP | NP | NP NP | NP | P |  |
| Short-term loan service | NP | NP | NP | NP | NP | C | C NP | NP | C | AA |
| Studio, Television or Film | NP | NP | NP | NP | NP | C | P P | C | P | NP |
| Tattoo Parlors and Body Piercing | NP | NP | NP | NP | NP | C | C NP | NP | NP | BB |
| Transitional Living Center | NP | NP | NP | NP | NP | NP | NP C | NP | P | U |
| Vehicle/Equipment Sales | NP | NP | NP | NP | NP | NP | P P | C | P | V |
| Vehicle/Equipment Storage Yard | NP | NP | NP | NP | NP | NP | C C | C | P | V |
| Vehicle Repair, General | NP | NP | NP | NP | NP | C | P P | P | P | V |
| Vehicle Repair, Limited | NP | NP | NP | NP | C | P | P P | P | P | W |
| Vocational School | NP | NP | NP | NP | NP | C | P P | C | P |  |
| Warehouse, Residential Storage (mini-storage) | NP | NP | NP | NP | NP | NP | C P | P | P |  | |  | Residential | Residential | Residential | Residential | Non-residential | Non-residential | Non-residential | Non-residential | Non-residential | Non-residential |
| --- | --- | --- | --- | --- | --- | --- | --- | --- | --- | --- |
|  | A | R-1 | R-2 | R-3 | C-1 | C-2 | C-3 M-1 | M-2 | PUD | Cond |
| Manufacturing, Industrial and Extractive Uses |  |  |  |  |  |  |  |  |  |  |
| Asphalt or Concrete Plant | C | NP | NP | NP | NP | NP | NP NP | C | NP |  |
| Basic Industry | NP | NP | NP | NP | NP | NP | NP NP | P | NP |  |
| Compost Facility | NP | NP | NP | NP | NP | NP | NP NP | NP | P | F |
| Comprehensive Marijuana Cultivation Facility | P | NP | NP | NP | NP | NP | NP P | P | P | EE |
| Comprehensive Marijuana-Infused Products Manufacturing Facility | NP | NP | NP | NP | NP | NP | NP P | P | P | EE |
| Food/Bakery Product Manufacturing | NP | NP | NP | NP | NP | NP | NP C | C | P |  | OAK GROVE CITY CODE |  | Residential | Residential | Residential | Residential | Non-residential | Non-residential | Non-residential | Non-residential | Non-residential | Non-residential |
| --- | --- | --- | --- | --- | --- | --- | --- | --- | --- | --- |
|  | A | R-1 | R-2 | R-3 | C-1 | C-2 | C-3 M-1 | M-2 | PUD | Cond |
| Manufacturing, Industrial and Extractive Uses |  |  |  |  |  |  |  |  |  |  |
| Freight Terminal | NP | NP | NP | NP | NP | NP | NP NP | P | P |  |
| Gas and Fuel Storage | NP | NP | NP | NP | NP | NP | C C | C | NP |  |
| Hazardous Operation | NP | NP | NP | NP | NP | NP | NP NP | C | C |  |
| Landfill | NP | NP | NP | NP | NP | NP | NP NP | NP | C | L |
| Laundry Service | NP | NP | NP | NP | NP | NP | NP NP | C | P |  |
| Manufacturing Assembly | NP | NP | NP | NP | NP | NP | NP C | P | P |  |
| Marijuana Testing Facility | NP | NP | NP | NP | NP | NP | NP P | P | P | EE |
| Medical Marijuana Cultivation Facility | P | NP | NP | NP | NP | NP | NP P | P | P | EE |
| Medical Marijuana Products Manufacturing Facility | NP | NP | NP | NP | NP | NP | NP P | P | P | EE |
| Medical Marijuana Testing Facility | NP | NP | NP | NP | NP | NP | NP P | P | P | EE |
| Microbusiness Wholesale Facility | P | NP | NP | NP | NP | NP | NP P | P | P | EE |
| Mining or Quarrying | C | NP | NP | NP | NP | NP | NP NP | C | NP | L |
| Oil or Gas Drilling/Refining | NP | NP | NP | NP | NP | NP | NP NP | C | NP |  |
| Printing and Publishing | NP | NP | NP | NP | NP | C | P P | P | P |  |
| Salvage Yard | NP | NP | NP | NP | NP | NP | NP C | C | NP | R |
| Solid Waste Collection and Processing | NP | NP | NP | NP | NP | NP | NP NP | C | NP | T |
| Stockyard | NP | NP | NP | NP | NP | NP | NP NP | C | NP |  |
| Transit Facility | NP | NP | NP | NP | NP | C | P P | P | P |  |
| Transportation Facility | NP | NP | NP | NP | NP | NP | NP P | P | P | EE |
| Utility, Major | NP | C | C | C | C | C | C C | C | C |  |
| Utility, Minor | NP | P | P | P | P | P | P P | P | P |  |
| Warehouse/ |  |  |  |  |  |  |  |  |  |  |
| Wholesale | NP | NP | NP | NP | NP | C | C P | P | P |  |
| Welding or Machine Shop | NP | NP | NP | NP | NP | C | P P | P | C |  | |  | Residential | Residential | Residential | Residential | Non-residential | Non-residential | Non-residential | Non-residential | Non-residential | Non-residential | Non-residential |
| --- | --- | --- | --- | --- | --- | --- | --- | --- | --- | --- | --- |
|  | A | R-1 | R-2 | R-3 | C-1 | C-2 | C-3 | M-1 | M-2 | PUD | Cond |
| Agricultural Uses |  |  |  |  |  |  |  |  |  |  |  |
| Agricultural Processing | NP | NP | NP | NP | NP | NP | NP | C | P | NP |  | UNIFIED DEVELOPMENT CODE |  | Residential | Residential | Residential | Residential | Non-residential | Non-residential | Non-residential | Non-residential | Non-residential | Non-residential |
| --- | --- | --- | --- | --- | --- | --- | --- | --- | --- | --- |
|  | A | R-1 | R-2 | R-3 | C-1 | C-2 | C-3 M-1 | M-2 | PUD | Cond |
| Agricultural Sales/Service | C | NP | NP | NP | NP | P | P P | P | P |  |
| Agriculture, General | C | NP | NP | NP | NP | NP | NP NP | C | P | A || Agriculture, Limited | P | NP | NP | NP | NP | NP | NP C | C | P |  |"
13,Additional Zoning Details,Attachment 2 - Right-of-Way and Transition Table,sub-sec-13.2,https://ecode360.com/attachment/310548/OA3380-405b%20Right-of-Way%20and%20Transition%20Table.pdf,https://zoneomics.com/code/5578/chapter_13#13.2,False,0,"UNIFIED DEVELOPMENT CODE 405 Attachment 2 City of Oak Grove RIGHT-OF-WAY AND TRANSITION TABLE |  | Existing | Existing | Existing | Existing | Existing | Existing | Existing | Existing | Existing | Existing | Existing |
| --- | --- | --- | --- | --- | --- | --- | --- | --- | --- | --- | --- |
| Proposed | Adjacent Development/Zoning | Adjacent Development/Zoning | Adjacent Development/Zoning | Adjacent Development/Zoning | Adjacent Development/Zoning | Adjacent Development/Zoning | Adjacent Development/Zoning | Adjacent Street | Adjacent Street | Adjacent Street | Adjacent Street |
| Development or Zoning | R-1 | R-2, R-3 | C-1 | C-2 | C-3 | M-1 | M-2 | Interstate | Arterial | Major Collector | Minor Collector |
| R-1 | - | A | B | A | C | C | D | D | C | A | - |
| R-2, R-3 | A | - | A | A | B | C | D | C | B | A | - |
| C-1 | B | A | - | - | A | C | D | B | B | A | A |
| C-2 | A | A | - | - | - | - | - | - | - | - | - |
| C-3 | C | B | A | - | - | B | D | B | B | B | B |
| M-1 | C | C | C | - | B | - | A | B | B | B | C |
| M-2 | D | D | D | - | D | A | - | B | B | C | D |"
13,Additional Zoning Details,Attachment 3 - Table 1 - Permitted Sign by Use,sub-sec-13.3,https://ecode360.com/attachment/310548/OA3380-405c%20Table%201.pdf,https://zoneomics.com/code/5578/chapter_13#13.3,True,1,"UNIFIED DEVELOPMENT CODE 405 Attachment 3 City of Oak Grove TABLE 1 Permitted Sign by Use [Ord.
No.
1383 Tbl.
1, 1-6-2003] This chart is designed as an overview: specific standards are described in
Section 405.310. |  |  | Freestanding | Freestanding | Freestanding | Freestanding | Freestanding | Freestanding | Freestanding | Building | Building | Building | Building | Building | Building | Building | Building | Building | Building | Building | Other | Other | Other | Other | Other |
| --- | --- | --- | --- | --- | --- | --- | --- | --- | --- | --- | --- | --- | --- | --- | --- | --- | --- | --- | --- | --- | --- | --- | --- | --- |
| Use Category | Definition | Billboard | Changeable Copy | Construction | Future Tenant | Informational Monument | Pole | Portable | Real Estate | Awning/Canopy Banner | Building Marker | Changeable Copy |  | Future Tenant | Informational | Marquee | Projecting Roof (except | through alternative process) | Suspended Wall | Window/Door | Banner | Flag Future Tenant | Special Event |  |
| A=Administrative Permit Required; S=Standard Sign Permit Required; E=Exempt from Permit; N=Not Allowed/Prohibited except with Alternative Sign Permit |  |  |  |  |  |  |  |  |  |  |  |  |  |  |  |  |  |  |  |  |  |  |  |  |
| \* Residential |  |  |  |  |  |  |  |  |  |  |  |  |  |  |  |  |  |  |  |  |  |  |  |  |
| Household Living | Residential occupancy if a dwelling unit by a household | N | N | N | N | N | N N | N | E N | N | A | N | N |  | A | N |  | N N | N N | N | N | A N | N |  |
| Subdivision Development Including Multi- Family | Parcels of land for which subdivision or other land development permit approval is required of the City | N | N | N | N | A | S N | N | A N | N | N | N | N | N | N |  | N | N | N N | N | A | A A | A |  | OAK GROVE CITY CODE |  |  | Freestanding | Freestanding | Freestanding | Freestanding | Freestanding | Freestanding | Freestanding | Freestanding | Freestanding |  |  |  |  |  |  |  | Other | Other | Other | Other | Other | Other |
| --- | --- | --- | --- | --- | --- | --- | --- | --- | --- | --- | --- | --- | --- | --- | --- | --- | --- | --- | --- | --- | --- | --- | --- |
| Use Category | Definition | Billboard | Changeable Copy | Construction | Future Tenant | Informational Monument | Pole | Portable | Real Estate | Awning/Canopy | Banner Building Marker | Changeable Copy | Future Tenant | Informational | Marquee | Projecting | Roof (except through alternative process) Suspended | Wall | Window/Door | Banner | Flag | Future Tenant | Special Event |
| A=Administrative Permit Required; S=Standard Sign Permit Required; E=Exempt from Permit; N=Not Allowed/Prohibited except with Alternative Sign Permit \* Residential (cont) |  |  |  |  |  |  |  |  |  |  |  |  |  |  |  |  |  |  |  |  |  |  |  |
| Group Living | Residential occupancy of a structure by a group of people who do not meet the definition of 'Household Living' | N | N | N | N | A S | N | N | E | N N | A | N |  | N | A N | N | N | N N | N | N | A | N | N |
| \* Public and Quasi-Public |  |  |  |  |  |  |  |  |  |  |  |  |  |  |  |  |  |  |  |  |  |  |  |
| Airport or Airstrip | Facilities for the landing and takeoff of flying vehicles, including loading and unloading areas | N | S | A | A | A S | N | S | A | S S | A | S | A | A | N | S | S | S S | S | S | A | A | A |
| College | Colleges and institutions of higher learning | N | S | A | A | A S | N | S | A | S S | A | S | A | A N |  | S | S | S S | S | S | A | A | A |
| Community Service | Uses providing a local service to the community | N | S | A | A | A S | N | S | A | S S | A | A | A | A | N | S | S | S S | S | S | A | A | A | UNIFIED DEVELOPMENT CODE |  |  | Freestanding | Freestanding | Freestanding | Freestanding | Freestanding | Freestanding | Freestanding | Freestanding | Building | Building | Building | Building | Building | Building | Building | Building | Building | Building | Building | Other | Other | Other | Other | Other |
| --- | --- | --- | --- | --- | --- | --- | --- | --- | --- | --- | --- | --- | --- | --- | --- | --- | --- | --- | --- | --- | --- | --- | --- | --- | --- |
| Use Category | Definition | Billboard | Changeable Copy | Construction | Future Tenant | Informational Monument | Pole | Portable | Real Estate | Awning/Canopy | Banner | Building Marker | Changeable Copy | Future Tenant | Informational | Marquee | Projecting | Roof (except through alternative process) | Suspended | Wall | Window/Door | Banner | Flag | Future Tenant | Special Event |
| A=Administrative Permit Required; S=Standard Sign Permit Required; E=Exempt from Permit; N=Not Allowed/Prohibited except with Alternative Sign Permit |  |  |  |  |  |  |  |  |  |  |  |  |  |  |  |  |  |  |  |  |  |  |  |  |  |
| \* Public and Quasi-Public (cont) |  |  |  |  |  |  |  |  |  |  |  |  |  |  |  |  |  |  |  |  |  |  |  |  |  |
| Day Care | Care, protection and supervision for children and adults on a regular basis away from their primary residence for less than 24 hours per day | N | N | A | A | A S | N | S | A | S | S | A | A | A | A | N | S |  | S S | S | S S |  | A | A | A |
| Detention Facilities | Facilities for the detention or incarceration of people | N | N | A | A | A S | N | S | A | S | S | A | A | A | A | N |  | S | S | S S | S |  | S | A A | A |"
13,Additional Zoning Details,Attachment 3 - Table 1 - Permitted Sign by Use,sub-sec-13.3,https://ecode360.com/attachment/310548/OA3380-405c%20Table%201.pdf,https://zoneomics.com/code/5578/chapter_13#13.3,True,2,"| Hospitals S | Medical or surgical care to patients, overnight care available | N | N | A | A | A | N | S | A | S | S | A | A | A | A | N | S | S |  | S S | S | S | A | A | A |
| Religious Assembly | Meeting area for religious activities providing seating for at least 500 | N | N | A | A | A S | N | S | A | S | S | A | A | A | A | N | S | S |  | S | S S | S | A | A | A |
| Safety Services | Public school safety and emergency response services | N | N | A | A | A S | N | S | A | S | S | A | A | A A | N |  | S | S | S |  | S | S | S | A A | A |
| Schools | Schools at the primary, elementary, middle, junior high or high school level | N | N | A | A | A S | N | S | A | S | S | A | A | A A | N |  | S | S | S S | S |  | S | A | A | A | OAK GROVE CITY CODE |  |  | Freestanding | Freestanding | Freestanding | Freestanding | Freestanding | Freestanding | Freestanding | Freestanding | Building | Building | Building | Building | Building | Building | Building | Building | Building | Other | Other | Other | Other | Other |
| --- | --- | --- | --- | --- | --- | --- | --- | --- | --- | --- | --- | --- | --- | --- | --- | --- | --- | --- | --- | --- | --- | --- | --- |
| Use Category | Definition | Billboard | Changeable Copy | Construction | Future Tenant | Informational Monument | Pole | Portable | Real Estate | Awning/Canopy | Banner | Building Marker | Changeable Copy | Future Tenant Informational | Marquee | Projecting | Roof (except through alternative process) | Suspended Wall | Window/Door | Banner | Flag Future Tenant | Special Event |  |
| A=Administrative Permit Required; S=Standard Sign Permit Required; E=Exempt from Permit; N=Not Allowed/Prohibited except with Alternative Sign Permit |  |  |  |  |  |  |  |  |  |  |  |  |  |  |  |  |  |  |  |  |  |  |  |
| \* Commercial |  |  |  |  |  |  |  |  |  |  |  |  |  |  |  |  |  |  |  |  |  |  |  |
| Entertainment Event | Activities and structures that draw large numbers of people to specific events or shows | N | N | A | A | A S | N | S | A | S | S | A | A | A A | N | S | S | S S | S | S A | A | A |  |
| Office | Activities conducted in an office setting and generally focusing on business, government, professional, medical or financial services | N | N | A | A | A S | N | S | A | S | S | A | A | A A | N | S | S | S S | S | S | A A | A |  |
| Parking, Commercial | Parking that is not accessory to a specific use; fees may be charged | N | N | A | A | A S | N | S | A | S | S | A | A A | A N |  | S | S | S S | S | S | A A | A |  |
| Recreation and Entertainment | Large, generally commercial uses that provide recreation or entertainment-oriented activities | N | S | A | A | A S | N | S | A | S | S A |  | A A | A N |  | S | S | S | S | S | S A A | A |  | UNIFIED DEVELOPMENT CODE |  |  | Freestanding | Freestanding | Freestanding | Freestanding | Freestanding | Freestanding | Freestanding | Freestanding | Building | Building | Building | Building | Building | Building | Building | Building | Building | Building | Other | Other | Other | Other | Other |
| --- | --- | --- | --- | --- | --- | --- | --- | --- | --- | --- | --- | --- | --- | --- | --- | --- | --- | --- | --- | --- | --- | --- | --- | --- |
| Use Category | Definition | Billboard | Changeable Copy | Construction | Future Tenant | Informational Monument | Pole | Portable | Real Estate | Awning/Canopy | Banner | Building Marker | Changeable Copy | Future Tenant Informational | Marquee | Projecting | Roof (except through alternative process) | Suspended | Wall | Window/Door | Banner | Flag | Future Tenant | Special Event |
| A=Administrative Permit Required; S=Standard Sign Permit Required; E=Exempt from Permit; N=Not Allowed/Prohibited except with Alternative Sign Permit |  |  |  |  |  |  |  |  |  |  |  |  |  |  |  |  |  |  |  |  |  |  |  |  |
| \* Commercial (cont) |  |  |  |  |  |  |  |  |  |  |  |  |  |  |  |  |  |  |  |  |  |  |  |  |
| Retail Sales and Services | Firms involved in the sale, lease or rental of new or used products to the general public; also includes provision of personal services or entertainment; also includes provision of product repair | N | S | A | A | A S | N | S | A | S | S | A | A | A A | N | S |  | S S | S | S S | A |  | A | A |
| Self-Storage | Uses providing separate storage areas for individual or business uses | N | N | A | A | A | S N | S |  | A S | S | A | A | A A | N |  | S | S | S S | S | S | A | A | A |
| Vehicle Repair | Service to passenger vehicles, light and medium trucks, and other consumer motor vehicles; generally does not include on-site customer waiting area | N | N | A | A | A | S N | S | A | S | S | A | A A | A | N | S | S |  | S S | S | S | A | A | A |
| Vehicle Service, Limited | Direct services to motor vehicles where customers wait in the car or on-site | N | N | A | A | A S | N | S | A | S | S | A | A A | A N |  | S | S |  | S | S | S | S | A A | A | OAK GROVE CITY CODE |  |  | Freestanding | Freestanding | Freestanding | Freestanding | Freestanding | Freestanding | Freestanding | Freestanding | Building | Building | Building | Building | Building | Building | Building | Building | Other | Other | Other | Other | Other | Other |
| --- | --- | --- | --- | --- | --- | --- | --- | --- | --- | --- | --- | --- | --- | --- | --- | --- | --- | --- | --- | --- | --- | --- | --- |"
13,Additional Zoning Details,Attachment 3 - Table 1 - Permitted Sign by Use,sub-sec-13.3,https://ecode360.com/attachment/310548/OA3380-405c%20Table%201.pdf,https://zoneomics.com/code/5578/chapter_13#13.3,True,3,"| Use Category | Definition | Billboard | Changeable Copy | Construction | Future Tenant | Informational Monument | Pole | Portable | Real Estate | Awning/Canopy |  | Banner Building Marker | Changeable Copy | Future Tenant Informational | Marquee | Projecting | Roof (except through alternative process) Suspended | Wall Window/Door | Banner |  | Flag | Future Tenant | Special Event |
| A=Administrative Permit Required; S=Standard Sign Permit Required; E=Exempt from Permit; N=Not Allowed/Prohibited except with Alternative Sign Permit |  |  |  |  |  |  |  |  |  |  |  |  |  |  |  |  |  |  |  |  |  |  |  |
| \* Manufacturing, Industrial and Extractive |  |  |  |  |  |  |  |  |  |  |  |  |  |  |  |  |  |  |  |  |  |  |  |
| Industrial Service | Firms engaged in the repair or servicing of industrial, business or consumer machinery, equipment, products or by-products | N | N | A | A | A S | N | S | A | S |  | S A | A | A | A | N S | S | S S | S | S | A | A | A |
| Manufacturing and Production | Firms involved in the manufacturing, processing, fabrication, packaging or assembly of goods | N | N | A | A | A S | N | N | A | S | S | A | A | A A | N | S | S | S S | S | S | A | A | A |
| Mining | Mining or extraction of mineral or aggregate resources from the ground for off-site use | N | N | A | A | A S | N | N | A | S | S | A | A | A A | N | S | S S | S | S | S | A | A | A |
| Warehouse and Freight Storage | Firms involved in the storage or movement of goods | N | N | A | A | A S | N | N | A | S | S | A | A | A A | N | S | S | S S | S | S | A | A | A | UNIFIED DEVELOPMENT CODE |  |  | Freestanding | Freestanding | Freestanding | Freestanding | Freestanding | Freestanding | Freestanding | Freestanding | Building | Building | Building | Building | Building | Building | Building | Building | Building | Other | Other | Other | Other | Other | Other |
| --- | --- | --- | --- | --- | --- | --- | --- | --- | --- | --- | --- | --- | --- | --- | --- | --- | --- | --- | --- | --- | --- | --- | --- | --- |
| Use Category | Definition | Billboard | Changeable Copy | Construction | Future Tenant | Informational Monument | Pole | Portable | Real Estate | Awning/Canopy | Banner | Building Marker | Changeable Copy | Future Tenant Informational | Marquee Projecting |  | Roof (except through alternative process) | Suspended Wall | Window/Door | Banner |  | Flag | Future Tenant | Special Event |
| A=Administrative Permit Required; S=Standard Sign Permit Required; E=Exempt from Permit; N=Not Allowed/Prohibited except with Alternative Sign Permit |  |  |  |  |  |  |  |  |  |  |  |  |  |  |  |  |  |  |  |  |  |  |  |  |
| \* Manufacturing, Industrial and Extractive (cont) |  |  |  |  |  |  |  |  |  |  |  |  |  |  |  |  |  |  |  |  |  |  |  |  |
| Waste-related | Using that receive solid or liquid wastes from others for disposal on the site or for transfer to another location; uses that collect sanitary wastes; or uses that manufacture or produce goods or energy from the composting of organic material | N | N | A | A | A | S N | S | A | S | S | A | A | A | A N | S | S | S | S | S | S | A | A | A |
| Wholesale Sales | Firms involved in the sale, lease or rental of products primarily intended for industrial, institutional or commercial business | N | N | A | A | A | S N | S | A | S | S | A | A | A A | N | S | S |  | S S | S | S | A | A | A |
| \* Corridors |  |  |  |  |  |  |  |  |  |  |  |  |  |  |  |  |  |  |  |  |  |  |  |  |
| Interstate 70 | See Section 405.310(G) and 405.310(H) | S | S | A | A | A S | S | S | A | S | S | A | A | A A | N | S | S |  | S S | S | S | A | A | A |
| Central Business District |  | N | S | A | A | A S | N | S | A | S | S | A | A | A A | S S | S |  |  | S S | S | S | A | A | A | OAK GROVE CITY CODE |  |  | Freestanding | Freestanding | Freestanding | Freestanding | Freestanding | Freestanding | Freestanding | Freestanding | Building | Building | Building | Building | Building | Building | Building | Building | Building | Building | Other | Other | Other | Other | Other |
| --- | --- | --- | --- | --- | --- | --- | --- | --- | --- | --- | --- | --- | --- | --- | --- | --- | --- | --- | --- | --- | --- | --- | --- | --- |
| Use Category | Definition | Billboard | Changeable Copy | Construction | Future Tenant | Informational Monument | Pole | Portable | Real Estate | Awning/Canopy |  | Banner Building Marker | Changeable Copy | Future Tenant | Informational | Marquee | Projecting | Roof (except through alternative process) | Suspended Wall | Window/Door | Banner | Flag Future Tenant | Special Event |  |
| A=Administrative Permit Required; S=Standard Sign Permit Required; E=Exempt from Permit; N=Not Allowed/Prohibited except with Alternative Sign Permit |  |  |  |  |  |  |  |  |  |  |  |  |  |  |  |  |  |  |  |  |  |  |  |  |
| \* Agriculture |  |  |  |  |  |  |  |  |  |  |  |  |  |  |  |  |  |  |  |  |  |  |  |  |
| Agriculture | Firms involved in the sale, lease or rental of products primarily intended for industrial, institutional or commercial business | N | N A |  | A | A S | N | S | A | S | S | A | A | A |  | A N | S | S | S S | S S | A | A | A |  |
| Agriculture Sales | Raising, producing or keeping plants or animals | N | N | A | A | A S | N | S | A | S | S | A | A | A | A | N |  | S S | S S | S | S | A A | A |  || Agriculture Processing | Initial processing of crop- based agricultural products | N | N | A | A | A S | N | S | A | S | S | A | A | A | A N |  | S | S | S S | S | S | A A | A |  |
| Wholesale Sales | Firms involved in the sale, lease or rental of products primarily intended for industrial, institutional or commercial business | N | N | A | A | A S | N | S | A | S | S | A | A | A | A N |  | S | S | S | S | S | S A A | A |  |"
13,Additional Zoning Details,Attachment 4 - Table 2 - Maximum Sign Area by Use,sub-sec-13.4,https://ecode360.com/attachment/310548/OA3380-405d%20Table%202.pdf,https://zoneomics.com/code/5578/chapter_13#13.4,True,1,"UNIFIED DEVELOPMENT CODE 405 Attachment 4 City of Oak Grove TABLE 2 Maximum Sign Area by Use [Ord.
No.
1383 Tbl.
2, 1-6-2003] | \* Measurement standards for individual signs are provided in Sections \* The maximum total area of all signs by use shall not exceed the more restrictive of the following: | \* Measurement standards for individual signs are provided in Sections \* The maximum total area of all signs by use shall not exceed the more restrictive of the following: | \* Measurement standards for individual signs are provided in Sections \* The maximum total area of all signs by use shall not exceed the more restrictive of the following: | \* Measurement standards for individual signs are provided in Sections \* The maximum total area of all signs by use shall not exceed the more restrictive of the following: | \* Measurement standards for individual signs are provided in Sections \* The maximum total area of all signs by use shall not exceed the more restrictive of the following: | \* Measurement standards for individual signs are provided in Sections \* The maximum total area of all signs by use shall not exceed the more restrictive of the following: | \* Measurement standards for individual signs are provided in Sections \* The maximum total area of all signs by use shall not exceed the more restrictive of the following: |
| --- | --- | --- | --- | --- | --- | --- |
|  |  | All Signs | Freestanding Signs | Building Signs | Building Signs | Other Signs |
|  |  | Maximum Area | Maximum Number and Type, Sign Permit Required | Maximum Number and Type, Sign Permit Required | Maximum Exempt Signs | Maximum Number and Type, Sign Permit Required |
| \*Residential | \*Residential | \*Residential | \*Residential | \*Residential | \*Residential | \*Residential |
| 1 | Household | 6 s.f. sign area; home occupation signs limited to 1:5 s.f. | 1 | 1 | 1 per frontage on public right- of-way | 0 (Home Occupation signs prohibited) |
| 2 | Subdivision Development | 120 s.f. sign area, not including monument base; home occupation signs prohibited | 2 monuments per entrance; other signs through Master Sign Plan | 0, signs determined by individual use | 0 | Total number of banners determined by available maximum sign area |
| 3 | Multi-family Development | 120 s.f. signa area, not including monument base; home occupation signs prohibited | 2 monuments per entrance; other signs through Master Sign Plan | 0, signs determined by individual use | 0 | Total number of banners determined by available maximum sign area |
| 4 | Group | 30 s.f. sign area; home occupation signs prohibited | 0 (Home Occupation signs prohibited) | 0 (Home Occupation signs prohibited) | 1 per frontage on public right- of-way | Total number of banners determined by available maximum sign area |
| \* Public and Quasi-Public | \* Public and Quasi-Public | \* Public and Quasi-Public | \* Public and Quasi-Public | Maximum sign area 100 s.f. per building elevation on elevations facing public right-of-way | Maximum sign area 100 s.f. per building elevation on elevations facing public right-of-way |  |
| 1 | Airport | .5 s.f. of sign area per linear foot street frontage | 1 monument per frontage on collector street or higher; 1 informational per driveway | 10% of building facade, only facades facing public right-of- way | As permitted by maximum area measurement | Total number of banners determined by available maximum sign area | OAK GROVE CITY CODE | \* Measurement standards for individual signs are provided in Sections \* The maximum total area of all signs by use shall not exceed the more restrictive of the following: | \* Measurement standards for individual signs are provided in Sections \* The maximum total area of all signs by use shall not exceed the more restrictive of the following: | \* Measurement standards for individual signs are provided in Sections \* The maximum total area of all signs by use shall not exceed the more restrictive of the following: | \* Measurement standards for individual signs are provided in Sections \* The maximum total area of all signs by use shall not exceed the more restrictive of the following: | \* Measurement standards for individual signs are provided in Sections \* The maximum total area of all signs by use shall not exceed the more restrictive of the following: | \* Measurement standards for individual signs are provided in Sections \* The maximum total area of all signs by use shall not exceed the more restrictive of the following: | \* Measurement standards for individual signs are provided in Sections \* The maximum total area of all signs by use shall not exceed the more restrictive of the following: |
| --- | --- | --- | --- | --- | --- | --- |
|  |  | All Signs | Freestanding Signs | Building Signs | Building Signs | Other |
|  |  | Maximum Area | Maximum Number and Type, Sign Permit Required | Maximum Number and Type, Sign Permit Required | Maximum Exempt Signs | Maximum Number and Type, Sign Permit Required |
| \* Public and Quasi-Public (cont) | \* Public and Quasi-Public (cont) | \* Public and Quasi-Public (cont) | \* Public and Quasi-Public (cont) | Maximum sign area 100 s.f. per building elevation on elevations facing public right-of-way | Maximum sign area 100 s.f. per building elevation on elevations facing public right-of-way |  |
| 2 | College | .5 s.f. of sign area per linear foot street frontage | 1 monument per frontage on collector street or higher; 1 informational per driveway | 6% of building facade, only facades facing public right-of- way | As permitted by maximum area measurement | Total number of banners determined by available maximum sign area |
| 3 | Community Service | .5 s.f. of sign area per linear foot street frontage | 1 monument per frontage on collector street or higher; 1 informational per driveway | 6% of building facade, only facades facing public right-of- way | As permitted by maximum area measurement | Total number of banners determined by available maximum sign area |
| 4 | Day Care | .5 s.f. of sign area per linear foot street frontage | 1 monument per frontage on collector street or higher; 1 informational per driveway | 6% of building facade, only facades facing public right-of- way | As permitted by maximum area measurement | Total number of banners determined by available maximum sign area |
| 5 | Hospital | .5 s.f. of sign area per linear foot street frontage | 1 monument per frontage on collector street or higher; 1 informational per driveway | 10% of building facade, only facades facing public right-of- way | As permitted by maximum area measurement | Total number of banners determined by available maximum sign area |"
13,Additional Zoning Details,Attachment 4 - Table 2 - Maximum Sign Area by Use,sub-sec-13.4,https://ecode360.com/attachment/310548/OA3380-405d%20Table%202.pdf,https://zoneomics.com/code/5578/chapter_13#13.4,True,2,"| 6 | Religious Assembly | .5 s.f. of sign area per linear foot street frontage | 1 monument per frontage on collector street or higher; 1 informational per driveway | 6% of building facade, only facades facing public right-of- way | As permitted by maximum area measurement | Total number of banners determined by available maximum sign area |
| 7 | Safety Services | .5 s.f. of sign area per linear foot street frontage | 1 monument per frontage on collector street or higher; 1 informational per driveway | 6% of building facade, only facades facing public right-of- way | As permitted by maximum area measurement | Total number of banners determined by available maximum sign area |
| 8 |  | .5 s.f. of sign area per linear foot street frontage | 1 monument per frontage on collector street or higher; 1 informational per driveway | 6% of building facade, only facades facing public right-of- way |  |  |
| \* Commercial Maximum sign area 200 s.f. per building elevation on elevation facing public right-of-way | \* Commercial Maximum sign area 200 s.f. per building elevation on elevation facing public right-of-way | \* Commercial Maximum sign area 200 s.f. per building elevation on elevation facing public right-of-way | \* Commercial Maximum sign area 200 s.f. per building elevation on elevation facing public right-of-way | \* Commercial Maximum sign area 200 s.f. per building elevation on elevation facing public right-of-way | \* Commercial Maximum sign area 200 s.f. per building elevation on elevation facing public right-of-way | \* Commercial Maximum sign area 200 s.f. per building elevation on elevation facing public right-of-way |
| 1 | Entertainment Event | 1.5 s.f. of sign area per linear foot street frontage | 1 monument per frontage on collector street or higher; 1 informational per driveway | 10% of building facade, only facades facing public right-of- way | As permitted by maximum area measurement | Total number of banners determined by available maximum sign area | UNIFIED DEVELOPMENT CODE | \* Measurement standards for individual signs are provided in Sections \* The maximum total area of all signs by use shall not exceed the more restrictive of the following: | \* Measurement standards for individual signs are provided in Sections \* The maximum total area of all signs by use shall not exceed the more restrictive of the following: | \* Measurement standards for individual signs are provided in Sections \* The maximum total area of all signs by use shall not exceed the more restrictive of the following: | \* Measurement standards for individual signs are provided in Sections \* The maximum total area of all signs by use shall not exceed the more restrictive of the following: | \* Measurement standards for individual signs are provided in Sections \* The maximum total area of all signs by use shall not exceed the more restrictive of the following: | \* Measurement standards for individual signs are provided in Sections \* The maximum total area of all signs by use shall not exceed the more restrictive of the following: | \* Measurement standards for individual signs are provided in Sections \* The maximum total area of all signs by use shall not exceed the more restrictive of the following: |
| --- | --- | --- | --- | --- | --- | --- |
|  |  | All Signs | Freestanding Signs | Building Signs | Building Signs | Other Signs |
|  |  | Maximum Area | Maximum Number and Type, Sign Permit Required | Maximum Number and Type, Sign Permit Required | Maximum Exempt Signs | Maximum Number and Type, Sign Permit Required |
| \* Commercial (cont) Maximum sign area 200 s.f. per building elevation on elevation facing public right-of-way | \* Commercial (cont) Maximum sign area 200 s.f. per building elevation on elevation facing public right-of-way | \* Commercial (cont) Maximum sign area 200 s.f. per building elevation on elevation facing public right-of-way | \* Commercial (cont) Maximum sign area 200 s.f. per building elevation on elevation facing public right-of-way | \* Commercial (cont) Maximum sign area 200 s.f. per building elevation on elevation facing public right-of-way | \* Commercial (cont) Maximum sign area 200 s.f. per building elevation on elevation facing public right-of-way | \* Commercial (cont) Maximum sign area 200 s.f. per building elevation on elevation facing public right-of-way |
| 2 | Office | 1 s.f. of sign area per linear foot street frontage | 1 monument per frontage on collector street or higher; 1 informational per driveway | 10% of building facade, only facades facing public right-of- way | As permitted by maximum area measurement | Total number of banners determined by available maximum sign area |
| 3 | Office Park | 2 s.f. of sign area per linear foot street frontage | 1 monument per frontage in addition to individual building and wall signs as determined by Master Sign Plan; 1 informational per driveway | Determined by individual building use | Determined by individual building use | Total number of banners determined by available maximum sign area |
| 4 | Parking, Commercial | .5 s.f. of sign area per linear foot street frontage | 1 monument per frontage on collector street or higher; 1 informational per driveway | 10% of building facade, only facades facing public right-of- way | As permitted by maximum area measurement | Total number of banners determined by available maximum sign area |
| 5 | Recreation Entertainment | 2 s.f. of sign area per linear foot street frontage | 1 monument per frontage on collector street or higher; 1 informational per driveway | 10% of building facade, only facades facing public right-of- way | As permitted by maximum area measurement | Total number of banners determined by available maximum sign area |
| 6 | Theater | (Same as Recreation) |  | Same as Recreation plus 1 marquee |  |  |
| 7 | Retail Sales/Service | 2 s.f. of sign area per linear foot street frontage | 1 monument per frontage on collector street or higher; 1 informational per driveway | 10% of building facade, only facades facing public right-of- way | As permitted by maximum area measurement | Total number of banners determined by available maximum sign area |
| 8 | Restaurant | 2 s.f. of sign area per linear foot street frontage | 1 monument per frontage; 2 changeable copy signs per drive-through lane; 1 informational per driveway | 10% of building facade, only facades facing public right-of- way | As permitted by maximum area measurement | Total number of banners determined by available maximum sign area |"
13,Additional Zoning Details,Attachment 4 - Table 2 - Maximum Sign Area by Use,sub-sec-13.4,https://ecode360.com/attachment/310548/OA3380-405d%20Table%202.pdf,https://zoneomics.com/code/5578/chapter_13#13.4,True,3,"| 9 | Self-Service Storage | 2 s.f. of sign area per linear foot street frontage | 1 monument per frontage; 2 changeable copy signs per drive-through lane; 1 informational per driveway | 10% of building facade, only facades facing public right-of- way | As permitted by maximum area measurement | Total number of banners determined by available maximum sign area | OAK GROVE CITY CODE | \* Measurement standards for individual signs are provided in Sections \* The maximum total area of all signs by use shall not exceed the more restrictive of the following: | \* Measurement standards for individual signs are provided in Sections \* The maximum total area of all signs by use shall not exceed the more restrictive of the following: | \* Measurement standards for individual signs are provided in Sections \* The maximum total area of all signs by use shall not exceed the more restrictive of the following: | \* Measurement standards for individual signs are provided in Sections \* The maximum total area of all signs by use shall not exceed the more restrictive of the following: | \* Measurement standards for individual signs are provided in Sections \* The maximum total area of all signs by use shall not exceed the more restrictive of the following: | \* Measurement standards for individual signs are provided in Sections \* The maximum total area of all signs by use shall not exceed the more restrictive of the following: | \* Measurement standards for individual signs are provided in Sections \* The maximum total area of all signs by use shall not exceed the more restrictive of the following: |
| --- | --- | --- | --- | --- | --- | --- |
|  |  |  | Freestanding Signs | Building Signs | Building Signs | Other |
|  |  | Maximum Area | Maximum Number and Type, Sign Permit Required | Maximum Number and Type, Sign Permit Required | Maximum Exempt Signs | Maximum Number and Type, Sign Permit Required |
| \* Commercial (cont) Maximum sign area 200 s.f. per building elevation on elevation facing public right-of-way | \* Commercial (cont) Maximum sign area 200 s.f. per building elevation on elevation facing public right-of-way | \* Commercial (cont) Maximum sign area 200 s.f. per building elevation on elevation facing public right-of-way | \* Commercial (cont) Maximum sign area 200 s.f. per building elevation on elevation facing public right-of-way | \* Commercial (cont) Maximum sign area 200 s.f. per building elevation on elevation facing public right-of-way | \* Commercial (cont) Maximum sign area 200 s.f. per building elevation on elevation facing public right-of-way | \* Commercial (cont) Maximum sign area 200 s.f. per building elevation on elevation facing public right-of-way |
| 10 | Shopping Center | 2 s.f. of sign area per linear foot street frontage |  | Determined by individual building use | Determined by individual building use | Total number of banners determined by available maximum sign area |
| 11 | Vehicle Repair/Service | 2 s.f. of sign area per linear foot street frontage | 1 monument per frontage; 1 informational per driveway | 10% of building facade, only facades facing public right-of- way | As permitted by maximum area measurement | Total number of banners determined by available maximum sign area |
| 12 | Fuel Motor Sales | 2 s.f. of sign area per linear foot street frontage |  | 10% of building facade, only facades facing public right-of- way | As permitted by maximum area measurement | Total number of banners determined by available maximum sign area |
| \* Manufacturing | \* Manufacturing | \* Manufacturing | \* Manufacturing | \* Manufacturing | \* Manufacturing | \* Manufacturing |
| 1 | Industrial Service | 2 s.f. of sign area per linear foot street frontage | 1 monument per frontage; 1 informational per driveway | 5% of building facade, only facades facing public right-of- way | As permitted by maximum area measurement | Total number of banners determined by available maximum sign area |
| 2 | Industrial Park |  |  |  |  | Total number of banners determined by available maximum sign area |
| 3 | Manufacturing |  | 1 monument per frontage; 1 informational per driveway | 5% of building facade, only facades facing public right-of- way | As permitted by maximum area measurement | Total number of banners determined by available maximum sign area |
| 4 | Mining |  | 1 monument per frontage; 1 informational per driveway | 5% of building facade, only facades facing public right-of- way | As permitted by maximum area measurement | Total number of banners determined by available maximum sign area |
| 5 | Warehousing | 2% of gross floor area of principal building | 1 monument per frontage; 1 informational per driveway | 5% of building facade, only facades facing public right-of- way | As permitted by maximum area measurement | Total number of banners determined by available maximum sign area |
| 6 | Waste-related | 2% of gross floor area of principal building | 1 monument per frontage; 1 informational per driveway | 5% of building facade, only facades facing public right-of- way | As permitted by maximum area measurement | Total number of banners determined by available maximum sign area | UNIFIED DEVELOPMENT CODE |  |  | All Signs Maximum Area | Freestanding Signs Maximum Number and Type, Sign Permit Required | Building Signs | Building Signs | Other Signs Maximum Number and Type, Sign Permit Required |
| --- | --- | --- | --- | --- | --- | --- |
|  |  | All Signs Maximum Area | Freestanding Signs Maximum Number and Type, Sign Permit Required | Maximum Number and Type, Sign Permit Required | Maximum Exempt Signs | Other Signs Maximum Number and Type, Sign Permit Required |
| \* Manufacturing (cont) | \* Manufacturing (cont) | \* Manufacturing (cont) | \* Manufacturing (cont) | \* Manufacturing (cont) | \* Manufacturing (cont) | \* Manufacturing (cont) |
| 7 | Wholesale Sales | 2% of gross floor area of principal building | 1 monument per frontage; 1 informational per driveway | 5% of building facade, only facades facing public right-of- way | As permitted by maximum area measurement | Total number of banners determined by available maximum sign area |
| \* Corridors | \* Corridors | \* Corridors | \* Corridors | \* Corridors | \* Corridors | \* Corridors |
| 1 | Interstate 70 | 2.25 s.f. sign area per linear foot street frontage | As determined by use category above |  |  |  |
| 2 | Central Business District | 25% wall area below 26 feet in height plus 10% wall area over 26 feet in height | As determined by use category above |  |  |  |
| \* Agricultural | \* Agricultural | \* Agricultural | \* Agricultural | \* Agricultural | \* Agricultural | \* Agricultural |"
13,Additional Zoning Details,Attachment 4 - Table 2 - Maximum Sign Area by Use,sub-sec-13.4,https://ecode360.com/attachment/310548/OA3380-405d%20Table%202.pdf,https://zoneomics.com/code/5578/chapter_13#13.4,True,4,"| 1 | Agricultural | 2% of gross floor area of principal building | 1 monument per frontage; 1 informational per driveway | 5% of building facade, only facades facing public right-of- way | As permitted by maximum area measurement | Total number of banners determined by available maximum sign area |
| 2 | Agricultural Sales | 2% of gross floor area of principal building | 1 monument per frontage; 1 informational per driveway | 5% of building facade, only facades facing public right-of- way | As permitted by maximum area measurement | Total number of banners determined by available maximum sign area |
| 3 | Agricultural Processing | 2% of gross floor area of principal building | 1 monument per frontage; 1 informational per driveway | 5% of building facade, only facades facing public right-of- way | As permitted by maximum area measurement | Total number of banners determined by available maximum sign area |"
