chapter_no,heading_1,heading_2,heading_3,sub_section_no,source_url,zoneomics_url,is_sub_chunk,sub_chunk_no,text
1,ARTICLE I. - IN GENERAL,Sec. 48-1. - Intent and purpose., ,sub-sec-1.1,https://library.municode.com/mo/lebanon/codes/code_of_ordinances?nodeId=COOR_CH48ZO_ARTIINGE_S48-1INPU,https://zoneomics.com/code/7395/chapter_1#1.1,False,0,"(a) These regulations have been based upon the comprehensive plan for the city.
Said comprehensive plan included estimates of population growth, land use surveys, a land use plan, plans for major thoroughfares, other transportation facilities, community facilities, public services and utilities, and a public works program.
(b) Need for public services and facilities in both size and location depends upon the character and intensity of land use.
Regulation of the use of land is thus fundamental to a coordinated optimum physical development of the community.
The land use regulations are intended to be the foundation of the entire process of improvement of the physical environment.
(c) The regulations are intended to preserve and protect existing property uses and values against adverse or unharmonious adjacent uses.
(d) The land use regulations divide the area into a number of zoning districts.
(1) The comprehensive plan included careful estimates of the land area requirements for the various land uses such as commerce, residence, industry, transportation, and public uses.
These urban uses should be directed into that land area where they may be most efficiently served by public services and facilities such as sewers, water, schools, parks and the like.
Remaining lands should be reserved for rural uses.
Consequently, the regulations include a rural district for non-urban land uses.
(2) In the past, residential neighborhoods have deteriorated because they were invaded by small isolated commercial uses and by more intensive residential uses such as duplexes or apartment buildings.
The great majority of our population desire to, and do, live in single-family homes which they own, and which are located on fairly large lots.
The regulations establish residential districts particularly designed to provide maximum protection for single-family homes.
(3) Two-family and multiple-family uses are permitted as conditional uses in RS-2 residential and commercial districts.
Density, yard, and parking regulations would ensure good living conditions in these areas.
Much of present-day building is by large projects instead of lot by lot.
The regulations provide for planned unit developments which may be located in any district with approval of the site plan.
This introduces an important measure of flexibility into the regulations.
(4) DTBD recognize the different types of commercial areas that will be needed for the future growth of the community.
This area is in the heart of Lebanon.
(5) Commercial districts recognize the different types of commercial areas that will be needed for the future growth of the community.
This area is located outside of the DTBD.
(6) For industry there are two districts, a light industrial district for non-obnoxious manufacturing and a general or unrestricted industrial district.
(7) The regulations are reasonable in relation to existing conditions.
Yard dimensions are adjusted to peculiarities of existing lots.
Lots that are now too small may be used.
The nonconforming uses are permitted with zoning and planning approval to continue for adequate time periods.
(8) All uses are required to provide their own off-street parking (with a few exceptions).
Over a period of years, enforcement of these requirements will enable streets to be used primarily for traffic movement.
(9) Each of the regulations has been designed to work harmoniously with the others with the totality providing that minimum degree of land use control essential to the realization of the optimum urban environment.
(Ord.
No.
6886, § 1, 2-26-2024)"
1,ARTICLE I. - IN GENERAL,Sec. 48-2. - Definitions., ,sub-sec-1.2,https://library.municode.com/mo/lebanon/codes/code_of_ordinances?nodeId=COOR_CH48ZO_ARTIINGE_S48-2DE,https://zoneomics.com/code/7395/chapter_1#1.2,True,1,"The following words, terms and phrases, when used in this chapter, shall have the meanings ascribed to them in this section, except where the context clearly indicates a different meaning:
For the purposes of this chapter certain terms are hereby defined.
Words used in the present tense shall include the future; the singular number shall include the plural and the plural the singular; the term ""building"" shall include the term ""structure"" and ""premises""; the term ""shall"" is mandatory and not directory; the terms ""used"" or ""occupied"" include the terms ""intended,"" ""designed"" or ""arranged to be used or occupied""; the term ""lot"" includes the terms ""plot"" or ""parcel""; and the term ""person"" includes a firm, association, organization, partnership, trust, company or corporation as well as an individual.
Any work not herein defined shall be as defined in any recognized standard English dictionary.
Accessory building means a subordinate building, the use of which is incidental to and customary in connection with the principal building or use and which is located on the same lot with such principal building or use.
Accessory use means a subordinate use which is incidental to and customary in connection with the principal building or use and which is located on the same lot with such principal building or use.
Adult-oriented business means a business which offers its patrons goods of which a substantial or significant portion are sexually oriented materials, books, and/or videos.
Agricultural activity means agricultural activity, including forests and forest products, harvest and management, dairy farming, livestock grazing and pasturage, truck gardening, the raising of crops, fruit and nursery stock, fish farms, animal kennels and fur-bearing animal farms, and the harvesting, processing, packaging, packing, shipping, and selling of products produced on the premises, and incidental farm occupations and uses such as machinery, farm equipment and domestic repair and construction, excluding commercial feed lots.
Alley means a public or private thoroughfare which affords only a secondary means of access to abutting property.
Apartment.
See dwelling unit.
Apartment, DTBD—Downtown business district means any building or portion thereof which is designed and used exclusively for residential purposes on the second or third floor located within the DTBD—Downtown business district.
Apartment-loft, DTBD—Downtown business district means any building or portion thereof which is designed and used exclusively for residential purposes on the second or third floor of a building located within the DTBD—Downtown business district.
Arcade means a business establishment containing three or more coin-operated amusement devices.
Includes but not limited to pinball machines, shuffle alleys, claw machines, video game machines, etc.
This does not include no-chance gaming machines.
Artisan means a skilled craft worker who makes or creates material objects partly or entirely by hand.
Automobile service station means any land, building, structure, or premises used for the sale at retail of motor vehicle fuels, oils, or accessories, or for servicing or lubricating motor vehicles or installing or repairing parts and accessories, but not including the repairing or replacing of motors, bodies, or fenders of motor vehicles or painting motor vehicles, public garages, and the open storage of rental vehicles or trailers.
Basement means having one-half or more of its story below grade.
A basement is counted as a story for the purposes of height regulation if subdivision and used for dwelling purposes.
Billiard parlor means any of several games played with hard balls of ivory or a similar material that are driven with a cue on a cloth-covered table enclosed by a raised rim of rubber, especially a game played with a cue ball and two object balls on a table with or without pockets.
Brewery means a building or establishment for brewing beer or other malt liquors, especially the building where the brewing is done.
A factory where beer is made; a company that makes beer.
Thirty percent of food sales must be included in the brewery's total gross sales.
Board means board of adjustment established in section 48-325. Boardinghouse means a building, other than a hotel or apartment hotel, where for compensation and by prearrangement for definite periods, lodging, meals, or lodging and meals are provided for three or more persons.
Buildable area means the maximum depth and width of a lot left on which to build after the minimum front, side and rear yards are provided, as defined in division 3 of article III of this chapter.
Building means any structure having a roof supported by columns or walls for the shelter or enclosure of persons or property.
Building, height of means the vertical distance from the grade to:
(1) The highest point of a flat roof;
(2) The deck line of a mansard roof; or (3) The average height between eaves and ridge for gable, hip, and gambrel roofs.
Code administrator means the individual designated to administer this chapter and who is responsible for the enforcement of the regulations imposed by this chapter.
Carport means a structure consisting of a roof and support columns designed and intended for the storage of automotive vehicles.
Cellar means that part of a building having more than one-half of its height below the average grade of the adjoining ground.
Club means buildings and facilities owned or operated by a corporation, association, person for a social, educational, or recreational purpose, but not primarily for profit and not primarily to render a service which is customarily carried on as a business.
Clubhouse means a structure occupied for the use of parties, events, meetings, activities etc.
Commercial feed lot means an area of land to raising and feeding of livestock where the operation is not a part of normal agricultural activity.
Commission means the city zoning and planning commission.
Conditional use means a use allowed in a zoning district after a permit is granted by the city zoning and planning commission according to provisions of section 48-326. Correctional facility means a jail, prison, or other detention facility used to house people who have been arrested, detained, held, or convicted by a criminal justice agency or a court.
Court games means having a playing surface, paved or unpaved, with or without enclosing fences, designed to be used for playing or practicing tennis, badminton, volleyball, batting, handball, racquetball, squash, basketball, bocce ball or similar games."
1,ARTICLE I. - IN GENERAL,Sec. 48-2. - Definitions., ,sub-sec-1.2,https://library.municode.com/mo/lebanon/codes/code_of_ordinances?nodeId=COOR_CH48ZO_ARTIINGE_S48-2DE,https://zoneomics.com/code/7395/chapter_1#1.2,True,2,"Court means an open space, more than one-half of which is surrounded by buildings.
Day-care center means a group program providing care for more than ten children in a family home occupied by the day-care provider, or more than four children in a facility other than a family home.
Day-care home means a family home occupied by the day-care provider in which care is provided to ten children or less not related to the day-care provider.
Distillery means a factory where strong alcoholic drinks are produced by the process of distilling.
Distribution facility means a warehouse which is stocked with products to be redistributed to retailers, wholesalers, or directly to consumers.
District means a part of the city wherein regulations of this chapter are uniform.
Drive-in means any establishment for which business is transacted, services rendered, or goods sold while the customer remains in a vehicle, including, but not limited to, drive-in banks, cleaners, restaurants, and theaters.
Drive-up window means a window which customers are served through at a drive-through facility.
Dwelling means any building or portion thereof which is designed and used exclusively for residential purposes.
Dwelling, single-family means a building designed for or occupied exclusively for one family.
Dwelling, multiple means a building designed for or occupied exclusively by three or more families.
Dwelling, two-family means a building designed for or occupied exclusively by two families.
Dwelling unit means one or more rooms in a dwelling occupied or intended to be occupied as separate living quarters by a single-family as defined herein.
Family means one or more persons related by blood, marriage, or adoption, occupying a dwelling unit as an individual housekeeping organization.
A family may not include more than two people not related by blood, marriage, or adoption.
Farm.
See agricultural activity.
Fence means a structure for enclosure or screening.
Flea markets means an establishment, not including shopping centers, individual retail operations or sales conducted by a nonprofit or charitable organization, that is open to the general public and composed of stalls, rooms, stands or spaces used for the purpose of display and sale, exchange or barter of merchandise and where a fee may be charged to prospective buyers for admission and a fee may be charged for the privilege of offering or displaying such merchandise.
This will include any consignment sales.
Floor area means the square feet of floor space within the outside line of walls and includes the total of all space on all floors of a building.
The term ""floor area"" does not include porches, garages, or space in a basement or cellar when the basement or cellar space is used for storage or incidental uses.
Floor area ratio means the floor area of the building divided by the area of the lot.
Frontage means all the property on one side of a street or highway, between two intersecting streets (crossing or terminating) or for a distance of 400 feet on either side of a proposed building or structure, measured along the line of the street, or if the street is dead-ended, then all of the property abutting on one side between an intersecting street and the dead-end of the street, but not including property more than 400 feet distant on either side of a proposed building or structure.
Food truck court means an area approved by the City of Lebanon on a parcel of land where three or more food trucks are congregated where the tract of land contains an approved restroom and a hard surfaced parking lot and requires a conditional use in a CL limited commercial, C1 general commercial, C2 downtown commercial district, M1 industrial and M2 industrial districts.
Food truck means a motorized vehicle or vehicle towed trailer in which food is cooked and/or prepared to order and is served to walk-up customers.
Garage, private means a detached accessory or portion of a main building housing the automobiles of the occupants of the premises, but not commercial vehicles.
Garage, public means a building or portion thereof, other than a private or storage garage, designed or used for equipping, servicing, repairing, hiring, selling, storing, or parking motor-driven vehicles.
The term repairing shall not include an automotive body repair shop nor the rebuilding, dismantling, or storage of wrecked or junked vehicles.
Garage, storage means any building or premises, used for housing only motor-driven vehicles, other than trucks and commercial vehicles.
Grade means the average level of the finished surface of the ground adjacent to the exterior walls of the building.
Health care clinic or office means an establishment where patients are not lodged overnight but are admitted for examination, consultation, or treatment by one or more physicians, dentists, chiropractors, optometrists, or psychologists practicing their profession.
Height means when transferring to a tower or structure, the distance measured from the pre-existing grade level to the highest point on the tower or structure, even if said highest point is an antenna or lightning protection device.
Homeowners association (HOA) means an organization in a subdivision, planned community, duplex, townhouse or condominium building that makes and enforces rules for the properties and residents.
Home occupation means any occupation or profession carried on by a member of the immediate family, residing on the premises, in connection with which there is used no sign other than a nameplate, not more than one square foot in area, or no display that will indicate from the exterior that the building is being utilized in whole or part for any purpose other than that of a dwelling; there is no commodity sold upon the premises except that prepared on the premises; no person is employed other than a member of the immediate family residing on the premises; and no mechanical equipment is used except such as is customary for purely domestic household purposes.
Hotel means a building in which lodging is provided and offered to the public for compensation, and which is open to transient guests in contradistinction to a boardinghouse or lodging house as herein defined.
Institution means a nonprofit establishment for public use.
Internet café, also known as a cybercafé, means a café that provides Internet access to the public where fees for using a computer are generally charged as a time-based rate.
There shall be no more than six machines.
(This does not include no-chance gaming machines.)"
1,ARTICLE I. - IN GENERAL,Sec. 48-2. - Definitions., ,sub-sec-1.2,https://library.municode.com/mo/lebanon/codes/code_of_ordinances?nodeId=COOR_CH48ZO_ARTIINGE_S48-2DE,https://zoneomics.com/code/7395/chapter_1#1.2,True,3,"Kennel means an establishment where small animals are boarded for compensation or where dogs are bred or raised on a commercial scale.
Landscaped area means an area that is permanently devoted and maintained to the growing of shrubbery, grass, and other plant material.
Loading space means a space within the main building or on the same lot for standing, loading, or unloading of trucks, having a minimum area of 540 square feet, a minimum width of 12 feet, a minimum depth of 35 feet, and a vertical clearance of at least
14.5 feet.
Lodging house or rooming house.
See boardinghouse.
Lot means a parcel of land occupied or intended for occupancy by a use permitted in this chapter, including one main building together with its accessory buildings, open spaces and parking spaces required by this chapter, and having its principal frontage upon a road or street.
Lot, corner means a lot abutting upon two or more streets at their intersections.
Lot, depth means the mean horizontal distance between the front and rear lot lines.
Lot, double frontage means a lot having a frontage on two nonintersecting roads, as distinguished from a corner lot.
Lot, interior means a lot other than a corner lot.
Lot of record means a lot or parcel of land the plat or deed of which has been recorded prior to the adoption of the ordinance from which this chapter is derived.
Lot, width means the width of a lot at the front yard line.
Lounge means a place for lounging, such as a room in a public building for leisure activities lobby, a room in a public building often combining lounging, smoking, and toilet facilities.
Public room, as in a hotel, theater, or club, in which to sit and relax.
Manufactured home, formerly defined as a mobile home in this chapter, means a factory-built structure that is manufactured or constructed under the authority of 42 USC 5401, bears a seal used by the public service commission in compliance with the provisions of RSMo
700.015 and is to be used as a place of human habitation but which is not constructed or equipped with a permanent hitch or other device allowing it to be moved other than for the purpose of moving to a permanent site, and which does not have permanently attached to its body or frame any wheels or axles.
A mobile home is not a manufactured home.
Manufacturing means the creation or production of goods with the help of equipment, labor, machines, tools, and chemical or biological processing or formulation.
It is the essence of the secondary sector of the economy.
Marijuana means cannabis indica, cannabis sativa, and cannabis ruderalis, hybrids of such species, and any other strains commonly understood within the scientific community to constitute marijuana, as well as seed thereof and resin extracted from the plant and marijuana-infused products.
The term ""marijuana"" does not include industrial hemp containing a crop-wide average tetrahydrocannabinol concentration that does not exceed three-tenths of one percent on a dry weight basis, or commodities or products manufactured from industrial hemp.
Marijuana-infused products means products that are infused with marijuana or an extract thereof and are intended for use or consumption other than by smoking, including, but not limited to, edible products, ointments, tinctures, and concentrates.
Marijuana cultivation facility means a facility licensed by the state to acquire, cultivate, process, store, transport, and sell marijuana to a medical dispensary facility, marijuana testing facility, or to a marijuana-infused products manufacturing facility.
Marijuana dispensary facility means a facility licensed by the state to acquire, store, sell, transport, and deliver marijuana, marijuana-infused products and drug paraphernalia.
Marijuana-infused products manufacturing facility means a facility licensed by the state, to acquire, store, manufacture, transport, and sell marijuana-infused products to a marijuana dispensary facility, a marijuana test facility, or to another marijuana-infused projects manufacturing facility.
Type 1: extraction facility means a facility which uses combustible gases, CO2 or other hazardous substances in the marijuana extraction process.
Type 2: post-extraction facility means a facility which uses marijuana extractions to incorporate into edibles, ointments, etc., and does not use combustible gases, CO2 or other hazardous substances.
Marijuana testing facility means a facility certified by the state, to acquire, test, certify, and transport marijuana.
Mini storage means a building under single ownership in which space is rented for storage purposes.
Mobile home or trailer means a transportable, factory-built home with a title, that is designed to be used as a year-round residential dwelling and built prior to the enactment of the National Federal Manufactured Housing Construction and Safety Standards Act of 1974, 42 USC
5401 et seq., which became effective June 15, 1976. Mobile home park means a parcel of land (zoned mobile home park) wherein two or more mobile homes as herein defined are located, whether for or without compensation and includes all accessory buildings.
The term ""mobile home park"" shall not include automobile or mobile home sales lots on which unoccupied mobile homes are parked for the purposes of inspection and sale.
Modular home means factory-built housing delivered in sections and must bear the seal issued by the state public service commission indicating compliance with the state modular standards and regulations for modular homes.
Modular homes must be a minimum of 28 feet wide.
Motel, motor court, motor lodge, or tourist court means any building or group of buildings containing guest rooms or dwelling units, some, or all of which have a separate entrance leading directly from the outside of the building with garage or parking space conveniently located on the lot, and designed, used, or intended wholly or in part for the accommodation of automobile transients.
No-chance gaming machines mean machines that resemble slot machines or computer systems that display like a slot machine where each prize to be awarded is predetermined and placed in the list of prizes before the software is loaded into the machine.
(There shall be no more than six machines at any one location.)
Nonconforming use means the unlawful use of land or a building, or a portion thereof, which use does not conform with the use regulations of the district in which it is located."
1,ARTICLE I. - IN GENERAL,Sec. 48-2. - Definitions., ,sub-sec-1.2,https://library.municode.com/mo/lebanon/codes/code_of_ordinances?nodeId=COOR_CH48ZO_ARTIINGE_S48-2DE,https://zoneomics.com/code/7395/chapter_1#1.2,True,4,"Nursing home means a home for the aged or infirm in which three or more persons not of the immediate family are received, kept, or provided with food and shelter, or care for compensation; but not including hospitals, clinics, or similar institutions devoted primarily to the diagnosis and treatment of the sick or injured.
Open area means that part of a lot on which no part of a building or structure extends above the following elevations:
(1) Two feet above the highest curb elevation of the street or streets that bound the lot;
(2) One foot above the adjacent curb elevation for each
1.25 feet the building or structure is set back from the street lot line, except that no portion of the structure shall exceed 12 feet above the adjacent curb elevation.
This provision shall not apply to walls or structures that do not extend more than four feet above the adjacent curb elevation.
Parking space means a surfaced area, enclosed or unenclosed, sufficient in size to store one automobile not less than nine feet wide and 20 feet long, together with a driveway connecting the parking space with a street, road or alley and permitting ingress and egress of that automobile without the necessity of moving any other automobile.
Penal facility means relating to or involving punishment, penalties, or punitive institutions, liable to punishment, a penal offense, used as a place of confinement and punishment, a penal colony.
Petting zoo means a zoo at which visitors, especially children, may handle and feed the animals.
Premises means a lot together with all buildings and structures thereon.
Restaurants with a bar means any establishment having a restaurant or similar facility that serves liquor on the premises where at least 40 percent of the gross income is derived from the sale of prepared meals or food consumed on the premises.
Short-term rental means a dwelling unit or sleeping unit for not more than 30 days; temporarily; briefly; not lasting; lasting only a short time.
You cannot sublease a residential structure for a short-term rental.
No mixed uses are allowed without the zoning and planning commission approval.
Sign means an identification, description, illustration, or device which is affixed to or represented directly or indirectly upon a building, structure, or land and which directs attention to a product, place, activity, person, institution, or business.
Smoke shop means a store that typically sells tobacco products and other nicotine vaping products, as well as similar products as head shops such as water pipes, dabbing rigs, vape pen batteries, and other related products.
Street means a public way which affords the principal means of access to abutting property.
Street centerline means the street centerline is a line halfway between the street lines.
Street line means a dividing line between a lot and contiguous street.
Structural alteration means any change except those required by law or ordinance, which would prolong the life of the supporting members of a building or structure, such as bearing walls, columns, beams, girders, not including openings in bearing walls as permitted by other ordinances.
Structure means anything constructed or erected with a fixed location on the ground or attached to something having a fixed location on the ground.
Among other things, structures include buildings, walls, fences, and signs.
Temporary event means an organized event which is open to the public, requires a permit or other approval from the city department, and takes place on public right-of-way/city property including but not limited to parades, charitable runs or walks, street fairs or festivals.
(Does not include picnics, barbecues, sports activities, or private events at park facilities, requiring permits from the parks department.)
Tourist home means an establishment used for dwelling purposes in which rooms, with or without meals, are offered to transient guests for compensation.
Tower, antenna, or pole means any structure designed primarily to support an antenna for receiving and/or transmitting electromagnetic waves or radio frequency or other wireless signals.
Vape shop means a retail outlet that specializes in the selling of electronic cigarette products, such as e-liquid, pods, or accessories for vaping.
Weapon range indoor means a fully enclosed and secure structure, that has a complete roof enclosure supported by connecting walls extending from the ground to the roof, and a foundation, slab, or equivalent base to which the floor is securely attached.
The structure must be secure against unauthorized entry, accessible only through one or more lockable doors, and constructed of solid materials that cannot easily be broken through.
Weapon range outdoor.
Not permitted.
Winery means a building or property that produces wine, or a business involved in the production of wine, such as a wine company.
Yard means an open space, other than a court on a lot, unoccupied and unobstructed from the ground upward, except as otherwise provided in this chapter.
Yard depth or width means the minimum front yard depth, the minimum rear yard depth or the minimum side yard width as defined in this section, or any extension of these yards to the front, rear, or sides of the principal building within the buildable area.
(The shortest horizontal distance in any yard from a lot line to the principal building should not be less than the minimum depth or width of each yard as defined in this section.)
Yard, front means a minimum yard across the full width of the lot extending from the front line of the principal buildable area to the front lot line as provided in this section, or any extension of a front yard to the front of the principal building within the buildable area.
On a corner lot, a secondary front yard facing the side street shall be provided, beveled at the intersection with the principal front yard and extending from the principal front yard to the rear lot line.
(Note:
This conforms with subsection 48-245(2) which provides for two front yards on a corner lot, one front yard facing each street.)
Yard, rear means a minimum yard across the full width of an interior lot extending from the rear line of the principal buildable area to the rear lot line as provided in this section, or any extension of a rear yard to the rear of the principal building within the buildable area.
On a corner lot, a rear yard extends from the interior side lot line to the secondary front yard facing the side street.Yard, side means a minimum yard between the principal buildable area and the side lot line and extending from the front yard line to the rear yard line as provided in this section, or any extension of a side yard to the side of the principal building within the buildable area.
(Ord.
No.
6886, § 1, 2-26-2024)"
1,ARTICLE I. - IN GENERAL,Sec. 48-3. - Interpretation., ,sub-sec-1.3,https://library.municode.com/mo/lebanon/codes/code_of_ordinances?nodeId=COOR_CH48ZO_ARTIINGE_S48-3IN,https://zoneomics.com/code/7395/chapter_1#1.3,False,0,"In interpreting and applying the provisions of this chapter, they shall be held to be the minimum requirements for the promotion of the public safety, health, convenience, comfort, morals, prosperity and general welfare.
It is not intended by this chapter to interfere with or abrogate or annul any easements, covenants, or other agreements between parties, except that if this chapter imposed a greater restriction, this chapter shall control.
(Ord.
No.
6886, § 1, 2-26-2024)"
1,ARTICLE I. - IN GENERAL,Sec. 48-4. - Districts and district boundaries., ,sub-sec-1.4,https://library.municode.com/mo/lebanon/codes/code_of_ordinances?nodeId=COOR_CH48ZO_ARTIINGE_S48-4DIDIBO,https://zoneomics.com/code/7395/chapter_1#1.4,False,0,"(a) The City of Lebanon, Missouri, is hereby divided into four types of districts:
(1) R districts-residential.
(2) DTBD downtown business district.
(3) C districts-commercial.
(4) M districts-industrial.
(b) The four types of districts are further divided into the following specific districts:
Expand |  |  |
| --- | --- |
| RU-1 | Rural |
| RU-2 | Cemetery |
| RS-1 | Residential |
| RS-2 | Residential |
| RS-3 | Residential — Duplexes, Condos, and Townhouses |
| RS-4 | Residential — Mobile homes without foundations |
| RS-5 | Residential — Mobile homes with foundations |
| DTBD | Downtown Business District |
| NC | Neighborhood Commercial |
| CL | Limited Commercial |
| C-1 | General Commercial |
| C-2 | Downtown Commercial |
| M-1 | Light Industrial |
| M-2 | General Industrial | (c) District boundaries.
(1) The boundaries of the districts are shown upon the map attached hereto and made a part hereof, which map is designated as the ""district map.""
The district map and all notations, references and other information shown thereon are a part of this chapter and have the same force and effect as if the district map and all the notations, references and other information shown thereon were all fully set forth or described herein, the original of which district map is properly attested and is on file with the city clerk of the city.
(2) Whenever any street, alley or other public way is vacated by official action of the city council of the city, the zoning district adjoining each side of such street, alley, or public way shall be automatically extended to the center of such vacation, and all area included in the vacation shall then and henceforth be subject to all appropriate regulations of the extended districts.
(3) All territory which may hereafter be annexed to the city shall automatically be placed in the most restrictive RS residential district until otherwise changed by ordinance.
(Ord.
No.
6886, § 1, 2-26-2024)"
1,ARTICLE I. - IN GENERAL,Sec. 48-5. - Procedure when uncertainty as to district boundaries exists., ,sub-sec-1.5,https://library.municode.com/mo/lebanon/codes/code_of_ordinances?nodeId=COOR_CH48ZO_ARTIINGE_S48-5PRWHUNDIBOEX,https://zoneomics.com/code/7395/chapter_1#1.5,False,0,"Where uncertainty exists with respect to the boundaries of the various districts as shown on the district zoning map accompanying and made a part of this chapter, the following rules apply:
(1) The district boundaries are either streets or alleys unless otherwise shown, and where the districts designated on the zoning map accompanying and made a part of this chapter are bounded approximately by street or alley lines, the street or alley shall be construed to be the boundary of the district.
(2) Where the district boundaries are not otherwise indicated, and where the property has been or may hereafter be divided into blocks and lots, the district boundaries shall be construed to be the lot lines, and where the districts designated on the district zoning map accompanying and made a part of this chapter are bounded approximately by lot lines, the lot lines shall be construed to be the boundary of the districts unless the boundaries are otherwise indicated on the district zoning map.
(3) In unsubdivided property, the district boundary lines on the district zoning map accompanying and made a part of this chapter shall be determined by use of the scale appearing on the map.
(Ord.
No.
6886, § 1, 2-26-2024)"
1,ARTICLE I. - IN GENERAL,Sec. 48-6. - General requirements and prohibitions applicable in all districts., ,sub-sec-1.6,https://library.municode.com/mo/lebanon/codes/code_of_ordinances?nodeId=COOR_CH48ZO_ARTIINGE_S48-6GEREPRAPALDI,https://zoneomics.com/code/7395/chapter_1#1.6,False,0,"Except as otherwise provided in this chapter:
(1) No building shall be erected, converted, enlarged, reconstructed, or structurally altered, nor shall any building or land be used except for a purpose permitted in the district in which the building or land is located.
(2) No building shall be erected, converted, enlarged, reconstructed, or structurally altered to exceed the height limit herein established for the district in which the building is located.
(3) No building shall be erected, converted, enlarged, reconstructed, or structurally altered except in conformity with the area regulations of the district in which the building is located.
(4) The density and yard regulations of this chapter are minimum regulations for every building existing at the effective date of the ordinance from which this chapter is derived and for any building hereafter erected or structurally altered.
No land required for yards or other open spaces about an existing building or any building hereafter or structurally altered shall be considered a yard or lot area for more than one building.
(5) Every building hereafter erected or structurally altered shall be located on a lot as herein defined and in no case shall there be more than one main building on a lot except as otherwise provided in this chapter.
(6) No building shall be erected or structurally altered to the extent specifically provided hereinafter except in conformity with the off-street parking and loading regulations of this chapter.
(7) Cooperation, condominiums, and all other forms of property ownership do not affect the provisions of these regulations and all requirements shall be observed as though the property were under single ownership.
(8) All inhabited mobile homes and trailers shall be in a mobile home park (trailer court) that has been zoned RS-4 or RS-5 residential.
No trailer outside an approved trailer court shall be connected to utilities except those trailers being offered for sale and not inhabited or being temporarily used.
(Ord.
No.
6886, § 1, 2-26-2024)"
1,ARTICLE I. - IN GENERAL,Sec. 48-7. - Access requirements (all districts)., ,sub-sec-1.7,https://library.municode.com/mo/lebanon/codes/code_of_ordinances?nodeId=COOR_CH48ZO_ARTIINGE_S48-7ACREALDI,https://zoneomics.com/code/7395/chapter_1#1.7,False,0,"(a) All entrances to public streets and roads shall be hard surfaced with Portland concrete or hot-mixed asphalt, which shall include the area extending from existing public street black top, or back of existing curb, to the public street right-of-way line.
(b) All entrances shall be designed with a minimum radius per the City of Lebanon's design standard drawings.
If the street is improved with barrier type curb and gutter, then the existing curb and gutter shall be removed and replaced per the City of Lebanon's design standard drawings.
(c) All developed parcels shall provide ingress and egress at both ends of each parking bay or parking lot with a provision for circulation of vehicles.
Parking areas that utilize a portion of public street right-of-way shall be paved with Portland cement or hot-mixed asphalt, and if the public street is improved with curb and gutter, then curb and gutter shall be continuous around perimeter of parking area.
These access requirements shall apply to permits issued after the effective date of this ordinance.
(Ord.
No.
6886, § 1, 2-26-2024)"
1,ARTICLE I. - IN GENERAL,"Sec. 48-8. - Site design requirements, surface, or underground storm water (all D districts).", ,sub-sec-1.8,https://library.municode.com/mo/lebanon/codes/code_of_ordinances?nodeId=COOR_CH48ZO_ARTIINGE_S48-8SIDERESUUNSTWAALDDI,https://zoneomics.com/code/7395/chapter_1#1.8,False,0,"Surface or underground storm drainage facilities shall be provided for all roads and drives and parking areas.
All storm drainage shall be directed into established surface and underground storm drainage facilities.
Stormwater retention structures shall be provided if, in the opinion of the City of Lebanon's Public Works Director, unrestricted runoff will cause increased drainage problems downstream.
(Ord.
No.
6886, § 1, 2-26-2024)"
2,ARTICLE II. - USE REGULATIONS,DIVISION 1. - GENERAL,Sec. 48-31. - Applicability.,sub-sec-2.1.1,https://library.municode.com/mo/lebanon/codes/code_of_ordinances?nodeId=COOR_CH48ZO_ARTIIUSRE_DIV1GE_S48-31AP,https://zoneomics.com/code/7395/chapter_2#2.1.1,False,0,"Buildings and premises in the districts set forth in this division shall be used only for the purposes indicated in this division.
(Ord.
No.
6886, § 1, 2-26-2024)"
2,ARTICLE II. - USE REGULATIONS,DIVISION 1. - GENERAL,Sec. 48-32. - Permissive and Conditional Use Table.,sub-sec-2.1.2,https://library.municode.com/mo/lebanon/codes/code_of_ordinances?nodeId=COOR_CH48ZO_ARTIIUSRE_DIV1GE_S48-32PECOUSTA,https://zoneomics.com/code/7395/chapter_2#2.1.2,True,1,"P = Permissive C = Conditional Use Expand | BUSINESS TYPE | RU-1 | RU-2 | RS-1 | RS-2 | RS-3 | RS-4 | RS-5 | DTBD | NC | C-L | C-1 | C-2 | M-1 | M-2 |
| --- | --- | --- | --- | --- | --- | --- | --- | --- | --- | --- | --- | --- | --- | --- |
| Acid manufacture |  |  |  |  |  |  |  |  |  |  |  |  | C | C |
| Adult-oriented business |  |  |  |  |  |  |  |  |  | C | C | C | C | C |
| Agricultural chemical/pesticides/fertilizers, storage & distribution, manufacture |  |  |  |  |  |  |  |  |  |  | P | C | P | P |
| Agricultural products, sales |  |  |  |  |  |  |  | C |  | C | C | C | P | P |
| Airports or air transportation facilities (HELIPORT) |  |  |  |  |  |  |  |  |  |  | C |  | C | C |
| Ammunition manufacture |  |  |  |  |  |  |  |  |  |  |  |  | C | C |
| Ammunition, small arms sales |  |  |  |  |  |  |  |  |  | C | P | C | P | P |
| Animal slaughter and rendering |  |  |  |  |  |  |  |  |  |  |  |  | C | C |
| Antique stores |  |  |  |  |  |  |  | P | C | P | P | P | P | P |
| Apartment — 3 or more units |  |  |  | C |  |  |  | C | C | C | P | P | P | P |
| Apartment — loft or studio no more than 2 units |  |  |  |  |  |  |  | C | C | C | P | P | P | P |
| Appliance stores, repair |  |  |  |  |  |  |  | C | C | C | P | P | P | P |
| Arcade |  |  |  |  |  |  |  | C | C | P | P | P | P | P |
| Art studio |  |  |  |  |  |  |  | P | C | P | P | P | P | P |
| Artisans and crafts |  |  |  |  |  |  |  | P | C | P | P | P | P | P |
| Asbestos, abrasive, and related products |  |  |  |  |  |  |  |  |  |  |  |  | C | C |
| Asphalt plants |  |  |  |  |  |  |  |  |  |  |  |  | C | C |
| Automated Teller Machine (ATM) |  |  |  |  |  |  |  | P |  | P | P | P | P | P |
| Automobile or trailer display and salesroom |  |  |  |  |  |  |  | C |  | P | P | P | P | P |
| Automobile parking lot or storage or parking garage |  |  |  |  |  |  |  | C |  | C | P | P | P | P |
| Automobile rental or leasing |  |  |  |  |  |  |  |  |  | P | P | P | P | P |
| Automobile repair services (including body work) |  |  |  |  |  |  |  |  |  | P | P | P | P | P |
| Automobile sales |  |  |  |  |  |  |  | C |  | P | P | C | P | P |
| Automobile service station |  |  |  |  |  |  |  | C |  | P | P | P | P | P |
| Automobile wrecking, cars and parts, storage, and sale |  |  |  |  |  |  |  |  |  | C | P | P | P | P |
| Bakery |  |  |  |  |  |  |  | P | C | P | P | P | P | P |
| Bank or financial institution |  |  |  |  |  |  |  | P | C | P | P | P | P | P |
| Barbershops/Beauty shops |  |  |  |  |  |  |  | P | C | P | P | P | P | P |
| Bicycle parts and accessories |  |  |  |  |  |  |  | P | C | P | P | P | P | P |
| Billiard Parlor |  |  |  |  |  |  |  | C | C | P | P | C | P | P |
| Boat repairs |  |  |  |  |  |  |  |  |  | P | P | P | P | P |
| Bookstores |  |  |  |  |  |  |  | P | P | P | P | P | P | P |
| Bowling alley |  |  |  |  |  |  |  | C |  | P | P | C | P | P |
| Brewery, distillery, winery |  |  |  |  |  |  |  | C |  | P | P | P | P | P |
| Bus terminals |  |  |  |  |  |  |  |  |  | P | P |  | P | P |
| Business or commercial school |  |  |  |  |  |  |  |  |  | P | P | P | P | P |
| Car wash |  |  |  |  |  |  |  |  |  | P | P | P | P | P |
| Catering |  |  |  |  |  |  |  | C | C | P | P | P | P | P |
| Cell tower |  |  |  |  |  |  |  |  |  | C | C | C | C | C |
| Cement, lime, gypsum, or plaster of Paris manufacture |  |  |  |  |  |  |  |  |  | C | P |  | P | P |
| Cemetery — state standards and requirements |  | P |  |  |  |  |  |  |  |  |  |  |  |  |
| Churches, synagogues, and temples (including associated residential structures for personnel and related buildings) | P | P | C | C |  |  |  |  |  | P | P | C | P | P |
| Clothing sales, alterations, or repairs |  |  |  |  |  |  |  | P | P | P | P | P | P | P |
| Coffee shop |  |  |  |  |  |  |  | P | C | P | P | P | P | P |
| College or university |  |  |  |  |  |  |  | C |  | P | P | C | P | P |
| Commercial Feed lot |  |  |  |  |  |  |  |  |  |  |  |  | C | C |
| Commercial Greenhouse or plant nursery |  |  |  |  |  |  |  |  |  | P | P | C | P | P |
| Communication and broadcasting facilities |  |  |  |  |  |  |  |  |  | P | P | P | P | P |
| Computer and office equipment — retail, service |  |  |  |  |  |  |  | P | C | P | P | P | P | P |
| Concrete, cut stone, and clay products |  |  |  |  |  |  |  |  |  | P | P | C | P | P |
| Contractors, storage |  |  |  |  |  |  |  | C |  | P | P | C | P | P |
| Contractors, heavy construction |  |  |  |  |  |  |  |  |  |  | P | C | P | P |
| Convenience stores |  |  |  |  |  |  |  | C |  | P | P | C | P | P |
| Conversion of single-family dwelling, two-family dwellings, or other buildings to multiple-family dwellings |  |  |  | C |  |  |  | C |  | C | C | C | C | C |
| Country club or clubhouse |  |  | C | C | C |  |  |  |  | P | P |  | P | P |
| Dancing or music academy — NO ALCOHOL |  |  |  |  |  |  |  | P |  | P | P | P | P | P |
| Day-care Center |  |  |  |  |  |  |  | C | C | P | P | P | P | P |
| Day-care Home |  |  | C | C | C |  |  |  | C | P | P | C |  |  |
| Department, variety, or general merchandise stores |  |  |  |  |  |  |  | P | C | P | P | P | P | P |
| Display and salesroom (except automotive sales) |  |  |  |  |  |  |  | P |  | P | P | P | P | P |
| Distillation, manufacture or refining of bones, coal, or tar asphalt |  |  |  |  |  |  |  |  |  |  |  |  | C | C |
| Drive-up window |  |  |  |  |  |  |  | C |  | P | P | C | P | P |
| Driving Range | C |  |  |  |  |  |  |  |  |  | P |  | P | P |
| Drugstores (Rx) |  |  |  |  |  |  |  | P |  | P | P | P | P | P |
| Dry-cleaning |  |  |  |  |  |  |  | C |  | P | P | P | P | P |
| Duplex |  |  |  | C | P |  |  |  |  |  |  |  |  |  |"
2,ARTICLE II. - USE REGULATIONS,DIVISION 1. - GENERAL,Sec. 48-32. - Permissive and Conditional Use Table.,sub-sec-2.1.2,https://library.municode.com/mo/lebanon/codes/code_of_ordinances?nodeId=COOR_CH48ZO_ARTIIUSRE_DIV1GE_S48-32PECOUSTA,https://zoneomics.com/code/7395/chapter_2#2.1.2,True,2,"| Electric vehicle charging station |  |  |  |  |  |  |  | C |  | P | P | P | P | P |
| Elementary, secondary schools, private |  |  | C | C | C |  |  |  | C | P | P | C | P | P |
| Equipment repairs, rental & leasing |  |  |  |  |  |  |  |  |  | P | P | C | P | P |
| Explosives, manufacture, or storage |  |  |  |  |  |  |  |  |  |  |  |  | C | C |
| Farm implements, sale, and repair |  |  |  |  |  |  |  |  |  | P | P | C | P | P |
| Farm store, supplies and other |  |  |  |  |  |  |  | C |  | P | P | P | P | P |
| Farm Use | P |  |  |  |  |  |  |  |  |  |  |  |  |  |
| Fat, grease, oil, lard or tallow rendering or refining |  |  |  |  |  |  |  |  |  |  |  |  | C | C |
| Feed store including accessory storage of liquid or solid fertilizer |  |  |  |  |  |  |  |  |  | C | C | C | C | C |
| Fertilizer manufacture (from organic matter) |  |  |  |  |  |  |  |  |  |  |  |  | C | C |
| Flea markets, indoor |  |  |  |  |  |  |  | C |  | P | P | P | P | P |
| Flea markets, outdoor |  |  |  |  |  |  |  |  |  | C | C |  | C | C |
| Food court |  |  |  |  |  |  |  | C |  | C | C | C | C | C |
| Food pantry/bank |  |  |  |  |  |  |  |  |  | P | P | C | P | P |
| Funeral home |  |  |  |  |  |  |  |  |  | P | P | P | P | P |
| Funeral homes with crematoriums |  |  |  |  |  |  |  |  |  |  | C |  | P | P |
| Garbage, offal, or dead animal reduction or dumping |  |  |  |  |  |  |  |  |  |  |  |  | C | C |
| General service and repair establishments, including dyeing or cleaning works, plumbing, and heating, printing, painting, upholstering, or appliance repair. |  |  |  |  |  |  |  |  |  | P | P | P | P | P |
| Golf Course except miniature course or driving range | C |  |  |  |  |  |  |  |  |  | P |  | P | P |
| Grain mill products |  |  |  |  |  |  |  |  |  |  | C |  | P | P |
| Green House | C |  |  |  |  |  |  |  |  |  | P | C | P | P |
| Grocery stores |  |  |  |  |  |  |  |  |  | P | P | P | P | P |
| Halfway houses — rehabilitation |  |  |  | C |  |  |  |  | C |  |  |  |  |  |
| Hardware store |  |  |  |  |  |  |  | C |  | P | P | P | P | P |
| Health Care Clinic |  |  |  |  |  |  |  |  | C | P | P | P | P | P |
| Health spa |  |  |  |  |  |  |  | P | C | P | P | P | P | P |
| Hobby shops — coins, stamps, comic books. Trading cards, etc. |  |  |  |  |  |  |  | P | C | P | P | P | P | P |
| Hospital |  |  |  |  |  |  |  |  |  | P | P | C | P | P |
| Hotels, motels and similar businesses or institutions providing overnight accommodations |  |  |  |  |  |  |  |  |  | C | P | C | P | P |
| Indoor weapons range — firearm, archery, hand-thrown |  |  |  |  |  |  |  | C |  | C | P |  | P | P |
| Internet Café |  |  |  |  |  |  |  | C |  | C | C | C | C | C |
| Junk and salvage (metal, paper, rags, waste, or glass) storage, treatment, or baling |  |  |  |  |  |  |  |  |  |  |  |  | C | C |
| Kennels | C |  |  |  |  |  |  |  |  | C | P |  | P | P |
| Laboratory, research, experimental or testing |  |  |  |  |  |  |  |  |  | C | P | C | P | P |
| Laundromats, coin-operated |  |  |  |  |  |  |  | C | C | P | P | P | P | P |
| Libraries, museums, art galleries, art centers and similar uses |  |  |  |  |  |  |  | P | C | P | P | P | P | P |
| Livestock | C |  |  |  |  |  |  |  |  |  |  |  | C | C |
| Lounge or bar as a part of a restaurant hotel or motel |  |  |  |  |  |  |  | P |  | C | P | C | P | P |
| Lumber, millwork, and veneer |  |  |  |  |  |  |  |  |  |  | P |  | P | P |
| Mail and packaging store |  |  |  |  |  |  |  | P |  | P | P | P | P | P |
| Manufactured home sales |  |  |  |  |  |  |  |  |  |  | P |  | P | P |
| Manufacturing |  |  |  |  |  |  |  |  |  |  |  |  | P | P |
| Massage parlor |  |  |  |  |  |  |  | C | C | P | P | P | P | P |
| Marijuana cultivation facility - 1000' |  |  |  |  |  |  |  |  |  |  |  |  | P | P |
| Marijuana dispensary facility |  |  |  |  |  |  |  | C |  | P | P | P | P | P |
| Marijuana facility when located adjacent to or across the street from any residential district |  |  |  |  |  |  |  |  |  | C | C | C | C | C |
| Marijuana testing facility - 1000' |  |  |  |  |  |  |  |  |  |  |  |  | P | P |
| Marijuana-infused products manufacturing facility - Type 1 - 1000' |  |  |  |  |  |  |  |  |  |  |  |  | P | P |
| Marijuana-infused products manufacturing facility - Type 2 -300' |  |  |  |  |  |  |  | C |  | P | P | P | P | P |
| Marijuana Transportation |  |  |  |  |  |  |  |  |  | C | P | C | P | P |
| Medical, dental, and surgical equipment — retail |  |  |  |  |  |  |  | C |  | P | P | P | P | P |
| Medical, dental, or related offices |  |  |  |  |  |  |  | P | C | P | P | P | P | P |
| Microbrewery |  |  |  |  |  |  |  | C |  | C | P | C | P | P |
| Mini storage (storage) |  |  |  |  |  |  |  |  |  | P | P | C | P | P |
| Mobile home (only located in a mobile home park) |  |  |  |  |  | P | P |  |  |  |  |  |  |  |
| Modular home on single lot or lots |  |  | C | C | C |  |  |  |  |  |  |  |  |  |
| Moving and storage services |  |  |  |  |  |  |  |  |  | P | P | P | P | P |
| Multiple-Family Dwelling |  |  |  | C | C |  |  | C | C | C | C | C | C | C |
| No-chance gaming |  |  |  |  |  |  |  | C |  | C | C | C | C | C |
| Nursing, rest, or convalescent home |  |  | C | C |  |  |  |  |  | P | P |  | P | P |
| Office or office building |  |  |  |  |  |  |  | P | C | P | P | P | P | P |
| Parking lot adjacent or across from C or M district |  |  | C | C | C |  |  | C |  |  |  |  |  |  |
| Pawnshops |  |  |  |  |  |  |  | C |  | P | P | P | P | P |
| Penal and correctional facilities |  |  |  |  |  |  |  |  |  |  |  |  | C | C |
| Pest or termite control services |  |  |  |  |  |  |  |  |  | P | P | P | P | P |
| Pet Daycare |  |  |  |  |  |  |  |  |  | P | P | P | P | P |"
2,ARTICLE II. - USE REGULATIONS,DIVISION 1. - GENERAL,Sec. 48-32. - Permissive and Conditional Use Table.,sub-sec-2.1.2,https://library.municode.com/mo/lebanon/codes/code_of_ordinances?nodeId=COOR_CH48ZO_ARTIIUSRE_DIV1GE_S48-32PECOUSTA,https://zoneomics.com/code/7395/chapter_2#2.1.2,True,3,"| Pet grooming services (with outdoor runs) |  |  |  |  |  |  |  | C | C | P | P | P | P | P |
| Pet stores |  |  |  |  |  |  |  | C | C | P | P | P | P | P |
| Petroleum — bulk storage |  |  |  |  |  |  |  |  |  |  | P |  | P | P |
| Petting Zoo |  |  |  |  |  |  |  |  |  |  | C |  | C | C |
| Photography studios |  |  |  |  |  |  |  | P | C | P | P | P | P | P |
| Printing and publishing |  |  |  |  |  |  |  | P | C | P | P | P | P | P |
| Private Club or Lodge |  |  | C | C | C |  |  | C | C | P | P | P | P | P |
| Professional membership organizations |  |  |  |  |  |  |  | P |  | P | P | P | P | P |
| Professional Business — accounting, bookkeeping, lawyers, etc. |  |  |  |  |  |  |  | P | C | P | P | P | P | P |
| Public building erected by any governmental agency | C |  | C | C |  |  |  | P | C | P | P | P | P | P |
| Public Park/publicly operated recreational facility | P |  | P | P | P |  |  | C |  |  | P | P | P | P |
| Public schools | C |  | C | C |  |  |  |  |  |  | P |  | P | P |
| Railroad terminals or yards |  |  |  |  |  |  |  |  |  |  |  |  | P | P |
| Real estate offices |  |  |  |  |  |  |  | P |  | P | P | P | P | P |
| Recreational vehicle parks or campsites |  |  |  |  |  |  |  |  |  | C | C |  | P | P |
| Recreation Center |  |  |  |  |  |  |  |  |  | C | P | C | P | P |
| Recreational vehicle sales |  |  |  |  |  |  |  |  |  | P | P | C | P | P |
| Refuse and raw material transfer points |  |  |  |  |  |  |  |  |  |  |  |  | C | C |
| Residential care facility with no more than 2 residents |  |  |  |  |  |  |  |  | C | C | P | C | P | P |
| Residential care facility with 3 or more residents |  |  |  |  |  |  |  |  |  | C | P | C | P | P |
| Restaurant |  |  |  |  |  |  |  | P | C | P | P | P | P | P |
| Restaurant with alcohol |  |  |  |  |  |  |  | P | C | C | P | P | P | P |
| Restaurants (with drive-thru) |  |  |  |  |  |  |  |  |  | P | P | P | P | P |
| Retail store — not listed elsewhere |  |  |  |  |  |  |  | C | C | P | P | P | P | P |
| Salvage yards, scrap processing |  |  |  |  |  |  |  |  |  |  | C |  | P | P |
| Sandwich shop (bistro/deli) |  |  |  |  |  |  |  | P | C | P | P | P | P | P |
| Sawmills or planing mills |  |  |  |  |  |  |  |  |  |  | P |  | P | P |
| Septic tank services |  |  |  |  |  |  |  |  |  | P | P | P | P | P |
| Short-term Rental — (Airbnb, VRBO, etc.) |  |  | C | C | C | C | C | P | P | P | P | P |  |  |
| Single-family dwelling | P |  | P | P | P |  |  |  | P |  |  |  |  |  |
| Small craft-type manufacturing establishments having less than 3,000 square feet of space dedicated to producing the following products principally by hand or hand tools: Blacksmith, blown glass, Candles, Ceramics, Leaded/stained glass, Leather working shops, Picture frames, Wooden staved barrels, Woodworks   or furniture, Wrought iron or other metal crafts |  |  |  |  |  |  |  | C |  | P | P | P | P | P |
| Smoke Shop |  |  |  |  |  |  |  |  | C | P | P | P | P | P |
| Stockyards or slaughter of animals (except poultry) |  |  |  |  |  |  |  |  |  |  | C |  | C | C |
| Tanning salons |  |  |  |  |  |  |  | P | C | P | P | P | P | P |
| Tattoo parlor, body piercing, permanent cosmetics |  |  |  |  |  |  |  | C | C | P | P | P | P | P |
| Taxi terminals |  |  |  |  |  |  |  |  |  | P | P | P | P | P |
| Taxidermists |  |  |  |  |  |  |  |  |  | C | P | C | P | P |
| Television radio, or electronic sales/repair |  |  |  |  |  |  |  | P |  | P | P | P | P | P |
| Temporary events — carnivals, fairs, concerts, etc. |  |  |  |  |  |  |  | C |  | C | P | C | P | P |
| Theaters, indoor |  |  |  |  |  |  |  | P |  | C | P | P | P | P |
| Theaters, outdoor |  |  |  |  |  |  |  |  |  | C | P |  | P | P |
| Thrift store |  |  |  |  |  |  |  | C | C | P | P | P | P | P |
| Tire sales |  |  |  |  |  |  |  |  |  | P | P | C | P | P |
| Tobacco and tobacco products |  |  |  |  |  |  |  | P | C | P | P | P | P | P |
| Tow Yard (storage) |  |  |  |  |  |  |  |  |  |  | C |  | P | P |
| Travel agencies |  |  |  |  |  |  |  | P | C | P | P | P | P | P |
| Truck & semi rental & leasing, heavy |  |  |  |  |  |  |  |  |  |  | P |  | P | P |
| Truck driving schools |  |  |  |  |  |  |  |  |  |  | P |  | P | P |
| Truck or bus terminal |  |  |  |  |  |  |  | C |  |  | P |  | P | P |
| Truck stops |  |  |  |  |  |  |  |  |  | C | P |  | P | P |
| Truck washing |  |  |  |  |  |  |  |  |  | C | P | C | P | P |
| Trucking and freight terminals |  |  |  |  |  |  |  |  |  |  | C |  | P | P |
| Two-family dwellings |  |  | C | C | P |  |  | C |  |  |  |  |  |  |
| Two-(2) Single family homes on 1 lot |  |  | C | C |  |  |  |  |  |  |  |  |  |  |
| Used car, trailer or boat sales or storage lot |  |  |  |  |  |  |  | C |  | P | P | P | P | P |
| Utility company offices |  |  |  |  |  |  |  | C |  | P | P | P | P | P |
| Utility equipment and storage yard |  |  |  |  |  |  |  |  |  | C | P |  | P | P |
| Utility facilities (substations, lift stations, wells, water towers, etc.) |  |  | C | C | C | C | C | C | C | P | P | P | P | P |
| Vape Shops |  |  |  |  |  |  |  |  |  | C | P | P | P | P |
| Veterinarian, animal hospital or kennel |  |  |  |  |  |  |  |  |  | C | P | C | P | P |
| Video/game rental and sales |  |  |  |  |  |  |  | P | C | P | P | P | P | P |
| Warehouse in completely enclosed buildings |  |  |  |  |  |  |  |  |  | P | P | C | P | P |
| Warehouses (general storage/enclosed) |  |  |  |  |  |  |  |  |  | C | P | C | P | P |
| Welding shops |  |  |  |  |  |  |  |  |  | C | P | C | P | P |
| Wholesale retail store |  |  |  |  |  |  |  | C |  | P | P | P | P | P || Wireless telecommunications antennas mounted on city owned structures |  |  |  |  |  |  |  | C | C | C | C | C | C | C | (Ord.
No.
6886, § 1, 2-26-2024)"
2,ARTICLE II. - USE REGULATIONS,DIVISION 1. - GENERAL,Sec. 48-33. - RU-1 rural district.,sub-sec-2.1.3,https://library.municode.com/mo/lebanon/codes/code_of_ordinances?nodeId=COOR_CH48ZO_ARTIIUSRE_DIV1GE_S48-33RUDI,https://zoneomics.com/code/7395/chapter_2#2.1.3,False,0,"(a) Permissive and conditional uses.
(See section 48-32, Permissive and Conditional Use Table.)
(b) Property must be properly platted for any new construction.
(c) Access requirements.
(See section 48-7.)
(d) Site design requirements, surface or underground stormwater.
(See section 48-8.)
(e) Maximum height.
35 feet.
(See article III, division 2, height.)
(f) Minimum yards.
(See article III, division 3, yard).
(1) Front: 50 feet.
(2) Side: 20 feet.
(3) Rear: 50 feet.
(g) Minimum lot area and width.
(See article III, division 4, density.)
(1) Lot width: 150 feet.
(2) Lot area: 43,560 square feet.
(3) Lot area per family: 43,560 square feet.
(h) Minimum required parking spaces.
(See article IV, off-street parking and loading.)
(Ord.
No.
6886, § 1, 2-26-2024)"
2,ARTICLE II. - USE REGULATIONS,DIVISION 1. - GENERAL,"Sec. 48-34. - RU-2 rural district, including cemetery.",sub-sec-2.1.4,https://library.municode.com/mo/lebanon/codes/code_of_ordinances?nodeId=COOR_CH48ZO_ARTIIUSRE_DIV1GE_S48-34RUDIINCE,https://zoneomics.com/code/7395/chapter_2#2.1.4,False,0,"(a) Permissive and conditional uses.
(See section 48-32, Permissive and Conditional Use Table.)
(b) Property must be properly platted for any new construction.
(c) Must meet state standards and requirements.
(d) Access requirements.
(See section 48-7.)
(e) Site design requirements, surface or underground stormwater.
(See section 48-8.)
(Ord.
No.
6886, § 1, 2-26-2024)"
2,ARTICLE II. - USE REGULATIONS,DIVISION 1. - GENERAL,Sec. 48-35. - RS-1 residential district.,sub-sec-2.1.5,https://library.municode.com/mo/lebanon/codes/code_of_ordinances?nodeId=COOR_CH48ZO_ARTIIUSRE_DIV1GE_S48-35REDI,https://zoneomics.com/code/7395/chapter_2#2.1.5,False,0,"(a) Permissive and conditional uses.
(See section 48-32, Permissive and Conditional Use Table.)
(b) Property must be properly platted for any new construction.
(c) Maximum height.
35 feet.
(See article III, division 2, height.)
(d) Minimum yards.
(See article III, division 3, yard.)
(1) Front: 30 feet.
(2) Side:
Ten feet.
(3) Rear: 30 feet.
(e) Minimum lot area and width.
(See article III, division 4, density.)
(1) Lot width: 90 feet.
(2) Lot area: 12,000 square feet.
(3) Lot area per family: 12,000 square feet.
(f) Minimum living space requirements:
(1) Nine hundred sixty square feet.
(g) Minimum building width:
(1) Twenty-eight feet.
(h) Minimum required parking spaces.
(See article IV, off-street parking and loading.)
(Ord.
No.
6886, § 1, 2-26-2024)"
2,ARTICLE II. - USE REGULATIONS,DIVISION 1. - GENERAL,Sec. 48-36. - RS-2. residential district.,sub-sec-2.1.6,https://library.municode.com/mo/lebanon/codes/code_of_ordinances?nodeId=COOR_CH48ZO_ARTIIUSRE_DIV1GE_S48-36REDI,https://zoneomics.com/code/7395/chapter_2#2.1.6,False,0,"(a) Permissive and conditional uses.
(See section 48-32, Permissive and Conditional Use Table.)
(b) Property must be properly platted for any new construction.
(c) Maximum height.
(See article III, division 2, height.)
(1) Single-family and two-family dwellings: 35 feet.
(2) Multi-family: 45 feet.
(d) Minimum yards.
(See article III, division 3, yard.)
(1) Front: 25 feet.
(2) Side:
Ten feet.
(3) Rear: 25 feet.
(e) Minimum lot area and width.
(See article III, division 4, density.)
(1) Lot width: 75 feet.
(2) Lot area: 7,500 square feet.
a. Single-family dwelling: 7,500 square feet.
b. Two-family dwelling: 3,750 square feet.
c. Multiple dwelling: 1,500 square feet.
(f) Minimum living space requirements:
(1) Single-family dwelling: 840 square feet.
a. Minimum building width: 28 feet wide.
(2) Two-family dwelling: 480 square feet per family.
(3) Townhouse and condos: 480 square feet per family.
(4) Multiple dwelling: 240 square feet per family.
(g) Minimum required parking spaces.
(See article IV, off-street parking and loading.)
(Ord.
No.
6886, § 1, 2-26-2024)"
2,ARTICLE II. - USE REGULATIONS,DIVISION 1. - GENERAL,"Sec. 48-37. - RS-3 residential—Duplexes, condominiums, townhouses.",sub-sec-2.1.7,https://library.municode.com/mo/lebanon/codes/code_of_ordinances?nodeId=COOR_CH48ZO_ARTIIUSRE_DIV1GE_S48-37REUPCOTO,https://zoneomics.com/code/7395/chapter_2#2.1.7,True,1,"(a) Permissive and conditional uses.
(See section 48-32, Permissive and Conditional Use Table.)
(b) Property must be properly platted for any new construction.
(c) Maximum height.
(See article III, division 2, height.)
(1) Single-family and two-family dwellings: 35 feet.
(2) Multi-family: 45 feet.
(d) Minimum yards.
(See article III, division 3, yard; see section 6 for exceptions.)
(1) Front: 25 feet.
(2) Side:
Ten feet or zero feet with a two-hour fire wall between units.
(3) Rear: 25 feet.
(e) Minimum lot area and width single-family dwelling on corner lot.
(See article III, division 4, density; see section 48-37, Figure 1.1.)
(1) Lot width: 65 feet.
(2) Lot depth: 100 feet.
(3) Lot area: 6,500 square feet.
a. Minimum living space requirements:
1. Single-family dwelling: 840 square feet.
Figure
1.1 Minimum Lot Size Single Family On a Corner Lot (f) Minimum lot area and width single-family dwelling on center lot.
(See article III, division 4, density; see section 48-37, Figure 1.2.)
(1) Lot width: 50 feet.
(2) Lot depth: 100 feet.
(3) Lot area: 5,000 square feet.
a. Minimum living space requirements:
1. Single-family dwelling: 840 square feet.
Figure
1.2 Minimum Lot Size Single Family On a Center Lot (g) Minimum lot area and width for a duplex on corner lot.
(See article III, division 4, density; see section 48-37, Figure 1.3.)
(1) Two unit duplex on corner lot (one building on one lot):
a. Lot width: 90 feet.
b. Lot depth: 100 feet.
c. Lot area: 9,000 square feet.
d. Minimum living space requirements:
1. Two family dwelling: 480 square feet per family.
Figure
1.3 Minimum Lot Size Duplex On a Corner Lot (h) Minimum lot area and width for a duplex on center lot.
(See article III, division 4, density; see section 48-37, Figure 1.4.)
(1) Two unit duplex on center lot (one building on one lot):
a. Lot width: 75 feet.
b. Lot depth: 100 feet.
c. Lot area: 7,500 square feet.
d. Minimum living space requirements:
1. Two family dwelling: 480 square feet per family.
Figure
1.4 Minimum Lot Size Duplex On a Corner Lot (i) Minimum lot area and width for a split duplex on corner lot.
(See article III, division 4, density; see section 48-37, Figure 1.5.)
(1) Lot width:
52.5 feet.
(2) Lot depth: 100 feet.
(3) Lot area: 5,250 square feet.
a. Minimum living space requirements:
1. Two family dwelling: 480 square feet per family.
Figure
1.5 Minimum Lot Size Split Duplex On a Corner Lot (j) Minimum lot area and width for a split duplex on center lot.
(See article III, division 4, density; see section 48-37, Figure 1.6.)
(1) Lot width:
37.5 feet.
(2) Lot depth: 100 feet.
(3) Lot area: 3,750 square feet.
a. Minimum living space requirements:
1. Two family dwelling: 480 square feet per family.
Figure
1.6 Minimum Lot Size Split Duplex On a Center Lot (k) Minimum lot area and width for a townhouse/condo.
(See article III, division 4, density; see section 48-37, Figure
1.7 and 1.8.)
(1) Maximum height.
(See article III, division 2, height.)
a. Multi-family: 45 feet.
(2) Minimum yards.
(See section 6 for exceptions; see article III, division 3, yard.)
a. Front: 25 feet.
b. Side:
Ten feet or 0 feet with a two-hour fire wall between units.
c. Rear: 25 feet.
(l) Minimum lot area and width for a townhouse/condo on corner lot.
(See article III, division 4, density; see section 48-37, Figure 1.7.)
(1) Four unit townhouse/condo on corner lot (one building on one lot):
a. Lot width: 115 feet.
b. Lot depth: 100 feet.
c. Lot area: 11,500 square feet.
d. Minimum living space requirements:
1. Townhouse/condo: 480 square feet per family.
Figure
1.7 Minimum Lot Size Townhouse or Condo On a Corner Lot Minimum lot area and width for a townhouse/condo on center lot.
(See article III, division 4, density; see section 48-37, Figure 1.8.)"
2,ARTICLE II. - USE REGULATIONS,DIVISION 1. - GENERAL,"Sec. 48-37. - RS-3 residential—Duplexes, condominiums, townhouses.",sub-sec-2.1.7,https://library.municode.com/mo/lebanon/codes/code_of_ordinances?nodeId=COOR_CH48ZO_ARTIIUSRE_DIV1GE_S48-37REUPCOTO,https://zoneomics.com/code/7395/chapter_2#2.1.7,True,2,"(1) Four unit townhouse/condo on corner lot (one building on one lot):
a. Lot width: 100 feet.
b. Lot depth: 100 feet.
c. Lot area: 10,000 square feet.
d. Minimum living space requirements:
1. Townhouse/condo: 480 square feet per family.
Figure
1.8 Minimum Lot Size Townhouse or Condo On a Center Lot (m) Minimum lot area and width for a split townhouse/condo on corner lot.
(See article III, division 4, density; see section 48-37, Figure 1.9.)
(1) Split townhouse/condo on corner lot (the end corner building next to the street):
a. Lot width: 45 feet.
b. Lot depth: 100 feet.
c. Lot area: 4,500 square feet.
d. Minimum living space requirements:
1. Townhouse/condo: 480 square feet per family.
Figure
1.9 Minimum Lot Size Split Townhouse or Condo On a Corner Lot (n) Minimum lot area and width for a split townhouse/condo on a center lot.
(See article III, division 4, density; see section 48-37, Figure 1.10.)
(1) Split townhouse/condo on a center lot (this is the center unit with a townhouse/condo unit on each side):
a. Lot width: 20 feet.
b. Lot depth: 100 feet.
c. Lot area: 2,000 square feet.
d. Minimum living space requirements:
1. Townhouse/condo: 480 square feet per family.
Figure
1.10 Minimum Lot Size Split Townhouse or Condo On a Center Lot (o) Minimum lot area and width for a split townhouse/condo unit with side setback.
(See article III, division 4, density.)
(1) Split townhouse/condo unit with the side setback (this is the end unit with a townhouse/condo unit on one side and a ten-foot side setback):
a. Lot width: 30 feet.
b. Lot depth: 100 feet.
c. Lot area: 3,000 square feet.
d. Minimum living space requirements:
1. Townhouse and condo: 480 square feet per family.
(p) A conditional use will be required by zoning and planning commission to split a duplex, townhouse, or condo.
A plat must be submitted to the commission for its review and approval.
The commission must review the HOA agreement to assure the HOA agreement has all the information required per this chapter.
The commission shall review the plat for set-back distances from adjoining property.
The commission shall have the power to require additional set back requirements (not to exceed 50 percent of the otherwise required set-back for the district), construction of fencing, planting of trees and/or other similar requirements to reduce any harmful effects on the adjoining property.
In reviewing the site plan, the commission shall consider all factors it deems relevant including the use of the adjoining property and the district classification of the adjoining property.
The commission shall review the plat and make its requirements and including parking.
If any, as a part of the permit application procedure.
(q) All conditional uses must be submitted to the commission as provided in section 48-326.
(r) Any reduction in access or design site requirements must be submitted to the board of appeals provided for in section 48-325.
(s) Firewall will be required between adjoining units.
(1) Two-hour firewall — Sheetrock or block wall, from grade to roof deck.
(2) Should the firewall go through the roof?
It must be in the HOA agreement for maintenance of roof cap.
(t) Utilities:
Water, sewer and electric services must be contained on respective property.
(1) Utility easement must be shown on the plat and be part of the HOA agreement, (maintenance and use) if applicable.
(u) Each unit must have its own crawl space access and attic space entrance.
(v) A walk door cannot exist between adjoining units.
(w) HOA agreement must be agreed upon concerning any building repairs that may be required at some time, i.e., roof, driveway, utilities, siding, porches, etc.
These are items that will be shared between the owners.(x) A homeowners association (HOA) is required for split duplex owners and must be recorded and be part of the plat.
(Ord.
No.
6886, § 1, 2-26-2024)"
2,ARTICLE II. - USE REGULATIONS,DIVISION 1. - GENERAL,"Sec. 48-38. - RS-4 residential, Class B, manufactured and mobile homes without foundation.",sub-sec-2.1.8,https://library.municode.com/mo/lebanon/codes/code_of_ordinances?nodeId=COOR_CH48ZO_ARTIIUSRE_DIV1GE_S48-38RECLBMAMOHOWIFO,https://zoneomics.com/code/7395/chapter_2#2.1.8,False,0,"(a) Purpose.
It is the purpose and intent of this subsection to allow the placement of manufactured homes, within a manufactured home subdivision.
The placement of manufactured homes will be permitted subject to the requirements and procedures set forth herein.
(b) Preliminary procedure.
Manufactured homes shall not be placed or occupied in the city, until such time as the proposed location has been zoned RS-4, city subdivision regulations have been complied with, and a building permit issued pursuant to the city building code.
No area less than ten acres in size shall be considered for RS-4 residential district.
(c) Use regulations.
All buildings and land within an RS-4 district shall be limited to the following uses:
(1) Each manufactured home shall be occupied only as a single-family dwelling.
(2) Each manufactured home shall be a minimum of 14 body feet wide and at least 40 body feet long.
(3) Accessory buildings; are customarily incidental and subordinate to the use of manufactured homes.
Accessory buildings must be installed in the following required setbacks.
Accessory buildings cannot be installed in or on an easement.
a. Side setback — Five feet b. Rear setback — Ten feet c. Must be more than ten feet from the main structure.
d. Front setback — 30 feet (under certain lot circumstances code administration may approve a closer setback; it cannot be closer than 15 feet to the front property line).
(d) District design standards.
(1) A manufactured home district shall consist of no less than ten contiguous acres.
A manufactured home district may be developed in phases; however, each phase shall consist of no less than 20 manufactured home spaces.
(2) Each manufactured home in a manufactured home district shall occupy a designated space having at least 5,250 square feet of lot area.
(3) Each manufactured home space shall have a width of at least 50 feet.
(4) Each manufactured home shall have two off-street parking spaces of asphalt or concrete with a minimum size of 18 feet by 25 feet or 12 feet by 50 feet.
(5) At least 200 square feet of recreation space for each manufactured home shall be reserved within each manufactured home district, as common recreation space for the residents of the district.
(6) No manufactured home or other structure within a manufactured home district shall be closer to each other than 20 feet, except that a storage or other auxiliary structures for the exclusive use of the manufactured home may be no closer to another home than ten feet.
(7) Each manufactured home shall be set back a distance of at least
12.5 feet from the street in the district.
(8) Each manufactured home shall be set back a distance of at least
12.5 feet from the rear property line.
(9) No manufactured home shall be located closer than 30 feet to the exterior boundary of the district or an exterior bounding street right-of-way.
Buildings used for laundry or recreation purposes shall be located no closer than 40 feet to the exterior boundary of the district or an exterior bounding street right-of-way.
(10) The manufactured home district must conform to the city's subdivision regulations.
Plats must be approved by the zoning and planning commission and city council.
All lots within the district must be owned by the owner of the manufactured home district.
All streets within the manufactured home district must be dedicated to the city.
(11) At least 100 square feet of fenced storage area for each manufactured home shall be reserved within each manufactured home district to accommodate storage for boats, RVs, etc.
(12) All manufactured homes shall be skirted with noncombustible material.
(13) All manufactured homes must be located in an RS-4 district that has been approved by the city.
(14) All utilities must be underground from the main transmission line to the manufactured home.
(15) All manufactured homes shall be manufactured or constructed under the authority of 42 USC 5401, and bear a seal used by the public service commission in compliance with the provisions of RSMo
700.015.
(16) All manufactured homes shall be anchored and tied down in accordance with and otherwise comply with the standards promulgated by the state public service commission pursuant to the provisions of RSMo 700.010—700.115.
(e) Exception.
Nothing in this section shall be deemed to preclude the construction and occupation of conventionally built single-family dwellings but such homes shall conform to the applicable use, siting, height, living space, construction, and design requirements of this section.
(f) There must be a minimum of a three-foot by three-foot landing and stairs with a handrail at the front door.
If the front door is larger than 36 inches the landing in the direction of egress must match the door size.
There must be stairs and handrails installed at all other doors.
(g) Foundations and or footings must be installed per the approved City of Lebanon engineered drawings.
(h) Anchoring systems must be installed per manufacturer recommendations.
(1) Maximum height.
(See section 48-5 for exceptions.)
a. Single-family manufactured and mobile homes: 750 feet.
(2) Minimum yards.
(See section 48-6 for exceptions.)
a. Front:
12.5 feet.
b. Side:
Ten feet.
c. Rear:
12.5 feet.
See section 48-38, RS-4 residential, Class B; subsection (d)(9).
(3) Minimum lot area and width.
(See article III, division 4, density.)
a. Lot width: 50 feet.
b. Lot area: 4,500 square feet.
(4) Minimum living space requirements.
a. Single-family manufactured and mobile homes: 560 feet.
(5) Minimum required parking space.
(See section 48-38. RS-4 residential, Class B; subsection (d)(4).)
(Ord.
No.
6886, § 1, 2-26-2024)"
2,ARTICLE II. - USE REGULATIONS,DIVISION 1. - GENERAL,"Sec. 48-39. - RS-5 residential, Class A, manufactured and mobile homes with foundation.",sub-sec-2.1.9,https://library.municode.com/mo/lebanon/codes/code_of_ordinances?nodeId=COOR_CH48ZO_ARTIIUSRE_DIV1GE_S48-39RECLMAMOHOFO,https://zoneomics.com/code/7395/chapter_2#2.1.9,False,0,"(a) Purpose.
It is the purpose and intent of this subsection to allow the placement of manufactured homes/mobile homes within this district to increase the options available for low- to moderate-income households in select residential areas of the city.
The placement of manufactured homes/mobile homes will be permitted subject to the requirements and procedures set forth herein.
Manufactured homes/mobile homes that do not conform to the requirements of this subsection shall only be permitted in RS-4 residential, subject to the provisions of section 48-38, RS-4, Class B, or mobile home parks subject to the provisions of section 48-105. The owner of a lot in this district must demonstrate that he either owns or will own the manufactured home/mobile homes which is to be placed on the lot before a building permit will be issued and in no case shall a manufactured home/ mobile homes site or lot be rented out in this district.
(b) Preliminary procedure and lot size restrictions.
Manufactured homes/mobile homes shall not be placed or occupied in the city, until such time as the proposed location has been zoned RS-5, city subdivision regulations have been complied with, and a building permit issued pursuant to city building regulations; each lot in the district shall conform to the lot area and width requirements of section 48-273. No area shall be considered for RS-5 residential zoning unless the size of the area to be developed will accommodate a minimum of ten lots.
(c) Use and siting requirements.
Each manufactured home/mobile homes placed on an individual lot:
(1) Shall be occupied only as a single-family dwelling.
(2) Shall conform to the setback requirements of section 48-244.
(d) Maximum height.
No manufactured home/mobile homes shall exceed 35 feet in height.
(e) Minimum living space requirements.
Each home shall be at least 20 feet wide and shall consist of at least 750 square feet of living space.
This standard is intended to require homes to consist of multiple sections which are brought to the site in parts.
(f) Construction requirements.
(1) The roof of each home must be a gable or hip roof type and covered with material that is residential in appearance, including, but not limited to, approved wood, asphalt composition or fiberglass shingles, but excluding corrugated aluminum, corrugated fiberglass or metal roofs.
Except for permitted deck areas, all roof structures shall provide an eave projection including guttering of not less than six inches but no greater than 30 inches.
(2) The exterior siding, covering and window treatments of each home shall be of a type, quality and appearance that is customarily used on conventionally built residential homes in the area and shall be architecturally compatible with those of neighboring properties.
(3) Each manufactured home/mobile home shall be set up according to the manufacturer's set up manual and tied down per state laws and shall meet all manufacturer's specifications for support.
The perimeter must be of continuous concrete block, brick, or poured concrete in lieu of skirting.
(4) Each home shall have a minimum of 18 inches of crawl space under the entire living area of the home and the tongue and running gear, including axles, shall be removed.
(5) Each home shall have permanent steps or decks set at all exits.
There must be a minimum of a three-foot by three-foot landing and stairs with handrail at the front door.
If the front door is larger than 36 inches the landing in the direction of egress must match the door size.
(6) The owner of each manufactured home/mobile home is required to declare the home as real estate pursuant to the provisions of RSMo
700.111.
(g) Exception.
Nothing in this section shall be deemed to preclude the construction and occupation of conventionally built single-family dwellings but such homes shall conform to the applicable use, siting, height, living space, construction, and design requirements of this section.
(See section 48-32, permissive and conditional use.)
(1) Property must be properly platted for any new construction.
(2) Maximum building height.
(See subsection (5) for exceptions): 35 feet.
(3) Minimum yards.
(See subsection (6) for exceptions):
a. Front: 25 feet.
b. Side:
Ten feet.
c. Rear: 25 feet.
(4) Minimum lot area and width:
a. Lot width: 100 feet.
b. Lot area: 12,000 square feet.
c. Lot area per family: 12,000 square feet.
(5) Minimum required parking spaces.
(See subsection (8).)
(6) Minimum lot area per family for residential:
a. Single-family dwelling: 7,500 square feet.
b. Two-family dwelling: 3,750 square feet.
c. Multiple dwelling: 1,500 square feet.
(7) Minimum living space requirements for residential:
a. Single-family dwelling: 750 square feet per family.
(Ord.
No.
6886, § 1, 2-26-2024)"
2,ARTICLE II. - USE REGULATIONS,DIVISION 1. - GENERAL,Sec. 48-40. - NC neighborhood commercial district.,sub-sec-2.1.10,https://library.municode.com/mo/lebanon/codes/code_of_ordinances?nodeId=COOR_CH48ZO_ARTIIUSRE_DIV1GE_S48-40NCNECODI,https://zoneomics.com/code/7395/chapter_2#2.1.10,False,0,"(a) No open storage of materials.
No part of any lot shall be used for the open or unenclosed display and storage of commercial materials, equipment, merchandise, or supplies.
This restriction shall apply to both permissive and conditional uses of lots in NC neighborhood commercial district.
(b) Hours of operation.
The hours of operation for all businesses permissive and conditional shall be between the hours of 7:00 a.m. and
9:00 p.m., except for bed and breakfasts.
(c) Access and parking lot requirements.
(1) All commercial parking shall only be allowed behind the required front setback line.
Parking can be in the required rear setback and extend on the sides up to the front of the building.
There shall be no on-street parking without a variance.
All parking areas must be hard surfaced.
(2) All entrances to public streets and roads shall be hard surfaced with Portland cement concrete or hot-mixed asphalt, which includes the area extending from existing public street black top, or back of existing curb, to the public street right-of-way line.
All entrances shall be designed with a minimum radius of three feet.
If the street is improved with barrier-type curb and gutter, then the existing curb and gutter shall be removed and replaced with a five-foot-wide entrance slab including three feet curbed radii.
(3) All developed parcels shall provide ingress and egress with a provision for circulation of vehicles.
All parking areas and parking lots shall have Portland cement concrete curbs and guttering built according to city specifications and continuous around the perimeter thereof.
All parking areas and parking lots shall be hard surfaced with Portland cement concrete, hot-mix asphalt, or permanently installed pavers.
(4) All entrances to public streets and roads and all parking areas using a portion of the public right-of-way shall be maintained by the private property owner or other person responsible.
(d) Site design requirements.
(1) The front yard distances as required hereunder, such distance being a minimum of 15 feet must be a mandatory green space.
(2) All utilities are underground.
(3) Surface or underground storm drainage facilities shall be provided for all roads and drives and parking areas.
All storm drainage shall be directed into established surface and underground storm drainage facilities.
Stormwater retention structures shall be provided if, in the opinion of the public works director, unrestricted runoff will cause increased drainage problems downstream.
A structurally sound wall, curb or other abutment shall be installed around each side of the parking area to ensure that no part of any motor vehicle extends over or is capable of accidentally rolling across the property line of the parking area.
(4) All conditional uses must be submitted to the commission as provided in section 48-326.
(5) No reduction in access or site design requirements shall be allowed except as follows:
(e) On-street parking may be counted in the required number of parking spaces if the board of adjustment grants a variance.
(f) Parking on an adjoining vacant lot under the same ownership can be granted upon a variance being issued by the board of adjustment and the parking shall be behind the required front setback which is 15 feet.
(g) Signs.
Signs must be property specific.
(h) Permanent detached signs.
Each premises shall be allowed one permanent detached sign.
(1) The detached sign shall be of monument style, not exceeding 30 square feet nor more than six feet in overall height.
(2) The detached sign cannot be located on the public right-of-way or extend over the public right-of-way and must be a minimum of six feet from the property line.
(3) The detached sign shall have no flashing lights, animation, no search lights or strobe lights attached.
(4) Sign illumination shall be designed, located, and constructed to eliminate or significantly reduce glare and shall not increase the lighting intensity upon adjoining premises not under the same ownership and control.
(5) The premises must be utilized as a business location to have one permanent detached sign.
Residential uses, single-family and duplex, shall not be allowed a detached sign.
An apartment complex, three or more units will be allowed one detached sign per complex.
Any sign substantially and permanently attached to, applied on, structurally connected to, painted on, engraved in, etched on, or supported by, any part of a building including being connected to an electrical outlet shall be considered an attached sign.
(i) Each business shall be allowed wall signs on any wall.
(j) Wall signs shall not extend beyond the wall edge.
(k) Wall signs shall not do any advertising beyond merely identifying the business and giving the times it is open.
(l) The total effective area of all wall signs allowed for a business shall be 16 square feet.
(m) Sign illumination shall be designed, located, and constructed to eliminate or significantly reduce glare and shall not increase the lighting intensity upon adjoining premises not under the same ownership and control.
(n) Wall signs shall have no flashing lights, animation, no search lights or strobe lights.
(o) Residential uses, single-family and duplex, shall not be allowed wall signs other than those for addresses or name identification or identification of a home occupation per the city zoning ordinance, codified in this chapter.
(p) No attached signs shall be located on the roof.
(q) Temporary signs.
There shall be no temporary signs allowed.
(r) Maximum building height.
Forty-five feet.
(s) Minimum yards for setback.
(1) Front: 25 feet.
(2) Side:
X feet.
(3) Rear:
X feet.
(t) Minimum lot area and width.
(1) Lot width:
a. Fifty feet on existing platted lots of record.
b. Seventy-five feet on newly platted or subdivided lots.
(2) Lot area:
a. Five thousand square feet on existing platted lots of record.
b. Seven thousand five hundred square feet on newly platted or subdivided lots.
(u) Minimum required parking spaces.
(See article IV of this chapter.)
(v) Minimum lot area per family for residential.
(1) Single-family dwelling: 7,500 square feet.
(2) Two-family dwelling: 3,750 square feet.
(3) Multiple dwelling: 1,500 square feet.
(w) Minimum living space requirements for residential.
(1) Single-family dwelling: 750 square feet per family.
(2) Two-family dwelling: 480 square feet per family.
(Ord.
No.
6886, § 1, 2-26-2024)"
2,ARTICLE II. - USE REGULATIONS,DIVISION 1. - GENERAL,Sec. 48-41. - C-L—Limited commercial.,sub-sec-2.1.11,https://library.municode.com/mo/lebanon/codes/code_of_ordinances?nodeId=COOR_CH48ZO_ARTIIUSRE_DIV1GE_S48-41-LCO,https://zoneomics.com/code/7395/chapter_2#2.1.11,True,1,"(a) No open storage of materials.
No part of any lot shall be used for the open or unenclosed display and storage of materials, equipment, merchandise or supplies.
This restriction shall apply to both permissive and conditional uses of lots in the C-L limited commercial district.
(b) Applicability of access, parking, site design, height, yard, parking and loading provisions.
The requirements in this section regarding access, parking, site design, maximum height, minimum yards, minimum required parking spaces and minimum required loading spaces shall apply to all conditional uses of lots in the C-L limited commercial district.
(c) Access and parking lot requirements.
(1) All entrances to public streets and roads shall be hard surfaced with Portland cement concrete or hot-mixed asphalt, which includes the area extending from existing public street black top, or back of existing curb, to the public street right-of-way line.
All entrances shall be designed with a minimum radius of three feet.
If the street is improved with barrier-type curb and gutter, then the existing curb and gutter shall be removed and replaced with a five-foot-wide entrance slab including three foot curbed radii.
(2) All developed parcels shall provide ingress and egress with a provision for circulation of vehicles.
All parking areas and parking lots shall have Portland cement concrete curbs and guttering built according to city specifications and continuous around the perimeter thereof.
All parking areas and parking lots shall be hard surfaced with Portland cement concrete or hot-mix asphalt.
(3) All entrances to public streets and roads and all parking areas using a portion of the public right-of-way shall be maintained by the private property owner or other person responsible.
(d) Site design requirements.
(1) The front yard distances as required hereunder, such distance being a minimum of 50 feet, may be used for parking area but no structures or buildings shall be located thereon.
(2) All utilities are underground.
(3) The additional yard requirements of subsections 48-245(1) through (6), (8), and
(10) shall apply to the limited commercial district.
The requirements of subsections 48-245(7) and
(9) shall not apply.
(4) A site design which pertains to the construction of new improvements or an addition to an existing improvement that constitutes an addition which exceeds 30 percent of the original building or structure shall be submitted to the commission for its review and approval before issuance of the building permit.
Any such addition that is 30 percent or less of the original building or structure may be submitted to and approved by the city administrator and the code administrator so long as all other requirements of the code are complied with.
The site design must show compliance with all requirements of this C-L limited commercial district, including, but not limited to, the following:
a. The location and size of all utilities on the site.
b. The location of all parking areas.
c. The location of all buildings and structures.
(5) Site designs which pertain to the construction of new improvements or an addition to an existing improvement shall be submitted to the city for its review and approval before issuance of the building permit.
a. The site plan will be submitted to the code administrator."
2,ARTICLE II. - USE REGULATIONS,DIVISION 1. - GENERAL,Sec. 48-41. - C-L—Limited commercial.,sub-sec-2.1.11,https://library.municode.com/mo/lebanon/codes/code_of_ordinances?nodeId=COOR_CH48ZO_ARTIIUSRE_DIV1GE_S48-41-LCO,https://zoneomics.com/code/7395/chapter_2#2.1.11,True,2,"If it is determined, by the code administrator that the site plan meets all the rules, regulations, and ordinances of the city and that no variances or conditional use is required, then the code administrator along with the city administrator and public works director may approve the site plan.
b. The site plan will be forwarded to the chairman of the zoning and planning commission for approval.
The city will notify the owner within five working days if the site plan has been approved or if the site plan must go before the zoning and planning commission at their regular monthly meeting.
c. The code administrator will report each month to the zoning and planning commission, by mail, all site plans that have been approved, or by report at the next regularly scheduled meeting, which meeting is held the second Thursday of each month.
d. The commission shall have the power to require additional setback requirements (not to exceed 50 percent of the otherwise required setback for the district), construction of fencing, planting of trees or other similar requirements to reduce any harmful effects on the adjoining property.
e. In reviewing the site design, the commission shall consider all factors it deems relevant including the use of the adjoining property and the district classification of the adjoining property.
f. No notice or hearing shall be required, and the commission shall review the site design and make its requirements, if any, as a part of the permit application procedure.
g. The approval of the site plan by the commission shall be void after a 12-month period if no permit is issued and in the event a change in the code requirements occurs during the 12-month period, the site plan must be modified to conform to the new rules and resubmitted to the commission.
(6) Surface or underground storm drainage facilities shall be provided for all roads and drives and parking areas.
All storm drainage shall be directed into established surface and underground storm drainage facilities.
Stormwater retention structures shall be provided if, in the opinion of the public works director, unrestricted runoff will cause increased drainage problems downstream.
A structurally sound wall, curb or other abutment shall be installed around each side of the parking area to ensure that no part of any motor vehicle extends over or is capable of accidentally rolling across the property line of the parking area.
(7) All conditional uses must be submitted to the commission as provided in section 48-326.
(8) No reduction in access or site design requirements shall be allowed.
(9) Maximum height.
(See division 2 of article III of this chapter for exceptions) Forty-five feet.
(10) Minimum yards.
(See division 3 of article III of this chapter for exceptions):
a. Front: 50 feet.
b. Side:
Ten feet.
c. Rear: 25 feet; except where the lot abuts a commercial or industrial zone the minimum yard requirement shall be limited to ten feet.
(e) Minimum required parking spaces.
(See article IV of this chapter.)
(f) Minimum required loading spaces.
(See article IV of this chapter for exceptions.)
(1) Retail or service establishment or wholesale commercial use.
One space for each 2,000 to 20,000 square feet of gross floor area; two spaces for each 20,000 to 100,000 square feet of gross floor area; one additional space for each 75,000 square feet of gross floor area above 100,000 square feet.
(2) Additional maneuvering space.In all cases where the off-street loading space is located in a manner that a truck must back directly from a major street into a loading space, a maneuvering space of not less than 50 feet shall be provided on the lot on which the industrial use is located.
(Ord.
No.
6886, § 1, 2-26-2024)"
2,ARTICLE II. - USE REGULATIONS,DIVISION 1. - GENERAL,Sec. 48-42. - C-1—General commercial.,sub-sec-2.1.12,https://library.municode.com/mo/lebanon/codes/code_of_ordinances?nodeId=COOR_CH48ZO_ARTIIUSRE_DIV1GE_S48-42-GCO,https://zoneomics.com/code/7395/chapter_2#2.1.12,False,0,"(a) Property must be properly platted for any new construction.
(b) Access requirements.
(1) All entrances to public streets and roads shall be hard surfaced with Portland concrete or hot-mixed asphalt, which includes the area extending from existing public street black top, or back of existing curb, to the public street right-of-way line.
(2) All entrances shall be designed with a minimum radius of three feet.
If the street is improved with barrier type curb and gutter, then the existing curb and gutter shall be removed and replaced with a five-foot-wide entrance slab including three foot curbed radii.
(3) All developed parcels shall provide ingress and egress at both ends of each parking bay or parking lot with a provision for circulation of vehicles.
Parking areas that utilize a portion of public street right-of-way shall be paved with Portland cement or hot-mixed asphalt, and if the public street is improved with curb and gutter, then curb and gutter shall be continuous around perimeter of parking area.
(City administrator, public works director and code administrator may approve an alternate parking lot design.)
These access requirements shall apply to permits issued after the effective date of the ordinance from which this chapter is derived.
(4) All entrances to public streets and roads and all parking areas using a portion of the public right-of-way shall be maintained by the private property owner or other person responsible.
(c) Site design requirements.
(1) Where any parcel within the district abuts any residential district, a ten-foot-wide landscaped buffer shall be provided along all property lines of the parcel where it abuts a residential district.
(2) Surface or underground storm drainage facilities shall be provided for all roads and drives and parking areas.
All storm drainage shall be directed into established surface and underground storm drainage facilities.
Stormwater retention structures shall be provided if, in the opinion of the public works director, unrestricted runoff will cause increased drainage problems downstream.
A structurally sound wall, curb or other abutment shall be installed around each side of the parking area to ensure that no part of any motor vehicle extends over or is capable of accidentally rolling across the property line of the parking area.
(3) Site designs which pertain to the construction of new improvements or an addition to an existing improvement shall be submitted to the city for its review and approval before issuance of the building permit as follows:
a. The site plan will be submitted to the code administrator.
If it is determined, by the code administrator that the site plan meets all the rules, regulations, and ordinances of the city and that no variances or conditional use is required, then the code administrator along with the city administrator and public works director may approve the site plan.
b. The site plan will be forwarded to the chairman of the zoning and planning commission for approval.
The city will notify the owner within five working days if the site plan has been approved or if the site plan must go before the zoning and planning commission at their regular monthly meeting.
c. The code administrator will report each month to the zoning and planning commission, by mail, all site plans that have been approved, or by report at the next regularly scheduled meeting, which meeting is held the second Thursday of each month.
d. The commission shall have the power to require additional setback requirements (not to exceed 50 percent of the otherwise required setback for the district), construction of fencing, planting of trees or other similar requirements to reduce any harmful effects on the adjoining property.
e. In reviewing the site design, the commission shall consider all factors it deems relevant including the use of the adjoining property and the district classification of the adjoining property.
f. No notice or hearing shall be required, and the commission shall review the site design and make its requirements, if any, as a part of the permit application procedure.
g. The approval of the site plan by the commission shall be void after a 12-month period if no permit is issued and in the event a change in the code requirements occurs during the 12-month period, the site plan must be modified to conform to the new rules and resubmitted to the commission.
(4) All conditional uses must be submitted to the commission as provided in section 48-326.
(5) Any reduction in access or site design requirements must be submitted to the board of adjustment provided for in section 48-325.
(d) Maximum height.
(See division 2 of article III of this chapter for exceptions) Forty-five feet.
(e) Minimum yards.
(See division 3 of article III of this chapter for exceptions):
(1) Front: 25 feet.
(2) Side:
None.
(3) Rear:
Ten feet; except where the lot abuts an alley:
None.
(f) Minimum lot area and width.
(See division 4 of article III of this chapter for exceptions.)
Lot area per family when converting commercial to residential or increasing the number of dwelling units:
(1) Single-family dwelling: 7,500 square feet.
(2) Two-family dwelling: 3,750 square feet.
(3) Multiple dwelling: 1,500 square feet.
a. Minimum required parking spaces.
(See article IV of this chapter.)
b. Minimum required loading spaces.
(See article IV of this chapter for exceptions.)
(g) Retail or service establishment or wholesale commercial use.
One space for each 2,000 to 20,000 square feet of gross floor area; two spaces for each 20,000 to 100,000 square feet of gross floor area; one additional space for each 75,000 square feet of gross floor area above 100,000 square feet.
(h) Manufacturing or industrial use.
One space for each 10,000 square feet of floor area or fraction thereof in excess of 5,000 square feet.
(i) Additional maneuvering space.
In all cases where the off-street loading space is located in a manner that a truck must back directly from a major street into a loading space, a maneuvering space of not less than 50 feet shall be provided on the lot on which the industrial use is located.
(Ord.
No.
6886, § 1, 2-26-2024)"
2,ARTICLE II. - USE REGULATIONS,DIVISION 1. - GENERAL,Sec. 48-43. - DTBD—Downtown business district.,sub-sec-2.1.13,https://library.municode.com/mo/lebanon/codes/code_of_ordinances?nodeId=COOR_CH48ZO_ARTIIUSRE_DIV1GE_S48-43DTOWBUDI,https://zoneomics.com/code/7395/chapter_2#2.1.13,False,0,"(a) Property must be properly platted for any new construction.
(b) Access requirements.
(1) All entrances to public streets and roads shall be hard surfaced with Portland concrete or hot-mixed asphalt, which includes the area extending from existing public street black top, or back of existing curb, to the public street right-of-way line.
(2) All entrances shall be designed with a minimum radius of three feet.
If the street is improved with barrier type curb and gutter, then the existing curb and gutter shall be removed and replaced with a five-foot-wide entrance slab including three foot curbed radii.
(3) All developed parcels shall provide ingress and egress at both ends of each parking bay or parking lot with a provision for circulation of vehicles.
Parking areas that utilize a portion of public street right-of-way shall be paved with Portland cement or hot-mixed asphalt, and if the public street is improved with curb and gutter, then curb and gutter shall be continuous around perimeter of parking area.
These access requirements shall apply to permits issued after the effective date of the ordinance from which this chapter is derived.
(4) All entrances to public streets and roads and all parking areas using a portion of the public right-of-way shall be maintained by the private property owner or other person responsible.
(c) Site design requirements.
(1) Where any parcel within the district abuts any residential district, a ten-foot-wide landscaped buffer shall be provided along all property lines of the parcel where it abuts a residential district.
(2) Surface or underground storm drainage facilities shall be provided for all roads and drives and parking areas.
All storm drainage shall be directed into established surface and underground storm drainage facilities.
Stormwater retention structures shall be provided if, in the opinion of the city engineer, unrestricted runoff will cause increased drainage problems downstream.
A structurally sound wall, curb or other abutment shall be installed around each side of the parking area to ensure that no part of any motor vehicle extends over or is capable of accidentally rolling across the property line of the parking area.
(3) Site designs which pertain to the construction of new improvements or an addition to an existing improvement shall be submitted to the city for its review and approval before issuance of the building permit as follows:
a. The site plan will be submitted to the code administrator.
If it is determined, by the code administrator that the site plan meets all the rules, regulations, and ordinances of the city and that no variances or conditional use is required, then the code administrator along with the city administrator and public works director may approve the site plan.
b. The site plan will be forwarded to the chairman of the zoning and planning commission for approval.
The city will notify the owner within five working days if the site plan has been approved or if the site plan must go before the zoning and planning commission at their regular monthly meeting.
c. The code administrator will report each month to the zoning and planning commission, by mail, all site plans that have been approved, or by report at the next regularly scheduled meeting, which meeting is held the second Thursday of each month.
d. The commission shall have the power to require additional setback requirements (not to exceed 50 percent of the otherwise required setback for the district), construction of fencing, planting of trees or other similar requirements to reduce any harmful effects on the adjoining property.
e. In reviewing the site design, the commission shall consider all factors it deems relevant including the use of the adjoining property and the district classification of the adjoining property.
f. No notice or hearing shall be required, and the commission shall review the site design and make its requirements, if any, as a part of the permit application procedure.
g. The approval of the site plan by the commission shall be void after a 12-month period if no permit is issued and in the event a change in the code requirements occurs during the 12-month period, the site plan must be modified to conform to the new rules and resubmitted to the commission.
(d) All conditional uses must be submitted to the commission as provided in section 48-326.
(e) Any reduction in access or site design requirements must be submitted to the board of adjustment provided for in section 48-325.
(f) Maximum height.
(See division 2 of article III of this chapter for exceptions) Forty-five feet.
(g) Maximum yards.
(See division 3 of article III of this chapter for exceptions):
(1) Front:
None.
(2) Side:
None.
(3) Rear:
None.
(h) Minimum lot area and width.
(See division 4 of article III of this chapter for exceptions.)
Lot area per family when converting commercial to residential or increasing the number of dwelling units:
(1) Single-family dwelling: 7,500 square feet.
(2) Two-family dwelling: 3,750 square feet.
(3) Multiple dwelling: 1,500 square feet.
(i) Minimum required parking spaces.
(See article IV of this chapter.)
(j) Minimum required loading spaces.
(No loading requirements.)
(Ord.
No.
6886, § 1, 2-26-2024)"
2,ARTICLE II. - USE REGULATIONS,DIVISION 1. - GENERAL,Sec. 48-44. - C-2 downtown commercial district.,sub-sec-2.1.14,https://library.municode.com/mo/lebanon/codes/code_of_ordinances?nodeId=COOR_CH48ZO_ARTIIUSRE_DIV1GE_S48-44DOCODI,https://zoneomics.com/code/7395/chapter_2#2.1.14,False,0,"(a) Property must be properly platted for any new construction.
(b) Access requirements.
(1) All entrances to public streets and roads shall be hard surfaced with Portland concrete or hot-mixed asphalt, which includes the area extending from existing public street black top, or back of existing curb, to the public street right-of-way line.
(2) All entrances shall be designed with a minimum radius of three feet.
If the street is improved with barrier type curb and gutter, then the existing curb and gutter shall be removed and replaced with a five-foot-wide entrance slab including three foot curbed radii.
(3) All developed parcels shall provide ingress and egress at both ends of each parking bay or parking lot with a provision for circulation of vehicles.
Parking areas that utilize a portion of public street right-of-way shall be paved with Portland cement or hot-mixed asphalt, and if the public street is improved with curb and gutter, then curb and gutter shall be continuous around perimeter of parking area.
(City administrator, public works director and code administrator may approve an alternate parking lot design.)
These access requirements shall apply to permits issued after the effective date of the ordinance from which this chapter is derived.
(4) All entrances to public streets and roads and all parking areas using a portion of the public right-of-way shall be maintained by the private property owner or other person responsible.
(c) Site design requirements.
(1) Where any parcel within the district abuts any residential district, a ten-foot-wide landscaped buffer shall be provided along all property lines of the parcel where it abuts a residential district.
(2) Surface or underground storm drainage facilities shall be provided for all roads and drives and parking areas.
All storm drainage shall be directed into established surface and underground storm drainage facilities.
Stormwater retention structures shall be provided if, in the opinion of the city engineer, unrestricted runoff will cause increased drainage problems downstream.
A structurally sound wall, curb or other abutment shall be installed around each side of the parking area to ensure that no part of any motor vehicle extends over or is capable of accidentally rolling across the property line of the parking area.
(3) Site designs which pertain to the construction of new improvements or an addition to an existing improvement shall be submitted to the city for its review and approval before issuance of the building permit as follows:
a. The site plan will be submitted to the code administrator.
If it is determined, by the code administrator that the site plan meets all the rules, regulations, and ordinances of the city and that no variances or conditional use is required, then the code administrator along with the city administrator and public works director may approve the site plan.
b. The site plan will be forwarded to the chairman of the zoning and planning commission for approval.
The city will notify the owner within five working days if the site plan has been approved or if the site plan must go before the zoning and planning commission at their regular monthly meeting.
c. The code administrator will report each month to the zoning and planning commission, by mail, all site plans that have been approved, or by report at the next regularly scheduled meeting, which meeting is held the second Thursday of each month.
(d) The commission shall have the power to require additional setback requirements (not to exceed 50 percent of the otherwise required setback for the district), construction of fencing, planting of trees or other similar requirements to reduce any harmful effects on the adjoining property.
(e) In reviewing the site design, the commission shall consider all factors it deems relevant including the use of the adjoining property and the district classification of the adjoining property.
(f) No notice or hearing shall be required, and the commission shall review the site design and make its requirements, if any, as a part of the permit application procedure.
(g) The approval of the site plan by the commission shall be void after a 12-month period if no permit is issued and in the event a change in the code requirements occurs during the 12-month period, the site plan must be modified to conform to the new rules and resubmitted to the commission.
(h) All conditional uses must be submitted to the commission as provided in section 48-325.
(i) Any reduction in access or site design requirements must be submitted to the board of adjustment provided for in section 48-325.
(j) Maximum height.
(See division 2 of article III of this chapter for exceptions.)
(1) 45 feet.
(k) Maximum yards.
(See division 3 of article III of this chapter for exceptions.)
(1) Front: 25 feet.
(2) Side:
None.
(3) Rear:
Ten feet, or zero feet where the lot abuts an alley.
(l) Minimum lot area and width.
(See division 4 of article III of this chapter for exceptions.)
Lot area per family when converting commercial to residential or increasing the number of dwelling units:
(1) Single-family dwelling: 7,500 square feet.
(2) Two-family dwelling: 3,750 square feet.
(3) Multiple dwelling: 1,500 square feet.
(m) Minimum required parking spaces.
(See article IV of this chapter.)
(n) Minimum required loading spaces.
(No loading requirements.)
(Ord.
No.
6886, § 1, 2-26-2024)"
2,ARTICLE II. - USE REGULATIONS,DIVISION 1. - GENERAL,Sec. 48-45. - M-1 light industrial district.,sub-sec-2.1.15,https://library.municode.com/mo/lebanon/codes/code_of_ordinances?nodeId=COOR_CH48ZO_ARTIIUSRE_DIV1GE_S48-45LIINDI,https://zoneomics.com/code/7395/chapter_2#2.1.15,False,0,"(a) All entrances to public streets and roads shall be hard surfaced with Portland concrete or hot-mixed asphalt, which includes the area extending from existing public street black top, or back of existing curb, to the public street right-of-way line.
(b) All entrances shall be designed with a minimum radius of three feet.
If the street is improved with barrier type curb and gutter, then the existing curb and gutter shall be removed and replaced with a five-foot-wide entrance slab including three foot curbed radii.
(c) All developed parcels shall provide ingress and egress at both ends of each parking bay or parking lot with a provision for circulation of vehicles.
Parking areas that utilize a portion of public street right-of-way shall be paved with Portland cement or hot-mixed asphalt, and if the public street is improved with curb and gutter, then curb and gutter shall be continuous around perimeter of parking area.
(City administrator, public works director and code administrator may approve an alternate parking lot design.)
These access requirements shall apply to permits issued after the effective date of the ordinance from which this chapter is derived.
(d) All entrances to public streets and roads and all parking areas using a portion of the public right-of-way shall be maintained by the private property owner or other person responsible.
(e) Site design requirements.
(1) Where any parcel within the district abuts any residential district, a ten-foot-wide landscaped buffer shall be provided along all property lines of the parcel where it abuts a residential district.
(2) Surface or underground storm drainage facilities shall be provided for all roads and drives and parking areas.
All storm drainage shall be directed into established surface and underground storm drainage facilities.
Stormwater retention structures shall be provided if, in the opinion of the public works director, unrestricted runoff will cause increased drainage problems downstream.
A structurally sound wall, curb or other abutment shall be installed around each side of the parking area to ensure that no part of any motor vehicle extends over or is capable of accidentally rolling across the property line of the parking area.
(3) Site designs which pertain to the construction of new improvements or an addition to an existing improvement shall be submitted to the city for its review and approval before issuance of the building permit as follows:
a. The site plan will be submitted to the code administrator.
If it is determined, by the code administrator that the site plan meets all the rules, regulations, and ordinances of the city and that no variances or conditional use is required, then the code administrator along with the city administrator and public works director may approve the site plan.
b. The site plan will be forwarded to the chairman of the zoning and planning commission for approval.
The city will notify the owner within five working days if the site plan has been approved or if the site plan must go before the zoning and planning commission at their regular monthly meeting.
c. The code administrator will report each month to the zoning and planning commission, by mail, all site plans that have been approved, or by report at the next regularly scheduled meeting, which meeting is held the second Thursday of each month.
d. The commission shall have the power to require additional setback requirements (not to exceed 50 percent of the otherwise required setback for the district), construction of fencing, planting of trees or other similar requirements to reduce any harmful effects on the adjoining property.
e. In reviewing the site design, the commission shall consider all factors it deems relevant including the use of the adjoining property and the district classification of the adjoining property.
f. No notice or hearing shall be required, and the commission shall review the site design and make its requirements, if any, as a part of the permit application procedure.
g. The approval of the site plan by the commission shall be void after a 12-month period if no permit is issued and in the event a change in the code requirements occurs during the 12-month period, the site plan must be modified to conform to the new rules and resubmitted to the commission.
h. All conditional uses must be submitted to the commission as provided in section 48-325.
i. Any reduction in access or site design requirements must be submitted to the board of adjustment provided for in section 48-325.
(f) Maximum height.
(See division 2 of article III of this chapter for exceptions.)
(1) Forty-five feet.
(g) Minimum yards.
(See division 3 of article III of this chapter for exceptions.)
(1) Front: 25 feet.
(2) Side:
None, except where the lot abuts a residential district, the side yard shall be 25 feet.
(3) Rear: 25 feet.
(h) Minimum required parking spaces.
(See article IV of this chapter.)
(i) Minimum required loading spaces.
(See article IV of this chapter for exceptions.)
(1) Retail or service establishment or wholesale commercial use.
One space for each 2,000 to 20,000 square feet of gross floor area; two spaces for each 20,000 to 100,000 square feet of gross floor area; one additional space for each 75,000 square feet of gross floor area above 100,000 square feet.
(2) Manufacturing or industrial use.
One space for each 10,000 square feet of floor area or fraction thereof in excess of 5,000 square feet.
(3) Additional maneuvering space.
In all cases where the off-street loading space is located in a manner that a truck must back directly from a major street into a the lot on which the industrial use is located.
(Ord.
No.
6886, § 1, 2-26-2024)"
2,ARTICLE II. - USE REGULATIONS,DIVISION 1. - GENERAL,Sec. 48-46. - M-2 general industrial district.,sub-sec-2.1.16,https://library.municode.com/mo/lebanon/codes/code_of_ordinances?nodeId=COOR_CH48ZO_ARTIIUSRE_DIV1GE_S48-46GEINDI,https://zoneomics.com/code/7395/chapter_2#2.1.16,False,0,"(a) Access requirements.
(1) All entrances to public streets and roads shall be hard surfaced with Portland concrete or hot-mixed asphalt, which includes the area extending from existing public street black top, or back of existing curb, to the public street right-of-way line.
(2) All entrances shall be designed with a minimum radius of three feet.
If the street is improved with barrier type curb and gutter, then the existing curb and gutter shall be removed and replaced with a five-foot-wide entrance slab including three-foot curbed radii.
(3) All developed parcels shall provide ingress and egress at both ends of each parking bay or parking lot with a provision for circulation of vehicles.
Parking areas that utilize a portion of public street right-of-way shall be paved with Portland cement or hot-mixed asphalt, and if the public street is improved with curb and gutter, then curb and gutter shall be continuous around perimeter of parking area.
(City administrator, public works director and code administrator may approve an alternate parking lot design.)
These access requirements shall apply to permits issued after the effective date of the ordinance from which this chapter is derived.
(4) All entrances to public streets and roads and all parking areas using a portion of the public right-of-way shall be maintained by the private property owner or other person responsible.
(b) Site design requirements.
(1) Where any parcel within the district abuts any residential district, a ten-foot-wide landscaped buffer shall be provided along all property lines of the parcel where it abuts a residential district.
(2) Surface or underground storm drainage facilities shall be provided for all roads and drives and parking areas.
All storm drainage shall be directed into established surface and underground storm drainage facilities.
Stormwater retention structures shall be provided if, in the opinion of the city engineer, unrestricted runoff will cause increased drainage problems downstream.
A structurally sound wall, curb or other abutment shall be installed around each side of the parking area to ensure that no part of any motor vehicle extends over or is capable of accidentally rolling across the property line of the parking area.
(3) Site designs which pertain to the construction of new improvements or an addition to an existing improvement shall be submitted to the city for its review and approval before issuance of the building permit as follows:
a. The site plan will be submitted to the code administrator.
If it is determined, by the code administrator that the site plan meets all the rules, regulations, and ordinances of the city and that no variances or conditional use is required, then the code administrator along with the city administrator and public works director may approve the site plan.
b. The site plan will be forwarded to the chairman of the zoning and planning commission for approval.
The city will notify the owner within five working days if the site plan has been approved or if the site plan must go before the zoning and planning commission at their regular monthly meeting.
c. The code administrator will report each month to the zoning and planning commission, by mail, all site plans that have been approved, or by report at the next regularly scheduled meeting, which meeting is held the second Thursday of each month.
d. The commission shall have the power to require additional setback requirements (not to exceed 50 percent of the otherwise required setback for the district), construction of fencing, planting of trees or other similar requirements to reduce any harmful effects on the adjoining property.
e. In reviewing the site design, the commission shall consider all factors it deems relevant including the use of the adjoining property and the district classification of the adjoining property.
f. No notice or hearing shall be required, and the commission shall review the site design and make its requirements, if any, as a part of the permit application procedure.
g. The approval of the site plan by the commission shall be void after a 12-month period if no permit is issued and in the event a change in the code requirements occurs during the 12-month period, the site plan must be modified to conform to the new rules and resubmitted to the commission.
(c) All conditional uses must be submitted to the commission as provided in section 48-326.
(d) Any reduction in access or site design requirements must be submitted to the board of adjustment provided for in section 48-325.
(1) Maximum height.
(See division 2 of article III of this chapter for exceptions.)
a. 45 feet.
b. Minimum yards.
(See division 3 of article III of this chapter for exceptions.)
1. Front: 25 feet.
2. Side:
None, except where the lot abuts a residential district, the side yard shall be 25 feet.
3. Rear: 25 feet.
(e) Minimum required parking spaces.
(See article IV of this chapter.)
(f) Minimum required loading spaces.
(See article IV of this chapter for exceptions.)
(1) Retail or service establishment or wholesale commercial use.
One space for each 2,000 to 20,000 square feet of gross floor area; two spaces for each 20,000 to 100,000 square feet of gross floor area; one additional space for each 75,000 square feet of gross floor area above 100,000 square feet.
(2) Manufacturing or industrial use.
One space for each 10,000 square feet of floor area or fraction thereof in excess of 5,000 square feet.
(3) Additional maneuvering space.
In all cases where the off-street loading space is located in a manner that a truck must back directly from a major street into a loading space, a maneuvering space of not less than 50 feet shall be provided on the lot on which the industrial use is located.
(Ord.
No.
6886, § 1, 2-26-2024)"
2,ARTICLE II. - USE REGULATIONS,DIVISION 2. - PLANNED UNIT DEVELOPMENTS,Sec. 48-73. - Purpose.,sub-sec-2.2.1,https://library.municode.com/mo/lebanon/codes/code_of_ordinances?nodeId=COOR_CH48ZO_ARTIIUSRE_DIV2PLUNDE_S48-73PU,https://zoneomics.com/code/7395/chapter_2#2.2.1,False,0,"The purpose of the planned unit development is to allow:
(1) Greater flexibility than is permitted by standard district regulations for tracts and lands where the planned development would better utilize the topographic and natural character of the site and would produce a more economic and stable development;
(2) Permanent preservation of common open space and provision of recreational facilities;
(3) A creative approach to the use of land and related physical facilities that results in better development and design and the construction of aesthetic amenities;
(4) Developments which will have a more beneficial effect upon the health, safety, general welfare, and stability of the city than development under strict conformity with district regulations; and
(5) Innovations in residential, commercial, and industrial development so that growing demands of population may be met by greater variety in type, design and layout of buildings and by the conservation and more efficient use of open space ancillary to the buildings.
(Ord.
No.
6886, § 1, 2-26-2024)"
2,ARTICLE II. - USE REGULATIONS,DIVISION 2. - PLANNED UNIT DEVELOPMENTS,Sec. 48-74. - Procedure.,sub-sec-2.2.2,https://library.municode.com/mo/lebanon/codes/code_of_ordinances?nodeId=COOR_CH48ZO_ARTIIUSRE_DIV2PLUNDE_S48-74PR,https://zoneomics.com/code/7395/chapter_2#2.2.2,False,0,"(a) Pre-petition meeting.
Prior to official submittal of an application for consideration of a planned unit development, the petitioner shall submit a letter of intent to the commission.
Such letter shall be submitted to the code administrator The code administrator shall forward copies of such letter of intent to the commission and the letter shall be included in the agenda of the next meeting of the commission.
The commission shall select a date, and, upon the selection of such date, the petitioner shall meet with the commission and discuss the scope and nature of the proposed development, and the design requirements of the commission concerning this proposal.
Any pre-petition meeting of the commission may be a part of the regularly scheduled meeting, shall be open to the public, and shall be included in the agenda in advance of the meeting.
A preapplication meeting is required; however, it is not binding, and it does not require formal application, fee, or filing of a planned unit development plat.
A pre-petition conference may be repeated by mutual agreement.
(b) Application.
Following the pre-petition meeting with the planning commission, application may be made, which application shall be in accordance with procedures set forth in the following sections:
(1) An application and development plan for a planned unit development shall be filed with the code administrator and thereafter entered into the records of the first meeting of the council.
(2) A copy of such application shall thereafter be forwarded by the code administrator to the commission with a request to hold a public hearing and submit to the council a report of its findings and recommendations.
The commission shall fix a reasonable time, not to exceed 60 days, for the hearing of the request for planned unit development and give due notice in the same manner as provided in this article.
(3) Such public hearings shall be held upon such notice, and findings and recommendations of the commission shall be submitted to the council not later than 60 days following the conclusion of the public hearing.
(4) The council, upon report of the commission and without further public hearing, may grant or deny any proposed planned unit development or may refer it back to the commission for further consideration.
The approval by the council shall not be effective unless the petitioner complies with requirements of this chapter.
(5) In case a written protest against any proposed planned unit development signed and acknowledged by owners of 20 percent of the frontage proposed to be altered, or by the owners of 20 percent of the frontage immediately adjoining or across the alley therefrom, or by owners of 20 percent of the frontage directly opposite the frontage to be altered, is filed with the city clerk, the approval of the planned unit development cannot be passed except on the favorable vote of two-thirds of all members of the council.
(6) Any variation granted in the course of processing planned unit development shall be considered a part of the commission's duties and a hearing by the zoning board of adjustment shall not be required; instead, the commission, after its public hearing, shall recommend all variations so desired, as part of the overall recommendation on the project.
(Ord.
No.
6886, § 1, 2-26-2024)"
2,ARTICLE II. - USE REGULATIONS,DIVISION 2. - PLANNED UNIT DEVELOPMENTS,Sec. 48-75. - Approval by city.,sub-sec-2.2.3,https://library.municode.com/mo/lebanon/codes/code_of_ordinances?nodeId=COOR_CH48ZO_ARTIIUSRE_DIV2PLUNDE_S48-75APCI,https://zoneomics.com/code/7395/chapter_2#2.2.3,False,0,"(a) When a planned unit development is approved by the council, the developer shall guarantee the implementation of the conditions established as part of the development plan in a manner satisfactory to the council.
The plan, as authorized by the council, shall not be modified unless the modification is processed as a new application under these provisions, except that a pre-petition meeting is not required, and except changes of use to other uses permitted in the district in which the planned development is located are permitted provided commission's recommendations and the council's approval for such change is obtained.
Failure to comply with the conditions and regulations as herein established and as specifically made applicable to a specific project development shall be cause for termination of the approval for the project.
At least 15-days' notice shall be given to the developer to appear before the plan commission and answer any such charge of noncompliance.
The commission shall report its findings and recommendations to the council.
The council may terminate the project's approval if the noncompliance is not satisfactorily adjusted within a specified period.
(b) Zoning map.
An approved planned unit development shall be delineated and designated by number on the zoning map.
A file, available for inspection by the public, shall be maintained by the code administrator for each planned development so designated.
The file shall contain a record of the approved development plan and all use exceptions allowed.
(c) The approval of the project shall be automatically terminated, and the previous zoning shall apply if construction, in accordance with the project plan, is not completed within four years of the time of its approval as herein provided.
(Ord.
No.
6886, § 1, 2-26-2024)"
2,ARTICLE II. - USE REGULATIONS,DIVISION 2. - PLANNED UNIT DEVELOPMENTS,Sec. 48-76. - General standards.,sub-sec-2.2.4,https://library.municode.com/mo/lebanon/codes/code_of_ordinances?nodeId=COOR_CH48ZO_ARTIIUSRE_DIV2PLUNDE_S48-76GEST,https://zoneomics.com/code/7395/chapter_2#2.2.4,False,0,"(a) Minimum size.
A planned unit development is under single ownership or unified control.
A planned unit development shall not be less than ten acres for residential, two acres for commercial, and six acres for industrial in gross land area, and the average width of the site shall not be less than 150 feet.
Any part of the land required for dedication for street rights-of-way in the process of the planned unit development shall be considered as part of the above-stated gross land acreage.
(b) Comprehensive plan.
All plans, designs, or proposals for a planned development shall be in general conformance with the comprehensive plan of the city.
(c) Use exceptions.
Uses permitted by exception as provided in this article shall be necessary or desirable and appropriate with respect to the primary purpose of the development, and not of such a nature, or so located, as to exercise a detrimental influence on the surrounding neighborhood.
(d) Development plan and specifications.
The design features and standards of development of the planned unit development shall, in addition to the regulations set forth in this chapter, conform to a development plan, including details and specifications as may be required.
Eight sets of development plans shall be submitted with the application.
The development plan shall include, as a minimum, the following materials, except for any items waived by the commission at the pre-petition meeting:
(1) An accurate topographic and boundary line map of the project area and a location map showing its relationship to surrounding properties;
(2) The pattern of public and private roads, driveways, and parking facilities, and intended design standards;
(3) The size, arrangement, and location of lots or of proposed building groups;
(4) Location, type and size of proposed landscaping;
(5) The use, type, size, and location of structures;
(6) The location and size of sewer and water facilities.
(7) Architectural drawings and sketches illustrating the design and character of proposed structures, including floor plans and other similar information as may be deemed necessary by the code administrator.
(8) The location of recreational and open space areas and areas reserved or dedicated for public uses such as school and park sites, and open space to be owned and maintained by a property owners' association.
(9) Existing topography and storm drainage pattern and proposed storm drainage system showing basic topographic changes.
(10) Statistical data on total size of project area, density computation, proposed number of residential units by type, and any other similar data pertinent to a comprehensive evaluation of the proposed development.
(11) Impact of the proposed project on the surrounding land and the properties, including, but not limited to, the following:
a. Impact on the traffic flow on the streets surrounding the subject property, and evidence that adequate measures have been or will be taken to provide ingress and egress, so designed to minimize traffic congestion in the public streets; and
b. The economic impact on the surrounding property values, and on the city government, local school districts, and the park district serving the area.
(12) A copy of the intended organizational structure related to property owners' association, protective covenants, and provision of services;
(13) The petitioner shall show sufficient evidence of capability to implement the general type of development proposed.
An economic justification or market analysis of the proposed uses shall be submitted when requested by the commission;
(14) The maintenance of common open space and provisions related to the future use of private property (additions, expansions, changes in use, etc.)
shall also be included.
(e) Underground utilities.
All planned developments shall provide for underground installation of utilities.
(Ord.
No.
6886, § 1, 2-26-2024)"
2,ARTICLE II. - USE REGULATIONS,DIVISION 2. - PLANNED UNIT DEVELOPMENTS,Sec. 48-77. - Residential planned developments.,sub-sec-2.2.5,https://library.municode.com/mo/lebanon/codes/code_of_ordinances?nodeId=COOR_CH48ZO_ARTIIUSRE_DIV2PLUNDE_S48-77REPLDE,https://zoneomics.com/code/7395/chapter_2#2.2.5,False,0,"(a) Permitted uses.
Uses in a planned residential development must conform to that in the underlying zoning district.
(b) Lot size.
No minimum lot area is required for individual buildings, except that individual lots for single-family detached dwellings which may be provided within the overall planned development shall not be less than what is listed in each zoning district or approved by board of adjustments.
(c) Gross density.
(1) In the RU-1 district:
Not more than
0.8 dwellings per acre.
(2) In the RU-2 district:
No dwellings permitted.
(3) In the RS-1 district:
Not more than
3.3 dwellings per acre.
(4) In the RS-2 district:
Not more than
6.7 dwellings per acre.
(5) Zoning and planning may approve more density.
(d) Gross density incentives.
The maximum gross densities for residential planned developments specified above, may be increased if recommended by the commission and approved by the council, but not greater than 50 percent above the gross density otherwise permitted in the district, the 50 percent in accordance with the following standards:
(1) In no case shall the gross density premium increase the density in any district in excess of ten dwelling units per gross acre.
(2) For planned developments which abut a public park which is ten acres or more in area, not more than ten percent.
(3) For the dedication of public recreational and educational sites recommended in the comprehensive plan, equal to the number of dwelling units that would otherwise have been permitted upon the lands so dedicated.
(4) For the provision of unique design features such as golf courses and lakes, swimming pools, underground parking and other similar features within the planned development which require unusually high development costs and which achieve an especially attractive and stable development, as determined by the commission.
(5) When a planned unit development provides for greater number of dwelling units per acre than would be permitted by the zoning regulations otherwise applicable to the site, the developer has the burden to show that such increase will not have an undue and adverse impact on existing public facilities and on the reasonable enjoyment of neighborhood property.
The commission in determining the reasonableness of a proposed increase in the number of dwelling units per acre, shall recognize that increased density may be compensated for by additional private amenities and by increased efficiency in public services to be achieved by:
a. The amount, location and proposed use of common open space; and
b. The location, design and type of dwelling units.
The commission may, in its determination, also consider that the physical characteristics of the site may make increased densities appropriate in the particular location.
(e) Lot width.
The requirements of the prevailing district may be waived by the zoning and planning commission.
(f) Yards.
The requirements of the prevailing districts are applicable to exterior boundaries of the planned development only.
(g) Distance between buildings.
In the parts of planned unit development containing dwelling types other than single-family detached dwellings, the spacing between buildings shall not be less than that set forth in the respective underlying district.
(h) Building height.
The building height requirements of the prevailing district may be waived; however, the height of any building in any planned unit development shall not exceed 60 feet.
(i) Off-street parking and off-street loading.
In accordance with the regulations set forth in article IV of this chapter.
(Ord.
No.
6886, § 1, 2-26-2024)"
2,ARTICLE II. - USE REGULATIONS,DIVISION 2. - PLANNED UNIT DEVELOPMENTS,Sec. 48-78. - Commercial planned development.,sub-sec-2.2.6,https://library.municode.com/mo/lebanon/codes/code_of_ordinances?nodeId=COOR_CH48ZO_ARTIIUSRE_DIV2PLUNDE_S48-78COPLDE,https://zoneomics.com/code/7395/chapter_2#2.2.6,False,0,"A commercial planned development may be proposed for a single zoning lot located with any business district to promote the cooperative development of shopping centers and integral parking facilities and common access points into thoroughfares, to limit the ingress and egress points and to reduce congestion on the thoroughfares to separate pedestrian and automobile traffic, to develop shopping centers of size and location compatible with market potential and adjoining land use, and to encourage harmonious architecture between adjacent commercial structures.
(1) Permitted uses.
Uses permitted in a commercial planned development may include uses other than those permitted in the underlying district in which the development is located, provided the inclusion of such uses are recommended by the commission and approved by the council.
The commission is recommending the inclusion of such uses other than those permitted by the underlying district, shall find that the uses permitted by such exception are necessary or desirable and are appropriate with respect to the primary purpose of the development.
(2) Activities shall be enclosed.
Retail sales and services, including storage of materials, shall be conducted or stored entirely within a wholly and permanently enclosed building or buildings which shall be of an architectural design compatible with surrounding uses and structures, unless otherwise recommended by the commission and approved by the council.
(3) Lot size.
No minimum lot area is required for individual buildings; however, the gross land area within the commercial planned development shall be not less than the minimum area specified above.
(4) Building coverage.
Building and structures shall not cover more than 30 percent of the lot area exception; the downtown business district.
(5) Usable open space.
At least ten percent of the total lot area of the commercial planned development shall be provided for landscaped and usable open space purposes.
(6) Building height.
The building height requirements of the prevailing district may be waived; however, the height of any building in any commercial planned development shall not exceed 60 feet.
(7) Off-street parking facilities.
Off-street parking facilities for commercial planned developments shall be in accordance with the requirements of article IV of this chapter.
(8) Off-street loading facilities.
Off-street loading facilities shall be provided for each use as required by article IV of this chapter; however, the architectural design of the project shall provide for common access routes and loading areas, so the loading and unloading operation can be conducted efficiently and be sufficiently curtailed from the view of the neighboring properties.
(9) Design standards.
a. Where a commercial planned development adjoins the boundaries of residential, public open space, schools, churches or other similar uses, the development shall be adequately screened by fencing or landscaping or both.
b. Ingress and egress shall be designed so as to minimize traffic congestion in the public streets.
c. Outside lighting shall be designed so as not to be disturbing to adjacent residential areas.
(Ord.
No.
6886, § 1, 2-26-2024)"
2,ARTICLE II. - USE REGULATIONS,DIVISION 2. - PLANNED UNIT DEVELOPMENTS,Sec. 48-79. - Manufactured planned developments.,sub-sec-2.2.7,https://library.municode.com/mo/lebanon/codes/code_of_ordinances?nodeId=COOR_CH48ZO_ARTIIUSRE_DIV2PLUNDE_S48-79MAPLDE,https://zoneomics.com/code/7395/chapter_2#2.2.7,False,0,"For planned developments located in the M-1 and M-2 manufacturing districts, exceptions may be made in the use and bulk regulations of the district as follows:
(1) Permitted uses.
a. Uses specified as permitted uses in the underlying zoning district.
b. Uses specified as special uses in the underlying zoning district when approved as a part of the development plan.
c. In manufacturing planned developments occupying over 50 acres of land and having not less than 800 feet of frontage on a major street, uses permitted in the commercial districts may be permitted, provided that the area devoted to such uses and their accessory uses such as off-street parking shall not exceed 50 percent of the total area of the manufacturing planned development.
(2) Lot area.
Individual lots which may be provided within the overall planned development shall not be less than one acre in area.
(3) Yards.
The requirements of the respective underlying district area applicable to the exterior boundaries of the planned development only.
(4) Spacing between buildings.
Where a transfer of ownership of a part of a manufacturing planned development is contemplated, spacing between principal buildings shall be at least equivalent to such spacing as would be required between buildings similarly developed under the terms of the underlying district regulations.
(5) Lot coverage.
No more than 60 percent of the property may be covered by structures.
(6) Off-street parking.
In accordance with the requirements of Article IV of this chapter.
(7) Off-street loading.
In accordance with the requirements of article IV of this chapter.
(Ord.
No.
6886, § 1, 2-26-2024)"
2,ARTICLE II. - USE REGULATIONS,DIVISION 3. - OTHER USES,Sec. 48-102. - Driveway requirements; utility requirements; accessory buildings and uses.,sub-sec-2.3.1,https://library.municode.com/mo/lebanon/codes/code_of_ordinances?nodeId=COOR_CH48ZO_ARTIIUSRE_DIV3OTUS_S48-102DRREUTREACBUUS,https://zoneomics.com/code/7395/chapter_2#2.3.1,False,0,"(a) In the RU-1, RU-2, RS-1, RS-2, RS-3, RS-4 and RS-5 districts, a paved driveway is required on each lot.
The driveway must be not less than 12 feet wide and must be 25 feet in length or must go to the front line of the improvements, or structure whichever distance is greater.
It is required that the driveway be constructed of asphalt or concrete.
In a NC, DTBD, CL, C1, C2, M1, and M2 districts, a paved driveway is required on each lot.
Driveways must go to the front line of the improvements, or structure whichever distance is greater.
Driveways must extend 100 feet beyond the property line.
(b) In the RU-1, RU-2, RS-1, RS-2, RS-3, RS-4 and RS-5 districts, underground public utilities, including cable television service, shall be required on all lots.
(c) Accessory buildings and uses are permitted but are limited to:
(1) A noncommercial greenhouse that does not exceed in floor area 25 percent of the ground floor area of the main building.
(2) A private residential detached garage used only for the housing of noncommercial passenger automobiles and with a concrete floor.
The accessory structure must not exceed 50 percent of the total square feet of the ground floor dwelling unit.
No garage shall exceed 1,000 square feet nor house more than five such automobiles.
(3) Home occupation.
(4) Cemetery, accessory buildings and mausoleums.
(5) Vegetable or flower garden.
(6) Tennis court, swimming pool, garden house, pergola, ornamental gate, barbecue oven, fireplace, and similar uses customarily accessory to residential uses.
(7) The outdoor storage of boats, travel trailers, camper bodies or recreational vehicles shall be limited to one per lot.
Such vehicles must be parked within the setbacks of the lot.
No mobile home may be stored or parked in any residential district except in an approved mobile home park.
(d) In the commercial and industrial districts, there may also be:
(1) Parking lots and garages conforming with the requirements of article IV of this chapter.
(2) No accessory building may be erected in front of a main building unless the accessory building is attached to the main building by a common wall.
(3) Accessory buildings may not be used for dwelling purposes.
(Ord.
No.
6886, § 1, 2-26-2024)"
2,ARTICLE II. - USE REGULATIONS,DIVISION 3. - OTHER USES,Sec. 48-103. - Fences.,sub-sec-2.3.2,https://library.municode.com/mo/lebanon/codes/code_of_ordinances?nodeId=COOR_CH48ZO_ARTIIUSRE_DIV3OTUS_S48-103FE,https://zoneomics.com/code/7395/chapter_2#2.3.2,False,0,"(a) Fences constructed within the city limits shall comply with the provisions of this section and be constructed in workmanlike fashion.
(b) General.
All materials, including fasteners, supports, ornamental decorations, etc., used in construction of fences and walls as defined herein, shall be resistant to the elements.
(c) No fence more than 30 percent solid or more than three feet high may be located within 30 feet of a street intersection.
Code administration must approve fence location and fence height.
(d) Except as provided in subsection (a) of this section, fences not more than four feet high may be located on any part of a lot.
(e) Except as provided in subsection (a) of this section, fences not more than six feet high may be erected on those parts of a lot that are as far back or farther back from the street than the main building behind the front set back.
(This will also apply to any setbacks for a corner lot.)
(f) Prohibited.
The following materials shall be prohibited in the construction or use with fences as defined herein:
Woven wire.
Razor wire (concertina wire).
Barbed wire: exceptions can be used for agricultural purposes and in a commercial district with approval from code administration.
Chicken wire or any other similar material that is intended for agricultural purposes.
Electric.
Cattle panels: exceptions can be used for agricultural purposes with approval from code administration.
Cinder block: must have approval from board of adjustments.
Tires, pallets, or other material not specifically designed to be used as a fence.
A post or a T-post cannot be used for a fence post in the front yard.
code administration must approve a T-post for a permanent fence in the rear or side yard.
The post must be painted to match the fence.
Code administration can approve a temporary fence with T-post.
(g) When a fence is erected on the property line where an easement is located, a minimum ten-foot gate must be installed so crews can access a utility easement.
If a gate is not installed to access the utility easement the City of Lebanon shall remove the fence to gain access and will not reinstall the fence.
(Ord.
No.
6886, § 1, 2-26-2024)"
2,ARTICLE II. - USE REGULATIONS,DIVISION 3. - OTHER USES,Sec. 48-104. - Satellite receiving antenna (dish).,sub-sec-2.3.3,https://library.municode.com/mo/lebanon/codes/code_of_ordinances?nodeId=COOR_CH48ZO_ARTIIUSRE_DIV3OTUS_S48-104SAREANDI,https://zoneomics.com/code/7395/chapter_2#2.3.3,False,0,"In any R district, an antenna shall be located on the roof of the main dwelling or the accessory structure or must be located in the rear or side yard and no closer than five feet to any lot line.
(Ord.
No.
6886, § 1, 2-26-2024)"
2,ARTICLE II. - USE REGULATIONS,DIVISION 3. - OTHER USES,"Sec. 48-105. - Manufactured homes, mobile homes or trailers and mobile home parks.",sub-sec-2.3.4,https://library.municode.com/mo/lebanon/codes/code_of_ordinances?nodeId=COOR_CH48ZO_ARTIIUSRE_DIV3OTUS_S48-105MAHOMOHOTRMOHOPA,https://zoneomics.com/code/7395/chapter_2#2.3.4,False,0,"(a) All manufactured homes, mobile homes or trailers inhabited for residential use shall be located in a mobile home park which complies with the mobile home and trailer ordinance of the city.
(b) Temporary mobile homes or trailers used for nonresidential uses in a C-1, C-2, M-1 or M-2 district may be connected to utilities, provided that such trailer is not used for residential purposes, provided that such mobile home or trailer is used for a period not to exceed 12 months, and, provided that such trailer is issued in connection with the business on the same premises.
A permit for temporary use of a mobile home or trailer shall be issued by the code administrator.
(c) Any existing mobile home park may be expanded onto real estate located adjacent and contiguous with the existing mobile home park if the real estate is owned by the owner of the mobile home park on or before June 1, 1997, and if the following conditions are met:
(1) In the existing mobile home park:
a. All streets shall be at least 20 feet wide and paved with Portland concrete or hot mix asphalt;
b. Each lot shall have two paved parking spaces; and
c. Five hydrants that flow a minimum of 750 gpm at 20 psi shall be installed and located so that the hydrants are no more than 500 feet from any improvement.
(2) In the expanded mobile home park:
a. All requirements set out in subsection 48-75(1) shall be complied with;
b. The number of lots in the expanded area shall not exceed 30 percent of the number of lots in the existing mobile home park;
c. Street and utility layouts shall be designed by a certified engineer, conform to the city Code and approved by the city;
d. Lot widths shall be a minimum of 50 feet wide;
e. Residential structure set back distances shall be minimum of 30 feet in front and 30 feet in back from other district boundaries;
f. All homes must be at least 20 feet apart; and
g. Both mobile homes and manufactured homes shall be permitted in the mobile home park.
(Ord.
No.
6886, § 1, 2-26-2024)"
2,ARTICLE II. - USE REGULATIONS,DIVISION 3. - OTHER USES,Sec. 48-106. - Other noncategorized uses.,sub-sec-2.3.5,https://library.municode.com/mo/lebanon/codes/code_of_ordinances?nodeId=COOR_CH48ZO_ARTIIUSRE_DIV3OTUS_S48-106OTNOUS,https://zoneomics.com/code/7395/chapter_2#2.3.5,False,0,"Whenever there is an intended use which does not exactly fit into an existing permissive or conditional use category, under this district, the intended use shall be classified under the use category to which it is most similar in nature.
In such case, the zoning and planning commission shall have the authority to further condition the operation of the intended use such that there can be no changes or alterations in the intended use.
(Ord.
No.
6886, § 1, 2-26-2024)"
2,ARTICLE II. - USE REGULATIONS,DIVISION 3. - OTHER USES,"Sec. 48-107. - Towers, antennas, poles.",sub-sec-2.3.6,https://library.municode.com/mo/lebanon/codes/code_of_ordinances?nodeId=COOR_CH48ZO_ARTIIUSRE_DIV3OTUS_S48-107TOANPO,https://zoneomics.com/code/7395/chapter_2#2.3.6,False,0,"Towers, antennas, poles shall be limited in residential district to a height of not more than six feet above the roof ridge line.
The tower, antenna, pole must be attached to the structure.
(1) It must have a minimum setback of ten feet from the property line for all structures, supports, wires, cables, coaxial, and guy wire anchors.
(2) It must be located in the rear yard.
(3) No more than one structure may be erected on any one lot.
(4) The tower, antenna, pole shall have the least practicable adverse visual effect on the district.
(Ord.
No.
6886, § 1, 2-26-2024)"
2,ARTICLE II. - USE REGULATIONS,DIVISION 4. - MARIJUANA FACILITIES,Sec. 48-126. - Purpose.,sub-sec-2.4.1,https://library.municode.com/mo/lebanon/codes/code_of_ordinances?nodeId=COOR_CH48ZO_ARTIIUSRE_DIV4MAFA_S48-126PU,https://zoneomics.com/code/7395/chapter_2#2.4.1,False,0,"The purpose of these requirements is to allow marijuana facilities while minimizing any possible adverse effects of such uses on the surrounding neighborhood.
(Ord.
No.
6886, § 1, 2-26-2024)"
2,ARTICLE II. - USE REGULATIONS,DIVISION 4. - MARIJUANA FACILITIES,Sec. 48-127. - Facility standards.,sub-sec-2.4.2,https://library.municode.com/mo/lebanon/codes/code_of_ordinances?nodeId=COOR_CH48ZO_ARTIIUSRE_DIV4MAFA_S48-127FAST,https://zoneomics.com/code/7395/chapter_2#2.4.2,False,0,"Marijuana facilities as defined shall follow the regulations of this article.
(1) Facilities must develop, implement, and maintain an odor control plan, which shall address odor mitigation practices, including, but not limited to, engineering controls, such as system design and operational processes, which shall be reviewed and certified by a professional engineer or a certified industrial hygienist as sufficient to effectively mitigate odors for all odor sources.
No use shall emit an odor that creates a nuisance in violation of this Code.
(2) No cultivation, infused products manufacturing, Type 1, or testing facility shall be sited, at the time of application for zoning approval, within 1,000 feet of any then-existing elementary or secondary school, child day-care center, or church.
(3) No dispensary or infused products manufacturing, Type 2 shall be sited, at the time of application for zoning approval, within 300 feet of any then-existing elementary or secondary school, child day-care center, or church.
a. In the case of a freestanding facility, the distance between the facility and the school, day-care, or church shall be measured from the property line of the facility to the closest point of the property line of the school, child day-care center, or church.
b. In the case of a facility that is part of a larger structure, such as an office building or strip mall, the distance between the facility and the school, day-care, or church shall be measured from the property line of the school, child day-care center, or church to the facility's entrance or exit closest in proximity to the school, child day-care center, or church.
c. Measurements shall be made along the shortest path between the demarcation points that can be traveled by foot by public right-of-way.
d. For the purposes of this section, the term ""child day-care center"" means a facility licensed by the state.
(4) All marijuana facilities shall be closed to the public between the hours of 10:00 p.m. and
6:00 a.m., no persons not employed by the business shall be on the premises, and no sales or distribution of marijuana shall occur upon the premises during that time.
(5) No marijuana business shall be located in a building that contains a residence.
(6) No marijuana may be smoked, ingested, or otherwise consumed on the premises of a marijuana establishment.
(7) All operations and all storage of materials, products, or equipment shall be within a fully enclosed building.
No outdoor operations or storage shall be permitted.
(8) All other provisions of this Code shall apply.
(Ord.
No.
6886, § 1, 2-26-2024)"
2,ARTICLE II. - USE REGULATIONS,DIVISION 5. - NONCONFORMING USES,Sec. 48-153. - Nonconforming use of land.,sub-sec-2.5.1,https://library.municode.com/mo/lebanon/codes/code_of_ordinances?nodeId=COOR_CH48ZO_ARTIIUSRE_DIV5NOUS_S48-153NOUSLA,https://zoneomics.com/code/7395/chapter_2#2.5.1,False,0,"Upon the effective date of the ordinance from which this chapter is derived, districts where open land is being used as a nonconforming use, and such use is the principal use and not accessory to the main use conducted in a building, such use shall be allowed to continue in its then existing form, provided that it otherwise conforms to all other provisions of this chapter, provided that it is not a nuisance as provided in city nuisance regulations and, provided that it conforms to all other ordinances, regulations and laws applicable thereto.
(Ord.
No.
6886, § 1, 2-26-2024)"
2,ARTICLE II. - USE REGULATIONS,DIVISION 5. - NONCONFORMING USES,Sec. 48-154. - Nonconforming use of buildings.,sub-sec-2.5.2,https://library.municode.com/mo/lebanon/codes/code_of_ordinances?nodeId=COOR_CH48ZO_ARTIIUSRE_DIV5NOUS_S48-154NOUSBU,https://zoneomics.com/code/7395/chapter_2#2.5.2,False,0,"Except as otherwise provided herein, the lawful use of a building, mobile home, or modular home existing at the effective date of the ordinance from which this chapter is derived, April 23, 1984, may be continued although such use does not conform to the provision hereof.
A nonconforming use of a building, mobile home, or modular home may be changed to another nonconforming use of the same or of a more restricted classification.
Whenever a nonconforming use has been changed to a more restricted use or to a conforming use, such use shall not thereafter be changed to a less restricted use.
The nonconforming use of a building, mobile home, or modular home may be hereafter extended throughout those parts of a building, mobile home, or modular home which were lawfully and manifestly arranged or designed for such use at the time of the enactment of the ordinance from which this chapter is derived.
(Ord.
No.
6886, § 1, 2-26-2024)"
2,ARTICLE II. - USE REGULATIONS,DIVISION 5. - NONCONFORMING USES,Sec. 48-155. - Expansion and other changes.,sub-sec-2.5.3,https://library.municode.com/mo/lebanon/codes/code_of_ordinances?nodeId=COOR_CH48ZO_ARTIIUSRE_DIV5NOUS_S48-155EXOTCH,https://zoneomics.com/code/7395/chapter_2#2.5.3,False,0,"(a) The zoning and planning commission may, upon petition and after public notice and hearing as provided by law, approve or disapprove the following:
(1) The expansion of or construction of structural changes to any nonconforming use building, other than structural changes to a one- and two-family residence which can be approved by the code administrator, provided the expansion meets all requirements in subsections (b)(1) through (3) hereafter;
(2) The construction of an additional nonconforming use building;
(3) The construction of a replacement building of a smaller size, the same size, or a larger size; or (4) The expansion of a nonconforming use of land to include a larger area of land.
(b) The application for approval of the proposed change, addition or expansion shall be made the same as for a conditional use permit as provided in section 48-326. In reviewing the application, the zoning and planning commission shall follow the provisions set forth in subsection 48-326(e), except subsection 48-326(e)(6), and the zoning and planning commission shall further determine that the proposed change, addition or expansion:
(1) Shall conform to all provisions of this chapter applicable to the district in which it exists, or the district in which it would be lawfully permitted, whichever requirements are greater, so that the nonconforming use will be the only deviation from this chapter;
(2) Shall not be a nuisance as provided in the city ordinance applicable to nuisances; and
(3) Shall conform to all other ordinances, regulations and laws applicable thereto.
(Ord.
No.
6886, § 1, 2-26-2024)"
2,ARTICLE II. - USE REGULATIONS,DIVISION 5. - NONCONFORMING USES,Sec. 48-156. - Discontinuance of nonconforming uses.,sub-sec-2.5.4,https://library.municode.com/mo/lebanon/codes/code_of_ordinances?nodeId=COOR_CH48ZO_ARTIIUSRE_DIV5NOUS_S48-156DINOUS,https://zoneomics.com/code/7395/chapter_2#2.5.4,False,0,"No land, building, mobile home, manufactured home or modular home or portion thereof used in whole or in part for a nonconforming use in any district, which remains idle or unused for a continuous period of one year, whether or not the equipment or fixtures are removed, shall again be used except in conformity with the regulations of the district in which it is located.
(Ord.
No.
6886, § 1, 2-26-2024)"
2,ARTICLE II. - USE REGULATIONS,DIVISION 5. - NONCONFORMING USES,Sec. 48-157. - Destruction of a nonconforming use.,sub-sec-2.5.5,https://library.municode.com/mo/lebanon/codes/code_of_ordinances?nodeId=COOR_CH48ZO_ARTIIUSRE_DIV5NOUS_S48-157DENOUS,https://zoneomics.com/code/7395/chapter_2#2.5.5,False,0,"If a nonconforming use building is damaged or destroyed, it may be repaired or reconstructed and used as before the time of damage or destruction, provided that such repairs or reconstruction be substantially completed within 12 months of the date of such damage.
(Ord.
No.
6886, § 1, 2-26-2024)"
2,ARTICLE II. - USE REGULATIONS,DIVISION 5. - NONCONFORMING USES,Sec. 48-158. - Intermittent use.,sub-sec-2.5.6,https://library.municode.com/mo/lebanon/codes/code_of_ordinances?nodeId=COOR_CH48ZO_ARTIIUSRE_DIV5NOUS_S48-158INUS,https://zoneomics.com/code/7395/chapter_2#2.5.6,False,0,"The casual, intermittent, temporary, or illegal use of land or buildings shall not be sufficient to establish the existence or continuance of a nonconforming use and the existence of a nonconforming use on the part of a lot or tract shall not be construed to establish a nonconforming use on the entire lot or tract.
(Ord.
No.
6886, § 1, 2-26-2024)"
2,ARTICLE II. - USE REGULATIONS,DIVISION 5. - NONCONFORMING USES,Sec. 48-159. - Existence of a nonconforming use.,sub-sec-2.5.7,https://library.municode.com/mo/lebanon/codes/code_of_ordinances?nodeId=COOR_CH48ZO_ARTIIUSRE_DIV5NOUS_S48-159EXNOUS,https://zoneomics.com/code/7395/chapter_2#2.5.7,False,0,"Whether a nonconforming use exists shall be a question of fact and shall be decided by the zoning and planning commission after public notice and hearing and in accordance with the rules of the board.
(Ord.
No.
6886, § 1, 2-26-2024)"
2,ARTICLE II. - USE REGULATIONS,DIVISION 5. - NONCONFORMING USES,Sec. 48-160. - Nonconforming uses not validated.,sub-sec-2.5.8,https://library.municode.com/mo/lebanon/codes/code_of_ordinances?nodeId=COOR_CH48ZO_ARTIIUSRE_DIV5NOUS_S48-160NOUSNOVA,https://zoneomics.com/code/7395/chapter_2#2.5.8,False,0,"A nonconforming use in violation of a provision of an ordinance which this chapter repeals shall not be validated by the adoption of this chapter.
(Ord.
No.
6886, § 1, 2-26-2024)"
2,ARTICLE II. - USE REGULATIONS,DIVISION 5. - NONCONFORMING USES,"Sec. 48-161. - Replacement of manufactured homes, mobile homes and modular homes.",sub-sec-2.5.9,https://library.municode.com/mo/lebanon/codes/code_of_ordinances?nodeId=COOR_CH48ZO_ARTIIUSRE_DIV5NOUS_S48-161REMAHOMOHOMOHO,https://zoneomics.com/code/7395/chapter_2#2.5.9,False,0,"If a nonconforming manufactured home, mobile home or modular home is removed from the land on which it exists, the manufactured home, mobile home or modular home, or a newer or improved manufactured, mobile or modular home may be placed on the land and used as before the time of the removal thereof, provided that such manufactured home, mobile home or modular home be placed on such land within three months of the date of the removal of the nonconforming manufactured home, mobile home or modular home.
(Ord.
No.
6886, § 1, 2-26-2024)"
2,ARTICLE II. - USE REGULATIONS,DIVISION 5. - NONCONFORMING USES,"Sec. 48-162. - Nonconforming manufactured homes, mobile homes, or modular homes.",sub-sec-2.5.10,https://library.municode.com/mo/lebanon/codes/code_of_ordinances?nodeId=COOR_CH48ZO_ARTIIUSRE_DIV5NOUS_S48-162NOMAHOMOHOMOHO,https://zoneomics.com/code/7395/chapter_2#2.5.10,False,0,"All nonconforming manufactured homes, mobile homes or modular homes, without exception, shall comply with all laws, ordinances and regulations, including those provisions of this chapter, which apply to manufactured homes, mobile homes and modular homes.
(Ord.
No.
6886, § 1, 2-26-2024)"
3,"ARTICLE III. - HEIGHT, YARDS AND DENSITY",DIVISION 2. - HEIGHT,Sec. 48-223. - Maximum heights.,sub-sec-3.1.1,https://library.municode.com/mo/lebanon/codes/code_of_ordinances?nodeId=COOR_CH48ZO_ARTIIIHEYADE_DIV2HE_S48-223MAHE,https://zoneomics.com/code/7395/chapter_3#3.1.1,False,0,"Maximum height limits established for buildings and structures are as follows:
(1) Thirty-five feet in the RU-1, RS-1, and RS-2 single-family districts.
(2) Forty-five feet in the RS-2 multifamily district.
(3) Forty-five feet in the C-1, C-2, M-1, and M-2 commercial and industrial districts.
(Ord.
No.
6886, § 1, 2-26-2024)"
3,"ARTICLE III. - HEIGHT, YARDS AND DENSITY",DIVISION 2. - HEIGHT,Sec. 48-224. - Exceptions.,sub-sec-3.1.2,https://library.municode.com/mo/lebanon/codes/code_of_ordinances?nodeId=COOR_CH48ZO_ARTIIIHEYADE_DIV2HE_S48-224EX,https://zoneomics.com/code/7395/chapter_3#3.1.2,False,0,"The above height limits may be exceeded in the following instances:
(1) Public, semi-public or public service buildings, hospitals, institutions, agricultural buildings, or schools when permitted in a district, may be erected to a height not exceeding 110 feet, and churches and temples may be erected to a height not exceeding 75 feet if the building is set back from each yard line at least one foot for each foot of additional building height above the height limit otherwise permitted in the district in which the building is built.
(2) Television, cell towers, and radio towers, church spires, belfries, monuments, tanks, water and fire towers, stage towers or scenery lofts, cooling towers, ornamental towers and spires, chimneys, elevator bulkheads, stacks, conveyors and flag poles may be erected to such height as may be authorized by the zoning and planning commission.
(3) Buildings in the C-2, M-1, and M-2 districts may be increased in height one foot for each foot the building is set back from all yard lines up to a maximum height of 100 feet, provided that the gross floor area provided, exclusive of enclosed garages, does not exceed the number of square feet of land area of the lot on which the building is placed.
(Ord.
No.
6886, § 1, 2-26-2024)"
3,"ARTICLE III. - HEIGHT, YARDS AND DENSITY",DIVISION 2. - HEIGHT,Sec. 48-225. - Height limitation.,sub-sec-3.1.3,https://library.municode.com/mo/lebanon/codes/code_of_ordinances?nodeId=COOR_CH48ZO_ARTIIIHEYADE_DIV2HE_S48-225HELI,https://zoneomics.com/code/7395/chapter_3#3.1.3,False,0,"In no instance shall a building or other structure be constructed or maintained in violation of the height restrictions as provided in Ordinance No.
1734, regarding the city airport and its runway approaches.
(Ord.
No.
6886, § 1, 2-26-2024)"
3,"ARTICLE III. - HEIGHT, YARDS AND DENSITY",DIVISION 3. - YARDS,Sec. 48-244. - Minimum yard requirements.,sub-sec-3.2.1,https://library.municode.com/mo/lebanon/codes/code_of_ordinances?nodeId=COOR_CH48ZO_ARTIIIHEYADE_DIV3YA_S48-244MIYARE,https://zoneomics.com/code/7395/chapter_3#3.2.1,False,0,"The following minimum yards, measured in feet, shall be provided within the districts indicated below:
Expand | District | Front Yard | Side Yard | Rear Yard |
| --- | --- | --- | --- |
| RU-1 | 50 | 20 | 50 |
| RS-1 | 30 | 10 | 30 |
| RS-2 | 25 | 10 | 25 |
| RS-3 | 25 | 10 | 25 |
| RS-4 | 12.5 | 10 | 12.5 |
| RS-5 | 25 | 10 | 25 |
| DTBD | None | None | None |
| C-1 General | 25 | None | 10′ except where the lot abuts an alley, None |
| C-2 Downtown | None | None | None |
| C-L Limited | 50 | 10 | 25 |
| NC | 25 | 10 | 25 |
| M-1 and M-2 | 25 | None, except where the lot abuts a residential district, 25 feet | 25 | Whenever a lot abuts upon a public alley, one-half of the alley width may be considered as a portion of the required yard.
For the purpose of side yard regulations, a two-family dwelling or multiple dwelling shall be considered as one building occupying one lot.
(Ord.
No.
6886, § 1, 2-26-2024)"
3,"ARTICLE III. - HEIGHT, YARDS AND DENSITY",DIVISION 3. - YARDS,Sec. 48-245. - Additional requirements.,sub-sec-3.2.2,https://library.municode.com/mo/lebanon/codes/code_of_ordinances?nodeId=COOR_CH48ZO_ARTIIIHEYADE_DIV3YA_S48-245ADRE,https://zoneomics.com/code/7395/chapter_3#3.2.2,False,0,"The following additional yard requirements must also be observed.
(1) On lots fronting on two nonintersecting streets, a front yard must be provided on both streets.
(2) On corner lots, there must be a front yard on both streets.
On corner lots that are lots of record, the buildable width cannot be reduced to less than 28 feet, except that there shall be a yard along the side street side of such a lot of at least five feet.
(3) Where a frontage is divided among districts with different front yard requirements, the deepest front yard required shall apply to the entire frontage.
(4) In the C and M districts, there may be more than one building on a lot, provided that the required yards be maintained around the group of buildings.
(5) There may be two or more related multifamily, hotel, motel, or institutional buildings on a lot, provided that:
a. The required yards be maintained around the group of buildings; and
b. Buildings that are parallel or that are within 45 degrees of being parallel be separated by a horizontal distance that is at least equal to the height of the highest building.
(6) Those parts of existing buildings that violate yard regulations may be repaired and remodeled, but not reconstructed or structurally altered.
(7) A minimum front yard shall be devoted entirely to landscaped area except for guest parking and the necessary paving of driveways and sidewalks to reach parking or loading areas in or through the side yard, as space permits, or in a rear yard.
(8) Where an official line has been established for the future widening or opening of a street or major thoroughfare upon which a lot abuts, then the minimum depth of a front or side yard shall be measured from such official line to the front line of the principal buildable area.
(9) The minimum width of side yards for schools, libraries, churches, hospitals, community buildings and other public and semi-public buildings in residential districts shall be as required in the district in which the building is located.
The minimum depth of rear yards for schools, libraries, churches, hospitals, community buildings and other public and semi-public buildings in residential districts shall be ten feet, except where the rear of the lot abuts an alley there shall be no set back requirement.
(10) Except in the C-2 district, no sign, fence, wall, shrub, or other obstruction to vision exceeding three feet in height above the established street grade shall be erected, planted, or maintained within the area of a corner lot that is included between the lines of the intersecting streets and a straight line connecting them at points 30 feet distant from the intersection of the street lines.
(Ord.
No.
6886, § 1, 2-26-2024)"
3,"ARTICLE III. - HEIGHT, YARDS AND DENSITY",DIVISION 3. - YARDS,Sec. 48-246. - Exceptions to yard requirements.,sub-sec-3.2.3,https://library.municode.com/mo/lebanon/codes/code_of_ordinances?nodeId=COOR_CH48ZO_ARTIIIHEYADE_DIV3YA_S48-246EXYARE,https://zoneomics.com/code/7395/chapter_3#3.2.3,False,0,"The following exceptions may be made to the yard requirements:
(1) Where, on the effective date of the ordinance from which this chapter is derived, 40 percent or more of a frontage was occupied by two or more buildings, then the front yard is established in the following manner:
a. Where the building farthermost from the street provides a front yard not more than ten feet deeper than the building closest to the street, then the front yard for the frontage is and remains an average of then existing front yards.
b. Where the circumstances of subsection a. of this section is not the case and a lot is within 100 feet of a building on each side, then the front yard is a line drawn from the closest front corners of these two adjacent buildings.
c. Where neither the circumstances of subsection a. nor b. of this section is the case, and the lot is within 100 feet of an existing building on one side only, then the front yard is the same as that of the existing adjacent building.
(2) Sills, belt courses, window air-conditioning units, chimneys, cornices, and ornamental features may project into a required yard, outside the buildable area, a distance not to exceed 24 inches.
(3) Filling station pumps and pump islands may occupy required yards; provided, however, that they are not less than 15 feet from all lot lines.
(4) Signs in accordance with section 48-105.
(5) Open fire escapes, fireproof outside stairways and balconies opening upon fire towers, and the ordinary projections of chimneys and flues into a required rear yard, outside the buildable area, for a distance of not more than three and one-half feet when so placed as to not obstruct light and ventilation, may be permitted by the building inspector.
(6) Open, unroofed, unenclosed porches (not glassed in) may extend ten feet into a front yard, outside the buildable area.
(7) Terraces which do not extend above the level of the ground (first) floor may project into a required yard, provided these projections are distanced at least two feet from the adjacent side lot line.
(8) No side yards are required where dwellings are erected above commercial and industrial structures, except such side yard as may be required for a commercial or industrial building on the side of a lot adjoining a residential district.
(9) Accessory buildings must be located in a rear yard but must not occupy more than 30 percent of a required rear yard.
The accessory structure must not exceed 50 percent of the total square feet of the ground floor dwelling unit and shall not exceed 1,000 square feet.
Accessory buildings must not be used for a residential dwelling.
Accessory building must not be on a vacant lot.
Accessory building must have a main structure on the lot.
(10) Any accessory building closer than ten feet to a main building shall be considered as part of the main building and shall be provided with the side and rear yards required for the main building.
(11) An accessory building more than ten feet from a main building may be erected within five feet of a side lot line and ten feet from the rear lot line.
Code administration must approve the location of accessory structure.
(12) Where a garage is entered from an alley, it must be kept ten feet from the alley line.
(13) On corner lots, the minimum buildable width of 28 feet for main buildings is reduced to 22 feet for accessory buildings.
(14) Carports will not be installed in the front setback.
Carports that are attached to the main dwelling unit must have three walls open, if the carport is closer than the ten feet side setback.
Carports may be installed within five feet of the side setback.
Code administration must approve the carport location.
(Ord.
No.
6886, § 1, 2-26-2024)"
3,"ARTICLE III. - HEIGHT, YARDS AND DENSITY",DIVISION 4. - DENSITY,Sec. 48-273. - Minimum lot area and width.,sub-sec-3.3.1,https://library.municode.com/mo/lebanon/codes/code_of_ordinances?nodeId=COOR_CH48ZO_ARTIIIHEYADE_DIV4DE_S48-273MILOARWI,https://zoneomics.com/code/7395/chapter_3#3.3.1,False,0,"The following minimum lot areas and lot widths must be provided in the districts indicated:
Expand | District | Lot Width in Feet | Lot Area in Sq. Feet | Lot Area Per Family in Square Feet | | |
| --- | --- | --- | --- | --- | --- |
| Single- Family Dwelling | Two-Family Dwelling | Multiple Dwelling |
| RU-1 | 150 | 43,560 | 43,560 | NA\* | NA\* |
| RU-2 | 0 | 0 | 0 | 0 | 0 |
| RS-1 | 90 | 12,000 | 12,000 | NA | NA |
| RS-2 | 75 | 7,500 | 7,500 | 3,750 | 1,500 |
| RS-3, Single Family on corner lot | 65 | 6,500 | 6,500 | NA | NA |
| RS-3, Single Family on center lot | 50 | 5,000 | 5,000 | NA | NA |
| RS-3, Duplex on corner lot | 90 | 9,000 | 9,000 | 5,250/3,750 | NA |
| RS-3 Duplex on center lot | 75 | 7,500 | 7,500 | 3,750/3,750 | NA |
| RS-3, Split duplex on corner lot | 52.5 | 5,250 | 5,250 | NA | NA |
| RS-3, Split duplex on center lot | 37.5 | 3,750 | 3,750 | NA | NA |
| RS-3, Townhouse/Condo on corner lot | 115 | 11,500 | NA | NA | See zoning district |
| RS-3, Townhouse/Condo on center lot | 100 | 10,000 | NA | NA | See zoning district |
| RS-3, Split Townhouse/Condo on corner lot | 45 | 4,500 | NA | NA | See zoning district |
| RS-3, Split Townhouse/Condo on center lot | 20 | 2,000 | NA | NA | See zoning district |
| RS-3, Split Townhouse/Condo with side setback | 30 | 3,000 | NA | NA | See zoning district |
| NC | None | None | NA | NA | See zoning district |
| CL | None | None | NA | NA | See zoning district |
| C-1 | None | None | NA | NA | See zoning district |
| C-2 | None | None | NA | NA | See zoning district |
| DTBD | None | None | NA | NA | See zoning district |
| M-1 | None | None |  | Dwellings   Prohibited |  |
| M-2 | None | None |  | Dwellings   Prohibited |  | *Not applicable (Ord.
No.
6886, § 1, 2-26-2024)"
3,"ARTICLE III. - HEIGHT, YARDS AND DENSITY",DIVISION 4. - DENSITY,Sec. 48-274. - Exceptions to lot area and width requirements.,sub-sec-3.3.2,https://library.municode.com/mo/lebanon/codes/code_of_ordinances?nodeId=COOR_CH48ZO_ARTIIIHEYADE_DIV4DE_S48-274EXLOARWIRE,https://zoneomics.com/code/7395/chapter_3#3.3.2,False,0,"The minimum lot area and lot width requirements established above may be modified as follows:
(1) Where a lot of record at the time of the effective date of the ordinance from which this chapter is derived April 23, 1984, has less area or width than herein required in the district in which it is located, and the owner of such lot does not own any other parcel or tract adjacent thereto, the lot may nevertheless be used for a one-family dwelling or for any nondwelling use permitted in the district in which it is located.
(2) Existing buildings that are in violation of lot area requirements may be remodeled or repaired but may not be reconstructed or structurally altered unless made to conform to these requirements.
(3) Lot area per family requirements shall not apply to dormitories, fraternities, sororities, nursing homes or other similar group quarters where no cooking facilities are provided in individual rooms or apartments.
(4) In the RU-1 district, the minimum lot area per family may be reduced to 20,000 square feet and the lot width to 100 feet where public water service is available but where there is no public sewer service or to 15,000 square feet and 80 feet, respectively, where both public water and public sewer services are available.
(Ord.
No.
6886, § 1, 2-26-2024)"
4,ARTICLE IV. - OFF-STREET PARKING AND LOADING,Sec. 48-297. - Off-street Parking and Loading Table., ,sub-sec-4.1,https://library.municode.com/mo/lebanon/codes/code_of_ordinances?nodeId=COOR_CH48ZO_ARTIVOREPALO_S48-297OREPALOTA,https://zoneomics.com/code/7395/chapter_4#4.1,True,1,"Expand | Use | Parking Required |
| --- | --- |
| Acid manufacture | 1 space per employee |
| Adult-oriented business | 1 space per 300 feet of total building area plus 1 space per employee |
| Agricultural chemical/pesticides/fertilizers, storage & distribution, manufacture | 1 space per employee |
| Agricultural products, sales | 1 space per 300 feet of total building area plus 1 space per employee |
| Airports or air transportation facilities (HELIPORT) | Code Administration will approve |
| Ammunition manufacture | 1 space per employee |
| Ammunition, small arms sales | 1 space per 300 feet of total building area plus 1 space per employee |
| Animal slaughter and rendering | 1 space per employee |
| Antique stores | 1 space per 300 feet of total building area plus 1 space per employee |
| Apartment — 3 or more units | 2 space per unit |
| Apartment — loft or studio no more than 2 units | 2 space per unit |
| Appliance stores, repair | 1 space per 300 feet of total building area plus 1 space per employee |
| Arcade | 1 space per 300 feet of total building area plus 1 space per employee |
| Art studio | 1 space per 300 feet of total building area plus 1 space per employee |
| Artisans and crafts | 1 space per 300 feet of total building area plus 1 space per employee |
| Asbestos, abrasive, and related products | 1 space per 300 feet of total building area plus 1 space per employee |
| Asphalt plant | 1 space per employee |
| Automated Teller Machine (ATM) | Drive up window have 5 queuing space in addition to 1 space at the service window |
| Automobile or trailer display and salesroom | 1 space per 125 sq ft of floor area in building, 1 space per 1,000 sq ft of outdoor sales area plus 1 space per employee |
| Automobile parking lot or storage or parking garage | Code Administration will approve |
| Automobile rental or leasing | 1 space per 300 feet of total building area plus 1 space per employee |
| Automobile repair services (including body work) | 1 space per 250 sq ft of floor area |
| Automobile sales | 1 space per 125 sq ft of floor area in building, 1 space per 1,000 sq ft of outdoor sales area plus 1 space per employee |
| Automobile service station | 1 space per pump and 2 space per bay, plus 1 per employee but not less than 5 spaces, not counting pump area. If use in conjunction with convenience store, calculations must also be made for the store |
| Automobile wrecking, cars and parts, storage, and sale | 1 space per 125 sq ft of floor area in building, 1 space per 1,000 sq ft of outdoor sales area plus 1 space per employee |
| Bakery | 1 space per 200 sq ft of floor area plus 1 space per employee |
| Bank or financial institution | 1 space per 300 sq ft total building floor area, drive up window have 5 queuing space in addition to 1 space at the service window, number of queuing spaces may be reduced by 20% for each additional window, however there shall be at least 2 queuing spaces at each window |
| Barbershops/Beauty shops | 1 space per 300 feet of total building area plus 1 space per employee |
| Bicycle parts and accessories | 1 space per 300 feet of total building area plus 1 space per employee |
| Billiard Parlor | 1 space per 100 sq ft floor area |
| Boat repairs | 1 space per 300 feet of total building area plus 1 space per employee |
| Bookstores | 1 space per 300 feet of total building area plus 1 space per employee |
| Bowling alley | 5 spaces per alley, 1 space per employee, 1 space per 100 sq ft floor area for bar or lounge |
| Brewery, distillery, winery | 1 space per 100 sq ft floor area plus 1 space per employee |
| Bus terminals | 1 space for every 3 seats in waiting area plus 1 space per employee |
| Business or commercial school | 10 spaces per classroom plus 1 space per employee |
| Car wash | 5 spaces per washing unit plus 1 space per employee |
| Catering | 1 space per employee |
| Cell tower | 1 space plus 1 space per employee |
| Cement, lime, gypsum, or plaster of Paris manufacture | 1 space per employee |
| Cemetery — state standards and requirements | 1 parking space per acre |
| Churches, synagogues, and temples (including associated residential structures for personnel and related buildings) | 1 space per 4 seats in the main place of assemble |
| Clothing sales, alterations, or repairs | 1 space per 300 feet of total building area plus 1 space per employee |
| Coffee shop | 1 space per 300 feet of total building area plus 1 space per employee |
| College or university | 10 spaces per classroom plus 1 per employee |
| Commercial Feed lot | 3 spaces plus 1 space per employee |
| Commercial Greenhouse or plant nursery | 1 space per 1,000 ft of floor area plus 1 space per 300 sq ft of outside sales area and 1 space per employee |
| Communication and broadcasting facilities | 3 parking spaces plus 1 space per employee |
| Computer and office equipment — retail, service | 1 space per 300 feet of total building area plus 1 space per employee |
| Concrete, cut stone, and clay products | 1 space per employee |
| Contractors, storage | 1 space per 500 sq ft of floor area, 1 space for each 1,500 sq ft of floor area to be paved on building construction. When required area reserved for future parking will be paved upon receipt of written order from the code administrator |
| Contractors, heavy construction | 1 space per 300 feet of total building area plus 1 space per employee |
| Convenience stores | 1 for each 300 sq ft of total building area plus 1 for each 2 and ½ seats of on-site parking, but not less than 10 spaces, service area at gas pumps shall not be counted as parking spaces |
| Conversion of single-family dwelling, two-family dwellings, or other buildings to multiple-family dwellings | 2 space per single family dwelling unit, 2 spaces for two family dwelling unit, 2 spaces per dwelling unit for multi family dwelling |
| Country club or clubhouse | 1 space per 200 sq ft of floor area plus 1 space per employee |
| Dancing or music academy — NO ALCOHOL | 1 space per 100 sq ft floor area |
| Day-Care Center | 1 space for each employee and staff member plus 1 space for each five children |
| Day-Care Home | 1 space per 100 sq ft of area devoted daycare plus 2 spaces for the dwelling unit |
| Department, variety, or general merchandise stores | 1 space per 300 feet of total building area plus 1 space per employee |
| Display and salesroom (except automotive sales) | 1 space per 300 feet of total building area plus 1 space per employee |
| Distillation, manufacture or refining of bones, coal, or tar asphalt | 1 space per employee |
| Drive-up window | Each window shall have 6 queuing spaces in addition to 1 space at the service window. The number of queuing spaces for drive thru service may be reduced 20% for each additional window provided, there shall be at least 2 queuing spaces at each window |
| Driving Range | 1 space per tee plus 1 space per employee |"
4,ARTICLE IV. - OFF-STREET PARKING AND LOADING,Sec. 48-297. - Off-street Parking and Loading Table., ,sub-sec-4.1,https://library.municode.com/mo/lebanon/codes/code_of_ordinances?nodeId=COOR_CH48ZO_ARTIVOREPALO_S48-297OREPALOTA,https://zoneomics.com/code/7395/chapter_4#4.1,True,2,"| Drugstores (Rx) | 1 space per 300 feet of total building area plus 1 space per employee |
| Dry-cleaning | 1 space per 300 feet of total building area plus 1 space per employee |
| Duplex | 2 spaces for two family dwelling |
| Electric vehicle charging station | 1 space per each charging station |
| Elementary, secondary schools, private | 1 space per staff member plus 1 space per 4 seats in the main auditorium |
| Equipment repairs, rental & leasing | 1 space per 300 feet of total building area plus 1 space per employee |
| Explosives, manufacture, or storage | 1 space per employee |
| Farm implements, sale, and repair | 1 space per 125 sq ft of floor area in building, 1 space per 1,000 sq ft of outdoor sales area plus 1 space per employee |
| Farm store, supplies and other | 1 space per 300 feet of total building area plus 1 space per employee |
| Farm Use | Code Administration will approve |
| Fat, grease, oil, lard or tallow rendering or refining | 1 space per employee |
| Feed store including accessory storage of liquid or solid fertilizer | 1 space per 300 feet of total building area plus 1 space per employee |
| Fertilizer manufacture (from organic matter) | 1 space per employee |
| Flea markets, indoor | 1 space per 300 feet of total building area plus 1 space per employee |
| Flea markets, outdoor | 1 space per 300 feet of total building area plus 1 space per employee |
| Food court | 1 space per 100 sq ft floor area plus 1 space per employee |
| Food pantry/bank | 1 space per 300 feet of total building area plus 1 space per employee |
| Funeral home | 1 space for each 50 sq ft of floor area in slumber rooms, parlors, or individual funeral service rooms, or 1 for every 4 seats of capacity whichever is greater |
| Garbage, offal, or dead animal reduction or dumping | 1 space per employee |
| General service and repair establishments, including dyeing or cleaning works, plumbing, and heating, printing, painting, upholstering, or appliance repair. | 1 space per 250 sq ft of floor area plus 1 space per employee |
| Golf Course except miniature course or driving range | 40 spaces for every 9 holes |
| Grain mill products | 1 space per employee |
| Green House | 1 space per 1,000 ft sq ft. of floor area plus 1 space per 300 sq. ft. of outside sale area and 1 space per employee |
| Grocery stores | 1 space per 200 sq. ft. of floor area plus 1 space per employee |
| Halfway houses — rehabilitation | 1 space for each bed plus 1 space for each employee on the main shift |
| Hardware store | 1 space per 300 feet of total building area plus 1 space per employee |
| Health Care Clinic | 1 space for each 250 sq. ft. of total building floor area, plus 1 space per employee |
| Health spa | 1 space per 300 feet of total building area plus 1 space per employee |
| Hobby shops — coins, stamps, comic books. Trading cards, etc. | 1 space per 300 feet of total building area plus 1 space per employee |
| Hospital | 1 space for each bed, plus 1 space for each employee on the main shift |
| Hotels, motels and similar businesses or institutions providing overnight accommodations | 1 space for each sleeping room or suite plus 1 space per employee and any for restaurants, lounges, meeting rooms, etc |
| Indoor weapons range — firearm, archery, hand-thrown | 1 space per lane plus 1 space per employee |
| Internet Café | 1 space per 100 feet plus 1 space per employee |
| Junk and salvage (metal, paper, rags, waste, or glass) storage, treatment, or baling | 1 space per 300 feet of total building area plus 1 space per employee |
| Kennels | 1 space per 300 feet of total building area plus 1 space per employee |
| Laboratory, research, experimental or testing | 1 space per 300 feet of total building area plus 1 space per employee |
| Laundromats, coin-operated | 1 space per 250 sq. ft. of floor area |
| Libraries, museums, art galleries, art centers and similar uses | 1 space per 300 feet of total building area plus 1 space per employee |
| Livestock | 1 space per employee |
| Lounge or bar as a part of a restaurant hotel or motel | 1 space for each sleeping room or suite and any for restaurants, lounges, meeting rooms, etc, bar or lounge 1 space per 00 sq. ft. of floor area |
| Lumber, millwork, and veneer | 1 space per 300 feet of total building area plus 1 space per employee |
| Mail and packaging store | 1 space per 300 feet of total building area plus 1 space per employee |
| Manufactured home sales | 1 space per 125 sq. ft. of floor area in building, 1 space per 1,000 sq. ft. of outdoor sales area plus 1 space per employee |
| Manufacturing | Office area 1 space every 300 sq. ft. , manufacturing 1 space every 500 sq. ft. , code administration can adjust parking requirement |
| Massage parlor | 1 space per 300 feet of total building area plus 1 space per employee |
| Marijuana cultivation facility — 1000' | 1 space per employee |
| Marijuana dispensary facility | 1 space per 250 feet plus 1 space per employee |
| Marijuana testing facility — 1000' | 1 space per 300 feet of total building area plus 1 space per employee |
| Marijuana-infused products manufacturing facility — Type 1 — 1000' | 1 space per 300 feet of total building area plus 1 space per employee |
| Marijuana-infused products manufacturing facility — Type 2 — 300' | 1 space per 300 feet of total building area plus 1 space per employee |
| Marijuana Transportation | 1 space per 300 feet of total building area plus 1 space per employee |
| Medical, dental, and surgical equipment — retail | 1 space per 250 sq. ft. of total building floor area plus 1 space per employee |
| Medical, dental, or related offices | 1 space per 250 sq. ft. of total building floor area plus 1 space per employee |
| Microbrewery | 1 space per 100 sq. ft. floor area plus 1 space per employee |
| Mini storage (storage) | 1 space per employee |
| Mobile home (only located in a mobile home park) | 2 spaces per mobile home |
| Modular home on single lot or lots | 2 spaces per mobile home |
| Moving and storage services | 3 parking spaces plus 1 space per employee |
| Multiple-Family Dwelling | 2 spaces per dwelling unit for multi family dwelling |
| No-chance gaming | 1 space per 100 feet plus 1 space per employee |
| Nursing, rest, or convalescent home | 1 space for each bed, plus 1 space for each employee on the main shift |
| Office or office building | 1 space per 300 feet of total building area plus 1 space per employee |
| Parking lot adjacent or across from C or M district | Code administration will approve |
| Pawnshops | 1 space per 300 feet of total building area plus 1 space per employee |
| Pest/termite control service office | 3 parking spaces plus 1 space per employee |
| Pet Daycare | 1 space per 300 feet of total building area plus 1 space per employee |
| Pet grooming services (with outdoor runs) | 1 space per 300 feet of total building area plus 1 space per employee |"
4,ARTICLE IV. - OFF-STREET PARKING AND LOADING,Sec. 48-297. - Off-street Parking and Loading Table., ,sub-sec-4.1,https://library.municode.com/mo/lebanon/codes/code_of_ordinances?nodeId=COOR_CH48ZO_ARTIVOREPALO_S48-297OREPALOTA,https://zoneomics.com/code/7395/chapter_4#4.1,True,3,"| Pet stores | 1 space per 300 feet of total building area plus 1 space per employee |
| Petroleum — bulk storage | 1 space per employee |
| Petting Zoo | 1 space per 300 feet of total building area plus 1 space per employee |
| Photography studios | 1 space per 300 feet of total building area plus 1 space per employee |
| Printing and publishing | 1 space per 300 feet of total building area plus 1 space per employee |
| Private Club or Lodge | 1 space per 200 sq. ft. of floor area plus 1 space per employee |
| Professional membership organizations | 1 space per 300 feet of total building area plus 1 space per employee |
| Professional Business — accounting, bookkeeping, lawyers, etc. | 1 space per 300 feet of total building area plus 1 space per employee |
| Public building erected by any governmental agency | 1 space per 300 feet of total building area plus 1 space per employee |
| Public Park/publicly operated recreational facility | 1 space per acre plus 1 space for every 2,000 sq. ft. of athletic land plus 1 space for every 400 sq. ft. in any building |
| Public schools | 1 space per staff member plus 1 space per 4 seats in the main auditorium |
| Railroad terminals or yards | 1 space for every 3 seats in waiting area plus 1 space per employee |
| Real estate offices | 1 space per 300 feet of total building area plus 1 space per employee |
| Recreational vehicle parks or campsites | 1 space per 300 feet of floor area plus 1 space per site plus 1 space per employee |
| Recreation Center | 1 space per acre plus 1 space for every 2,000 sq. ft. of athletic land plus 1 space for every 400 sq. ft. in any building |
| Recreational vehicle sales | 1 space per 125 sq. ft. of floor area in building, 1 space per 1,000 sq. ft. of outdoor sales area plus 1 space per employee |
| Residential care facility with no more than 2 residents | 1 space for each bed, plus 1 space for each employee on the main shift |
| Residential care facility with 3 or more residents | 1 space for each bed, plus 1 space for each employee on the main shift |
| Restaurant | 1 space per 100 sq. ft. floor area plus 1 space per employee |
| Restaurant with alcohol | 1 space per 100 sq. ft. floor area plus 1 space per employee |
| Restaurants (with drive-thru) | 1 space per 100 sq. ft. of floor area, each window shall have 6 queuing spaces in addition to 1 space at the service window, plus 1 space per employee |
| Retail store — not listed elsewhere | 1 space per 300 feet of total building area plus 1 space per employee |
| Salvage yards, scrap processing | 1 space per 300 feet of total building area plus 1 space per employee |
| Sandwich shop (bistro/deli) | 1 space per 125 sq. ft. of floor area in building, 1 space per 1,000 sq. ft. of outdoor sales area plus 1 space per employee |
| Sawmills or planing mills | 1 space per employee |
| Septic tank services | 1 space per employee |
| Short-term Rental — (Airbnb, VRBO, etc.) | 1 space plus 1 space per rental room (2 spaces for every unit) |
| Single-family dwelling | 2 space per single family dwelling unit |
| Small craft-type manufacturing establishments having less than 3,000 square feet of space dedicated to producing the following products principally by hand or hand tools: Blacksmith, Blown glass, Candles, Ceramics, Leaded/stained glass, Leather working shops, Picture frames, Wooden staved barrels, Woodworks   or furniture, Wrought iron or other metal crafts | Office area 1 space every 300 sq. ft. , manufacturing 1 space every 500 sq. ft. , code administration can adjust parking requirement |
| Smoke Shop | 1 space per 300 feet of total building area plus 1 space per employee |
| Stockyards or slaughter of animals (except poultry) | 1 space per employee |
| Tanning salons | 1 space per 300 feet of total building area plus 1 space per employee |
| Tattoo parlor, body piercing, permanent cosmetics | 1 space per 300 feet of total building area plus 1 space per employee |
| Taxi terminals | 1 space for every 3 seats in waiting area plus 1 space per employee |
| Taxidermists | 3 parking spaces plus 1 space per employee |
| Television radio, or electronic sales/repair | 1 space per 300 feet of total building area plus 1 space per employee |
| Temporary events — carnivals, fairs, concerts, etc. | Code administration will approve |
| Theaters, indoor | 1 space per 4 seats plus 1 space per employee |
| Theaters, outdoor | 1 space per 4 seats plus 1 space per employee |
| Thrift store | 1 space per 300 feet of total building area plus 1 space per employee |
| Tire sales | 1 space per 300 feet of total building area plus 1 space per employee |
| Tobacco and tobacco products | 1 space per 300 feet of total building area plus 1 space per employee |
| Tow Yard (storage) | 1 space per 300 feet of total building area plus 1 space per employee |
| Travel agencies | 1 space per 3 employees plus 1 space per waiting room |
| Truck & semi rental & leasing, heavy | 3 parking spaces plus 1 space per employee |
| Truck driving schools | 10 spaces per classroom plus 1 per employee |
| Truck/freight terminal | 3 parking spaces plus 1 space per employee |
| Truck stops | 1 space per 300 feet plus 1 space per employee |
| Truck washing | 2 spaces per washing unit plus 1 space per employee |
| Two-family dwellings | 2 spaces for two family dwelling |
| Two-(2) Single family homes on 1 lot | 2 spaces for two family dwelling |
| Used car, trailer or boat sales or storage lot | 1 space per 125 sq. ft. of floor area in building, 1 space per 1,000 sq. ft. of outdoor sales area plus 1 space per employee |
| Utility company offices | 1 space per 300 feet of total building area plus 1 space per employee |
| Utility equipment and storage yard | 1 space per employee |
| Utility facilities (substations, lift stations, wells, water towers, etc.) | 1 space per employee |
| Vape Shops | 1 space per 300 feet, 1 space per employee |
| Veterinarian, animal hospital or kennel | 1 space per 250 sq. ft. of total building floor area plus 1 space per employee |
| Video/game rental and sales | 1 space per 300 feet of total building area plus 1 space per employee |
| Warehouse in completely enclosed buildings | 1 space for each 500 sq. ft. of floor area, with 1 space for each 1,500 sq. ft. of floor area to be paved on building construction. When required area reserved for future parking will be paved upon receipt of written order from the code administrator |
| Warehouses (general storage/enclosed) | 1 space for each 500 sq. ft. of floor area, with 1 space for each 1,500 sq. ft. of floor area to be paved on building construction. When required area reserved for future parking will be paved upon receipt of written order from the code administrator |
| Welding shops | 1 space per 300 feet of total building area plus 1 space per employee |
| Wholesale retail store | 1 space per 300 feet of total building area plus 1 space per employee |"
4,ARTICLE IV. - OFF-STREET PARKING AND LOADING,Sec. 48-297. - Off-street Parking and Loading Table., ,sub-sec-4.1,https://library.municode.com/mo/lebanon/codes/code_of_ordinances?nodeId=COOR_CH48ZO_ARTIVOREPALO_S48-297OREPALOTA,https://zoneomics.com/code/7395/chapter_4#4.1,True,4,"| Wireless telecommunications antennas mounted on city owned structures | Code administration will approve | (Ord.
No.
6886, § 1, 2-26-2024)"
4,ARTICLE IV. - OFF-STREET PARKING AND LOADING,Sec. 48-298. - Rules for computing parking spaces., ,sub-sec-4.2,https://library.municode.com/mo/lebanon/codes/code_of_ordinances?nodeId=COOR_CH48ZO_ARTIVOREPALO_S48-298RUCOPASP,https://zoneomics.com/code/7395/chapter_4#4.2,False,0,"In computing the number of required off-street parking spaces, the following rules shall apply:
(1) Floor area means the gross floor area of the specified use, excluding any floor or portion thereof used for parking, as herein defined.
(2) Where fractional spaces result, the parking spaces required shall be the nearest whole number.
(3) In the case of mixed uses, the parking spaces required shall equal the sum of the requirements of the various uses computed separately.
(4) Whenever a building or use constructed or established after January 1, 1960, is changed or enlarged in floor area, number of employees, number of dwelling units, seating capacity or otherwise, parking spaces shall be provided based on the enlargement or change.
Whenever a building or use existing prior to January 1, 1960, is reconstructed, or is enlarged to the extent of 20 percent or more in floor area, the building or use in its entirety shall then and thereafter comply with the parking requirements set forth herein.
Any enlargement or change in use of less than 20 percent of the gross floor area shall be provided with parking based on the enlargement or change.
(Ord.
No.
6886, § 1, 2-26-2024)"
4,ARTICLE IV. - OFF-STREET PARKING AND LOADING,Sec. 48-299. - Location of required parking spaces., ,sub-sec-4.3,https://library.municode.com/mo/lebanon/codes/code_of_ordinances?nodeId=COOR_CH48ZO_ARTIVOREPALO_S48-299LOREPASP,https://zoneomics.com/code/7395/chapter_4#4.3,False,0,"All parking spaces required herein shall be located as follows:
(1) The parking spaces required for residential buildings or uses shall be located on the same lot with the building or use served.
The parking spaces required for any other building or use may be located on an area immediately adjacent to or directly across the street from the building and two or more owners of buildings may join together in providing the required parking spaces.
Where the required parking spaces are not located on the same lot with the building or use served, the usage of the lot or tract upon which the parking spaces are provided shall be restricted by an instrument of record describing the premises for which the parking is provided and assuring the retention of such parking so long as required by this chapter.
(2) Off-driveway guest parking may be located in a front yard, or in any extension of a front yard, to the front of the principal building within the buildable area in any R residential district.
Parking spaces off the street and extending into a front yard may be located in an RS-2 residential district for multifamily use.
On a corner lot, parking spaces off the street and extending into a front yard facing a side street may be located in any R residential district.
Off-street parking areas extending into a front yard may not be permitted in any R residential area if the front or side street is a major thoroughfare or highway, as designated in the city comprehensive plan.
(3) Parking or loading areas may be located in a side or rear yard or in any extension or a side or rear yard to the side or rear of the principal building within the buildable area in an R residential district.
(Ord.
No.
6886, § 1, 2-26-2024)"
4,ARTICLE IV. - OFF-STREET PARKING AND LOADING,Sec. 48-300. - Minimum improvement and maintenance standards., ,sub-sec-4.4,https://library.municode.com/mo/lebanon/codes/code_of_ordinances?nodeId=COOR_CH48ZO_ARTIVOREPALO_S48-300MIIMMAST,https://zoneomics.com/code/7395/chapter_4#4.4,False,0,"(a) All existing parking areas shall be surfaced and maintained with a durable, dustproof material.
The term ""existing parking area"" means a parking area that has been in existence for no less than five years and has been used continuously for no less than 12 months.
(b) All parking areas that are not existing parking areas and all parking areas constructed after the date this chapter is passed and approved shall be hard surfaced with Portland cement concrete or hot-mix asphalt and shall have Portland cement concrete curbs and guttering, built according to city specifications, and continuous around the perimeter of such parking areas.
(City administrator, public works director and code administrator may approve an alternate parking lot design.)
(c) On all existing roads, drives and parking areas, drainage shall be directed into established surface and underground storm drainage facilities or, if none, the existing natural grade must be retained, or drainage must be directed to the public right-of-way.
(d) All future roads, drives and parking areas shall have surface and underground storm drainage facilities and all storm drainage shall be directed into established surface and underground storm drainage facilities.
Stormwater retention structures shall be provided if the parking area is one acre or more in size.
(e) Whenever lighting is provided it shall be hooded or shielded to reflect light away from abutting or neighboring property, including public rights-of-way.
(f) A structurally sound wall or other abutment shall be installed and placed around each side of the parking lot to ensure that no part of a motor vehicle extends over or is capable of accidentally rolling across the property line of the parking lot and the curb, and guttering at the entrance and along the public right-of-way line shall be a minimum of 24 inches wide and six inches high; as to parking areas constructed after the date of the ordinance from which this chapter is derived is passed and approved, the concrete curbing shall be constructed to comply with the requirements outlined above.
(Ord.
No.
6886, § 1, 2-26-2024)"
4,ARTICLE IV. - OFF-STREET PARKING AND LOADING,Sec. 48-301. - Off-street loading requirements., ,sub-sec-4.5,https://library.municode.com/mo/lebanon/codes/code_of_ordinances?nodeId=COOR_CH48ZO_ARTIVOREPALO_S48-301ORELORE,https://zoneomics.com/code/7395/chapter_4#4.5,False,0,"There shall be provided at the time any building is erected or structurally altered off-street loading space in accordance with the following requirements:
(1) Office buildings, apartments, apartment hotels, motels and hotels.
One space for each 5,000 to 50,000 square feet of gross floor area; one additional space for each 75,000 square feet of gross floor area above 200,000 square feet.
(2) Retail or service establishment or wholesale commercial use.
One space for each 2,000 to 20,000 square feet of gross floor area; two spaces for each 20,000 to 100,000 square feet of gross floor area; one additional space for each 75,000 square feet of gross floor area above 100,000 square feet.
(3) Manufacturing or industrial use.
One space for each 10,000 square feet of floor area or fraction thereof in excess of 5,000 square feet.
(4) Additional maneuvering space.
In all cases where the off-street loading space is located in a manner that a truck must back directly from a major street into a loading space, a maneuvering space of not less than 50 feet shall be provided on the lot on which the industrial use is located.
(Ord.
No.
6886, § 1, 2-26-2024)"
4,ARTICLE IV. - OFF-STREET PARKING AND LOADING,"Sec. 48-302. - Parking, storage, display and loading area requirements.", ,sub-sec-4.6,https://library.municode.com/mo/lebanon/codes/code_of_ordinances?nodeId=COOR_CH48ZO_ARTIVOREPALO_S48-302PASTDILOARRE,https://zoneomics.com/code/7395/chapter_4#4.6,False,0,"(a) All tracts of land located in districts zoned RS-1, RU-1 and RS-2, commercial or industrial (except tracts used for single-family dwellings) which are used for parking, loading or the storage or display of any motor vehicle, material, merchandise or products, and which use commences on or after the date this section is passed and approved, shall comply with the requirements set forth below, which requirements are in addition to the minimum improvement and maintenance standards set forth in section 48-300.
(b) All areas used for any or all of the purposes described above shall be hard surfaced with Portland cement concrete or hot-mix asphalt and shall have Portland cement concrete curbs and guttering, built according to city specifications, and continuous around the perimeter of such areas.
(c) That portion of each tract that must be hard surfaced shall be from the boundary of the tract adjacent to the street to a line parallel to and 100 feet from the street in the case of vacant lots or to the rear corners of the principal building located on any tract on which structures have or are to be constructed:
(1) On corner lots, the area to be hard surfaced shall be measured from each side of the tract which is adjacent to a street.
(2) Any portion of a tract that is not used for parking, loading, storage or display shall be landscaped.
(d) Before any building permit is issued for the construction or renovation required by this section, the person, firm or corporation desiring to undertake the same shall be required to comply with the procedures and other provisions of chapter 8 of this Code, including, but not limited to, sections
8-29 through 8-31.
(Ord.
No.
6886, § 1, 2-26-2024)"
5,ARTICLE V. - ADMINISTRATION AND ENFORCEMENT,Sec. 48-323. - Chapter amendment by city council; authority and procedure., ,sub-sec-5.1,https://library.municode.com/mo/lebanon/codes/code_of_ordinances?nodeId=COOR_CH48ZO_ARTVADEN_S48-323CHAMCOAUPR,https://zoneomics.com/code/7395/chapter_5#5.1,False,0,"(a) The city council, on its own motion or by petition of a property owner or their agent, may amend, supplement, change, modify or repeal the regulations in this chapter or the boundaries of zoning districts herein or subsequently established.
(b) Before any action shall be taken as provided in this section, the party proposing or recommending a change in the district regulations or district boundaries shall deposit with the code administration the amount stated on the fee schedule that is approved annually by city council, to cover the approximate cost of this procedure and under no condition shall the sum or any part thereof be refunded for failure of the change to be adopted by the council.
(c) The commission shall consider motions or petitions at its next regular meeting and shall submit a written report to the city council stating the zoning and planning commission's approval or disapproval of the amendment.
(d) A public hearing shall be held before the city council at which time the report of the zoning and planning commission shall be read and reviewed.
The city council shall approve or disapprove the petition or motion for amendment to the ordinance at the public hearing.
(e) Notice of the time, place and purpose of the public hearing shall be published in a newspaper of general circulation in the city at least 15 days before such public hearing.
(f) The owners of 30 percent or more, either of the land (exclusive of streets and alleys) included within the proposed change or within an area determined by lines drawn parallel to and 185 feet distant from the boundaries of the area proposed to be changed, shall have the right to protest the proposed change to the ordinance.
The protest shall be duly signed and acknowledged by the owners.
(g) If the zoning and planning commission shall recommend approval of the proposed change and no protest is filed as provided in subsection (f) of this section, the city council may approve the proposed change by the vote of a majority of all of the members of the city council.
(h) If the zoning and planning commission shall recommend approval of the proposed change and a protest is filed as provided in subsection (f) of this section, the city council may approve the proposed change only by the vote of two-thirds of all of the members of the city council.
(i) If the zoning and planning commission shall recommend approval of the proposed change and no protest is filed as provided in subsection (f) of this section, the city council may disapprove the proposed change by the vote of two-thirds of all of the members of the city council.
(j) If the zoning and planning commission shall recommend disapproval of the proposed change, whether or not a protest is filed as provided in subsection (f) of this section, the city council may approve the proposed change only by the vote of two-thirds of all of the members of the city council.
(Ord.
No.
6886, § 1, 2-26-2024)"
5,ARTICLE V. - ADMINISTRATION AND ENFORCEMENT,"Sec. 48-324. - Code administrator duties, authority and procedure.", ,sub-sec-5.2,https://library.municode.com/mo/lebanon/codes/code_of_ordinances?nodeId=COOR_CH48ZO_ARTVADEN_S48-324COADDUAUPR,https://zoneomics.com/code/7395/chapter_5#5.2,False,0,"(a) Duties.
It shall be the duty of the code administrator to enforce this chapter.
The code administrator shall receive applications required by this chapter, issue permits and furnish the prescribed certificates.
He shall examine premises for which permits have been issued and shall make necessary inspections to see that the provisions of law are complied with.
He shall enforce all laws relating to the construction, alteration, repair, removal, demolition, equipment, use and occupancy, location and maintenance of buildings and structures, except as may be otherwise provided for.
He shall, when requested by the mayor or council, or when the interests of the municipality so require, make investigations in connection with matters referred to in this chapter and render written reports on the same.
For the purpose of enforcing compliance with law, he shall issue such notices or orders as may be necessary.
The code administrator shall refer all applications that require a conditional use all districts to the zoning and planning commission for its approval or disapproval of the site design of the construction proposed.
(b) Inspections.
Inspections shall be made by the code administrator or a duly appointed assistant.
(c) Rules.
For carrying into effect its provisions, the code administrator may adopt rules consistent with this chapter.
(d) Records.
The code administrator shall keep careful and comprehensive records of applications, of permits issued, of certificates issued, of inspection made, of reports rendered, and of notices or orders issued.
He shall retain on file copies of all papers in connection with building work so long as any part of the building or structure to which they relate may be in existence.
All such records shall be open to public inspection at reasonable hours but shall not be removed from the office of the code administrator.
(e) Cooperation of other officials.
The code administrator may request and shall receive, so far as may be necessary in the discharge of his duties, the assistance and cooperation of the engineer in fixing grades, of the police chief in enforcing orders, of the attorney in prosecuting violations, and of other officials.
(f) Instituting prosecutions for violations.
The building inspector shall institute prosecution for violations of this chapter by preparing an information of such violation to be filed in the municipal court of the city by both the building inspector and the city attorney.
(Ord.
No.
6886, § 1, 2-26-2024)"
5,ARTICLE V. - ADMINISTRATION AND ENFORCEMENT,Sec. 48-325. - Board of adjustment; appeals., ,sub-sec-5.3,https://library.municode.com/mo/lebanon/codes/code_of_ordinances?nodeId=COOR_CH48ZO_ARTVADEN_S48-325BOADAP,https://zoneomics.com/code/7395/chapter_5#5.3,False,0,"(a) Authority.
The board of adjustment shall hear and decide appeals where it is alleged there is error in any order, requirement, decision or determination made by an administrative official in the enforcement of sections under the provisions of this Code and to hear and decide all matters referred to it or upon which it is required to pass under this chapter.
(b) Variations and modifications.
In passing upon appeals, where there are practical difficulties or unnecessary hardship in the way of carrying out the strict letter of this chapter, the board may vary or modify the application of any of the regulations or provisions of this chapter relating to the construction or alteration of buildings or structures or the use of land so that the spirit of the chapter shall be observed, public safety and welfare secured and substantial justice done.
(c) Remedies on appeal.
The board of adjustment may reverse or affirm, wholly or partly or may modify the order, requirement, decision or determination appealed from and may make such order, requirement, decision or determination as ought to be made and to that end, shall have all powers of the administrative official the appeal is taken.
(d) Vote required.
The concurring vote of four members of the board of adjustment shall be necessary to reverse any order, requirement, decision or determination of any administrative official, or to decide in favor of the applicant on any matter before this board.
(e) Time for bringing appeal; notice.
Appeals to the board of adjustments shall be taken within 20 days from the action appealed from.
A notice of appeal must be filed, within the 20-day period, with the board, with a copy delivered to the officer whose decision or action is to be appealed and such notice shall specify the action appealed and the grounds thereof.
(f) Transmittal of record; stay of proceedings.
The officer whose decision or action is to be appealed shall forthwith transmit to the board all papers constituting the record upon which the decision or action appealed from is based.
An appeal stays all proceedings in furtherance of the decision or action appealed from.
(g) Hearing notice and procedure.
The board shall fix a reasonable time for the hearing of the appeal, not less than ten nor more than 30 days from the filing of the notice of appeal.
Notice of the date, time and place of the hearing shall be given the officer whose decision or action is appealed and to the aggrieved person not less than ten days before such hearing.
The hearing may be continued by the board for good cause or upon the agreement of the officer whose decision or action is appealed and the aggrieved person.
After the hearing, the board shall render its decision within a reasonable time.
The board may make rulings regarding or limiting the production of evidence at the hearing of such appeals.
(h) Notice of final board decision.
Notice of the decisions of the board may be given by ordinary mail or served in person to the officer whose decision or action was appealed and to either the aggrieved person or to the attorney of record for the aggrieved person.
(i) Appeal of board decision.
Appeal from decisions of the board may be taken to the circuit court of appropriate jurisdiction as provided by RSMo ch.
536.
(Ord.
No.
6886, § 1, 2-26-2024)"
5,ARTICLE V. - ADMINISTRATION AND ENFORCEMENT,Sec. 48-326. - Conditional use permits., ,sub-sec-5.4,https://library.municode.com/mo/lebanon/codes/code_of_ordinances?nodeId=COOR_CH48ZO_ARTVADEN_S48-326COUSPE,https://zoneomics.com/code/7395/chapter_5#5.4,False,0,"(a) Authority of zoning and planning commission.
The city zoning and planning commission shall have full power and authority to approve or disapprove the petition for a conditional use permit.
The commission may also amend the conditions under which the petitioner may establish the conditional use if the use is approved by the zoning and planning commission.
(b) Filing petition for permit; fee.
All petitions applying for a conditional use permit shall be filed with the zoning and planning commission for hearing and determination.
Before any action shall be taken as provided in this section, the party or parties requesting a conditional use permit shall deposit with code administration the amount stated on the fee schedule that is approved annually by the city council, the approximate cost of this procedure and under no condition shall the sum or any part thereof be refunded for failure of the charge to be adopted by the council.
(c) Notice of hearing before commission.
Upon receipt of the petition for conditional use permit, the zoning and planning commission shall fix a reasonable time for the hearing on the petition, not less than ten nor more than 30 days from the filing of the petition.
Notice of the date, time and place of the hearing shall be given to the petitioner not less than ten days before such hearing.
The commission shall cause notice of the date, time, place and general purpose of the hearing to be mailed by ordinary mail to the owners of the land within an area determined by lines drawn parallel to and 185 feet distant from the boundaries of the area proposed to receive the conditional use permit and the zoning and planning commission shall give such other public notice as is required by law.
(d) Conduct of hearing; final decision.
The hearing may be continued by the zoning and planning commission for good cause or upon the agreement of the petitioner and the zoning and planning commission.
The commission may make rulings regarding or limiting the production of evidence at the hearing.
The commission shall render its decision at the hearing.
(e) Review standards and criteria.
In reviewing conditional use applications, the zoning and planning commission shall determine, in its judgment, that:
(1) The establishment, maintenance, or operation of the conditional use will not be detrimental to or endanger the public health, safety, morals, comfort or general welfare.
(2) The conditional use will not be injurious to the use and enjoyment of other property in the immediate vicinity for the purposes already permitted nor substantially diminish and impair property values within the neighborhood.
(3) The establishment of the conditional use will not impede the normal and orderly development and improvement of surrounding property for uses permitted in the district.
(4) Adequate utilities, access roads, drainage, or other necessary facilities will be provided.
(5) Adequate measures will be taken to provide ingress and egress so designed as to minimize traffic congestion in the public streets.
(6) The conditional use shall in all other respects conform to the applicable regulations of the district in which it is located, and the zoning and planning commission shall find that there is a public necessity for the conditional use.
(f) Approval of permit; appeal to city council by the petitioner or property owner within 185 feet of the property from which the conditional use was requested.
If the zoning and planning commission shall approve the application for the conditional use permit, its decision shall be final unless a written objection to the decision is filed with the city council not later than 14 days after the hearing date seeking a review of the zoning and planning commission's decision and the council may thereafter uphold the decision of the zoning and planning commission or deny the conditional use permit by a vote of two-thirds of all the members of the city council.
(g) Denial of permit; appeal to city council by the petitioner or property owner within 185 feet of the property from which the conditional use was requested.
If the zoning and planning commission shall disapprove the application for the conditional use permit, its decision shall be final unless a written objection to the decision is filed with the city council not later than 14 days after the hearing date seeking a review of the zoning and planning commission's decision and the city council may thereafter uphold the decision of the zoning and planning commission or approve the conditional use permit by vote of three-fourths of all members of the city council.
(h) Notice of proceedings before city council.
Notice of the date, time, place and general purpose of the determination before the city council shall be sent by ordinary mail in either case to those persons to whom notice must be sent as provided for in subsection (c) of this section.
(i) City council determination is final action.
The determination of the city council either approving or disapproving the conditional use permit, shall be a final decision as provided in RSMo ch.
536.
(j) Expiration or lapse of conditional use.
If a conditional use is not established in one year of the date the conditional use permit is granted, or if a conditional use once established is terminated and not resumed or if the owner of the property vacates then the conditional use will expire.
The city administrator or the code administrator may approve an extension of the conditional use to the new owner if the conditional use does not change.
(k) Records of proceeding to be public.
The decision of the zoning and planning commission together with the record of each member's vote or abstinence if not voting, shall be open to the public.
(Ord.
No.
6886, § 1, 2-26-2024)"
5,ARTICLE V. - ADMINISTRATION AND ENFORCEMENT,Sec. 48-327. - Penalties and other remedies., ,sub-sec-5.5,https://library.municode.com/mo/lebanon/codes/code_of_ordinances?nodeId=COOR_CH48ZO_ARTVADEN_S48-327PEOTRE,https://zoneomics.com/code/7395/chapter_5#5.5,False,0,"(a) Any owner, general agent, lessee, tenant, architect, building contractor, subcontractor or any other person who violates any of the provisions of this chapter or who takes part in or assists in any way in such violation or who maintains any structure or premises in which or on which any violation shall exist shall, upon conviction thereof, be fined not exceeding $500.00 for each offense and a further sum not exceeding $50.00 for each and every day such violation or failure in compliance is committed or permitted to continue, or such person shall be jailed in the county jail for a period not exceeding 30 days, or by both such fine and jail term.
(b) Any person who shall interfere with, hinder or refuse to allow the building inspector or other city official or employee to enter upon any property or take any other action for the purpose of enforcement of this chapter, upon conviction thereof, shall be fined not exceeding $500.00 for each offense, or such person shall be jailed in the county jail for a period not exceeding 30 days, or by both such fine and jail term.
(c) As an additional remedy, the continued violation of this chapter by any person shall be subject to abatement by a temporary injunction or a permanent injunction by a court of competent jurisdiction.
Any such action shall be prosecuted in the name of the city.
(Ord.
No.
6886, § 1, 2-26-2024)"
