chapter_no,heading_1,heading_2,heading_3,sub_section_no,source_url,zoneomics_url,is_sub_chunk,sub_chunk_no,text
1,ARTICLE I. - IN GENERAL,Sec. 46-1.- Intent., ,sub-sec-1.1,https://library.municode.com/mo/moberly/codes/code_of_ordinances?nodeId=COOR_CH46ZOPLDE_ARTIINGE_S46-1IN,https://zoneomics.com/code/8367/chapter_1#1.1,False,0,"This chapter, adopted pursuant to the provisions of RSMo
89.010 et seq., is intended to serve the following purposes:
(1) To promote the health, safety, quality of life, comfort and general welfare of the city;
(2) To preserve and protect property values throughout the city;
(3) To restrict and regulate the height, number of stories, and size of structures; the percentage of lot coverage; the size of yards, courts, and other open spaces; and the density of population;
(4) To divide the city into zones and districts; and
(5) To regulate and restrict the location and use of structures and land within each district or zone.
(Code 1987, app.
A, § 2; Ord.
No.
7365, § 1(part), 2-5-2001)"
1,ARTICLE I. - IN GENERAL,Sec. 46-2. - Construction and interpretation., ,sub-sec-1.2,https://library.municode.com/mo/moberly/codes/code_of_ordinances?nodeId=COOR_CH46ZOPLDE_ARTIINGE_S46-2COIN,https://zoneomics.com/code/8367/chapter_1#1.2,False,0,"(a) Minimum requirements.
In their interpretation and application, the provision of this chapter shall be held to be the minimum requirements for the promotion of the public health, safety, quality of life and welfare.
(b) Overlapping or contradictory regulations.
Where the conditions imposed by any provision of this chapter upon the use of land or structures are either more restrictive or less restrictive than comparable conditions imposed by other provision of any other law, ordinance, resolution, rule or regulations of any kind, the regulations which are more restrictive shall govern.
(c) Private agreement.
This chapter is not intended to abrogate, annul or otherwise interfere with any easement, covenant or any other private agreement of legal relationship; provided, however, that where the provisions of this chapter are more restrictive (or impose higher standards or requirements) than such easements, covenants or other private agreements or legal relationships, the provisions of this chapter shall govern.
(d) Unlawful uses.
No structure or use which was not lawfully existing at the time of the adoption of this chapter shall become or be made lawful solely by reason of the adoption of this chapter; and to the extent that, and in any respect, that, the unlawful structure or use is in conflict with the requirements of this chapter, the structure or use remains unlawful hereunder.
(Code 1987, app.
A, § 3; Ord.
No.
7365, § 1(part), 2-5-2001)"
1,ARTICLE I. - IN GENERAL,Sec. 46-3. - Definitions., ,sub-sec-1.3,https://library.municode.com/mo/moberly/codes/code_of_ordinances?nodeId=COOR_CH46ZOPLDE_ARTIINGE_S46-3DE,https://zoneomics.com/code/8367/chapter_1#1.3,True,1,"The following words, terms and phrases, when used in this chapter, shall have the meanings ascribed to them in this section, except where the context clearly indicates a different meaning:
Accessory building means a subordinate building having a use customarily incident to and located on the lot occupied by the main building, or a use customarily incident to the main use of the property.
A building housing an accessory use is considered an integral part of the main building when it has any part of a wall in common with the main building, or is under an extension of the main roof and designed as an integral part of the main building.
Accessory use means a use of building or land that is customarily incident to and located on the same lot or premises as the main use of the premises.
Adult means a person 18 years of age or older.
Adult entertainment establishment means any business, premises or establishment including, without limitation, adult bookstores, adult video stores, adult motion picture theaters, adult mini-motion picture theaters, adult cabarets, adult live performance theaters which has any of the following:
(1) Thirty percent or more of its annual gross receipts derived from:
a. The offering of entertainment, performances, scenes, visual representations, or other presentations which are characterized by emphasis on depiction or description of specified sexual activities or of specified anatomical areas as herein defined; or b. The offering of stocks in trade of books, magazines, periodicals, or other printed matter or photographs, films, motion pictures, videocassettes, slides, or other photographic materials which are characterized by emphasis on depiction or description of specified sexual activities or of specified anatomical areas as herein defined, and instruments, devices, or paraphernalia designed for use in connection with specified sexual activities as herein defined; or (2) Thirty percent or more of its inventory on hand at any time consisting of stocks in trade of books, magazines, periodicals, or other printed matter or photographs, films, motion pictures, videocassettes, slides, or other photographic materials which are characterized by emphasis on depiction or description of specified sexual activities or of specified anatomical areas as herein defined, or paraphernalia designed for use in connection with specified sexual activities as herein defined; or (3) Thirty percent or more of its floor area at any time allocated to:
a. Entertainment, performances, scenes, visual representations, or other presentations which are characterized by emphasis on depiction or description of specified sexual activities or of specified anatomical areas as herein defined; or b. The offering, display and storage of stocks in trade of books, magazines, periodicals, or other printed matter or photographs, films, motion pictures, videocassettes, slides, or other photographic materials which are characterized by emphasis on depiction or description of specified sexual activities or of specified anatomical areas as herein defined, and instruments, devices, or paraphernalia designed for use in connection with specified sexual activities as herein defined, and instruments, devices or paraphernalia designed for use in connection with specified sexual activities as herein defined.
Agricultural processing means the initial processing of crop-based agricultural products that is reasonably required to take place in close proximity to the site where such products are produced.
Typical uses include grain mills.
Agricultural sales and service means an establishment primarily engaged in the sale, purchase, or rental of farm tools and implements, feed and grain, tack, animal care products and farm supplies.
The term ""agricultural sales and service"" excludes the sale of large implements, such as tractors and combines, but includes food sales and farm machinery repair services that are accessory to the principal use.
Agriculture means the planting, cultivating, harvesting and storage of grains, hay or plants commonly grown in the county on parcels greater than 40 acres.
Agriculture, general, means the use of land for the production of livestock, dairy products, poultry or poultry products except that poultry and poultry products shall not include the non-commercial keeping of poultry or production of poultry products as provided for in chapter
8. Agriculture, limited, means the use of land for the production of row crops, field crops, tree crops or timber.
Airport or airstrip means any public or privately owned or operated ground facility designed to accommodate landing and takeoff operations of aircraft, including all taxiways, aircraft storage and tie-down areas, hangars and other necessary buildings and open spaces.
Alley means a minor way that is used primarily for vehicular service access to the back or side of properties otherwise abutting on a street.
Alteration means any addition, removal, extension, or change in the location of any exterior wall of a main building or accessory building.
Animal care, general, means a use providing animal care, veterinary services or boarding.
See Animal care, limited and Kennel.
Animal care, limited, means a use providing animal care, boarding and veterinary services for household pets, with no outside animal runs.
See Animal care, general and Kennel.
Apartment means a room or a suite of rooms within an apartment house arranged, intended or designed for a place of residence of a single family or group of individuals living together as a single housekeeping unit.
Applicant means the owner or duly designated representative of land proposed to be subdivided, or for which a special permit, amendment, variance, construction permit, or certificate of occupancy has been requested.
Consent shall be required from the legal owner of the premises.
Asphalt or concrete plant means an establishment engaged in the manufacture, mixing, batching or recycling of asphalt, asphaltic cement, cement or concrete products.
Assisted living means multifamily dwelling units used or designed to be used by older persons, persons with disabilities or other persons needing or desiring assistance with day-to-day living matters, but not including group homes, group housing, hospitals or convalescent care facilities.
Typical uses include retirement communities in which housekeeping services, common dining facilities and recreational and social activities are offered to residents.
Auditorium or stadium means an open, partially enclosed or fully enclosed facility used or intended to be used primarily for spectator sports, entertainment events, expositions and other public gatherings."
1,ARTICLE I. - IN GENERAL,Sec. 46-3. - Definitions., ,sub-sec-1.3,https://library.municode.com/mo/moberly/codes/code_of_ordinances?nodeId=COOR_CH46ZOPLDE_ARTIINGE_S46-3DE,https://zoneomics.com/code/8367/chapter_1#1.3,True,2,"Typical uses include convention and exhibition halls, sports arenas and amphitheaters.
Automated teller machine (ATM) means a mechanized consumer banking device operated by a financial institution for the convenience of its customers, whether outside or in an access-controlled facility.
Automatic teller machines (ATM) located within a building shall be considered accessory to the principal use unless the ATM is likely to be an independent traffic generator.
Bank or financial institution means establishments engaged in deposit banking.
Typical uses include commercial banks, savings institutions and credit unions.
The term ""banks or financial institutions"" also include automated teller machines.
Bar or tavern means an establishment in which the primary function is the sale and serving of alcoholic and cereal malt beverages for consumption on the premises, including establishments commonly known as cocktail lounges and nightclubs.
Basement means a story below the first story as defined under the term ""story,"" counted as a story for height regulations if subdivided and used for dwelling purposes other than by a janitor or watchman employed on the premises.
The majority of the floor to ceiling space shall be above the curb level or base plane.
Basic industry means an establishment engaged in the basic processing and manufacturing of materials or products predominately from extracted or raw materials.
Typical uses include distilleries, pulp processing and paper products manufacturing; glass manufacturing; brick manufacturing steel works; tanneries; acid manufacturing; cement, lime, gypsum, or plaster of Paris manufacturing; fertilizer or chemical manufacturing; and petroleum refineries.
Bathhouse means an establishment or business which provides the services of baths of all kinds, including all forms and methods of hydrotherapy, unless operated or supervised by a medical or chiropractic practitioner or professional physical therapist licensed by the state board of healing arts.
Bed and breakfast means a family home, occupied as a permanent dwelling by the proprietor, in which lodging and meals are provided for time-limited durations to not more than four groups of patrons in a 24-hour period.
Block means a piece or parcel of land entirely surrounded by public highways or streets, other than alleys.
In cases where the platting is incomplete or disconnected, the zoning administrator shall determine the outline of the block.
Board of adjustment or board means that board which has been created by the city council having jurisdiction and which has the statutory authority to hear and determine appeals, exceptions and variances to the zoning regulation.
Boardinghouse or lodginghouse means a building other than a hotel, occupied as a single housekeeping unit, where lodging or meals are provided for five or more persons for compensation, pursuant to previous arrangements, but not for the public or transients.
Building means any structure which is built for the support, enclosure, shelter, or protection of persons, animals, chattels, or movable property of any kind, and which is permanently affixed to the land; including structures designed and constructed in sections expressly for assembly and placement on a permanent perimeter foundation, with any transport equipment being readily detachable and designed for delivery purposes only, if the structure is placed on such foundation with all transport equipment permanently removed.
A trailer, as herein defined, shall not be classified as a building.
Cannabis facility means any facility utilized for the purpose of growing, processing, or selling of cannabis plants related to the use of CBD products, medical marijuana, and other uses of the plants.
This includes both commercial and residentially licensed facilities through the State of Missouri Department of Health and Senior Services and the City of Moberly.
Car wash means an establishment primarily engaged in cleaning or detailing motor vehicles, whether self-service, automatic or by hand.
Catering means an establishment engaged in the preparation of food and beverages for consumption at another location.
The term ""catering"" shall not include the manufacturing of food as defined in the term ""food/bakery product manufacturing.""
Cemetery, crematory, mausoleum means land used or intended to be used for burial or cremation of the dead, whether human or animal, including a mausoleum or columbarium.
Churches, chapels, temples and synagogues.
See the definition of Religious assembly.
Cluster development means the arrangement of buildings or structures in groups around common courts, driveways, parks or other unique features of the land permitting more latitude and flexibility in placement and design.
The lots, buildings or structures in a cluster development must meet the requirements of the appropriate planned districts.
College or university means an institution of higher education offering undergraduate or graduate degrees.
Common open space means an area of land or water or combination thereof planned for passive or active recreation, but does not include areas utilized for streets, alleys, driveways or private roads, off-street parking or loading areas.
However, the area of recreational activities such as swimming pools, tennis courts, shuffleboard courts, etc., may be included as common open space.
Communication tower means commercial AM/FM radio, television, microwave and cellular telephone transmission towers and accessory equipment and buildings.
Composting facility means a facility that is designed and used for transforming food, yard wastes and other organic material into soil or fertilizer by biological decomposition.
Comprehensive plan means a comprehensive plan made and adopted by the planning and zoning commission and the city council which, through a combination of text, charts and maps, sets forth proposals for general locations of various land uses, including streets, parks, schools, public buildings, and utilities.
Conditional use permit means a written permit issued by the zoning administrator with the written authorization of the board of zoning appeals.
This conditional use permit provides permission under special conditions to make certain conditional uses of land in certain zoning districts as stipulated in each of the district zoning regulations.
Construction sales and service means an establishment engaged in the retail or wholesale sale of materials used in the construction of buildings or other structures, and the outdoor storage of construction equipment or materials on lots other than construction sites."
1,ARTICLE I. - IN GENERAL,Sec. 46-3. - Definitions., ,sub-sec-1.3,https://library.municode.com/mo/moberly/codes/code_of_ordinances?nodeId=COOR_CH46ZOPLDE_ARTIINGE_S46-3DE,https://zoneomics.com/code/8367/chapter_1#1.3,True,3,"Typical uses include lumberyards, home improvement centers, lawn and garden supply stores, electrical, plumbing, air conditioning, and heating supply stores, swimming pool sales, construction contractors' storage yards and construction equipment rental establishments.
Convalescent care means an establishment providing bed care and inpatient services for persons needing regular medical attention, but excluding facilities for the care and treatment of mental illness, alcoholism, narcotics addiction, emergency medical services or communicable disease.
Typical uses include nursing homes.
Corner means a lot abutting upon two or more streets at their intersection.
A corner lot shall be deemed to front on that street on which it has its least dimension, unless otherwise specified by the zoning administrator, except that a lot as herein defined, when made up of more than one platted lot, shall be deemed to front on the street upon which the platted lots front.
Correctional facility means a facility providing housing and care for individuals confined for violations of law.
Court means an open, unoccupied space, other than yard, bounded on three or more sides by exterior walls of a building, or by exterior walls of a building and lot lines on which walls are allowable.
Cultural service means a facility providing cultural and educational services to the public.
Typical uses include museums, art museums, observatories, planetariums, botanical gardens, arboretums, zoos and aquariums.
Curb level means the mean level of the curb in front of the lot or in case of a corner lot, along that abutting street where the mean curb level is the highest.
Day care, commercial, means a day care conducted in a structure other than a private residence for 11 or more children.
Day care, limited, means a day care establishment conducted in a private residence that provides care, protection and supervision for five to ten individuals at any one time, excluding those persons related to and residing in the home of the day care provider.
The term ""day care, limited,"" means a use that provides care, protection and supervision for individuals on a regular basis away from their primary residence for less than 24 hours per day.
Dedication means intentional transfer by the developer to the public of ownership of, or an interest in, land for public purpose.
Dedication may be affected by compliance with statutes relating to dedication of land, by formal deed by conveyance, or by any other method recognized by the laws of the state.
District means a section of the zoning area for which uniform regulations governing the use of land, open space, the height of buildings, the size of yards and the intensity of use are herein established.
Duplex means a single lot used for two dwelling units within a single building, other than a manufactured home.
Dwelling means a building or portion thereof, designed exclusively for residential occupancy, including single-, two-family and multifamily dwellings, boardinghouses and lodginghouses, apartment houses and townhouses, but not hotels or motels.
Dwelling unit means and consists of one or more rooms that contain lawful cooking and sanitary facilities, inhabited by one or more persons living together and maintaining a common household, in a residential building or residential portion of a building.
Easement means a grant by a property owner to the public, a corporation, or a person of the use of a recorded strip of land for certain specified purposes.
Exterior setback means a required setback that fronts on a public street.
Family means one or more persons who are related by blood or marriage, living together and occupying a single housekeeping unit with single kitchen facilities, or a group of not more than four unrelated individuals living together by joint agreement and occupying a single housekeeping unit with single kitchen facilities, on a non-profit cost-sharing basis.
A family shall under no circumstances be construed as a boardinghouse, fraternity or sorority house, club, lodginghouse, hotel or motel.
Fence means an enclosure or barrier as defined in the fencing ordinance used as a boundary, means of protection, privacy screening or confinement, but not including hedges, shrubs, trees or other natural growth.
Fence height means the vertical distance measured from the side of the fence that is exterior to the property or from the lowest adjacent ground level to the top of the fence material.
In the case of wire fencing, height shall be measured by the width of the material used, however, when installed, the material is directly adjacent to the ground level.
Final development plan means a plan submitted for site plan review as required by this chapter for single-, two-family, multifamily, commercial, and industrial development proposals.
Floor area (for computing off-street parking requirements) means the gross floor area of the building measured from the exterior faces of the exterior walls or from the centerline of walls separating two buildings and shall include the following areas:
(1) The basement floor area.
(2) The area of each floor of the structure.
(3) Attic space having headroom of seven feet ten inches or more.
Food store means an establishment where food and prepackaged beverages are sold on-site for consumption off-site.
A limited amount of food preparation on-site may also be allowed, such as a delicatessen or bakery.
Food/bakery product manufacturing means a use engaged in the manufacture of food and food products, including non-retail bakeries, canning facilities and creameries.
Freight terminal means a building or area in which freight brought by truck, rail or air is processed for continued shipment by truck, rail or air.
Front means the boundary between a lot and the street on which it fronts.
(For clarification of the front lot line location, see the definition of Corner.)
Frontage means the length of the property abutting on one side of a street measured along the dividing line between the property and the street.
Funeral home means an establishment engaged in preparing the human deceased for burial or cremation and arranging and managing funerals.
Garage means:
(1) Public garage means a building or portion thereof, other than a private or repair garage, providing storage for motor vehicles, but no other services.
(2) Private garage means an accessory building or portion of a main building used for storage only of automobiles.
Gas and fuel sales/storage means the use of a site for bulk storage and distribution and sales of flammable liquid, gas or solid fuel, excluding below-ground storage that is clearly ancillary to an allowed principal use on the site."
1,ARTICLE I. - IN GENERAL,Sec. 46-3. - Definitions., ,sub-sec-1.3,https://library.municode.com/mo/moberly/codes/code_of_ordinances?nodeId=COOR_CH46ZOPLDE_ARTIINGE_S46-3DE,https://zoneomics.com/code/8367/chapter_1#1.3,True,4,"Golf course means a facility providing private or public golf recreation services and support facilities.
The term ""golf course"" shall exclude miniature golf courses and golf driving ranges except those that are clearly accessory uses.
See Recreation and entertainment, outdoor.
Government service means buildings or facilities owned or operated by a government entity and providing services for the public, excluding utilities and park and recreation services.
Typical uses include administrative offices of government agencies, and utility billing offices.
Grade means:
(1) For buildings having walls facing one street only, the elevation of the sidewalk at the center of the wall facing the street shall be the grade.
(2) For buildings having walls facing more than one street, the grade shall be the average of the grades (as defined in subsection (1) of this definition) of all walls facing each street.
(3) For buildings having no wall facing a street, the average level of the finished surface of the ground adjacent to the exterior walls of the building shall be the grade.
Grain elevator means a tall building for storing grain.
Greenhouse, nursery means an establishment where flowers, trees, and other products that are commonly used as landscaping in and around buildings are grown and sold.
Gross leasable floor area means the total floor area designed for tenant occupancy and exclusive use, including basements, mezzanines, and upper floors, if any, expressed in square feet measured from the centerline of joint partitions and from the exterior surface of outside walls.
Ground floor (qualifying) means a ground floor of a building, new or existing, of a multifamily housing building, where the second story or basement starts more than six feet below or ten feet above the calculated curb or sidewalk level.
In cases where the curb and sidewalk levels are not the same, the lesser elevation shall be used.
Ground floor dwelling unit means residential dwelling located in a vertical mixed-use structure/building on the ground floor in Central Business District Zoning District (B-2).
Residential use dwelling units may not exceed 50 percent of the floor area and may not be located on the street frontage side of the building.
See article III, section 46-148 for additional information.
Group home, general, means a residential home providing 24-hour care in a protected living environment for more than five persons with physical or mental disabilities and any number of caregivers.
Group home, limited, means a residential home providing 24-hour care in a protected environment for five or less unrelated persons with mental or physical disabilities; further, and pursuant to RSMo 89.020.2, such home may include two additional persons acting as house parents or guardians who need not be related to each other or to any of the mentally or physically handicapped persons residing in the home.
Group residential means the use of a site for occupancy by groups of more than five persons, not defined as a family, on a weekly or longer basis.
Typical uses include fraternity or sorority houses, dormitories, residence halls, and boarding or lodginghouses.
The term ""group residential"" does not include group homes.
Hard surfaced road means an all-weather surface improved with asphalt, concrete, asphaltic concrete or similar material designed to city street standards.
Hazardous operation means activities that present the potential for serious hazards to human life and health.
Typical uses include arsenals, atomic reactors, explosives and fireworks manufacture, hazardous waste disposal, medical waste disposal and radioactive waste handling.
Hazardous substances means any substances or materials that, by reason of their toxic, caustic, corrosive, abrasive or otherwise injurious properties, may be detrimental or harmful to the health of any person handling or otherwise coming into contact with such material or substance.
Health club means a facility where members or nonmembers use equipment or space for the purpose of physical exercise.
Height of buildings and structures means the vertical distance from the average ground level abutting a building or structure to the highest point of a building or highest point of any permanent part of a structure other than a building.
Height, where not regulated by feet, shall be regulated by stories and a story shall be equal to 12 feet for purposes of measuring structures other than buildings.
Heliport or helipad means an area, either on the ground or on a building, used as a landing pad for helicopters to pick up or discharge passengers or cargo.
Home occupation means a business, profession or trade conducted for gain or support entirely within a residential building; except that, day care may conduct recreation activities outdoors.
Homeless shelter.
See temporary living shelter.
Hospital means an institution that:
(1) Offers service more intensive than those required for room, board, personal services and general nursing care;
(2) Offers facilities and beds for use beyond 24-hours by individuals requiring diagnosis, treatment, or care for illness, injury, deformity, infirmity, abnormality, disease, or pregnancy; and
(3) Regularly makes available at least clinical laboratory services, diagnostic X-ray services, and treatment facilities for surgery or obstetrical care, or other definitive medical treatment of similar extent.
The term ""hospitals"" may include offices for medical and dental personnel, central service facilities such as pharmacies, medical laboratories and other related uses.
Hotel, motel, or tourist court means a structure which contains rooms furnished for the purposes of providing lodging, which may or may not also provide meals, entertainment or various other personal services to transient guests, and which is kept, used, maintained, advertised or held out to the public as a place where sleeping accommodations are sought for pay or compensation by transient guests for limited time periods, and not a boardinghouse as herein defined.
Institution means a building occupied by a nonprofit corporation or a nonprofit establishment for public use.
Interior means a lot whose side lines do not abut upon any street.
Interior setback means a required setback that does not front on a public street.
Kennel means any lot on which four or more adult dogs and cats, over the age of four months of age are kept.
Landfill means a disposal facility employing an engineered method of disposing of solid waste, including demolition and construction debris.
Laundry plant means an establishment that is primarily engaged in the large-scale washing or cleaning of laundry, rugs and similar materials."
1,ARTICLE I. - IN GENERAL,Sec. 46-3. - Definitions., ,sub-sec-1.3,https://library.municode.com/mo/moberly/codes/code_of_ordinances?nodeId=COOR_CH46ZOPLDE_ARTIINGE_S46-3DE,https://zoneomics.com/code/8367/chapter_1#1.3,True,5,"The term ""laundry plant"" does not include laundromats or dry cleaning pick-up stations.
Library means a publicly operated establishment housing a collection of books, magazines, audio and video tapes and other material for borrowing and use by the public.
Lot means a parcel of land occupied or to be occupied by one main building, or unit group of buildings, and the accessory buildings or uses customarily incidental thereto, including such open spaces as are required under this chapter, and having its principal frontage upon a public street.
A lot, as used herein, may consist of one or more platted lots, or tracts as conveyed, or parts thereof.
FIGURE
1. LOT TYPES AND SETBACKS Lot depth means the mean horizontal distance from the front street line to the rear line.
Lot line means the line bounding a lot.
Lot of record means a lot which is a part of a subdivision, the plat of which has been recorded in the office of the recorder of deeds or a lot described by metes and bounds, the description of which has been recorded in the office of the recorder of deeds prior to the adoption of this regulation.
Lot width means the horizontal distance between the side boundary lines of a property measured at the front building line.
Lot, zoning, means a parcel or tract of land used, developed or built upon as a unit under single ownership or control.
The parcel of tract may consist of one or more lots of record, one or more portions of a lot or lots of record or any combination thereof.
Manufactured home means a structure which bears a seal indicating compliance with the federal manufactured home construction and safety standards established pursuant to 42 USC 5401, and constructed on or after June 15, 1976. Manufactured home park means any area, piece, parcel, tract, or plot of ground equipped as required for support of manufactured homes and offered for use by the owner or representative for manufactured home park purposes or ground upon which three or more manufactured homes are parked, whether for compensation or not, including all accessory uses thereof.
The term ""manufactured home park"" does not include sales lots of which unoccupied manufactured homes are parked for the purpose of inspection and sale.
Manufactured home (factory built home) residential design means a manufactured home which is designed with the same appearance of an on-site, conventionally built, single-family dwelling and satisfies the criteria established in article III of this chapter, use regulations.
FIGURE
2. MANUFACTURED HOME RESIDENTIAL DESIGN Expand | Residential Character: | Architectural Details: | Manufacturing Home Features: |
| --- | --- | --- |
| Covered entry | Window elements | Horizontal lap siding |
| Front porch |  | Permanent masonry foundation |
| Landscaping |  | Double-wide manufactured home |
| Pitched roof |  |  | Manufactured home sales means an establishment primarily engaged in the display and sale of manufactured housing units.
Manufacturing and assembly means establishments engaged in the manufacture, predominately from previously prepared materials, of finished products or parts, including processing, fabrication, assembly, treatment, and packaging of such products, and incidental storage, sales, and distribution of such products, but excluding basic industry.
Marijuana dispensary means a state licensed facility for the retail sale of medical marijuana and other recreational marijuana related products.
Massage shop means an establishment which has a fixed place of business having a source of income or compensation 60 percent or more of which is derived from the practice of any method of pressure on or friction against or stroking, kneading, rubbing, tapping, pounding, vibrating or stimulation of external parts of the human body with the hands or with the aid of any mechanical electric apparatus or appliances with or without such supplementary aids as rubbing alcohol, liniments, antiseptics, oils, powders, creams, lotion, ointment or other similar preparations commonly used in the practice of massage.
Under such circumstances that it is reasonably expected that the person to whom the treatment is provided or some third person on his behalf will pay money or give any other consideration or gratuity; however, the term ""massage shop"" shall not include any establishment operated or supervised by a medical or chiropractic practitioner or professional physical therapist licensed by the state.
Materials recovery facility means a facility in which source separated co-mingled recyclable materials, such as newspapers, glass, metals and plastic containers, are stored, flattened, crushed or bundled prior to shipment to others who will use those materials to manufacture new products.
Medical service means an establishment providing therapeutic, preventive, or corrective personal treatment services on an outpatient basis by physicians, dentists, and other practitioners of the medical or healing arts, and the provision of medical testing and analysis services.
Typical uses include clinics and offices for doctors of medicine, dentists, chiropractors, osteopaths, optometrists, blood banks and medical laboratories.
Military service means a facility used or intended to be used by a branch of the U.S. Armed Forces, including military reserves.
Mining or quarrying means the extraction of metallic and nonmetallic minerals, excluding oil or natural gas.
Typical uses include sand and gravel pit operations, quarries and mines.
Mixed use building means a building that is used partly for residential use and partly for a commercial use and located in both the Central Business District (B-2) and Community Improvement District (CID) as adopted and identified by the city.
The building shall maintain its existing façades as identified and defined in the city's adopted historic downtown design guidelines.
When a building contains more than one use, the maximum floor area for the second floor or higher is 100 percent residential; the maximum floor area for the ground floor is 50 percent residential; and the maximum floor area for the basement floor is 100 percent residential.
Mobile food truck means a licensed motorized vehicle that includes a self contained or attached trailer kitchen in which food is prepared, processed, or stored and such vehicle is used to sell and dispense food to the general public.
Mobile food vending means an individual or business providing for the preparation and sale of food with the use of traveling cooking equipment used for vending.
Approved equipment includes motorized food trucks, tow behind trailers, and cooking equipment that can be erected under a tent on a temporary basis."
1,ARTICLE I. - IN GENERAL,Sec. 46-3. - Definitions., ,sub-sec-1.3,https://library.municode.com/mo/moberly/codes/code_of_ordinances?nodeId=COOR_CH46ZOPLDE_ARTIINGE_S46-3DE,https://zoneomics.com/code/8367/chapter_1#1.3,True,6,"Mobile home means a transportable, factory-built structure designed to be used as a single dwelling unit that was manufactured prior to June 15, 1976 and that does not bear a seal as provided by the Federal Manufactured Housing Construction and Safety Standards Act of 1974, 42 USC
5401 et seq.
Modeling studio means an establishment or business which provides for a fee or compensation the services of modeling on premises for the purpose of reproducing the human body wholly or partially in the nude by means of photography, painting, sketching, drawing or otherwise.
This does not apply to public or private schools wherever persons are enrolled in a class.
Modular home means a manufactured residential structure built to a nationally-recognized and accepted construction standard published by the Building Officials & Code Administrators International, Inc. (BOCA) or the International Conference of Building Officials (ICBO) and the unit is inspected and certified at the factory that it meets the standard.
A modular home shall have exterior structure materials and appearance similar to the customary single-family structures, as required of a manufactured home-residential design, and shall be permanently situated on a concrete foundation.
FIGURE
3. MODULAR HOME Expand | Residential Character: | Architectural Details: | Modular Features: | Permanent Features: |
| --- | --- | --- | --- |
| Pitched roof | Eave projection | Modules for on-site construction | Walkway and stairs |
| Covered entry | Varying depths |  | Formal landscaping |
| Enclosed garage | Ornamental windows |  |  | Multifamily means a building or portion thereof, arranged, intended or designed for occupancy by three or more families on a rental or lease basis and commonly referred to as a triplex, four-plex or apartment building.
Multifamily residential means the use of a site for three or more dwelling units within a single building.
Typical uses include triplexes, four-plexes, apartments and residential condominiums.
N/A means not applicable.
Nonconforming use, building or yard means a use, building or yard which does not, by reason of design, use, or dimensions, conform to the regulations of the district in which it is situated and existed as such on the date of the adoption of Ordinance No.
5270 (July 16, 1973)
or any amendment thereto.
Non-ground floor dwelling units means residential dwelling located in a vertical mixed-use structure/building either above ground level or below the ground level floor.
See article III, section 46-149 for additional information.
Office, general means an establishment providing executive, management, administrative or professional services, but not medical or dental services or the sale of merchandise, except as incidental to a permitted use.
Typical uses include real estate, insurance, property management, investment, employment, travel, advertising, law, architecture, design, engineering, accounting and similar offices.
Oil or gas drilling/refining means the subsurface extraction or refining of oil or natural gas.
Parcel means a lot or contiguous group of lots in single ownership or under single control, usually considered a unit for purposes of development.
Parking lot, commercial means area used or intended to be used for off-street parking of operable motor vehicles on a temporary basis, other than as accessory parking to a principal use.
Parking area, off-street means an all-weather surfaced, (concrete, asphaltic concrete, or other comparable surface), enclosed or unenclosed for the short-term storage of automobiles.
Parking space means an area surfaced for all weather for the purpose of storing one parked automobile.
Parks and recreation means a park, playground or community facility, owned by or under the control of a public agency or homeowners' association, that provides opportunities for active or passive recreational activities.
Planning and zoning commission means the commission appointed by the city council to administer the planning and zoning regulations as stipulated by the city council and state law.
Post office means a facility used for the collection, sorting and distribution of mail among several zip code areas and having limited retail services for the public, such as the sale of stamps, postcards and postal insurance.
Preliminary development plan means a preliminary site plan that may be submitted at the option of the developer to the zoning administrator prior to submission of the final site plan.
Printing and publishing means the production of books, magazines, newspapers and other printed matter, and record pressing and publishing, engraving and photoengraving, but excluding businesses involved solely in retail photocopying, reproduction, photo developing or blueprinting services.
Rear means the boundary line which is opposite and most distant from the front street line; except that in the case of uncertainty the zoning administrator shall determine the rear line.
Recreation and entertainment, indoor, means an establishment offering recreation, entertainment or games of skill to the public for a fee or charge and that is wholly enclosed in a building.
Typical uses include bowling alleys, indoor theaters, bingo parlors, pool halls, billiard parlors and video game arcades.
The term ""recreation and entertainment, indoor,"" does not include those uses considered as parks and recreation.
Recreation and entertainment, outdoor, means an establishment offering recreation, entertainment or games of skill to the public for a fee or charge, wherein any portion of the activity takes place in the open.
Typical uses include archery ranges, batting cages, golf driving ranges, drive-in theaters and miniature golf courses.
The term ""recreation and entertainment, outdoor,"" does not include those uses considered as parks and recreation.
Recreational vehicle means any of the following vehicles which are licensed for travel on the highway: travel trailer (a vehicular, portable structure built on a chassis, designed to be used as a temporary dwelling for travel, recreation or vacation, or one permanently identified as a travel trailer by the manufacturer of the trailer); pick-up coach (a structure designed to be mounted on a truck chassis for use as a temporary dwelling for travel, recreation and vacation); motor-home (as a portable, temporary dwelling to be used for travel, recreation and vacation, constructed as an integral part of a self-propelled vehicle); and camping trailer (as a canvas, material or metal folding structure, mounted on wheels, and designed for travel, recreation and vacation use)."
1,ARTICLE I. - IN GENERAL,Sec. 46-3. - Definitions., ,sub-sec-1.3,https://library.municode.com/mo/moberly/codes/code_of_ordinances?nodeId=COOR_CH46ZOPLDE_ARTIINGE_S46-3DE,https://zoneomics.com/code/8367/chapter_1#1.3,True,7,"Recreational vehicle park means land used or intended to be used for occupancy by recreational vehicles for transient living purposes, including the use of camping spaces for tents.
Recycling collection center means a facility which is not larger than 1,000 square feet in size and is designed for the collection of aluminum and steel cans, glass, plastic containers, papers and other usable materials for their redistribution for sale or reutilization.
The term ""recycling collection center"" does not include processing equipment or storage.
Recycling processing center means a facility designed for the purpose of collecting, redistributing and processing recyclable materials.
Activities may include the receipt, separation, storage, conversion, bailing or processing of paper, iron, metal, glass, newspaper, and other non-biodegradable materials.
Hazardous and biodegradable materials, as determined by the state department of natural resources, including, but not limited to, food, beverages, drugs, cosmetics, hazardous chemicals, poisons, medical wastes, syringes, needles, pesticides, and other similar materials, shall not be brought into or handled by a recycling processing center.
Religious assembly means a site used by a bona fide religious group primarily or exclusively for religious worship and related religious services, including a place of worship, retreat site or religious camp.
Repair means a building or portion thereof, designed or used for the storage, sale, hiring, care or repair of motor vehicles and which is operated for commercial purposes.
Repair service means an establishment primarily engaged in the provision of repair services to individuals and households, but excluding vehicle repair services.
Typical uses include appliance repair shops.
Research service means an establishment engaged in conducting basic and applied research, including production of prototype products when limited to the minimum scale necessary for full investigation of the merits of a product, excluding production of products used primarily or customarily for sale or for use in non-prototype production operations.
Restaurant, fast food, means a use primarily engaged in the sale of food and non-alcoholic beverages in a ready-to-consume state and where the design or principal method of operation is that of a fast-food or drive-in restaurant offering quick food service, where orders are generally not taken at the customer's table, where food is generally served in disposable wrapping or containers, and where food and beverages may be served directly to the customer in a motor vehicle.
Restaurant, general, means a building wherein food is prepared and served in ready to eat form to the public for human consumption.
The term ""restaurant, general"" shall include cafe, cafeteria, grill, pizza or chili parlor, diner, snack shop, hamburger shop and steak house.
Retail refers to the sale of commodities and services directly to customers, when such commodities and services are used or consumed by the customer and not purchased primarily for the purpose of resale.
Retail sales and service means an establishment engaged in the sale or rental of goods and services, including, but not limited to, antique shops, apparel and accessory stores, art and supply stores, bicycle shops, book and stationary stores, barber and beauty shops, candy and ice cream stores, cigar and tobacco stores, dressmakers and tailors, flower and gift shops, hobby shops, interior decorators, jewelry stores, key shops, leather goods and luggage stores, music instrument sales and repair, photocopying services, shoe repair and shoe shine stores, sporting and athletic goods, toy stores and department stores; excluding uses more specifically defined.
Safety service means a facility for conduct of public safety and emergency services, including fire and police protection services and emergency medical and ambulance services.
Salvage yard means a lot, land or structure, or part thereof, used primarily for the collecting, dismantling, storage and salvaging of machinery or vehicles that are not in operating condition; or for the sale of parts thereof.
Typical uses include automobile salvage yards and junkyards.
School, elementary, middle or high means the use of a site for instructional purposes on an elementary or secondary level.
Screening means screening and enclosure required for permitted outdoor storage by means of a fence, wall or berm, in combination with landscaping, designed to create a minimum of 75 percent opacity.
Crates, boxes, trailers or other temporary storage facilities shall not be considered appropriate screening materials.
Service floor area means the total floor area of a building exclusive of stairways, restrooms, storage rooms, hallways, or other areas which are not regularly used by visitors, clients, customers, patients, or patrons in their normal everyday use of the building.
Service station, automotive means a use primarily engaged in the retail sale of gasoline or other motor fuels primarily to automobiles and passenger vehicles, along with accessory activities such as the sale of lubricants, accessories, or supplies, the lubrication of motor vehicles, and the minor adjustment or repair of passenger motor vehicles.
Uses involved primarily in the sale of diesel fuel, gasoline or other fuels to tractor trucks and uses that feature parking, storage or servicing of tractor trucks or semitrailers shall be classified as truck stop service stations.
Service station, truck stop means a use primarily engaged in the sale of diesel fuel, gasoline or other fuels to tractor trucks, along with accessory activities such as the sale of lubricants, accessories or supplies, or the servicing of tractor trucks or semitrailers.
A truck stop service station may include, as an accessory use, the parking and storage of tractor trucks and semitrailers.
Setback means the distance that is required by this chapter to be maintained in an unobstructed state between a structure and the property line of the lot on which the structure is located.
Shipping containers also known as Conex, Sea-Land, Sea-Train, and Intermodal Containers shall be identified as shipping containers.
Any prefabricated metal structure originally designed for the storage and shipping of freight or intermodal transport.
Shooting range means an outdoor facility used or intended to be used for the discharge of firearms at targets.
Short term rental housing means a residential dwelling unit permanently occupied by the owner wherein furnished rooms are held out to the public as a place where accommodations are sought for pay or compensation to transient guests for less than 30 continuous days."
1,ARTICLE I. - IN GENERAL,Sec. 46-3. - Definitions., ,sub-sec-1.3,https://library.municode.com/mo/moberly/codes/code_of_ordinances?nodeId=COOR_CH46ZOPLDE_ARTIINGE_S46-3DE,https://zoneomics.com/code/8367/chapter_1#1.3,True,8,"Side means any lot boundary line not a front or rear line thereof, a side line may be a party lot line, a line bordering on an alley or place or a side street line.
Single-family means a detached building arranged, intended, or designed for occupancy by one family.
Sight triangle means an area at a street intersection in which nothing shall be erected, placed, planted, or allowed to grow in such a manner as to materially impede vision between a height of 2½ feet and eight feet above the grades of the outside edge of the street surface of the intersecting streets, measured from the point of intersection of the centerline of the streets, 90 feet in each direction along the centerline of the streets; except that, the city engineer may establish greater sight triangles based upon standards in the policy manual published by the American Association of State Highway and Transportation Officials (AASHTO).
FIGURE
4. SIGHT TRIANGLE MINIMUM STANDARDS Sign means any words, numerals, figures, devices, designs or trademarks by which information is made known to the public outside a building.
Single-family residential, attached, means the use of a site for two or more dwelling units that are constructed with common or abutting walls and with each dwelling unit located on its own separate lot.
Typical uses include townhouses and twin homes.
Single-family residential, detached, means the use of a lot for only one principal dwelling unit that is not connected to any other dwelling unit.
The term ""single-family residential, detached,"" includes manufactured homes-residential design and modular homes but shall exclude manufactured homes.
Small wireless facility means (i) an antenna of no more than six cubic feet in volume; and (ii) all other associated equipment, to the extent permitted by applicable law to be calculated, of cumulatively no more than 28 cubic feet in volume; provided no single piece of equipment on the utility pole shall exceed nine cubic feet in volume, and no single piece of ground mounted equipment shall exceed 15 cubic feet in volume.
Solid waste collection/processing means recycling collection centers, incinerators, processing facilities, materials recovery facilities, solid waste transfer stations or any facility where municipal solid wastes are salvaged, sorted, processed or treated.
Solid waste transfer station means a facility where solid waste or recyclable material is transferred from collection vehicles (some sorting may occur) to long distance hauling vehicles for transportation to a central solid waste management facility for processing, disposal, incineration or resource recovery.
Specified anatomical areas means any of the following:
(1) Less than completely or opaquely covered human genitals, pubic region, buttocks, anus, or female breast area below a point immediately above the top of the areola; or (2) Human male genitals in a discernibly turgid state, even if completely and opaquely covered.
Specified sexual activities means any of the following:
(1) Fondling or other erotic touching of human genitals, pubic region, buttocks, anus, or female breasts; or (2) Acts actual or simulated of sexual intercourse, masturbation, sodomy, or oral copulation; or (3) Excretory functions as part of or in connection with any of the activities set forth in subsections
(1) and
(2) of this definition.
Stable, commercial, means any building where horses, mules or ponies are sheltered, fed, or kept for hire.
Stable, private, means a detached accessory building for the keeping of horses, mules, or ponies owned by the occupants of the premises and not kept for remuneration, hire, or sale.
Stockyard means a non-farm-based facility used or intended to be used for selling or holding livestock.
Storage means a building or portion thereof, except those defined as a private, a repair or a community garage providing storage for motor vehicles, with facilities for washing but no other services.
Story means that part of a building included between the surface of one floor and the surface of the floor next above, or if there is no floor above, that part of the building which is between the surface of a floor and the ceiling next above.
A top story attic is a half story when the main line of the eave is not above the middle of the interior height of such story.
The first story is a half story when between 50 and 75 percent of the area of its exterior walls are exposed to outside light and air entirely above grade and which exterior walls contain windows or doors permitting the entrance of daylight and outside air.
Street means a right-of-way which affords principal means of vehicular access to property abutting thereon.
Street line means the dividing line between the street and the abutting property, also commonly known as the front property line.
Street network means:
(1) Expressway means a street which provides fast and efficient movement of large volumes of traffic between areas and does not provide a land service function.
(2) Arterial means a street which provides for through traffic movement between and around areas with direct access to abutting property, subject to necessary control of entrances, exits and curb uses.
(3) Collector means a street which provides for traffic movement between arterials and local streets, with direct access to abutting property.
(4) Local means a street which provides direct access to abutting land and local traffic movement whether in business, industrial, or residential areas.
Structural alterations means any change in the supporting members of a building, such as bearing walls, columns, beams or girders.
Structure means anything constructed or erected, which requires location on or in the ground, or attached to something having a location on the ground; including, but not limited to, signs, and excepting customary utility poles, retaining walls and boundary fences.
Studio, radio, television, film or music means an establishment primarily engaged in the provision of recording or broadcasting services accomplished through the use of electronic mechanisms.
Temporary living shelter means a building or facility that provides temporary, overnight housing for individuals that do not otherwise have a residence (home), or otherwise need those services.
Temporary use means a use which is only allowed for a specified period of time.
Typical temporary uses include, but are not limited to, Christmas tree sales, garage sales, road stands, etc.
Through means an interior lot having frontage on two streets."
1,ARTICLE I. - IN GENERAL,Sec. 46-3. - Definitions., ,sub-sec-1.3,https://library.municode.com/mo/moberly/codes/code_of_ordinances?nodeId=COOR_CH46ZOPLDE_ARTIINGE_S46-3DE,https://zoneomics.com/code/8367/chapter_1#1.3,True,9,"Total floor area means the square foot area of a building, including accessory buildings, measured from outside wall surfaces, and including garages, porches, utility rooms, stairways, recreation rooms, storage rooms, but excluding unroofed balconies and patios.
Tourist cabin:
See definition of Hotel/motel.
Townhouse means a dwelling unit located in a group of three or more attached townhouse dwelling units with no other dwelling unit located above or below another and with each dwelling unit having at least one interior common wall and a private exterior entrance.
Townhouse site means a townhouse, the total land area beneath the townhouse and the facilities associated with the townhouse.
Townhouse structure means a grouping of three or more townhouses.
Transit facility means a facility used or intended to be used as an area for loading, unloading and interchange of transit passengers.
Typical uses include bus terminals, rail stations and passenger related mass transit facilities.
Transitional living facility means a state licensed group-care home for juvenile delinquents, halfway houses providing residence, rehabilitation and counseling to persons on release from a more restrictive custodial confinement, and residential rehabilitation treatment centers which also may provide outpatient rehabilitation for alcohol and other drug abuse.
Twin home means the use of a site for two dwelling units that are constructed with common or abutting walls and with each dwelling unit located on its own separate lot.
Twin homes are often created by subdividing a single duplex into two separate lots each of which contains one dwelling unit.
Two-family or duplex means a single building arranged, intended, or designed for occupancy by two families.
Used for includes arranged for, designed for, intended for, maintained for, and occupied for.
Utility, major, means generating plants; electrical switching facilities and primary substations; water and wastewater treatment plants; water tanks; and radio, television and microwave transmission towers; and similar facilities of agencies that are under public franchise or ownership to provide the public with electricity, gas, heat, steam, communication, rail transportation, water, sewage collection or other similar service.
The term ""utility, major"" shall not be construed to include corporate or general offices; gas or oil processing; manufacturing facilities; postal facilities or other uses defined in this section.
Utility, minor means services and facilities of agencies that are under public franchise or ownership to provide services that are essential to support development and that involve only minor structures, such as poles and lines.
Variance means a variation from a specific requirement in this chapter, as applied to a specific piece of property, as distinct from rezoning.
Vehicle and equipment sales means an establishment engaged in the retail or wholesale sale or rental, from the premises, of motorized vehicles or equipment, along with incidental service or maintenance activities.
Typical uses include new and used automobile and truck sales, automobile rental, boat sales, motorcycle sales, moving trailer rental, and farm equipment and machinery sales and rental.
Vehicle repair, general, means an establishment primarily engaged in painting of or bodywork to motor vehicles or heavy equipment.
Typical uses include paint and body shops.
Vehicle repair, limited, means a use providing automobile repair or maintenance services within completely enclosed buildings, but not including general vehicle repair services.
Vehicle/equipment storage yard means an outdoor area used or intended to be used for long-term storage of vehicles and equipment, other than a commercial parking lot or accessory parking to a principal use.
Vertical mixed-use building means residential uses located above or below retail, commercial or office uses which are located on a ground floor.
The added building height, density, and diversity of uses encourages pedestrian activity and provides housing choices close to goods and services for neighborhood residents.
Vocational school means a use providing education or training in business, commercial trades, language, arts or other similar activity or occupational pursuit, and not otherwise defined as a college or university or school.
Warehouse, residential storage, means an enclosed storage facility containing independent, fully enclosed bays that are leased to individuals exclusively for dead storage of their household goods or personal property.
Warehousing and wholesale means an establishment primarily engaged in the storage or sale of materials, equipment, or products or sale to wholesalers or retailers.
Typical uses include cold storage, warehousing and dead storage facilities, but exclude residential storage warehouses and sale of goods to the general public.
Warming shelter.
See temporary living shelter.
Welding or machine shop means a workshop where machines, machine parts, or other metal products are fabricated.
Typical uses include machine shops, welding shops and sheet metal shops.
Work/live units (residential) means the residential use is accessory to the business or commercial use.
Work/live units are permitted in the Central Business District (B-2) Zoning Districts and whose use is to encourage a business owner/operator to live in the same building.
See article III, section 46-151 for additional information.
Yard means an open space at grade between a building and the adjoining lot lines, unoccupied and unobstructed by any portion of a structure from the ground upward, except as otherwise provided.
In measuring a yard to determining the width of a side yard the depth of a front yard or the depth of a rear yard, the least horizontal distance between the lot line and the building shall be used.
(1) Front means a yard across the full width of the lot extending from the front line of the main building to the front line of the lot.
(2) Side means a yard between the main building and the adjacent side line of the lot, and extending entirely from a front yard to the rear yard.
(3) Rear means a yard between the rear lot line and the rear line of the main building and the side lot lines.
Zone or district means a section of the zoning area for which uniform regulations governing the use, height, area, size, and intensity of use of structures, land, and open space are herein established.
Zoning administrator means the director of community development or other staff as designated by the city administrator.
Zoning area means the area to be zoned as set out on the official zoning map filed of record."
1,ARTICLE I. - IN GENERAL,Sec. 46-3. - Definitions., ,sub-sec-1.3,https://library.municode.com/mo/moberly/codes/code_of_ordinances?nodeId=COOR_CH46ZOPLDE_ARTIINGE_S46-3DE,https://zoneomics.com/code/8367/chapter_1#1.3,True,10,"Zoning regulations means the lawfully adopted zoning ordinances of the city as codified in this chapter.
(Code 1987, app.
A, § 4; Ord.
No.
7365, § 1(part), 2-5-2001; Ord.
No.
9120, § 1, 11-16-2015; Ord.
No.
9496, § 1, 2-19-2019; Ord.
No.
9505, § 1, 3-18-2019; Ord.
No.
9506, § 1, 3-18-2019; Ord.
No.
9507, § 1,3-18-2019; Ord.
No.
9616, § 1, 8-17-2020; Ord.
No.
9620, § 1, 9-8-2020; Ord.
No.
9621, § 2, 9-8-2020; Ord.
No.
9622, § 1, 9-8-2020; Ord.
No.
9753, § 1, 4-17-2023; Ord.
No.
9839, § 1, 8-19-2024; Ord.
No.
9841, § 1, 10-7-2024)"
1,ARTICLE I. - IN GENERAL,Sec. 46-4. - Violation and penalty., ,sub-sec-1.4,https://library.municode.com/mo/moberly/codes/code_of_ordinances?nodeId=COOR_CH46ZOPLDE_ARTIINGE_S46-4VIPE,https://zoneomics.com/code/8367/chapter_1#1.4,False,0,"(a) The owner or agent of a structure or premises in or upon which a violation of any provision of this regulation has been committed or shall exist; or the lessee or tenant of an entire structure or entire premises in or upon which violation has been committed or shall exist; or the agent, architect, structure or premises in or upon which violation has been committed or shall exist, shall be punished by a fine of not less than $10.00 and not more than $100.00 for each and every day that such violation continues, but if the offense be willful on conviction thereof, the punishment shall be a fine of not less than $100.00 or more than $250.00 for each and every day such violation shall continue or by imprisonment for ten days for each and every day such violation shall continue or by both such fine and imprisonment in the discretion of the court.
(b) In case any structure is erected, constructed, reconstructed, altered, repaired, converted or maintained, or any structure or land is used in violation of this regulation, the appropriate authorities, in addition to other remedies, may institute injunction, mandamus or other appropriate action or proceedings to prevent such unlawful erection, construction, reconstruction, alteration, conversion, maintenance of use, or to correct or abate such violation or to prevent the occupancy of the structure or land.
(Code 1987, app.
A, § 88; Ord.
No.
7365, § 1(part), 2-5-2001)"
1,ARTICLE I. - IN GENERAL,Sec. 46-5. - Measurement of distances., ,sub-sec-1.5,https://library.municode.com/mo/moberly/codes/code_of_ordinances?nodeId=COOR_CH46ZOPLDE_ARTIINGE_S46-5MEDI,https://zoneomics.com/code/8367/chapter_1#1.5,False,0,"Unless otherwise specified, all distances provided in this chapter shall be measured horizontally.
(Code 1987, app.
A, § 3)"
1,ARTICLE I. - IN GENERAL,Sec. 46-6. - Jurisdictional area., ,sub-sec-1.6,https://library.municode.com/mo/moberly/codes/code_of_ordinances?nodeId=COOR_CH46ZOPLDE_ARTIINGE_S46-6JUAR,https://zoneomics.com/code/8367/chapter_1#1.6,False,0,"The provisions of this chapter shall apply to all structures and land in the incorporated area of the city.
The jurisdictional area within the corporate limits of the city shall be shown on the official zoning district map.
(Code 1987, app.
A, § 5; Ord.
No.
7365, § 1(part), 2-5-2001)"
1,ARTICLE I. - IN GENERAL,Sec. 46-7. - Rules where uncertainty may arise., ,sub-sec-1.7,https://library.municode.com/mo/moberly/codes/code_of_ordinances?nodeId=COOR_CH46ZOPLDE_ARTIINGE_S46-7RUWHUNMAAR,https://zoneomics.com/code/8367/chapter_1#1.7,False,0,"Where uncertainty exists with respect to the boundaries of the various districts as shown on the official zoning district maps, incorporated herein, the following rules apply:
(1) The district boundaries are the centerlines of streets, alleys, waterways, and railroad rights-of-way, unless otherwise indicated; and where the designation of a boundary line on the zoning map coincides with the location of a street, alley, waterway, or railroad right-of-way, the centerline of such street, alley, waterway or railroad right-of-way shall be construed to be the boundary line of such district.
(2) Where the district boundaries do not coincide with the location of streets, waterways, or railroad rights-of-way but do coincide with lot lines, such lot lines shall be construed to be the boundary of such district.
(3) Where none of the above rules apply, the district boundaries shall be determined using the scale shown on the zoning map.
(Code 1987, app.
A, § 8; Ord.
No.
7365, § 1(part), 2-5-2001)"
1,ARTICLE I. - IN GENERAL,Sec. 46-8. - Exemptions., ,sub-sec-1.8,https://library.municode.com/mo/moberly/codes/code_of_ordinances?nodeId=COOR_CH46ZOPLDE_ARTIINGE_S46-8EX,https://zoneomics.com/code/8367/chapter_1#1.8,False,0,"The following structures and uses shall be exempt from the provisions of this chapter:
(1) Poles, wires, cables, conduits, vaults, laterals, pipes, mains, valves, or other similar equipment for the distribution to consumers of telephone or other communications, electricity, gas, or water, or the collection of sewage or surface water operated or maintained by a public utility but not including substations located on or above the surface of the ground;
(2) Railroad tracks, signals, bridges, and similar facilities and equipment located on a railroad right-of-way, and maintenance and repair work on such facilities and equipment;
(3) Agriculture as defined by this chapter.
If any structure or land ceases to be used only for agriculture, then such structure or land shall be subject to the applicable regulations of this chapter;
(4) Retaining walls on public property;
(5) Public signs.
(Code 1987, app.
A, § 9; Ord.
No.
7365, § 1(part), 2-5-2001)"
1,ARTICLE I. - IN GENERAL,Sec. 46-9. - Application of regulations., ,sub-sec-1.9,https://library.municode.com/mo/moberly/codes/code_of_ordinances?nodeId=COOR_CH46ZOPLDE_ARTIINGE_S46-9APRE,https://zoneomics.com/code/8367/chapter_1#1.9,False,0,"No structure or land shall be used or occupied, and no structure or part thereof shall be erected, constructed, reconstructed, moved, or structurally altered except in conformity with this chapter.
(Code 1987, app.
A, § 10; Ord.
No.
7365, § 1(part), 2-5-2001)"
1,ARTICLE I. - IN GENERAL,Sec. 46-10. - Annexed land., ,sub-sec-1.10,https://library.municode.com/mo/moberly/codes/code_of_ordinances?nodeId=COOR_CH46ZOPLDE_ARTIINGE_S46-10ANLA,https://zoneomics.com/code/8367/chapter_1#1.10,False,0,"All land which may hereafter be annexed to the city shall be classified as N-1, Nonurban District, and so designated in the annexation ordinance.
(Code 1987, app.
A, § 11; Ord.
No.
7365, § 1(part), 2-5-2001)"
1,ARTICLE I. - IN GENERAL,Sec. 46-11. - Procedure for business permit for overlay district., ,sub-sec-1.11,https://library.municode.com/mo/moberly/codes/code_of_ordinances?nodeId=COOR_CH46ZOPLDE_ARTIINGE_S46-11PRBUPEOVDI,https://zoneomics.com/code/8367/chapter_1#1.11,False,0,"The provisions specified for business uses in the overlay district within this section are intended to be only a summary of the requirements specified in the adopted zoning regulations for the city.
If there are any questions regarding the following provisions, the applicable zoning regulations should be consulted.
The following shall apply to a request a business use in the overlay district:
(1) The applicant shall first meet with the zoning administrator to receive a complete explanation of the overlay district definitions and zoning requirements and to discuss the restrictions and limitations relating to the business use.
(2) The applicant shall submit a completed permit application form and pay the appropriate application fee as established by the city council.
(3) The zoning administrator shall review the submitted application with respect to the restrictions and limitations specified for home occupations in the zoning regulations to determine if the proposed business will comply with the restrictions and limitations.
(4) If the zoning administrator determines that the business will comply with the restrictions and limitations specified by the zoning regulations, the applicant may then apply for a site plan review.
Following the approval of the site plan, a business permit shall be issued.
Issuance of a business permit within the overlay district shall be subject to continued compliance with the restrictions and limitations as specified in the zoning regulations.
Noncompliance with any restriction and limitation shall cause the business permit to automatically become null and void.
(5) Approval or denial of a business permit shall be based on the adopted standards in the city zoning regulation.
(Code 1987, app.
A, § 13-1; Ord.
No.
7854, § 1, 10-17-2005)"
1,ARTICLE I. - IN GENERAL,"Sec. 46-12. - Legal lots of record existing prior to July 16, 1973.", ,sub-sec-1.12,https://library.municode.com/mo/moberly/codes/code_of_ordinances?nodeId=COOR_CH46ZOPLDE_ARTIINGE_S46-12LELOREEXPRJU161973,https://zoneomics.com/code/8367/chapter_1#1.12,False,0,"Legal lots of record platted prior to July 16, 1973, shall be required to meet yard area requirements as established by the pattern of development in the block or immediate residential environs.
(Code 1987, app.
A, § 14; Ord.
No.
7365, § 1(part), 2-5-2001)"
2,ARTICLE II.- DISTRICT REGULATIONS,DIVISION 1. - GENERALLY,Sec. 46-43. - Establishment of districts.,sub-sec-2.1.1,https://library.municode.com/mo/moberly/codes/code_of_ordinances?nodeId=COOR_CH46ZOPLDE_ARTIIDIRE_DIV1GE_S46-43ESDI,https://zoneomics.com/code/8367/chapter_2#2.1.1,False,0,"The jurisdictional area is divided into ten zoning districts which are designated as follows:
Expand |  |  |
| --- | --- |
| N-1 | Nonurban District |
| R-1 | Single-Family Residential District |
| R-2 | Two-Family Residential District |
| R-3 | Multifamily Dwelling District |
| M-P | Manufactured Home Park Residential District |
| B-1 | Business Park District |
| B-2 | Central Business District |
| B-3 | General Commercial District |
| M-1 | Industrial District |
| P-D | Planned Development District | (Code 1987, app.
A, § 6; Ord.
No.
7365, § 1(part), 2-5-2001)"
2,ARTICLE II.- DISTRICT REGULATIONS,DIVISION 1. - GENERALLY,Sec. 46-44. - Zoning district map.,sub-sec-2.1.2,https://library.municode.com/mo/moberly/codes/code_of_ordinances?nodeId=COOR_CH46ZOPLDE_ARTIIDIRE_DIV1GE_S46-44ZODIMA,https://zoneomics.com/code/8367/chapter_2#2.1.2,False,0,"The boundaries of the zoning districts are shown on the official zoning district map of the city, which is filed in the office of the city clerk.
Each of the zoning maps, with all notations, references, and other information shown thereon, is as much a part of these zoning regulations as if such notations, references, and other information were specifically set forth herein.
Such map shall be marked, ""Official Copy of Moberly, Missouri, Zoning Map 2000.""
(Code 1987, app.
A, § 7; Ord.
No.
7365, § 1(part), 2-5-2001)"
2,ARTICLE II.- DISTRICT REGULATIONS,DIVISION 1. - GENERALLY,Sec. 46-45. - Height regulations.,sub-sec-2.1.3,https://library.municode.com/mo/moberly/codes/code_of_ordinances?nodeId=COOR_CH46ZOPLDE_ARTIIDIRE_DIV1GE_S46-45HERE,https://zoneomics.com/code/8367/chapter_2#2.1.3,False,0,"Chimneys, cooling towers, elevator head houses, fire towers, grain elevators, monuments, stacks, stage towers, or scenery lofts, tanks, water towers, ornamental towers, spires, church steeples, and necessary mechanical appurtenances, usually required to be placed above the roof level and not intended for human occupancy, are not subject to the height limitations contained in the district regulations.
In all planned districts, one additional foot of height above the specified height limitation shall be permitted for each foot of additional yard provided over the minimum requirement on all sides of the lot.
(Code 1987, app.
A, § 27; Ord.
No.
7365, § 1(part), 2-5-2001)"
2,ARTICLE II.- DISTRICT REGULATIONS,DIVISION 1. - GENERALLY,Sec. 46-46. - Yard regulations.,sub-sec-2.1.4,https://library.municode.com/mo/moberly/codes/code_of_ordinances?nodeId=COOR_CH46ZOPLDE_ARTIIDIRE_DIV1GE_S46-46YARE,https://zoneomics.com/code/8367/chapter_2#2.1.4,False,0,"(a) The yard requirements previously established in all districts shall be adjusted in the following cases:
(1) Where the property fronts on two intersecting streets (a corner lot), such lot shall maintain a front yard setback on both streets, except as otherwise provided in this section.
(2) When no lots within the same block front on one of the two intersecting streets, the side yard requirement along such street shall be 15 feet, subject to the provisions of subsection (a)(1) of this section.
(3) Double frontage lots shall maintain the required front yard setback along both frontages.
(b) If 50 percent or more of the frontage on one side of a street between two intersecting streets is developed with buildings that have a front yard greater than required then:
(1) When a building is to be erected on a parcel of land that is within 100 feet of existing buildings on both sides, the minimum front yard shall be a line drawn between the two closest front corners of adjacent buildings on the two sides; or (2) When a building is to be erected on a parcel of land that is within 100 feet of an existing building on one side only, such building may be erected as close to the street as the existing adjacent building.
(Code 1987, app.
A, § 28; Ord.
No.
7365, § 1(part), 2-5-2001)"
2,ARTICLE II.- DISTRICT REGULATIONS,DIVISION 1. - GENERALLY,Sec. 46-47. - Number of structures and uses on a zoning lot.,sub-sec-2.1.5,https://library.municode.com/mo/moberly/codes/code_of_ordinances?nodeId=COOR_CH46ZOPLDE_ARTIIDIRE_DIV1GE_S46-47NUSTUSZOLO,https://zoneomics.com/code/8367/chapter_2#2.1.5,False,0,"In other than an industrial district, no more than one principal use and structure may be located upon a lot or tract, excluding telecommunication towers.
(Code 1987, app.
A, § 29; Ord.
No.
7365, § 1(part), 2-5-2001)"
2,ARTICLE II.- DISTRICT REGULATIONS,DIVISION 1. - GENERALLY,Sec. 46-48. - Sight triangle.,sub-sec-2.1.6,https://library.municode.com/mo/moberly/codes/code_of_ordinances?nodeId=COOR_CH46ZOPLDE_ARTIIDIRE_DIV1GE_S46-48SITR,https://zoneomics.com/code/8367/chapter_2#2.1.6,False,0,"On a corner lot in any district, except B-2, development shall conform to the requirements of the sight triangle as defined by this regulation.
(Code 1987, app.
A, § 30; Ord.
No.
7365, § 1(part), 2-5-2001)"
2,ARTICLE II.- DISTRICT REGULATIONS,DIVISION 1. - GENERALLY,Sec. 46-49. - Access to business and industrial districts.,sub-sec-2.1.7,https://library.municode.com/mo/moberly/codes/code_of_ordinances?nodeId=COOR_CH46ZOPLDE_ARTIIDIRE_DIV1GE_S46-49ACBUINDI,https://zoneomics.com/code/8367/chapter_2#2.1.7,False,0,"No land located in a residential district shall be used for a driveway, walkway or access to any land which is located in any commercial or industrial district.
(Code 1987, app.
A, § 31; Ord.
No.
7365, § 1(part), 2-5-2001)"
2,ARTICLE II.- DISTRICT REGULATIONS,DIVISION 1. - GENERALLY,Sec. 46-50. - Determination of structure setback line.,sub-sec-2.1.8,https://library.municode.com/mo/moberly/codes/code_of_ordinances?nodeId=COOR_CH46ZOPLDE_ARTIIDIRE_DIV1GE_S46-50DESTSELI,https://zoneomics.com/code/8367/chapter_2#2.1.8,False,0,"The structure setback line shall be determined by measuring the horizontal distance between the property line and the vertical plane of the furthest architectural projection of the existing or proposed structure; except that certain architectural projections listed below may extend beyond the structure setback line, subject to the following conditions:
(1) Projections shall be defined as any structural or non-structural portion or appendage attached to the main structure which by design protrudes outward beyond the structure floor; wall, roof or foundation line.
Projections include, but are not limited to:
a. Roof eaves.
b. Cornices.
c. Porches.
d. Stairs.
e. Bay and egress windows.
f. Dormers.
g. Combustible or noncombustible ornamentation.
h. Soffits.
i. Balconies.
(2) Exception for canopies and awnings.
A canopy or awning may be permitted to overhang a public way in any business zoning or industrial zoning district providing:
a. No portion of the canopy or awning shall be less than eight feet above the level of the sidewalk or other public way.
b. The canopy or awning may extend the full width of the building façade to which it is attached, and further, it shall not extend beyond a point two feet inside the curb line of a public street.
(Code 1987, app.
A, § 32; Ord.
No.
7365, § 1(part), 2-5-2001)"
2,ARTICLE II.- DISTRICT REGULATIONS,DIVISION 1. - GENERALLY,Sec. 46-51. - Building materials.,sub-sec-2.1.9,https://library.municode.com/mo/moberly/codes/code_of_ordinances?nodeId=COOR_CH46ZOPLDE_ARTIIDIRE_DIV1GE_S46-51BUMA,https://zoneomics.com/code/8367/chapter_2#2.1.9,False,0,"New residential structures shall utilize exterior building materials typical in the community including, but not limited to, brick, wood and vinyl siding.
(Code 1987, app.
A, § 33; Ord.
No.
7365, § 1(part), 2-5-2001)"
2,ARTICLE II.- DISTRICT REGULATIONS,DIVISION 2. - SPECIFIC DISTRICTS,Sec. 46-78. - N-1 Nonurban District.,sub-sec-2.2.1,https://library.municode.com/mo/moberly/codes/code_of_ordinances?nodeId=COOR_CH46ZOPLDE_ARTIIDIRE_DIV2SPDI_S46-78NODI,https://zoneomics.com/code/8367/chapter_2#2.2.1,False,0,"(a) Intent.
It is the intent of this district to protect agricultural uses through control of density, land use and land coverage.
(b) Permitted uses.
Generally, agricultural and rural residential uses are permitted on parcels greater than five acres.
For a general listing of permitted and conditionally permitted uses, see article IX of this chapter.
The raising and feeding of livestock and poultry shall be considered an agricultural venture if the area in which the livestock or poultry is kept is ten acres or more in area, and if such raising of livestock and poultry is incidental or supplemental to the raising of crops.
The storage of crops, grains, feeds or other products shall be limited to those raised on or to be consumed on the premises.
The permitted uses will be determined based on compatibility with other uses permitted in the district and with uses listed in article IX of this chapter.
(c) Conditional use permits.
For a specific listing of conditional uses, see article IX of this chapter.
(d) Intensity of use regulations.
(1) Minimum lot area:
Five acres.
A residence shall be permitted on an agricultural tract for those owning or operating the premises or for those employed thereon, however, there is 9,000 square feet or more for each residence, except that a residence shall be permitted on a lot-of record that is not less than the minimum lot size allowed in an R-1 district provided the lot can meet minimum standards for sewage treatment.
(2) Minimum lot width:
The minimum lot width for residential uses shall be 70 feet.
No minimum lot width is required for nonresidential uses.
(e) Height regulations.
Maximum structure height: 35 feet.
(f) Yard regulations.
Except as modified by the provisions of article VIII of this chapter, minimum yard depths shall be as follows:
(1) Front yard: 30 feet.
(2) Side yard:
Ten percent of the lot width, except that such side yard shall not be less than 25 feet and need not be more than 50 feet.
(3) Rear yard: 30 feet.
(Code 1987, app.
A, § 15; Ord.
No.
7365, § 1(part), 2-5-2001)"
2,ARTICLE II.- DISTRICT REGULATIONS,DIVISION 2. - SPECIFIC DISTRICTS,Sec. 46-79. - R-1 Single-Family Residential District.,sub-sec-2.2.2,https://library.municode.com/mo/moberly/codes/code_of_ordinances?nodeId=COOR_CH46ZOPLDE_ARTIIDIRE_DIV2SPDI_S46-79SIMIREDI,https://zoneomics.com/code/8367/chapter_2#2.2.2,False,0,"(a) Intent.
The intent of this district is to provide for low-density residential development, including those uses which reinforce residential neighborhoods, and to allow certain public facilities.
(b) Permitted uses.
Generally, single-family dwellings, parks, and related accessory uses are permitted.
Educational and religious uses are permitted as conditional uses.
For a general listing of permitted and conditionally permitted uses, see article IX of this chapter.
The permitted uses will be determined based on compatibility with other uses permitted in the district and with uses listed in article IX of this chapter.
(c) Conditional uses.
For a specific listing of conditional uses, see article IX of this chapter.
(d) Intensity of use regulations.
Except as modified by the provisions of article VIII of this chapter:
(1) Minimum lot area: 9,000 square feet.
(2) Minimum lot width: 70 feet; corner lots shall not be less than 85 feet.
(3) Lot coverage:
The combined area of the main building and accessory buildings shall not cover more than 40 percent of the total area of the lot.
(e) Height regulations.
Maximum structure height: 35 feet.
(f) Yard regulations.
Except as modified by the provisions of article VIII of this chapter, minimum yard depths shall be as follows:
(1) Front yard: 25 feet.
(2) Side yard:
Ten feet; structures on corner lots shall provide a side yard on the street side of not less than 15 feet, or the established front yard setback of the adjoining residential structure fronting on the same side street, whichever is greater.
(3) Rear yard: 30 feet or 20 percent of depth, whichever is smaller.
(g) Parking regulations.
See article IV of this chapter, off-street parking and loading regulations.
(h) Sign regulations.
See article VI of this chapter, sign regulations.
(i) Minimum floor area.
Single-family residential units shall have a minimum of 950 square feet of private, habitable floor area.
(Code 1987, app.
A, § 16; Ord.
No.
7365, § 1(part), 2-5-2001; Ord.
No.
7465, § 1, 5-1-2002)"
2,ARTICLE II.- DISTRICT REGULATIONS,DIVISION 2. - SPECIFIC DISTRICTS,Sec. 46-80. - R-2 Two-Family Residential District.,sub-sec-2.2.3,https://library.municode.com/mo/moberly/codes/code_of_ordinances?nodeId=COOR_CH46ZOPLDE_ARTIIDIRE_DIV2SPDI_S46-80TMIREDI,https://zoneomics.com/code/8367/chapter_2#2.2.3,False,0,"(a) Intent.
The intent of this district is to provide for low to moderate density residential development, including two-family and higher density single-family dwellings, in a manner which will encourage a strong residential neighborhood.
(b) Permitted uses.
Generally, single- and two-family dwellings, parks, educational and religious uses are permitted.
Educational and religious uses are permitted as conditional uses.
For a general listing of permitted and conditionally permitted uses, see article IX of this chapter.
The permitted uses will be determined based on compatibility with other uses permitted in the district and with uses listed in article IX of this chapter.
(c) Conditional uses.
For a specific listing of conditional uses, see article IX of this chapter.
(d) Intensity of use regulations.
Except as modified by the provisions of article VIII of this chapter:
(1) Minimum lot area: 6,000 square feet for single-family dwellings and 5,000 square feet per dwelling unit for two-family dwellings.
(2) Minimum lot width: 60 feet; single-family dwellings located on a corner lot shall not be less than 75 feet and two-family dwellings located on a corner lot shall not be less than 80 feet.
(3) Lot coverage:
The combined area of the main building and accessory buildings shall not cover more than 40 percent of the total area of the lot.
(e) Height regulations.
Maximum structure height: 35 feet.
(f) Yard regulations.
Except as modified by the provisions of article VIII of this chapter, minimum yard depths shall be as follows:
(1) Front yard: 25 feet.
(2) Side yard:
Eight feet; structures on corner lots shall provide a side yard on the street side of not less than 15 feet, or the established front yard setback of the adjoining residential structure fronting, on the same side street, whichever is greater.
(3) Rear yard: 30 feet or 20 percent of depth, whichever is smaller.
(g) Parking regulations.
See article IV of this chapter, off-street parking and loading regulations.
(h) Sign regulations.
See article VI of this chapter, sign regulations.
(i) Minimum floor area.
Single-family and two-family residential units shall have a minimum of 650 square feet of private, habitable floor area, per family.
(Code 1987, app.
A, § 17; Ord.
No.
7365, § 1(part), 2-5-2001)"
2,ARTICLE II.- DISTRICT REGULATIONS,DIVISION 2. - SPECIFIC DISTRICTS,Sec. 46-81. - R-3 Multifamily Dwelling District.,sub-sec-2.2.4,https://library.municode.com/mo/moberly/codes/code_of_ordinances?nodeId=COOR_CH46ZOPLDE_ARTIIDIRE_DIV2SPDI_S46-81MUDWDI,https://zoneomics.com/code/8367/chapter_2#2.2.4,False,0,"(a) Intent and purpose of district.
The R-3 Multifamily Dwelling District is intended to allow high-density residential land use with the co-mingling of compatible single-family and two-family dwellings, apartments, home occupations, community facilities and certain uses, yet retain the basic residential quality.
(b) Permitted uses.
Single-, two-family, and multifamily dwellings, nursing homes and boardinghouses are permitted.
For a general listing of permitted and conditionally permitted uses, see article IX of this chapter.
The permitted uses will be determined based on compatibility with other uses permitted in the district and with uses listed in article IX of this chapter.
(c) Conditional uses.
For a specific listing of conditional uses, see article IX of this chapter.
(d) Intensity of use regulations.
Except as modified by the provisions of article VIII of this chapter, all dwellings erected, enlarged, relocated, or reconstructed shall be located upon lots containing the following areas:
(1) Minimum lot area:
a. A lot on which there is erected a single-family dwelling shall contain an area of not less than 6,000 square feet.
b. A lot on which there is erected a two-family dwelling shall contain an area of not less than 5,000 square feet per family.
c. A lot on which there is erected a multifamily dwelling shall contain an area of not less than 10,000 square feet, or 2,500 square feet per family, whichever area is the larger, except that this regulation shall not apply to dormitories or rooming and lodginghouses where no cooking is done in individual rooms or apartments.
The board of adjustment may increase the intensity of use for multifamily dwellings by one residential unit, if the following conditions can be met:
1. There is sufficient land area on the site to meet all other requirements, including parking and setbacks;
2. The additional unit permits a more economical design (e.g., an eight-plex rather than a seven-plex); and
d. Where a single lot of record, as defined in the definitions section of this regulation, has less area than herein required and was recorded prior to the effective date of this regulation, that lot may be used only for single-family dwelling purposes.
(2) Minimum lot width:
a. No lot on which a single-family dwelling is located shall be less than 60 feet in width; corner lots shall be not less than 75 feet in width.
b. No lot on which a two-family dwelling is located shall be less than 60 feet in width; corner lots shall be not less than 80 feet in width.
c. No lot on which a multifamily dwelling is located shall be less than 75 feet in width; corner lots shall be not less than 80 feet in width.
For each additional story over two, there shall be an additional 25 feet of lot width.
(3) Lot coverage:
The combined area of the main building and accessory buildings of multifamily uses shall not cover more than 50 percent of the lot area.
(e) Height requirements.
Except as modified by the provisions of article VI of this chapter:
(1) The maximum height of single-family dwellings shall be the same as specified in the R-1 district.
(2) The maximum height of two-family dwellings shall be the same as specified in the R-2 district.
(3) The maximum height for multifamily dwellings and nonresidential uses shall be 35 feet.
The planning and zoning commission, after receiving the recommendation of the city fire chief, may allow the height of a multifamily dwelling to exceed 35 feet.
In no instance, however, shall the height of any multifamily dwelling exceed 45 feet.
(f) Yard requirements.
Except as modified by the provisions of article VIII of this chapter, minimum yard depths shall be as follows:
(1) Front yard: 25 feet.
(2) Side yard:
Single-family and two-family dwellings shall maintain a side yard setback of not less than five feet; except that dwellings on corner lots shall maintain a corner site yard setback of 15 feet.
Multifamily dwellings shall maintain a side yard setback of not less than seven feet.
(3) Rear yard:
There shall be a rear yard for structures in this district which shall have a depth of not less than 25 feet, or 20 percent of the depth of the lot, whichever is smaller.
(g) Loading and unloading regulations.
See article IV, off-street parking and loading regulations.
(h) Parking regulations.
Off-street parking is not required in this district for existing residential structures that conform with use and area regulations.
Any new structures and any structure converted to multifamily residences shall comply with the requirements of article IV of this chapter, off-street parking and loading regulations.
(i) Sign regulations.
See article VI of this chapter, sign regulations.
(j) Use limitations.
(1) Multifamily dwelling developments shall be subject to the requirements and procedures of article X, division 4 of this chapter, site plan review.
(2) Minimum floor area:
Multifamily residential units shall have a minimum of 550 square feet of private, habitable floor area per family, with the exception that not more than ten percent of the overall number of dwelling units can have a minimum of 400 square feet, provided there are common activity areas, such as laundry areas, etc., and 865 square feet per family provided there are no common activity areas.
(Code 1987, app.
A, § 18; Ord.
No.
7365, § 1(part), 2-5-2001; Ord.
No.
7713, § 1, 6-21-2004)"
2,ARTICLE II.- DISTRICT REGULATIONS,DIVISION 2. - SPECIFIC DISTRICTS,Sec. 46-82. - MP Manufactured Home Park Residential District.,sub-sec-2.2.5,https://library.municode.com/mo/moberly/codes/code_of_ordinances?nodeId=COOR_CH46ZOPLDE_ARTIIDIRE_DIV2SPDI_S46-82MPMAHOPAREDI,https://zoneomics.com/code/8367/chapter_2#2.2.5,True,1,"(a) Intent.
It is the intent of this district to provide low to medium density manufactured home park development which is compatible with the character of the surrounding neighborhood in which it is located.
Manufactured home parks are considered a residential use and should be located in areas where services and amenities are available such as those found in conventional residential areas.
(b) Permitted uses.
For a general listing of permitted and conditionally permitted uses, see article IX of this chapter.
The permitted uses will be determined based on compatibility with other uses permitted in the district and with uses listed in article IX of this chapter.
(c) Conditional uses.
For a specific listing of conditional uses, see article IX of this chapter.
(d) Intensity of use regulations.
(1) Minimum park area:
Five acres.
(2) Minimum park width: 225 feet.
(e) Height regulations.
Maximum structure height: 20 feet.
(f) General regulations.
(1) Minimum design standards.
Each manufactured home park shall be designed in accordance with all city codes and to the following minimum design standards:
a. The park shall be located on a well-drained site, properly graded to ensure rapid drainage and freedom from stagnant pools of water;
b. Manufactured home parks approved shall have a maximum density of eight manufactured homes per gross acre, and a minimum area of 4,000 square feet shall be provided for each manufactured home space.
c. Each manufactured home space shall be at least 40 feet wide and be clearly defined.
d. All manufactured homes and additions thereto shall be so located to maintain a clearance of not less than 20 feet from another manufactured home; provided, however, that with respect to manufactured homes parked end-to-end, the end-to-end clearance shall not be less than 15 feet.
In addition, all manufactured homes and additions thereto shall be so located to maintain a clearance of 25 feet from any permanent structure within the park.
e. All manufactured home spaces shall front upon a private hard-surfaced roadway of not less than 25 feet in width, provided, however, that no on-street parking is permitted.
If parallel parking is permitted on one side of the street, the width shall be increased to 30 feet, and if parallel parking is permitted on both sides of the street, the width shall be increased to 36 feet.
All roadways shall have unobstructed access to a public street.
f. Off-street parking areas shall be provided in all manufactured home parks.
Such off-street parking areas shall provide sufficient parking spaces for a minimum of two cars per manufactured home within the manufactured home park.
Off-street parking areas may be provided on individual manufactured home spaces however, the off-street parking area is improved as required in article IV of this chapter, and the off-street parking area surface is not less than ten feet from the nearest adjacent manufactured home space.
g. All roadways and sidewalks within the manufactured home park shall be hard surfaced and shall be adequately lighted at night.
h. A community structure may be provided which may include recreation facilities, laundry facilities, and other similar uses.
i. The perimeter of all manufactured homes shall be fully skirted.
j. Sidewalks shall be required on one side of all streets.
k. Landscaping shall be shown on the development plan.
The perimeter of each manufactured home space shall be surrounded by a landscaped strip of open space 25 feet wide along all lot lines and streets or highways.
l. All roadways shall meet the design standards as adopted by the city for private streets in manufactured home parks.
m. Final approval for the park shall be obtained before moving a manufactured home into an MP district.
(2) Water supply.
a. Water shall be supplied to the park by a public water system.
b. The size, location and installation of water lines shall be in accordance with the requirements of the building codes of the city.
c. Individual water service connections shall be provided at each manufactured home space.
(3) Required recreation areas.
a. In all manufactured home parks accommodating or designed to accommodate 25 or more manufactured homes, there shall be one or more recreation areas which shall be easily accessible to all park residents."
2,ARTICLE II.- DISTRICT REGULATIONS,DIVISION 2. - SPECIFIC DISTRICTS,Sec. 46-82. - MP Manufactured Home Park Residential District.,sub-sec-2.2.5,https://library.municode.com/mo/moberly/codes/code_of_ordinances?nodeId=COOR_CH46ZOPLDE_ARTIIDIRE_DIV2SPDI_S46-82MPMAHOPAREDI,https://zoneomics.com/code/8367/chapter_2#2.2.5,True,2,"b. The size of such recreation areas shall be based upon a minimum of 100 square feet for each lot within the manufactured home park.
No outdoor recreation area shall contain less than 2,500 square feet.
c. Recreation areas shall be so located as to be free of traffic hazards and should, where the topography permits, be centrally located.
d. The required recreational areas within the manufactured home park shall contain playground equipment or other recreational facilities as approved by the planning and zoning commission.
The cost of purchasing and installing the recreational equipment shall be paid for by the developer of the manufactured home park.
e. The maintenance of recreation areas and equipment within each manufactured home park shall be paid for by the owner of the manufactured home park.
(4) Sewage disposal.
Each manufactured home park shall be connected to the city or county central sanitary sewer system or to another central sewage system as approved by the state department of natural resources.
Each manufactured home space within a manufactured home park shall be connected to and served by the central sanitary sewer system serving the manufactured home park.
(5) Tie-downs and ground anchors.
All manufactured homes shall be secured to the ground by tie-downs and ground anchors in accordance with the city's manufactured home and recreational vehicle regulations.
(6) Electrical.
Each manufactured home space shall be provided with an individual electrical outlet supply which shall be installed in accordance with the building codes of the city and requirements of the electric supplier.
(7) Gas.
Natural gas hookups, when provided, shall be installed in accordance with the building codes of the city and the regulations of the gas supplier.
(8) Refuse and garbage handling.
Storage, collection and disposal of refuse in a park shall be in accordance with this Code.
(9) Blocking.
All manufactured homes shall be blocked at a maximum of ten-foot centers around the perimeter of each manufactured home in accordance with the city's manufactured home and recreational vehicle regulations and in accordance with the manufacturer's guidelines.
(10) Pad requirements.
Pads shall be a flexible surface with a minimum of five-inch thick gravel, stone or compacted surface, treated to discourage plant growth, constructed to discharge water and edged to prohibit fraying or spreading of surfacing materials; or shall be of a hard surface of a minimum of two 18-inch-wide concrete ribbons or slabs capable of carrying the weight and of sufficient length to support all blocking points of the manufactured home.
(11) Alternative building design.
Manufactured home parks shall be permitted to include ""tiny homes"" as defined in the International Residential Code Appendix AQ guidelines.
Tiny homes shall range in size from 200 to 650 square feet.
Tiny homes shall meet all requirements of the manufactured home parks residential district and the International Residential Code.
(g) Application requirements.
(1) An applicant for MP Manufactured Home Park District shall prepare or cause to be prepared a preliminary manufactured home park plan, drawn to a scale of not less than one inch equals 100 feet, and three copies of the plan shall be submitted to the planning and zoning commission for its review and recommendations.
The plan shall be designed in accordance with the minimum design standards herein and shall include the following:
a. Contours shown at two-foot intervals.
b. Elevation drawings of all permanent buildings proposed.
(2) Upon approval of the preliminary manufactured home park plan by the planning and zoning commission, the applicant shall prepare and submit a final plan which shall incorporate any changes or alterations requested.
The final plan and the planning and zoning commission recommendation shall be forwarded to the city council for their review and final action.
(3) Any substantial deviation from the approved plan, as determined by the zoning administrator, shall constitute a violation of this division.
Changes in plans shall be resubmitted for reconsideration and approval by the planning and zoning commission and city council prior to the occupancy of the manufactured home park.
(4) Construction of an approved manufactured home park shall begin only after final approval has been granted by the city council.(Code 1987, app.
A, § 19; Ord.
No.
7365, § 1(part), 2-5-2001; Ord.
No.
9749, § 1, 3-20-2023)"
2,ARTICLE II.- DISTRICT REGULATIONS,DIVISION 2. - SPECIFIC DISTRICTS,Sec. 46-83. - B-1 Business Park District.,sub-sec-2.2.6,https://library.municode.com/mo/moberly/codes/code_of_ordinances?nodeId=COOR_CH46ZOPLDE_ARTIIDIRE_DIV2SPDI_S46-83BUPADI,https://zoneomics.com/code/8367/chapter_2#2.2.6,False,0,"(a) Intent.
The intent of this district is to permit a mix of office and light industrial uses that are not obnoxious due to appearance, noise, emissions, or odor, and do not generate large volumes of vehicular traffic, as well as limited retail commercial uses that support or complement the office and light industrial activities.
Uses within this district shall not require intensive land coverage and shall be compatibly developed with adjacent districts through site plan review.
(b) Permitted uses.
Generally, light manufacturing, wholesaling, trucking and warehousing uses, as well as office uses are permitted.
In addition, limited retail and service uses are permitted.
For a general listing of permitted and conditionally permitted uses, see article IX of this chapter.
The permitted uses will be determined based on compatibility with other uses permitted in the district and with uses listed in article IX of this chapter.
(c) Conditional uses.
For a specific listing of conditional uses, see article IX of this chapter.
(d) Intensity of use regulations.
(1) Minimum lot area:
Subject to site plan review.
(2) Minimum lot width:
Subject to site plan review.
(3) Lot coverage:
Area occupied by building shall not exceed 40 percent of the ground area on which the building is located.
(e) Height regulations.
Maximum height of structure: 50 feet if within 150 feet of a residential zone; 75 feet if more than 150 feet from residential zone.
(f) Yard regulations.
Except as modified by the provisions of article VIII of this chapter, minimum yard depths shall be as follows:
(1) Front yard: 25 feet.
(2) Side yard: 20 feet and no less than 40 feet when abutting a street or residential district.
(3) Rear yard: 25 feet or 20 percent of depth, whichever is smaller, unless the rear yard abuts a residential zoning district in which case the minimum rear yard setback shall not be less than 40 feet.
(g) Loading and unloading regulations.
See article IV of this chapter, off-street parking and loading regulations.
(h) Parking regulations.
See article IV of this chapter, off-street parking and loading regulations.
(i) Sign regulations.
See article VI of this chapter, sign regulations.
(j) Use limitations.
(1) The development of each B-1 district shall create a campus-like environment and shall incorporate unified design standards for the entire development which meet the intent of the comprehensive plan and which shall be approved by the planning and zoning commission at time of rezoning.
(2) For single-lot developments, a site plan must be submitted that indicates how the development accommodates and relates to a larger development.
(3) All storage of materials, products or equipment, except those related to or used for agricultural research, testing or analysis purposes, shall be within a fully enclosed building or in an open yard so screened that the materials stored are not clearly visible within 1,000 feet of the property line.
Where topographic conditions make effective screening impractical, the planning and zoning commission may make variances as they deem advisable.
(4) A solid or semi-solid fence or wall at least six feet, but not more than eight feet, high and having a density of not less than 70 percent per square foot shall be provided adjacent to an adjoining residential district unless the adjacent residential district and the industrial district are separated by a street right-of-way.
The fence or wall shall be maintained in good condition by the owner of the property in the B-1 district.
(5) No structure shall be used for residential purposes except that a watchman may reside on the premises.
(6) All operations shall be conducted within a fully enclosed building.
(7) Industrial wastes shall be of such a quantity and nature as to not overburden the public sewage disposal facilities as to cause odor and unsanitary effects beyond the property line.
(8) A private street network shall be allowed where comprehensive control of a large industrial site is required for safety or security reasons and where no unsecured access to the site is afforded the public.
(k) Site plan review.
Development in the B-l district shall be subject to the requirements and procedures in article X, division 4 of this chapter, site plan review.
Implement the U.S. 63/24 highway overlay district development guidelines of the comprehensive plan.
(Code 1987, app.
A, § 20; Ord.
No.
7365, § 1(part), 2-5-2001)"
2,ARTICLE II.- DISTRICT REGULATIONS,DIVISION 2. - SPECIFIC DISTRICTS,Sec. 46-84. - B-2 Central Business District.,sub-sec-2.2.7,https://library.municode.com/mo/moberly/codes/code_of_ordinances?nodeId=COOR_CH46ZOPLDE_ARTIIDIRE_DIV2SPDI_S46-84CEBUDI,https://zoneomics.com/code/8367/chapter_2#2.2.7,False,0,"(a) Intent.
The intent of this district is to provide a zone which will accommodate the broad range of retail shopping activities and service and office and multifamily residential uses such as apartments, lofts, or condominiums that are normally found in the core area of the city.
The grouping is intended to strengthen the business level of the central business activity and provide for multifamily residential uses.
(b) Permitted uses.
Generally, commercial retail and services, offices, residential and similar uses are permitted.
For a general listing of permitted and conditionally permitted uses, see article IX of this chapter.
The permitted uses will be determined based on compatibility with other uses permitted in the district and with uses listed in article IX of this chapter.
(c) Conditional uses.
For a specific listing of conditional uses, see article IX of this chapter.
(d) Intensity of use regulations.
Lots shall conform with the pattern of development in the immediate environs of the district and the following minimum standards:
(1) Minimum lot area:
None.
(2) Minimum lot width: 25 feet.
(3) Lot coverage:
None.
(e) Height regulations.
Maximum structure height: 50 feet.
(f) Yard regulations.
Except as modified by the provisions of article VIII of this chapter, minimum yard depths shall be as follows:
(1) Front yard:
The front yard setback shall be the average front yard setback distance of existing buildings within the same block, otherwise none.
(2) Side yard:
Ten feet when adjacent to a residential district, otherwise none.
(3) Rear yard:
None.
(g) Loading and unloading regulations.
See article IV of this chapter, off-street parking and loading regulations.
(h) Parking regulations.
No off-street parking or loading space shall be required.
(i) Sign regulations.
See article VI of this chapter, sign regulations.
(j) Use limitations.
(1) No outdoor storage, except the display of merchandise for sale to the public during operating hours, shall be permitted.
(2) Exterior lighting fixtures shall be shaded so that no direct light is cast upon any residential property and so that no glare is visible to any traffic on any public street.
(3) No off-street parking is required; however, if off-street parking is provided, the off-street parking area shall not be located in front of the building which is served by the off-street parking area.
(4) No business establishment shall offer or sell food or beverages where consumption is primarily intended to occur in parked motor vehicles.
(5) A solid or semi-solid fence, hedge or wall at least six feet, but not more than eight feet, high, and having a density of not less than 70 percent per square foot, shall be provided adjacent to an adjoining residential district unless the adjacent residential district and the commercial development are separated by a street or alley right-of-way.
The fence or wall shall be maintained in good condition by the owner of the property in the B-2 district.
(6) Any tavern, restaurant, club, business or similar use serving alcoholic or cereal malt beverages shall not be located within 100 feet of property used as a public park, church or school unless the city council consents in writing to a lesser distance.
(7) Dumpsters may only be placed in downtown alley for monthly/reoccurring service by the owner of an active building and/or business for the exclusive use of the active building and/or business.
An ""active business"" is defined as a building that is currently occupied by residential housing and/or an active licensed commercial enterprise.
(k) Site plan review.
Development in the B-2 district shall be subject to the requirements and procedures in article IX, division 4 of this chapter, site plan review.
Implement the downtown development guidelines of the comprehensive plan.
(Code 1987, app.
A, § 21; Ord.
No.
7365, § 1(part), 2-5-2001; Ord.
No.
8481, § 1, 6-21-2010; Ord.
No.
8567, § 1, 3-21-2011; Ord.
No.
9620, § 2, 9-8-2020; Ord.
No.
9851, § 1, 12-2-2024)"
2,ARTICLE II.- DISTRICT REGULATIONS,DIVISION 2. - SPECIFIC DISTRICTS,Sec. 46-85. - B-3 General Commercial District.,sub-sec-2.2.8,https://library.municode.com/mo/moberly/codes/code_of_ordinances?nodeId=COOR_CH46ZOPLDE_ARTIIDIRE_DIV2SPDI_S46-85GECODI,https://zoneomics.com/code/8367/chapter_2#2.2.8,False,0,"(a) Intent.
The B-3 General Commercial District is intended to allow basic retail, service and office uses in addition to those normally permitted in neighborhood centers.
This district is also intended to provide locations for commercial activity that do not require a central location downtown.
Business uses needing large floor areas, particularly those of a service nature, not compatible with central business district uses, are included in this district.
(b) Permitted uses.
Generally, automobile and implement sales, lumber yards, contractor's yards, offices, neighborhood retailing and similar uses are permitted.
For a general listing of permitted and conditionally permitted uses, see article IX of this chapter.
The permitted uses will be determined based on compatibility with other uses permitted in the district and with uses listed in article IX of this chapter.
(c) Conditional uses.
For a specific listing of conditional uses, see article IX of this chapter.
(d) Intensity of use regulations.
(1) Minimum lot area: 6,000 feet.
(2) Minimum lot width: 60 feet.
(3) Lot coverage:
None.
(e) Height regulations.
Maximum height of structure: 50 feet.
(f) Yard regulations.
Except as modified by the provisions of article VIII of this chapter, minimum yard depths shall be as follows:
(1) Front yard: 30 feet.
(2) Side yard:
Five feet when abutting a residential district, otherwise none.
(3) Rear yard: 15 feet when abutting a residential district, otherwise none.
(g) Loading and unloading regulations.
See article IV of this chapter, off-street parking and loading regulations.
(h) Parking regulations.
See article IV of this chapter, off-street parking and loading regulations.
(i) Sign regulations.
See article VI of this chapter, sign regulations.
(j) Use limitations.
(1) Exterior storage:
Except as otherwise permitted by this division or during permitted construction on any tract, all exterior storage of equipment, raw materials or finished products shall be fully screened from the view of adjacent parcels and streets by a solid screen fence at least six feet in height.
(2) Screening and enclosure required for permitted outdoor storage shall be by means of a fence, wall or berm, in combination with landscaping, designed to create a minimum of 75 percent opacity.
Crates, boxes, trailers or other temporary storage facilities shall not be considered appropriate screening materials.
Outdoor storage shall not interfere with the required or approved operation of the site, including, but not limited to, traffic circulation, parking, open space or aesthetics.
(3) The permitted display of merchandise for sale to the public shall be restricted to a maximum of 25 percent of the area of either the front, side or rear yard exclusive of any area of required setback.
No merchandise for sale shall be displayed in any required set back, or interfere with pedestrian or vehicular access or parking.
(4) Exterior lighting fixtures shall be shaded so that no direct light is cast upon any residential property and so that no glare is visible to any traffic on any public street.
(5) A solid or semi-solid fence, hedge or wall at least six feet, but not more than eight feet, high, and having a density of not less than 70 percent per square foot, shall be provided adjacent to an adjoining residential district unless the adjacent residential district and the commercial development are separated by a street or alley right-of-way.
The fence or wall shall be maintained in good condition by the owner of the property in the B-3 district.
(6) Any tavern, restaurant, club, business or similar use serving alcoholic or cereal malt beverages shall not be located within 100 feet of property used as a public park, church or school unless the city council consents in writing to a lesser distance.
(k) Site plan review.
Development in the B-3 district shall be subject to the requirements and procedures in article IX, division 4 of this chapter, site plan review.
(Code 1987, app.
A, § 22; Ord.
No.
7365, § 1(part), 2-5-2001; Ord.
No.
8481, § 1, 6-21-2010; Ord.
No.
8567, § 1, 3-21-2011)"
2,ARTICLE II.- DISTRICT REGULATIONS,DIVISION 2. - SPECIFIC DISTRICTS,Sec. 46-86. - M-1 Industrial District.,sub-sec-2.2.9,https://library.municode.com/mo/moberly/codes/code_of_ordinances?nodeId=COOR_CH46ZOPLDE_ARTIIDIRE_DIV2SPDI_S46-86INDI,https://zoneomics.com/code/8367/chapter_2#2.2.9,False,0,"(a) Intent.
The M-1 Industrial District is intended for the purpose of allowing a range of industrial uses from low-intensity to basic to primary industries which is generally compatible with office or commercial activity or can be made compatible with adequate site amenities, such as buffers and screens.
Certain intense uses will require conditional use permits to locate in this district.
(b) Permitted uses.
Generally, assembly, warehousing, light manufacturing, wholesaling, support trucking and related uses, with limited retail and service uses permitted, as well as heavy industrial uses as approved by the city.
For a general listing of permitted and conditionally permitted uses, see article IX of this chapter.
The permitted uses will be determined based on compatibility with other uses permitted in the district and with uses listed in article IX of this chapter.
(c) Conditional uses.
For a specific listing of conditional uses, see article IX of this chapter.
(d) Intensity of use regulations.
(1) Minimum lot area:
Subject to site plan review.
(2) Minimum lot width:
Subject to site plan review.
(3) Lot coverage:
Area occupied by building shall not exceed 40 percent of the ground area on which the building is located.
(e) Height regulations.
Maximum height of structure: 45 feet if within 150 feet of residential district; 150 feet if more than 150 feet from a residential district.
(f) Yard regulations.
Except as modified by the provisions of article VIII of this chapter, minimum yard depths shall be as follows:
(1) Front yard: 25 feet.
(2) Side yard:
Ten feet and no less than 40 feet when abutting a street or residential district.
(3) Rear yard: 25 feet or 20 percent of depth, whichever is smaller, unless the rear yard abuts a residential zoning district in which case the minimum rear yard setback shall not be less than 40 feet.
(g) Loading and unloading regulations.
See article IV of this chapter, off-street parking and loading regulations.
(h) Parking regulations.
See article IV of this chapter, off-street parking and loading regulations.
(i) Sign regulations.
See article VI of this chapter, sign regulations.
(j) Use limitations.
(1) All storage of materials, products or equipment, except those related to or used for agricultural research, testing or analysis purposes, shall be within a fully enclosed building or in an open yard so screened that the materials stored are not clearly visible within 1,000 feet of the property line.
Where topographic conditions make effective screening impractical, the commission may make variances as they deem advisable.
(2) A solid or semi-solid fence or wall at least six feet, but not more than eight feet, high, and having a density of not less than 70 percent per square foot shall be provided adjacent to an adjoining residential district unless the adjacent residential district and the industrial district are separated by a street right-of-way.
The fence or wall shall be maintained in good condition by the owner of the property in the M-1 district.
(3) No structure shall be used for residential purposes except that a watchman may reside on the premises.
(4) Facilities used for agricultural research, testing or analysis:
In agriculture-related research facilities, the following use limitations shall apply:
a. Operations required to be conducted outside a fully enclosed building shall be conducted in controlled outdoor areas.
b. A private street network shall be allowed where comprehensive control of a large industrial site is required for safety or security reasons and where no unsecured access to the site is afforded the public.
c. Private roadways for certain agricultural related research and development activities may be improved with an all-weather surface other than asphaltic concrete such as gravel or stone.
They shall be designed to permit surface drainage without erosion of adjacent land.
(k) Site plan review.
Development in the M-I district shall be subject to the requirements and procedures in article IX, division 4, of this chapter, site plan review.
(Code 1987, app.
A, § 23; Ord.
No.
7365, § 1(part), 2-5-2001)"
2,ARTICLE II.- DISTRICT REGULATIONS,DIVISION 2. - SPECIFIC DISTRICTS,Sec. 46-87. - PD Planned Development District.,sub-sec-2.2.10,https://library.municode.com/mo/moberly/codes/code_of_ordinances?nodeId=COOR_CH46ZOPLDE_ARTIIDIRE_DIV2SPDI_S46-87PDPLDEDI,https://zoneomics.com/code/8367/chapter_2#2.2.10,True,1,"(a) Purpose.
The purpose of this district is to provide for elements of flexibility in design, placement, arrangement, bulk and other considerations involved in planned districts; to provide a framework within which the structures and uses in the planned district may be interrelated with adjacent development and areas; and to maintain the desired overall intensity of land use, desired population densities, and desired areas of open space.
The use of planned zoning procedures is intended to encourage large-scale developments, efficient development of small tracts, innovative and imaginative site planning, and conservation of resources.
(b) Use of the PD district.
With the exception of standard single- and two-family residential subdivisions, zoning proposals which are intended to be subdivided into multiple lots should seek the PD zoning district classification.
Planned developments are groupings of structures or sites that are planned as an integrated unit or cluster on property under unified control at the time of zoning.
The sale, subdivision or other partition of the site after zoning approval does not exempt the project or portions thereof from complying with the development standards and other conditions that were committed to at the time of the rezoning.
The planned development district must always be used in conjunction with one of the other zoning districts, known as the underlying district.
The requirements of the PD district shall be in addition to the requirements of the underlying district, except that the PD district may modify some of the regulations of the underlying district in specific situations.
A PD district may be used in conjunction with any of the other zoning districts or with any combination of districts.
(1) An application for rezoning to the PD district shall include a preliminary development plan and may include a concurrent request to change the underlying zoning classification.
If the rezoning is approved, the new district shall include the designation of the underlying district followed by PD.
For example, a planned development district of an R-l district shall be known as R-1-PD.
(2) Approval of the rezoning based on the preliminary development plan shall allow the applicant to submit a final development plan for approval.
No structure or occupancy permit shall be issued until a final development plan has been approved.
The use of the PD district shall be separate from the subdivision regulations of the city, and the development plans required by the PD district shall not be construed as plats.
It is recommended that the subdivision process follow the rezoning/preliminary plan approval, but precede the approval of the final development plan.
Resubdivision may be a prerequisite to approval of the final development plan.
(c) Use restrictions.
Any use permitted in the underlying zone may be permitted.
The uses permitted may be voluntarily restricted by the applicant, or restricted as a condition of approval by the planning and zoning commission.
(d) Height regulations.
The height regulations provided for the underlying zoning district shall be required, however, the allowed height may be increased by one floor or 15 feet upon a showing that the proposed structure is consistent in scale and bulk to the character of the community, and the increase in density as a result of the increase in height does not create an adverse effect on the value or utility of adjacent property.
(e) Yard regulations.
The yard regulations provided for the underlying zoning district shall be required, however, the yard regulations may be reduced upon a showing of sufficient open space accessible to occupants; a separation between structures for firefighting purposes; and that there is consistency with the visual character of the community.
(f) Use regulations.
(1) The proposed development shall provide access to the major street system in such a way that the traffic generated by the development will not cause an unreasonably hazardous condition nor inconvenience in the area.
(2) Structures and traffic shall be arranged so that all principal structures are accessible to emergency vehicles.
(3) Parking shall be provided in a manner that reduces to a minimum its adverse physical impact in the area.
Screening parking areas with landscaping or walls, breaking parking areas into smaller units by introducing landscaped areas or other physical separators are suggested approaches.
The parking areas should be appropriately spaced to serve those units they represent.
(4) The availability of services and location of public utilities shall have the approval of each agency involved.
Evidence to this effect shall be presented with the preliminary development plans.
(5) Approval of the final development plan may be conditioned by the planning and zoning commission or city council to minimize any negative impact on the community.
(g) Application for rezoning.
A petition to change to a PD planned district shall be filed with the city, along with the filing fee as set forth by separate ordinance.
A preliminary development plan shall be attached and shall include the elements set forth in this division."
2,ARTICLE II.- DISTRICT REGULATIONS,DIVISION 2. - SPECIFIC DISTRICTS,Sec. 46-87. - PD Planned Development District.,sub-sec-2.2.10,https://library.municode.com/mo/moberly/codes/code_of_ordinances?nodeId=COOR_CH46ZOPLDE_ARTIIDIRE_DIV2SPDI_S46-87PDPLDEDI,https://zoneomics.com/code/8367/chapter_2#2.2.10,True,2,"The process for approval shall be the same as for any rezoning as provided by this division.
(h) Approval procedure.
The approval by the city council of the preliminary development plan and the concurrent rezoning to the PD district shall be preceded by the publication and mailing of notice, a public hearing, and a recommendation by the planning and zoning commission.
If the city council disagrees with the recommendation, the application shall be returned to the planning and zoning commission for reconsideration.
Approval of the preliminary development plan shall be valid for two years from the date of its approval.
The filing and approval of a final development plan for any phase of the area contained in the preliminary plan shall extend the period of validity an additional two years.
Once approved, the zoning classification can only be changed through rezoning and cannot be changed by expiration of the preliminary development plan.
(i) Preliminary development plan.
The preliminary development plan shall be prepared at a scale dimension of not more than one inch equals 100 feet, and shall include:
(1) Boundaries of the project with dimensions to scale;
(2) Contour intervals of two feet;
(3) Proposed size, height, location and arrangement of structures, parking areas with proposed arrangement of stalls and number of cars, entrance and exit driveways and their relationship to existing or proposed streets;
(4) Preliminary drainage plan in sufficient detail to show direction of flow, stormwater detention facilities, if needed, and major drainage structures;
(5) General landscape plan to include location and height of all walls, fences, signs and screen plantings;
(6) Note provision for dedication of new or additional rights-of-way, if needed; such to be dedicated to the city prior to approval of a final development plan;
(7) Phases of final development;
(8) Name and address of owner, applicant and engineering firm which prepared the plan;
(9) Seal of engineering firm licensed in the state developing the plan, scale, north point and date of plan;
(10) A description of any limitations to be placed on the range of permitted uses, the hours of operation, the structure materials to be used or other similar factors; and
(11) Ten copies shall be submitted.
(j) Final development plan.
The final development plan shall be prepared in the same manner and include the same type of information as the preliminary development plan (updated to show final sizes, dimensions and arrangement) with the following additions:
(1) Contour lines shall show finished grading only;
(2) The landscaping plan shall show the size and type of each tree, shrub and ground cover; and
(3) Drawings showing the size, appearance and method of illumination for each sign.
The final development plan shall substantially conform to the approved preliminary plan, shall be in final form for the issuance of a building permit, shall have been previously reviewed by the appropriate city staff, and shall include a construction schedule.
A final approval by the city council shall authorize construction to begin according to the construction schedule providing all appropriate permits have been received.
Construction of at least the first stage of development shall begin within three years from the date the ordinance of the zoning change was published in the newspaper.
If construction does not begin within this period and no effort is made for an extension of time by the owner, the final development plan shall be voided.
(k) Building permits.
On final approval by the city council, the owner shall provide five copies of the approved final development plan to the city.
The zoning administrator or his designee shall issue building permits only in accordance with the approved final development plan.
(l) Amendments.
If any substantial variation or rearrangement of structures, parking area and drives, entrances, heights or open spaces is requested by the applicant, the applicant shall proceed by following the same procedure previously followed and outlined in the preliminary development plan.
(m) Open space.
The planning and zoning commission may require the provision of open space to buffer dissimilar uses; to protect environmentally sensitive areas; or to counterbalance any reduction in lot area, yard size or bulk limitations.
(1) Open space requirements.
If the planning and zoning commission requires open space, the city and the applicant shall enter into an agreement providing for the establishment of an agency to maintain the open space.
Such agreement shall include provision for default, cure by the city, and enforcement.
(2) Disposition of open space.
The agency established in the preceding section shall not be dissolved or permitted to otherwise dispose of any open space by sale or otherwise without first offering to dedicate the same to the city.
The development plan process shall be required prior to any rezoning or issuance of a building permit for other than a single-family dwelling.
(n) Time limit.A site plan approval for a PD district shall expire, subject to a public hearing, unless a building permit is taken within 12 months after the approved date for commencement to effectuate such site plan.
(Code 1987, app.
A, § 24; Ord.
No.
7365, § 1(part), 2-5-2001)"
3,ARTICLE III.- USE STANDARDS,Sec. 46-118.- Use table., ,sub-sec-3.1,https://library.municode.com/mo/moberly/codes/code_of_ordinances?nodeId=COOR_CH46ZOPLDE_ARTIIIUSST_S46-118USTA,https://zoneomics.com/code/8367/chapter_3#3.1,True,1,"The use table of this section provides a tabular summary of the land use types allowed within each base zoning district.
The table is intended for reference and does not necessarily reflect the regulations that may apply to particular uses or districts.
In the event of conflict between this article and district-specific use regulations of article II, the district-specific use regulations shall prevail.
(1) Permitted (by-right).
Uses identified in a zoning district column of the use table with a ""P"" are permitted by-right and shall be permitted in such zoning district, subject to such conditional use regulations as may be indicated in the conditions column and all other requirements of this chapter.
(2) Conditional uses.
Uses identified in a zoning district column of the use table with a ""C"" are conditional uses and shall be permitted in such zoning district if reviewed and approved in accordance with the standards of article IX of this chapter.
Conditional uses shall be subject to such conditional use regulations as may be indicated in the use standards column and all other requirements of this chapter.
(3) Not permitted.
Uses not identified in a zoning district column of the use table as permitted by-right or by conditional use are not allowed in such zoning district unless otherwise expressly permitted by other regulations of this chapter.
(4) Use standards.
A letter in the final use standards column of the use table refers to conditional use standards applicable to a particular use in one or more of the districts in which such use is allowed.
The referenced regulations appear in this article.
Expand |  | Zoning Districts | | | | | | | | |  |
| --- | --- | --- | --- | --- | --- | --- | --- | --- | --- | --- |
| Use Regulations | Residential | | | | | Non-Residential | | | |  |
|  | N-1 | R-1 | R-2 | R-3 | M-P | B-1 | B-2 | B-3 | M-1 | Use   Standards   Sec. No. |
| Accessory Uses | P | P | P | P | P | P | P | P | P | 46-119 |
| Home Occupations | P | P | P | P | P | P | P | P | P | 46-134 |
| Temporary Uses | P | P | P | P | P | P | P | P | P | 46-120 |
| Agricultural Uses | | | | | | | | | | |
| Agricultural Processing |  |  |  |  |  |  |  |  | C |  |
| Agriculture, General | P |  |  |  |  |  |  |  |  | 46-128 |
| Agriculture, Limited | P |  |  |  |  |  |  |  | C |  |
| Stable, Private | P | C |  |  |  |  |  |  |  |  |
| Residential Uses | | | | | | | | | | |
| Apartment |  |  |  | P |  |  | P |  |  | 46-121 |
| Assisted Living | P |  |  | P |  |  | P | C |  |  |
| Boardinghouse |  |  | P | P |  |  |  |  |  |  |
| Duplex |  |  | P | P |  |  |  |  |  |  |
| Ground Floor Dwelling Units |  |  |  |  |  |  | P |  |  | 46-148 |
| Group Home, Limited | P | P | P | P | P |  |  |  |  | 46-133 |
| Group Home, General |  |  |  | C |  |  | C |  |  | 46-133 |
| Group Residential |  |  |  | C |  |  | C |  |  |  |
| Homeless Shelter (See Temporary Living Shelter) |  |  |  |  |  |  |  |  |  |  |
| Manufactured Home Residential-Design |  |  |  |  | P |  |  |  |  | 46-138 |
| Manufactured Home |  |  |  |  | P |  |  |  |  | 46-138 |
| Mobile Home |  |  |  |  |  |  |  |  |  |  |
| Modular Home | P | P | P | P | P |  |  |  |  |  |
| Manufactured Home Park |  |  |  |  | P |  |  |  |  |  |
| Multifamily |  |  |  | P |  |  | P |  |  | 46-121 |
| Non-Ground Floor Dwelling Units |  |  |  |  |  |  | C | C |  | 46-149 |
| Private Storage Buildings |  |  |  |  |  |  |  |  |  | 46-140 |
| Short Term Rental Housing Facilities | P | P | P | P | P |  | P |  |  |  |
| Single-Family, Detached | P | P | P | P | P |  |  |  |  |  |
| Temporary Living Shelter Facility |  |  |  |  |  |  |  | C | C | 46-152 |
| Transitional Living Facility |  |  |  |  |  |  |  | C |  | 46-144 |
| Warming Shelter (See Temporary Living Shelter) |  |  |  |  |  |  |  |  |  |  |
| Work/Live Residential Units |  |  |  |  |  |  | P |  |  | 46-151 |
| Commercial Uses | | | | | | | | | | |
| Adult Entertainment Establishment |  |  |  |  |  |  |  |  |  | 46-122 |
| Agricultural Sales and Service |  |  |  |  |  |  | P |  | P |  |
| Animal Care, General |  |  |  |  |  |  | C | C | P | 46-136 |
| Animal Care, Limited |  |  |  |  |  |  | P | P | P |  |
| Bank or Financial Institution |  |  |  |  |  | C | P | P |  |  |
| Bar or Tavern |  |  |  |  |  |  | P | P |  |  |
| Bed and Breakfast | C | C | C | C | C |  | C | C |  | 46-124 |
| Car Wash |  |  |  |  |  |  | P | C | P |  |
| Construction Sales and Service |  |  |  |  |  |  | P | P | P |  |
| Day Care, Limited (5—10 individuals) | C | C | C | C | C |  |  |  |  | 46-130 |
| Day Care, Commercial (11 or more) |  |  |  |  |  |  | P | P | C | 46-130 |
| Catering |  |  |  |  |  |  |  | P |  |  |
| Food Store |  |  |  |  |  |  | P | P |  |  |
| Greenhouse, Nurseries | P |  |  |  |  |  |  | P | P | 46-132 |
| Health Club |  |  |  |  |  | C | P | P |  |  |
| Hotel, Motel or Tourist Court |  |  |  |  |  |  | P | P |  |  |
| Manufactured Home Sales |  |  |  |  |  |  |  |  | C |  |
| Marijuana Dispensary |  |  |  |  |  |  | P |  |  | 46-146 |"
3,ARTICLE III.- USE STANDARDS,Sec. 46-118.- Use table., ,sub-sec-3.1,https://library.municode.com/mo/moberly/codes/code_of_ordinances?nodeId=COOR_CH46ZOPLDE_ARTIIIUSST_S46-118USTA,https://zoneomics.com/code/8367/chapter_3#3.1,True,2,"| Mobile Food Truck |  |  |  |  |  | P | P | P | P |  |
| Mobile Food Vending |  |  |  |  |  | P | P | P | P |  |
| Office, General |  |  |  |  |  | P | P | P |  |  |
| Parking Lot, Commercial |  |  |  |  |  | P | P | P |  |  |
| Print Shop |  |  |  |  |  | C | P | P | P |  |
| Recreation and Entertainment, Indoor |  |  |  |  |  | C | C | P |  |  |
| Recreation and Entertainment, Outdoor |  |  |  |  |  | C | C | C |  | 46-139 |
| Repair Service |  |  |  |  |  |  | P | P | P |  |
| Research Service |  |  |  |  |  | P | C | C | P |  |
| Restaurant, Fast Food |  |  |  |  |  |  | P | P |  |  |
| Restaurant, General |  |  |  |  |  | C | P | P |  |  |
| Retail Sales and Service |  |  |  |  |  | C | P | P | C |  |
| Safety Service | C | C | C | C | C | C | C | C | C |  |
| Service Station, Automotive |  |  |  |  |  |  | P | P | C |  |
| Service Station, Truck Stop |  |  |  |  |  |  | C | C | C |  |
| Stable, Private | C |  |  |  |  |  |  |  |  |  |
| Studio, Television, Film, Radio, Music |  |  |  |  |  |  | P | P | C |  |
| Vehicle and Equipment Sales |  |  |  |  |  |  | P | P | C | 46-145 |
| Vehicle/Equipment Storage Yard |  |  |  |  |  |  |  | C | P | 46-145 |
| Vehicle Repair, General |  |  |  |  |  |  | C | C | P | 46-145 |
| Vehicle Repair, Limited |  |  |  |  |  |  | C | P | P | 46-145 |
| Warehouse, Residential Storage |  |  |  |  |  |  |  | P | P |  |
| Public, Quasi-Public, and Recreational Uses | | | | | | | | | | |
| Airport or Airstrip | C |  |  |  |  |  |  |  | C |  |
| Auditorium or Stadium |  |  |  |  |  |  | C | P | C | 46-123 |
| Cemetery, Crematory, Mausoleum | C | C | C | C | C | C | C | C | C | 46-125 |
| Churches, Chapels, Temples, Synagogues | C | C | C | C | C | C | C | C | C |  |
| College or University | C |  |  |  |  | C | C | P |  |  |
| Communication Tower | C |  |  |  |  | P | P | P | P | 46-497 |
| Convalescent Care |  |  |  | C |  |  | C | C |  | 46-129 |
| Correctional Facility |  |  |  |  |  |  |  |  | C |  |
| Cultural Service |  |  |  |  |  |  | P | P | C |  |
| Funeral Home |  |  |  |  |  |  | C | C |  |  |
| Golf Course | C | C | C | C | C |  |  |  |  | 46-130 |
| Government Service |  |  |  |  |  | P | P | P | P |  |
| Heliport or Helipad |  |  |  |  |  | C |  | P | P |  |
| Hospital |  |  |  |  |  |  | P | P |  | 46-135 |
| Library |  | C | C | C | C |  | P | P |  |  |
| Medical Service |  |  |  |  |  |  | P | P | P |  |
| Military Service |  |  |  |  |  |  | C | C | C |  |
| Parks and Recreation | C | C | C | C | C | C | C | C | C |  |
| Post Office |  |  |  |  |  |  | P | P |  |  |
| Recreational Vehicle Park | C |  |  |  |  |  |  |  |  | 46-141 |
| Religious Assembly | C | C | C | C | C | C | C | C | C | 46-123 |
| School, Elementary, Middle or High | C | C | C | C | C | C | C | C | C |  |
| Shooting Range—Indoor |  |  |  |  |  |  |  | C | C |  |
| Small Wireless Facility | P | P | P | P | P | P | P | P | P | 46-497 |
| Vocational School |  |  |  |  |  |  | C | P | P |  |
| Manufacturing, Industrial and Extractive Uses | | | | | | | | | | |
| Asphalt or Concrete Plant |  |  |  |  |  |  |  |  | C |  |
| Basic Industry |  |  |  |  |  |  |  |  | C |  |
| Cannabis Facility |  |  |  |  |  | P |  |  | P | 46-147 |
| Composting Facility |  |  |  |  |  |  |  |  | C | 46-127 |
| Food/Bakery Product Manufacturing |  |  |  |  |  |  |  | C | P |  |
| Freight Terminal |  |  |  |  |  |  | C |  | P |  |
| Gas and Fuel Sales/Storage |  |  |  |  |  |  |  | C | P |  |
| Grain Elevator |  |  |  |  |  |  |  |  | P |  |
| Hazardous Operation |  |  |  |  |  |  |  |  | C |  |
| Landfill |  |  |  |  |  |  |  |  | C | 46-137 |
| Laundry Plant |  |  |  |  |  |  |  |  | P |  |
| Manufacturing and Assembly |  |  |  |  |  |  |  |  | P |  |
| Mining or Quarrying |  |  |  |  |  |  |  |  | C | 46-137 |
| Oil or Gas Drilling/Refining |  |  |  |  |  |  |  |  | C |  |
| Printing and Publishing |  |  |  |  |  | P | C | P | P |  |
| Salvage Yard |  |  |  |  |  |  |  |  | C | 46-142 |
| Shipping Containers |  |  |  |  |  | P |  | P | P |  |
| Solid Waste Collection/Processing |  |  |  |  |  |  |  |  | C | 46-143 |
| Solid Waste Transfer Station |  |  |  |  |  |  |  |  | P |  |
| Stockyard |  |  |  |  |  |  |  |  | C |  |
| Transit Facility |  | C | C | C | C | C | P | P | P |  |
| Utility, Major |  | C | C | C | C | C | C | C | C |  |
| Utility, Minor | P | P | P | P | P | P | P | P | P |  |
| Warehousing and Wholesale |  |  |  |  |  |  |  |  | P |  |
| Welding or Machine Shop |  |  |  |  |  |  |  |  | P |  | (Code 1987, app.
A, § 25; Ord.
No.
7365, § 1(part), 2-5-2001; Ord.
No.
7536, § 1, 12-16-2002; Ord.
No.
7728, § 1, 8-16-2004; Ord.
No.
8087, § 1, 5-24-2007; Ord.
No.
8109, § 1, 7-16-2007; Ord.
No.
8641, § 2, 9-19-2011; Ord.
No.
9496, § 2, 2-19-2019; Ord.
No.
9505, § 2, 3-18-2019; Ord.
No.
9506, § 2, 3-18-2019; Ord.
No.
9507, § 2, 3-18-2019; Ord.
No.
9616, § 2, 8-17-2020; Ord.
No.
9620, § 3, 9-8-2020; Ord.
No.
9622, § 2, 9-8-2020; Ord.
No.
9651, § 1, 4-19-2021; Ord.
No.
9751, § 1, 4-17-2023; Ord.
No.
9753, § 2, 4-17-2023; Ord.
No.
9839, § 2, 8-19-2024; Ord.
No.9841, § 2, 10-7-2024; Ord.
No.
9846, § 1, 10-21-2024)"
3,ARTICLE III.- USE STANDARDS,Sec. 46-119. - Accessory uses., ,sub-sec-3.2,https://library.municode.com/mo/moberly/codes/code_of_ordinances?nodeId=COOR_CH46ZOPLDE_ARTIIIUSST_S46-119ACUS,https://zoneomics.com/code/8367/chapter_3#3.2,True,1,"(a) Generally.
Permitted uses and approved conditional uses shall be deemed to include accessory uses and activities that are necessarily and customarily associated with, and appropriate, incidental, and subordinate to the principal uses allowed in zoning districts.
Accessory uses and activities shall be subject to the same regulations as apply to principal uses in each district, unless otherwise stated in this chapter.
(b) Residential.
Residential uses shall include, but not be limited to, the following accessory uses, activities and structures:
(1) For lots of 20,000 square feet or less; garages, carports and off-street parking and loading areas, however, the combined total of all detached garages or carports in a residential district shall not cover more than a total of 1,000 square feet or up to ten percent of the total lot area, whichever is less;
(2) For lots greater than 20,000 square feet; garages, carports and off-street parking and loading areas, however, the total of the detached garages and carports in a residential district shall not cover more than a total of five percent of the total lot area;
(3) Gardens; provided, however, they meet the required front yard setbacks of the district in which they are located;
(4) Gates and guardhouses;
(5) Guest house or guest rooms, neither of which may include kitchen facilities, provided such facilities are used for the occasional housing of guests of the occupants of the principal building and not as rental units for permanent occupancy as housekeeping units;
(6) Home occupations, subject to the home occupation requirements of this article;
(7) Playhouses, patios, cabanas, porches, gazebos and incidental household storage buildings, however, such buildings shall not cover more than five percent of the total lot area;
(8) Radio and television receiving antennas and support structures;
(9) Recreational and play facilities for residents;
(10) Storage of recreational equipment such as boats, boat trailers, camping trailers, converted buses or trucks, house trailers, however, storage shall be limited to private garages, side or rear yards of private homes, and in the driveways of private homes.
Stored vehicles or equipment shall not protrude onto public property or obstruct any sidewalks.
Recreational vehicles or equipment shall not be stored within required off-street parking spaces.
No recreational vehicle shall be used for living or sleeping purposes while stored on the premises for a period exceeding 14 days in a calendar year;
(11) Storm shelters and fallout shelters;
(12) Other necessary and customary uses determined by the zoning administrator to be appropriate, incidental and subordinate to the principal use on the lot, subject to compliance with any development and performance standards imposed by the zoning administrator to ensure land use compatibility;
(13) Swimming pools subject to a setback of no less than four feet from a protective fence no less than six feet in height around the perimeter of the pool.
(c) Nonresidential.
Nonresidential uses shall include, but not be limited to, the following accessory uses, activities and structures:
(1) Cafeterias, dining halls and similar food services when operated primarily for the convenience of employees, residents, clients, or visitors to the principal use;
(2) Dwelling units, other than manufactured homes, when used or intended to be used for security or maintenance personnel;
(3) Dwelling units, when located on the second story of a commercial structure located in the B-2 district;
(4) Gates and guardhouses;
(5) Offices for allowed business and industrial uses when the office is located on the same site as the principal use;
(6) Parking garages and off-street parking areas;
(7) Radio and television receiving antennas and support structures;
(8) Restaurants, newsstands, gift shops, swimming pools, tennis courts, clubs and lounges when in a permitted hotel, motel or office building;"
3,ARTICLE III.- USE STANDARDS,Sec. 46-119. - Accessory uses., ,sub-sec-3.2,https://library.municode.com/mo/moberly/codes/code_of_ordinances?nodeId=COOR_CH46ZOPLDE_ARTIIIUSST_S46-119ACUS,https://zoneomics.com/code/8367/chapter_3#3.2,True,2,"(9) Sales of goods produced as a part of allowed industrial activities when on the same site as the principal industrial use;
(10) Recycling collection stations, subject to the provisions of subsection (e) of this section;
(11) The storage of merchandise when located within the same building as the principal business; and
(12) Other necessary and customary uses determined by the zoning administrator to be appropriate, incidental and subordinate to the principal use on the lot, subject to compliance with any development and performance standard imposed by the zoning administrator to ensure land use compatibility.
(d) Development and operational standards.
The following standards shall apply to all accessory uses and structures unless otherwise specifically provided:
(1) Exterior setback.
No accessory structure shall be located within a required exterior setback.
(2) Interior (rear) setback.
Accessory structures shall not be required to comply with the interior rear setback standard that applies to principal uses.
Accessory structures shall, however, be set back at least eight feet from rear lot lines and shall not be closer to the side lot line than the applicable minimum interior setback.
(3) Interior (side) setbacks.
No accessory structure shall be located within a required interior side setback.
(4) Setbacks from easements.
No accessory structure, other than a fence or wall, shall be located within any platted or recorded easement, or over any known utility.
(5) Height.
No accessory structure shall exceed the maximum height standards of the underlying district unless specifically authorized.
(6) Building separation.
Unless attached to the principal structure, accessory structures shall be located at least five feet from any other structure.
(7) Building coverage.
a. No detached accessory structure shall cover more than ten percent of the total lot area.
b. Accessory buildings and structures shall be included in the calculation of total building coverage.
(e) Recycling collection stations.
Recycling collection stations shall be allowed as an accessory use in accordance with the following standards:
(1) Maximum size and approval required.
Recycling collection stations shall be allowed as an accessory use only if it does not exceed 1,000 square feet in area and only if shown on a site plan that has been reviewed and approved in accordance with article IX, division 4 of this chapter.
(2) Screening.
All collection stations shall be screened from public view of adjoining properties or any street right-of-way with a six-foot-tall, 100 percent opaque, solid screen or be wholly contained within a structure.
(3) Separation from residential.
Recycling collection station structures shall be located at least 150 feet from adjacent property zoned R-l, R-2, R-3 or MP.
(4) Reverse vending machines.
Reverse vending machines shall be located or soundproofed such that the noise of operation is imperceptible from the property line of property zoned or used for residential purposes.
(5) Maintenance.
An employee, business owner or property owner shall be responsible for keeping the recycling sites in a clean and safe condition and shall pick up any recycled materials that have blown around the site or adjacent area.
All materials shall be stacked properly within a recycling bin and be monitored on a frequent basis.
(6) Hours of operation.
A sign shall be posted on the recycling enclosure stating the hours when collection of materials may be conducted.
Collection hours of recyclables shall be determined by the zoning administration.
(7) Signs.
A sign shall be posted on the recycling enclosure stating the hours when collection of materials may be conducted.
Collection hours of recyclables shall be determined by the zoning administration.
(Code 1987, app.
A, § 26(a); Ord.
No.
7365, § 1(part), 2-5-2001; Ord.
No.
7394, § 1, 6-18-2001; Ord.
No.
7465, § 2, 5-1-2002; Ord.
No.
8087, § 2, 5-24-2007; Ord.
No.
8109, § 2, 7-16-2007; Ord.No.
8641, § 1, 9-19-2011)"
3,ARTICLE III.- USE STANDARDS,Sec. 46-120. - Temporary uses., ,sub-sec-3.3,https://library.municode.com/mo/moberly/codes/code_of_ordinances?nodeId=COOR_CH46ZOPLDE_ARTIIIUSST_S46-120TEUS,https://zoneomics.com/code/8367/chapter_3#3.3,False,0,"The following uses shall be allowed on a lot for which the vendor has a property interest as proved by a lease or title:
(1) Christmas tree sales.
Christmas tree sales in any business or industrial district for a period not to exceed 60 days.
Display of Christmas trees need not comply with the yard and setback requirements of this article, however, no trees shall be displayed within 30 feet of the intersection of the curb line of any two streets.
(2) Contractor's office.
Contractor's office and equipment sheds (containing no sleeping or cooking accommodations) accessory to a construction project and to continue only during the duration of such project.
(3) Real estate office.
Real estate office (containing no sleeping or cooking accommodations unless located in a model dwelling unit) incidental to a new housing development to continue only until the sale or lease of all dwelling units in the development.
(4) Seasonal sales.
Seasonal sale of farm produce grown on the premises, in an N-1 district.
Structures incidental to such sale need not comply with the applicable front yard requirements if the structures are not located within the sight triangle of an intersection, as defined by this chapter, and are removed or moved back of the required front yard setback line at the end of the season during which they are used.
(5) Carnivals and circuses.
A carnival or circus, but only in a commercial or industrial district, and then only for a period that does not exceed three weeks.
Such use need not comply with the front yard requirements, however, structures or equipment which might block the view of operators of motor vehicles on the public streets shall conform to the requirements of the sight triangle as defined by this chapter.
(6) Garage or porch sales.
The sale of used or second-hand merchandise shall be permitted in any residential district providing that such use shall not exceed three consecutive days in duration, nor occur more than twice during a 12-month period at one residence, excluding city-wide sales.
(7) Temporary sales, general.
No temporary sales establishment shall be allowed to operate for more than two consecutive days or more than four separate occasions during a calendar year.
(Code 1987, app.
A, § 26(w); Ord.
No.
7365, § 1(part), 2-5-2001; Ord.
No.
7394, § 1, 6-18-2001; Ord.
No.
7465, § 2, 5-1-2002; Ord.
No.
8087, § 2, 5-24-2007; Ord.
No.
8109, § 2, 7-16-2007; Ord.
No.
8641, § 1, 9-19-2011)"
3,ARTICLE III.- USE STANDARDS,Sec. 46-121. - Multifamily land uses., ,sub-sec-3.4,https://library.municode.com/mo/moberly/codes/code_of_ordinances?nodeId=COOR_CH46ZOPLDE_ARTIIIUSST_S46-121MULAUS,https://zoneomics.com/code/8367/chapter_3#3.4,False,0,"Multifamily land uses are allowed in the B-2 district provided they are located on or above the second floor of a commercial building (non-ground floor dwelling units), located below ground level, meet the definition of ground floor dwelling units, or the definition of work/live units.
All other multifamily development shall be subject to the following design guidelines and standards:
(1) Site plan review.
Multifamily development shall be subject to site plan review requirements and procedures of article IX, division 4 of this chapter.
(2) Natural features and environment.
Each site should be designed to preserve natural features and environmental resources, such as:
a. Flood plains and drainage ways.
b. Bodies of water.
c. Prominent ridges and rock ledges.
d. Existing tree cover including tree masses, wind rows and significant individual trees.
(3) Cut and fill.
Excessive cut and fill are unacceptable.
The site plan should preserve the natural topography of the site.
(4) Pedestrian circulation.
Pedestrian circulation systems (sidewalks, walkways, and paths) shall be located and designed to provide physical separation from vehicles along all public and private streets and within any parking area.
(5) Building separation.
All buildings shall be separated by a minimum distance of 15 feet.
(6) Lot coverage.
Each site plan should be designed to reflect unique site characteristics and strong neighborhood environments without overcrowding the site.
(7) Access.
All multifamily residential developments must have direct vehicular access to collector, arterial or higher classification streets.
Multifamily residential development shall not take access to local streets.
(8) Open space.
Open space should be provided to meet active and passive use requirements of the neighborhood.
a. At least ten percent of the total site area shall be set aside as common open space.
The common open space shall be suitable for active or passive recreational use.
Common open space areas should be centrally placed within the neighborhood.
Common open space may include pools, tennis courts, and tot lots.
Common open space may not be counted toward nor located in required zoning district setbacks.
b. A minimum of 60 square feet of private open space shall be provided for each ground-level dwelling unit and each dwelling unit that is accessible from a walk out basement.
Private areas should allow only limited access and be enclosed to ensure privacy.
Private areas typically include yards, balconies and patios.
(9) Building clustering.
Unusable and unassigned open space surrounding buildings should be reduced by clustering buildings.
Buildings should be clustered around a central common area, and not have the primary orientation directed toward the parking area.
(10) Building orientation.
a. Individual buildings.
Individual buildings should be oriented in a way that established neighborhoods and sub-neighborhoods.
b. Reduction of unusable open space.
Unusable open space should be reduced through building orientation, the use of low walls, fencing, landscaping and entry design.
(11) Vehicular circulation and parking.
a. Street layout.
The layout of streets should provide for safe operation of vehicles within the neighborhood.
Excessively straight and wide streets encourage high speed traffic and should be avoided.
Curvilinear designs, reduced street widths and cul-de-sacs create stronger neighborhood environments.
b. Parking area layout.
Double loaded parking areas along private streets or drives are generally not acceptable.
Parking areas should be clustered and separated from the street.
c. Parking enclosures.
Parking enclosures should be designed and sited so as to compliment the primary structures and to provide visual relief from extensive pavement area.
(12) Pedestrian circulation.
a. Pedestrian linkages.
Pedestrian access should be designed to provide reasonable linkages of dwelling units to neighborhood facilities such as recreation, services, mail and parking.
b. Landscaping details.
Pedestrian systems should incorporate landscaping details to increase the visual interest and character of the neighborhood.
c. Landscaping.
Landscaping should be designed in sufficient form, quantity and location to reduce, to the greatest extent possible, negative impacts affecting the site and adjacent properties and to increase the sense of neighborhood scale, character and identity.
d. Architectural design.
The architecture of multifamily housing is a key element in determining the character of a neighborhood.
The architecture should create a strong feeling of identity through design principles of scale, harmony, rhythm and balance.
e. Elongated sites with rectangular, double-loaded building footprints should be avoided.
These designs typically lack interest and fail to create a strong sense of neighborhood.
f. The architectural design of each unit or building should impart a feeling of neighborhood scale.
Units should be designed with vertical and horizontal offsets to break up roof lines, define private outdoor areas, allow greater views, and admit light and air to unit interiors.
Large, blank wall surfaces should be avoided.
Windows and projecting wall surfaces should be used to break up larger wall surfaces and establish visual interest.
g. The same level of architectural design and quality of materials should be applied to all sides of the building.
The side and rear elevations, garages, carports, and all accessory structures should maintain the same level of design, aesthetic quality, and architectural compatibility.
h. Screening from the street of all outdoor refuse areas, ground mounted mechanical equipment, utilities, and banks of meters shall be provided.
The screening of these items is to be architecturally compatible with the major building components and may include landscaping.
(Code 1987, app.
A, § 26(q); Ord.
No.
7365, § 1(part), 2-5-2001; Ord.
No.
7394, § 1, 6-18-2001; Ord.
No.
7465, § 2, 5-1-2002; Ord.
No.
8087, § 2, 5-24-2007; Ord.
No.
8109, § 2, 7-16-2007; Ord.
No.
8641, § 1, 9-19-2011; Ord.
No.
9620, § 4, 9-8-2020)"
3,ARTICLE III.- USE STANDARDS,Sec. 46-122. - Adult entertainment establishments., ,sub-sec-3.5,https://library.municode.com/mo/moberly/codes/code_of_ordinances?nodeId=COOR_CH46ZOPLDE_ARTIIIUSST_S46-122ADENES,https://zoneomics.com/code/8367/chapter_3#3.5,False,0,"Adult entertainment establishments are prohibited in all zoning districts within the city and no building, structure, premises or land shall be used, constructed, reconstructed, altered or expanded as or for an adult entertainment establishment.
(Code 1987, app.
A, § 26(c); Ord.
No.
7365, § 1(part), 2-5-2001; Ord.
No.
7394, § 1, 6-18-2001; Ord.
No.
7465, § 2, 5-1-2002; Ord.
No.
8087, § 2, 5-24-2007; Ord.
No.
8109, § 2, 7-16-2007; Ord.
No.
8641, § 1, 9-19-2011)"
3,ARTICLE III.- USE STANDARDS,Sec. 46-123. - Auditoriums and stadiums., ,sub-sec-3.6,https://library.municode.com/mo/moberly/codes/code_of_ordinances?nodeId=COOR_CH46ZOPLDE_ARTIIIUSST_S46-123AUST,https://zoneomics.com/code/8367/chapter_3#3.6,False,0,"Any parking area used for the overnight parking of buses and vehicles shall be located at least 100 feet from the lot line of a lot zoned R-l, R-2, R-3 or MP.
Any such parking area shall be screened from view of adjacent R-1 or R-2 districts by a landscape buffer as approved by the planning and zoning commission.
(Code 1987, app.
A, § 26(t); Ord.
No.
7365, § 1(part), 2-5-2001; Ord.
No.
7394, § 1, 6-18-2001; Ord.
No.
7465, § 2, 5-1-2002; Ord.
No.
8087, § 2, 5-24-2007; Ord.
No.
8109, § 2, 7-16-2007; Ord.
No.
8641, § 1, 9-19-2011)"
3,ARTICLE III.- USE STANDARDS,Sec. 46-124. - Bed and breakfast., ,sub-sec-3.7,https://library.municode.com/mo/moberly/codes/code_of_ordinances?nodeId=COOR_CH46ZOPLDE_ARTIIIUSST_S46-124BEBR,https://zoneomics.com/code/8367/chapter_3#3.7,False,0,"Bed and breakfast facilities shall be allowed in any residential zoning district B-2 and B-3 district by conditional use permit.
The following requirements shall apply to all bed and breakfast facilities:
(1) The structure in which the bed and breakfast facility is located shall contain no less than 2,000 square feet of habitable floor area, and shall comply with standards for minimum dwelling size as required in the R-3 district for multifamily dwellings.
(2) The establishment is located in a dwelling unit permanently occupied by the owner or manager, wherein as an accessory use to the residential use, rooms are rented to the public for not more than 14 consecutive nights.
(3) Two off-street parking spaces with one additional off-street parking space per lodging room shall be provided, and the spaces shall be adequately screened from neighboring property.
(4) A time period may be established by the city council for each bed and breakfast establishment.
(5) No more than four bedroom units may be provided to guests.
The city council may, however, further limit the number of lodging rooms allowed to maintain the character of the neighborhood in which the bed and breakfast facility is located.
(6) The use of a facility under this subsection shall be subject to the provisions of section 46-133 of this article.
(Code 1987, app.
A, § 26(d); Ord.
No.
7365, § 1(part), 2-5-2001; Ord.
No.
7394, § 1, 6-18-2001; Ord.
No.
7465, § 2, 5-1-2002; Ord.
No.
8087, § 2, 5-24-2007; Ord.
No.
8109, § 2, 7-16-2007; Ord.
No.
8641, § 1, 9-19-2011; Ord.
No.
9421, § 2, 3-5-2018)"
3,ARTICLE III.- USE STANDARDS,"Sec. 46-125. - Cemeteries, crematoria and mausoleums.", ,sub-sec-3.8,https://library.municode.com/mo/moberly/codes/code_of_ordinances?nodeId=COOR_CH46ZOPLDE_ARTIIIUSST_S46-125CECRMA,https://zoneomics.com/code/8367/chapter_3#3.8,False,0,"The following standards shall apply to cemeteries, crematories and mausoleums:
(1) Entrances.
All cemeteries, crematories and mausoleums shall provide entrances on an arterial or collector street with ingress and egress so designed as to minimize traffic congestion.
(2) Landscape buffer.
A landscape buffer shall be provided along all property lines abutting any R-1, R-2, R-3 or MP zoned property, pursuant to article V of this chapter.
(Code 1987, app.
A, § 26(e); Ord.
No.
7365, § 1(part), 2-5-2001; Ord.
No.
7394, § 1, 6-18-2001; Ord.
No.
7465, § 2, 5-1-2002; Ord.
No.
8087, § 2, 5-24-2007; Ord.
No.
8109, § 2, 7-16-2007; Ord.
No.
8641, § 1, 9-19-2011)"
3,ARTICLE III.- USE STANDARDS,Sec. 46-126. - Reserved., ,sub-sec-3.9,https://library.municode.com/mo/moberly/codes/code_of_ordinances?nodeId=COOR_CH46ZOPLDE_ARTIIIUSST_S46-126RE,https://zoneomics.com/code/8367/chapter_3#3.9,False,0,"Editor's note— Ord.
No.
9504, § 2, adopted March 18, 2019, repealed former
§ 46-126 in its entirety which pertained to communication towers and derived from Code 1987, app.
A, § 26(f); Ord.
No.
7365, § 1(part), 2-5-2001; Ord.
No.
7394, § 1, 6-18-2001; Ord.
No.
7465, § 2, 5-1-2002; Ord.
No.
8087, § 2, 5-24-2007; Ord.
No.
8109, § 2, 7-16-2007; Ord.
No.
8641, § 1, 9-19-2011."
3,ARTICLE III.- USE STANDARDS,Sec. 46-127. - Composting facilities., ,sub-sec-3.10,https://library.municode.com/mo/moberly/codes/code_of_ordinances?nodeId=COOR_CH46ZOPLDE_ARTIIIUSST_S46-127COFA,https://zoneomics.com/code/8367/chapter_3#3.10,False,0,"The following standards shall apply to all compost facilities:
(1) Landscape buffer.
Compost facilities shall have a landscape buffer around its perimeter, pursuant to article V of this chapter.
The decision-making body may require a greater buffer to protect adjacent property from adverse visual and other impacts associated with a specific compost facility.
(2) Traffic circulation.
The operation shall provide entrances on arterial or collector streets only with ingress and egress so designed as to minimize traffic congestion.
No more than one vehicle entrance shall be allowed for each 660 feet of lot frontage on a public street.
There shall be enough room on-site to accommodate peak traffic volume and company vehicles.
The zoning administrator may require a traffic report to be submitted with the conditional use permit application.
(3) Storage bins.
Storage bins or trailers will be allowed to be stored on-site as an ancillary use, providing they are durable, covered and meet the same setbacks required for the structure on the site.
The bins shall be completely screened from view from off-site.
(4) Setbacks.
Structures shall be set back at least 100 feet from all lot lines and at least 300 feet from the lot line of any property zoned R-1, R-2, R-3 or M-P.
(5) Hours of operation.
Uses shall not operate before sunrise or after sunset.
When located within 1,000 feet of an R-1, R-2, R-3, or MP zoning district the use shall not operate after
7:00 p.m. or before
8:00 a.m.
(6) Paving.
All roads, driveways, parking lots and loading/unloading areas within 500 feet of any lot line shall be graded and improved with all-weather material.
(7) Stormwater management.
A stormwater management plan may be required at the discretion of the city engineer.
(8) Litter control.
The operation shall be attended on days of operation to maintain the property in a clean, litter-free condition.
(9) Hazardous material.
Operations shall not involve the on-site holding, storage or disposal of hazardous substances, except for such substances used for the operation of the facility such as fuel and pesticides.
(10) Material.
No food scraps (except for vegetable scraps) or other vermin-attracting materials shall be processed, stored or disposed of on the site of the compost facility.
Only yard/garden wastes are allowed as compost material.
(11) Other regulations.
All operations shall be licensed if required, have proper permits from the state department of natural resources and shall meet all city, county, state and federal health requirements pertaining to facilities, equipment and other features.
(Code 1987, app.
A, § 26(g); Ord.
No.
7365, § 1(part), 2-5-2001; Ord.
No.
7394, § 1, 6-18-2001; Ord.
No.
7465, § 2, 5-1-2002; Ord.
No.
8087, § 2, 5-24-2007; Ord.
No.
8109, § 2, 7-16-2007; Ord.
No.
8641, § 1, 9-19-2011)"
3,ARTICLE III.- USE STANDARDS,Sec. 46-128. - Concentrated feeding operations., ,sub-sec-3.11,https://library.municode.com/mo/moberly/codes/code_of_ordinances?nodeId=COOR_CH46ZOPLDE_ARTIIIUSST_S46-128COFEOP,https://zoneomics.com/code/8367/chapter_3#3.11,False,0,"Concentrated feeding operations shall not be permitted.
(Code 1987, app.
A, § 26(b); Ord.
No.
7365, § 1(part), 2-5-2001; Ord.
No.
7394, § 1, 6-18-2001; Ord.
No.
7465, § 2, 5-1-2002; Ord.
No.
8087, § 2, 5-24-2007; Ord.
No.
8109, § 2, 7-16-2007; Ord.
No.
8641, § 1, 9-19-2011)"
3,ARTICLE III.- USE STANDARDS,Sec. 46-129. - Convalescent care facilities., ,sub-sec-3.12,https://library.municode.com/mo/moberly/codes/code_of_ordinances?nodeId=COOR_CH46ZOPLDE_ARTIIIUSST_S46-129COCAFA,https://zoneomics.com/code/8367/chapter_3#3.12,False,0,"At least 70 square feet of usable open space shall be provided for each patient bed.
This required open space may be designed to provide outdoor space for recreational activities or landscaped outdoor sitting areas.
(Code 1987, app.
A, § 26(h); Ord.
No.
7365, § 1(part), 2-5-2001; Ord.
No.
7394, § 1, 6-18-2001; Ord.
No.
7465, § 2, 5-1-2002; Ord.
No.
8087, § 2, 5-24-2007; Ord.
No.
8109, § 2, 7-16-2007; Ord.
No.
8641, § 1, 9-19-2011)"
3,ARTICLE III.- USE STANDARDS,Sec. 46-130. - Day care facilities., ,sub-sec-3.13,https://library.municode.com/mo/moberly/codes/code_of_ordinances?nodeId=COOR_CH46ZOPLDE_ARTIIIUSST_S46-130DACAFA,https://zoneomics.com/code/8367/chapter_3#3.13,False,0,"(a) Day care, limited.
Limited day care uses shall be conducted in a single-family or two-family dwelling unit that is occupied as a permanent residence by the day care provider.
The use will be considered a home occupation and shall be subject to the home occupation provisions of section 46-134 of this article.
The use of a dwelling under this subsection shall also be subject to the provisions of section 46-133 of this article.
(b) Day care, commercial.
(1) State licensing:
Commercial day care uses shall be licensed by the state and shall meet all city, county and state health department requirements pertaining to facilities, equipment, and other features.
(2) Vehicle drop-off area:
An off-street loading zone capable of holding one car per ten individuals cared for shall be provided, in addition to the required parking area, to provide for easy pickup and discharge of passengers.
(Code 1987, app.
A, § 26(i); Ord.
No.
7365, § 1(part), 2-5-2001; Ord.
No.
7394, § 1, 6-18-2001; Ord.
No.
7465, § 2, 5-1-2002; Ord.
No.
8087, § 2, 5-24-2007; Ord.
No.
8109, § 2, 7-16-2007; Ord.
No.
8641, § 1, 9-19-2011; Ord.
No.
9421, § 3, 3-5-2018)"
3,ARTICLE III.- USE STANDARDS,Sec. 46-131. - Golf courses., ,sub-sec-3.14,https://library.municode.com/mo/moberly/codes/code_of_ordinances?nodeId=COOR_CH46ZOPLDE_ARTIIIUSST_S46-131GOCO,https://zoneomics.com/code/8367/chapter_3#3.14,False,0,"(a) Location of restaurants.
Facilities such as restaurants and bars shall be allowed when an integral part of a principal clubhouse building, provided there is no exterior display or advertising for the restaurant or bar.
(b) Location of recreation facilities.
Buildings, swimming pools, tennis courts, and similar recreational facilities shall be set back at least 25 feet the property line of any R-1 or R-2 zoning district.
(Code 1987, app.
A, § 26(j); Ord.
No.
7365, § 1(part), 2-5-2001; Ord.
No.
7394, § 1, 6-18-2001; Ord.
No.
7465, § 2, 5-1-2002; Ord.
No.
8087, § 2, 5-24-2007; Ord.
No.
8109, § 2, 7-16-2007; Ord.
No.
8641, § 1, 9-19-2011)"
3,ARTICLE III.- USE STANDARDS,Sec. 46-132. - Greenhouses and nurseries., ,sub-sec-3.15,https://library.municode.com/mo/moberly/codes/code_of_ordinances?nodeId=COOR_CH46ZOPLDE_ARTIIIUSST_S46-132GRNU,https://zoneomics.com/code/8367/chapter_3#3.15,False,0,"Greenhouse and nursery uses shall be subject to the following standards:
(1) Outdoor display and storage of nursery stock, landscaping decorations.
Outdoor display and storage of nursery stock, accessory landscaping decorations or any associated merchandise shall be in accordance with the following standards:
a. Types of material permitted.
Only materials that are for sale and consistent with the overall principal retail function of the business shall be permitted.
b. Setback.
Outdoor display and storage areas shall comply with all setback requirements.
c. Height.
Displayed and stored materials shall not exceed 15 feet in height.
d. Location.
Outdoor displays and storage shall be located so that pedestrian ways are not blocked or materially impeded.
Displays shall not be located on public sidewalks or streets.
No displays shall be located within ten feet of a street line.
e. Appearance.
Outdoor displays shall have a neat and orderly appearance.
(2) Storage of mechanical equipment, other functional items.
Storage of mechanical equipment, trailers, pallets, pots and other functional items associated with the business, but not for retail shall be in accordance with the following standards:
a. Location.
Items shall be located so that pedestrian ways are not blocked or materially impeded.
Items shall be stored either in a structure or in a location which has limited visibility from adjoining lots and public rights-of-way.
b. Appearance.
All items shall have a neat and orderly appearance.
(Code 1987, app.
A, § 26(z); Ord.
No.
7365, § 1(part), 2-5-2001; Ord.
No.
7394, § 1, 6-18-2001; Ord.
No.
7465, § 2, 5-1-2002; Ord.
No.
8087, § 2, 5-24-2007; Ord.
No.
8109, § 2, 7-16-2007; Ord.
No.
8641, § 1, 9-19-2011)"
3,ARTICLE III.- USE STANDARDS,"Sec. 46-133. - Group home (limited or general), bed and breakfasts and day cares (limited five to ten individuals).", ,sub-sec-3.16,https://library.municode.com/mo/moberly/codes/code_of_ordinances?nodeId=COOR_CH46ZOPLDE_ARTIIIUSST_S46-133GRHOLIGEBEBRDACALIFITEIN,https://zoneomics.com/code/8367/chapter_3#3.16,False,0,"Group homes, bed and breakfast facilities and day care dwellings shall be subject to the following standards only when located in an N-1, R-1, R-2, R-3 or M-P districts.
(1) Spacings.
A group home to be located within a residential zoning district shall not be located within 500 feet of another group home.
A bed and breakfast facility to be located within a residential zoning district shall not be located within 500 feet of another bed and breakfast facility.
A day care dwelling to be located within a residential zoning district shall not be located within 500 feet of another day care dwelling.
Five hundred feet shall be measured as the shortest distance between any portion of the structure housing a group home, bed and breakfast or day care.
(2) Exterior appearance.
There shall be no alteration of the exterior of a group home, bed and breakfast facility or day care dwelling that shall change the character thereof as a single-family residence.
There shall be no alteration of the property on which the group home, bed and breakfast facility or day care dwelling is located that will change the character thereof as property within a single-family district.
(3) Neighborhood character.
A group home, bed and breakfast facility or day care dwelling constructed in an N-1, R-1 or R-2 district shall be constructed to be compatible with the architectural character of the neighborhood in which it is located.
(Code 1987, app.
A, § 26(k); Ord.
No.
7365, § 1(part), 2-5-2001; Ord.
No.
7394, § 1, 6-18-2001; Ord.
No.
7465, § 2, 5-1-2002; Ord.
No.
8087, § 2, 5-24-2007; Ord.
No.
8109, § 2, 7-16-2007; Ord.
No.
8641, § 1, 9-19-2011; Ord.
No.
9421, § 1, 4, 3-5-2018)
Editor's note— Ord.
No.
9421, § 4, adopted March 5, 2018, states ""persons who on the date of passage of this ordinance are operating a group home, bed and breakfast facility or day care dwelling within 500 feet of another group home, bed and breakfast facility or day care dwelling are exempted from that requirement of this legislation so long as the group home, bed and breakfast facility or day care dwelling is not relocated."""
3,ARTICLE III.- USE STANDARDS,Sec. 46-134. - Home occupations., ,sub-sec-3.17,https://library.municode.com/mo/moberly/codes/code_of_ordinances?nodeId=COOR_CH46ZOPLDE_ARTIIIUSST_S46-134HOOC,https://zoneomics.com/code/8367/chapter_3#3.17,False,0,"(a) Generally.
Home occupations shall be permitted in all districts permitting dwellings, subject to the following:
(1) The home occupation shall be incidental and subordinate to the principal residential use of the premises and, in other than home day care, not more than 25 percent of the floor area of any one floor of a dwelling unit shall be utilized for a home occupation or not more than 50 percent of the detached structure and not to interfere with the required parking area.
(2) All materials or equipment used in the home occupation shall be stored within an enclosed structure.
(3) No alteration of the exterior of the principal residential structure shall be made which changes the character thereof as a dwelling.
(4) No sign shall exceed four square feet, shall not be illuminated and shall be placed flat against the main façade of the principal residential structure.
(5) No person shall be engaged in such home occupation other than a person occupying such dwelling unit as his residence, and not more than one full-time equivalent, non-resident employee.
(6) No equipment shall be utilized that creates a nuisance due to noise, odor, emissions or electrical interference.
(7) No traffic shall be generated by the activity of the home occupation that is abnormal to a residential neighborhood.
(b) Specific home occupations restrictions.
Customary home occupations include, but are not limited to, certain occupations that do not depend upon on-site commerce, and include the following list of occupations; provided, however, that each listed occupation is subject to general home occupation and district regulations:
(1) Art, dancing, and music schools; however, instruction is limited to five pupils at one time.
(2) Barber shops and beauty parlors, but not more than two chairs per residence.
(3) Ministers, rabbis, priests and other religious leaders.
(4) Professional offices for architects, engineers, planners, lawyers, accountants, bookkeepers, and similar professions.
(5) Offices for realtors, insurance agents, brokers, sales representatives, and manufacturing representatives when no exchange of tangible goods is made on the premises.
(6) Watch, clock, and jewelry repair services.
(7) Radio, television, phonograph, recorder, and small appliance repair services.
(8) Music teachers; however, instruction shall be limited to five pupils at a time.
(9) General day care uses and limited day care uses subject to the provisions of section 46-130.
(10) Home crafts and hobbies such as model making, rug weaving, lapidary work, cabinet making, etc.
(11) Tailoring, alterations, and seamstresses.
(12) Tool sharpening and filing.
(13) Services not dependent on client visits to the site, such as computer-assisted services and graphic design.
(14) Day care, limited, which shall be exempt from floor area use restrictions.
(c) Prohibited home occupations.
Permitted home occupations shall not in any event include the following:
(1) Antiques; retail.
(2) Funeral services.
(3) Groceries; retail.
(4) Second-hand merchandise; retail.
(5) Equipment rental.
(6) Automobile and other motor vehicle repair services.
(7) Physicians.
(8) Dentists.
(9) Chiropractors.
(10) Restaurants.
(11) Stables or kennels.
(12) Tourist home.
(13) Renting of trailers or equipment.
(Code 1987, app.
A, § 26(l); Ord.
No.
7365, § 1(part), 2-5-2001; Ord.
No.
7394, § 1, 6-18-2001; Ord.
No.
7465, § 2, 5-1-2002; Ord.
No.
8087, § 2, 5-24-2007; Ord.
No.
8109, § 2, 7-16-2007; Ord.
No.
8641, § 1, 9-19-2011)"
3,ARTICLE III.- USE STANDARDS,Sec. 46-135. - Hospitals., ,sub-sec-3.18,https://library.municode.com/mo/moberly/codes/code_of_ordinances?nodeId=COOR_CH46ZOPLDE_ARTIIIUSST_S46-135HO,https://zoneomics.com/code/8367/chapter_3#3.18,False,0,"Hospitals and charitable institutions shall provide entrances on arterial or collector streets only with ingress and egress so designed as to minimize traffic congestion.
(Code 1987, app.
A, § 26(m); Ord.
No.
7365, § 1(part), 2-5-2001; Ord.
No.
7394, § 1, 6-18-2001; Ord.
No.
7465, § 2, 5-1-2002; Ord.
No.
8087, § 2, 5-24-2007; Ord.
No.
8109, § 2, 7-16-2007; Ord.
No.
8641, § 1, 9-19-2011)"
3,ARTICLE III.- USE STANDARDS,Sec. 46-136. - Kennels., ,sub-sec-3.19,https://library.municode.com/mo/moberly/codes/code_of_ordinances?nodeId=COOR_CH46ZOPLDE_ARTIIIUSST_S46-136KE,https://zoneomics.com/code/8367/chapter_3#3.19,False,0,"A kennel shall harbor no more than 20 animals and be located no closer than 50 feet to another dwelling, including outside runs, and shall contain at least one fully enclosed shelter for each animal and provide an exercise area.
(Code 1987, app.
A, § 26(n); Ord.
No.
7365, § 1(part), 2-5-2001; Ord.
No.
7394, § 1, 6-18-2001; Ord.
No.
7465, § 2, 5-1-2002; Ord.
No.
8087, § 2, 5-24-2007; Ord.
No.
8109, § 2, 7-16-2007; Ord.
No.
8641, § 1, 9-19-2011)"
3,ARTICLE III.- USE STANDARDS,"Sec. 46-137. - Landfills, mining and quarrying.", ,sub-sec-3.20,https://library.municode.com/mo/moberly/codes/code_of_ordinances?nodeId=COOR_CH46ZOPLDE_ARTIIIUSST_S46-137LAMIQU,https://zoneomics.com/code/8367/chapter_3#3.20,False,0,"Landfills and mining and quarrying uses shall be subject to the following standards:
(1) Minimum site area.
A minimum site area of 35 acres shall be required.
(2) Entrances.
There shall be no more than one entranceway from a public street for each 660 feet of street frontage.
A traffic study shall be required.
(3) Hours of operation.
Uses shall not operate before sunrise or after sunset if located within 1,000 feet of an R-l, R-2, R-3, or MP zoned property.
(4) Separation from residential.
No digging or excavating shall occur within 100 feet of any lot line or within 300 feet of the lot line of an R-l, R-2, R-3, or MP zoned property.
(5) Paving.
All roads, driveways, parking lots and loading and unloading areas within 500 feet of any lot line shall be graded and paved with an approved concrete or asphalt/concrete surface as to limit adjoining lots and public roads nuisance caused by wind-borne dust.
(6) Slopes.
The slope of material in any excavation shall not exceed the normal angle of repose of 55 degrees, whichever is less.
(7) Buffers and fences.
When any open excavation will have a depth of ten feet or more and create a slope of more than 30 degrees, there shall be erected a fence of not less than six feet in height with suitable gates where necessary, effectively blocking access to the area in which such excavation is located.
Such fences shall be located 50 feet or more from the edge of the excavation.
Fences shall be adequate to prevent trespass and shall contain warning signs spaced no more than 100 feet apart to be visible along the entire length of the fences.
A buffer shall be provided around the site, pursuant to article V of this chapter.
(8) Stormwater management.
A stormwater management plan shall be required.
(9) Site restoration.
The following restoration requirements shall apply to all excavation uses, however, landfills shall, instead, be subject to state and federal requirements:
a. Restoration plan.
Before approval of a conditional use permit for an excavation use, the operation shall submit to the zoning administrator a detailed plan for restoration of the site, including information on the anticipated future use of the restored land, existing and proposed final contours with an interval of no more than five feet.
The plan shall include type and number per acre of trees or shrubs to be planted, and the location of future roads, drives, drainage courses, or other improvements contemplated.
b. Approval.
The restoration plans shall be filed with and approved by the planning and zoning commission before quarrying or removal operations begin.
The plans shall be prepared by a soil or geological engineer.
c. Bonds.
Before the issuance of any conditional use permit, the owner shall execute a bond sufficient to ensure restoration of the site in accordance with the approved restoration plan.
Such bonds shall also be approved by the city council as to form, sufficiency and manner of execution, and shall run for the same term as the term of the conditional use permit and any renewals.
d. Water quality.
In restoration, no filling operations shall be permitted which will likely result in contamination of ground or surface water or soils through seepage of liquid or solid waste or which will likely result in the seepage of gases into surface or sub-surface water or into the atmosphere.
e. Appearance.
The restoration plan shall provide that all areas within any single development be rehabilitated progressively as they are worked out or abandoned to a condition of being entirely lacking in hazards, inconspicuous, and blended with the general surrounding ground form so as to appear reasonably natural or they shall be restored pursuant to an approved restoration plan.
f. Top soil and fills.
Where topsoil is removed, sufficient arable soil shall be set aside for reclamation of the premises and shall be re-spread over the premises after the operation.
The area shall be brought to final grade by a layer of earth of two feet or original thickness, whichever is less, capable of supporting vegetation.
The area shall be seeded or sodded in a manner approved by the planning and zoning commission.
Fill shall be of a suitable material approved by the planning and zoning commission.
(10) City, county, state and federal standards.
All operations shall be licensed if required, have proper permits from the state department of natural resources and shall meet all city, county and federal health department requirements pertaining to facilities, equipment and other features.
(Code 1987, app.
A, § 26(o); Ord.
No.
7365, § 1(part), 2-5-2001; Ord.
No.
7394, § 1, 6-18-2001; Ord.
No.
7465, § 2, 5-1-2002; Ord.
No.
8087, § 2, 5-24-2007; Ord.
No.
8109, § 2, 7-16-2007; Ord.
No.
8641, § 1, 9-19-2011)"
3,ARTICLE III.- USE STANDARDS,Sec. 46-138. - Manufactured homes., ,sub-sec-3.21,https://library.municode.com/mo/moberly/codes/code_of_ordinances?nodeId=COOR_CH46ZOPLDE_ARTIIIUSST_S46-138MAHO,https://zoneomics.com/code/8367/chapter_3#3.21,False,0,"(a) Age restriction.
Manufactured homes will not be allowed to be brought into a mobile home park where the unit exceed ten years of age.
The age of the unit is determined by verification of the manufacturer's seal and date of the unit's construction.
(b) Residential design dwellings.
The following standards shall apply to all manufactured home residential-design dwellings:
(1) The manufactured home shall have minimum dimensions of 22 feet in width and 40 feet in length;
(2) The pitch of the roof of the manufactured home shall have a minimum vertical rise of four feet for each 12 feet of horizontal run and the roof finished with a type of shingle that is commonly used in standard residential construction in the city;
(3) All roof structures shall provide an eave projection of no less than 12 inches, exclusive of any guttering;
(4) The exterior siding shall consist of vinyl or metal horizontal lap siding (whose reflectivity does not exceed that of low luster white paint), wood, or hardboard, comparable in composition, appearance and durability to the exterior siding commonly used in standard residential construction in the city;
(5) The manufactured home shall be set up in accordance with the recommended installation procedures of the manufacturer and the standards set by the National Conference of States on Building Codes and Standards and published in Manufactured Home Installations, 1987 (NCS BCS A225.1), as required of the city, and a continuous, permanent masonry foundation or masonry curtain wall, or poured concrete wall, unpierced except for required ventilation and access, is installed under the perimeter of the residential-design manufactured home;
(6) Stairs, porches, entrance platforms, ramps and other means of entrance and exit to and from the home shall be installed or constructed in accordance with the standards set by the building code and attached firmly to the primary structure and anchored securely to the ground; and
(7) A manufactured home residential-design, when installed, shall have substantially the same appearance of an on-site, conventionally built, single-family dwelling.
(Code 1987, app.
A, §§ 26(p), (bb); Ord.
No.
7365, § 1(part), 2-5-2001; Ord.
No.
7394, § 1, 6-18-2001; Ord.
No.
7465, § 2, 5-1-2002; Ord.
No.
8087, § 2, 5-24-2007; Ord.
No.
8109, § 2, 7-16-2007; Ord.
No.
8641, § 1, 9-19-2011)"
3,ARTICLE III.- USE STANDARDS,Sec. 46-139. - Outdoor recreation and entertainment., ,sub-sec-3.22,https://library.municode.com/mo/moberly/codes/code_of_ordinances?nodeId=COOR_CH46ZOPLDE_ARTIIIUSST_S46-139OUREEN,https://zoneomics.com/code/8367/chapter_3#3.22,False,0,"Outdoor recreation and entertainment uses shall be located on arterials or collectors.
Public activity areas shall be located at least 200 feet from any adjacent R-1, R-2, R-3 or MP zoning district.
(Code 1987, app.
A, § 26(r); Ord.
No.
7365, § 1(part), 2-5-2001; Ord.
No.
7394, § 1, 6-18-2001; Ord.
No.
7465, § 2, 5-1-2002; Ord.
No.
8087, § 2, 5-24-2007; Ord.
No.
8109, § 2, 7-16-2007; Ord.
No.
8641, § 1, 9-19-2011)"
3,ARTICLE III.- USE STANDARDS,Sec. 46-140. - Private storage buildings., ,sub-sec-3.23,https://library.municode.com/mo/moberly/codes/code_of_ordinances?nodeId=COOR_CH46ZOPLDE_ARTIIIUSST_S46-140PRSTBU,https://zoneomics.com/code/8367/chapter_3#3.23,False,0,"Private storage buildings are allowed in all residential zones as an accessory to the primary residential structure.
A private storage building shall be permitted as a primary use in an R-2 or R-3 district where they adjoin a commercial or industrial property or zone.
As a primary structure in the R-2 or R-3 district, there can be no outside storage around the structure and no business may be conducted in these structures.
Shipping containers are prohibited as private storage buildings in residential districts.
(Code 1987, app.
A, § 26(aa); Ord.
No.
7365, § 1(part), 2-5-2001; Ord.
No.
7394, § 1, 6-18-2001; Ord.
No.
7465, § 2, 5-1-2002; Ord.
No.
8087, § 2, 5-24-2007; Ord.
No.
8109, § 2, 7-16-2007; Ord.
No.
8641, § 1, 9-19-2011; Ord.
No.
9722, § 1, 8-15-2022)"
3,ARTICLE III.- USE STANDARDS,Sec. 46-141. - Recreational vehicle parks., ,sub-sec-3.24,https://library.municode.com/mo/moberly/codes/code_of_ordinances?nodeId=COOR_CH46ZOPLDE_ARTIIIUSST_S46-141REVEPA,https://zoneomics.com/code/8367/chapter_3#3.24,False,0,"Recreational vehicle parks shall be permitted subject to the following conditions:
(1) The site selected for recreational vehicle parks shall be well drained and primarily designed to provide space for short-term occupancy to the traveling public.
Location of the site may not necessarily front on a major roadway or thoroughfare, but it shall be directly accessible to the major roadway by means of a private road or public road that it has frontage on.
Short-term occupancy shall not exceed 30 days, except as approved by the zoning administrator.
(2) Minimum tract size shall be two acres and shall be in one ownership.
(3) The maximum number of recreational vehicle spaces allowed within the permitted districts shall not be more than 20 per acre.
Consideration shall be given to whether the recreational vehicle park and the density level are designed accordingly.
The densities of overnight use may be higher than destination type since it primarily serves as a short stopping point while the destination type recreational vehicle park located at or near a scenic historical or outdoor recreational area provides for longer and extended stays of several days or weeks.
(4) Minimum width of a recreational vehicle space shall be 25 feet.
The space shall be so designed to provide space for parking both a travel trailer and towing vehicle off the roadway.
No travel trailer unit shall be closer than ten feet to any other adjacent unit, structure or roadway, and all spaces shall have direct access to the roadway.
No unit shall be placed closer than 30 feet to any of the development property lines, and the ten feet nearest the property line shall be permanently maintained as a sodded or landscaped area.
(5) A central office or convenience establishment with an attendant shall be provided within the recreational vehicle park to register guests and provide service and supervision to the camp for camps in excess of five acres.
(6) The applicant for a recreational vehicle park shall submit a development plan to the planning and zoning commission for approval.
Such plan shall contain the information as required below and any other information the board reasonably shall deem necessary to fully evaluate the proposed development.
The applicant shall submit the information on a sheet size not to exceed 24 inches by 36 inches dimensions as a proposed development plan showing:
a. General layout of development with dimensions, depths, number of spaces and related sanitation accommodations.
b. Parking area location, sizes and capacity.
c. Ingress and egress points for the project.
d. Use of structures.
e. General layout of typical recreational vehicle space showing size of space and proposed improvements.
f. Layout of roadway within the camp.
g. Net density of proposed project, expressed in terms of units per acre.
h. General landscaping plan indicating all new and retained plant material to be incorporated within the new development and layout of outdoor lighting system.
i. Plan and method of sewage disposal and water supply.
j. Location plan and number of proposed sanitary conveniences, including proposed toilets, washrooms, laundries and utility areas.
k. The development shall provide a general refuse storage area that shall be provided with a paved concrete surface and shall be enclosed to screen it from view.
(7) The recreational vehicle parks shall be planned and constructed in accordance with the minimum standards as established in this section and as outlined below:
a. All parking areas and roadways shall be constructed and paved with a hard surface bituminous or concrete material.
b. All camps shall be provided with general outdoor lighting with a minimum of 0.3-footcandles of general illumination.
c. All yard areas and other open spaces not otherwise paved or occupied by structures shall be sodded or landscaped and shall be maintained.
(Code 1987, app.
A, § 26(s); Ord.
No.
7365, § 1(part), 2-5-2001; Ord.
No.
7394, § 1, 6-18-2001; Ord.
No.
7465, § 2, 5-1-2002; Ord.
No.
8087, § 2, 5-24-2007; Ord.
No.
8109, § 2, 7-16-2007; Ord.
No.
8641, § 1, 9-19-2011)"
3,ARTICLE III.- USE STANDARDS,Sec. 46-142. - Salvage yards., ,sub-sec-3.25,https://library.municode.com/mo/moberly/codes/code_of_ordinances?nodeId=COOR_CH46ZOPLDE_ARTIIIUSST_S46-142SAYA,https://zoneomics.com/code/8367/chapter_3#3.25,False,0,"The following standards shall apply to salvage yards, scrap and waste material storage yards, auto wrecking and junk yards:
(1) Separation from residential.
No salvage yard shall be located within 300 feet of an R-1, R-2, R-3 or MP zoning district.
(2) Screening.
The operation shall be conducted wholly within a non-combustible building or within an area surrounded by a fence or wall at least six feet in height.
The fence or wall shall be of uniform height, uniform texture and color, and shall be so maintained by the proprietor as to ensure maximum safety to the public, obscure the junk from normal view of the public, and preserve the general welfare of the neighborhood.
The fence or wall shall be installed in a way that retains all scrap, junk, or other materials within the yard.
Scrap, junk or other salvaged materials shall be piled or stored so that they are not visible from outside the fenced in area and do not exceed the height of the enclosing fence or wall.
(3) Loading/unloading.
No junk shall be loaded, unloaded, or otherwise placed either temporarily or permanently outside the enclosed building, fence, or wall, or within the public right-of-way.
(Code 1987, app.
A, § 26(u); Ord.
No.
7365, § 1(part), 2-5-2001; Ord.
No.
7394, § 1, 6-18-2001; Ord.
No.
7465, § 2, 5-1-2002; Ord.
No.
8087, § 2, 5-24-2007; Ord.
No.
8109, § 2, 7-16-2007; Ord.
No.
8641, § 1, 9-19-2011)"
3,ARTICLE III.- USE STANDARDS,Sec. 46-143. - Solid waste collection and processing facilities., ,sub-sec-3.26,https://library.municode.com/mo/moberly/codes/code_of_ordinances?nodeId=COOR_CH46ZOPLDE_ARTIIIUSST_S46-143SOWACOPRFA,https://zoneomics.com/code/8367/chapter_3#3.26,False,0,"The following standards shall apply to solid waste collection/processing facilities:
(1) Screening.
The operation shall be conducted wholly within a non-combustible building or within an area surrounded by a fence or wall at least eight feet in height.
The fence or wall shall be of uniform height, uniform texture and color, and shall be so maintained by the proprietor as to insurance maximum safety to the public, obscure the junk from normal view of the public, and preserve the general welfare of the neighborhood.
The fence or wall shall be installed in a way that retains all scrap, junk, or other materials within the yard.
No scrap, junk or other salvaged materials may be piled so as to exceed the height of this enclosing fence or wall.
(2) Traffic circulation.
The operation shall provide entrances on arterial or collector streets only with ingress and egress so designed as to minimize traffic congestion.
There shall be enough room on-site to accommodate peak traffic volume and company vehicles.
A traffic analysis shall be required.
a. Storage bins.
Storage bins or trailers will be allowed to be stored on-site as an ancillary use, providing they are durable, covered and meet the same setbacks required for the structure on the site.
The bins shall be screened as part of the operation.
b. Loading/unloading.
No solid waste or junk shall be loaded, unloaded or otherwise placed either temporarily or permanently outside an enclosed building, fence or screened area or within the public right-of-way, except the use of storage bins placed on the outside an enclosed building for recycling.
The operation shall be attended on days of operation to maintain the property in a clean, litter free condition.
c. Separation for residential.
No structures shall be located within 300 feet of a R-1, R-2, R-3 or MP zoned property.
d. Hours of operation.
Uses shall not operate before sunrise or after sunset if located within 1,000 feet of an R-1, R-2, R-3 or MP zoned property.
e. Paving.
All roads, driveways, parking lots and loading/unloading areas within 500 feet of any lot line shall be graded and paved with an approved concrete or asphalt/concrete surface.
f. Stormwater management.
A stormwater management plan may be required at the discretion of the city engineer.
g. Other regulations.
All operations shall be licensed if required, have proper permits from the state department of natural resources and shall meet all city, county, state and federal health department requirements pertaining to facilities, equipment and other features.
h. Time limit and renewal of conditional use permit.
The conditional use permit shall be effective for one year at which time it may be renewed in accordance with procedures applicable to the original approval.
If renewed, a new time limit on the conditional use permit shall be established at the public hearing.
The conditional use permit shall be revoked by the zoning administrator if it is determined by the zoning administrator that the use is creating a nuisance for nearby residents or businesses or is failing to comply with the conditions imposed on the operation.
(Code 1987, app.
A, § 26(v); Ord.
No.
7365, § 1(part), 2-5-2001; Ord.
No.
7394, § 1, 6-18-2001; Ord.
No.
7465, § 2, 5-1-2002; Ord.
No.
8087, § 2, 5-24-2007; Ord.
No.
8109, § 2, 7-16-2007; Ord.
No.
8641, § 1, 9-19-2011)"
3,ARTICLE III.- USE STANDARDS,Sec. 46-144. - Transitional living facilities., ,sub-sec-3.27,https://library.municode.com/mo/moberly/codes/code_of_ordinances?nodeId=COOR_CH46ZOPLDE_ARTIIIUSST_S46-144TRLIFA,https://zoneomics.com/code/8367/chapter_3#3.27,False,0,"Transitional living centers shall be subject to the following standards:
(1) Size.
No more than ten persons, including staff, shall reside in the center at one time.
(2) Separation.
No transitional living center shall be located within 1,500 feet of any other transitional living center or substance abuse treatment facility, nor shall a transitional living center be located within 300 feet of any religious assembly, school R-1, R-2, MP zoned property.
(Code 1987, app.
A, § 26(x); Ord.
No.
7365, § 1(part), 2-5-2001; Ord.
No.
7394, § 1, 6-18-2001; Ord.
No.
7465, § 2, 5-1-2002; Ord.
No.
8087, § 2, 5-24-2007; Ord.
No.
8109, § 2, 7-16-2007; Ord.
No.
8641, § 1, 9-19-2011)"
3,ARTICLE III.- USE STANDARDS,Sec. 46-145. - Vehicle and sales and storage yard; vehicle repair facilities., ,sub-sec-3.28,https://library.municode.com/mo/moberly/codes/code_of_ordinances?nodeId=COOR_CH46ZOPLDE_ARTIIIUSST_S46-145VESASTYAVEREFA,https://zoneomics.com/code/8367/chapter_3#3.28,False,0,"All vehicles and equipment for display to customers shall be parked or stored on a hard surface and dust free.
Storage areas for vehicles and equipment shall be fenced and screened from customers and pedestrians.
(Code 1987, app.
A, § 26(y); Ord.
No.
7365, § 1(part), 2-5-2001; Ord.
No.
7394, § 1, 6-18-2001; Ord.
No.
7465, § 2, 5-1-2002; Ord.
No.
8087, § 2, 5-24-2007; Ord.
No.
8109, § 2, 7-16-2007; Ord.
No.
8641, § 1, 9-19-2011)"
3,ARTICLE III.- USE STANDARDS,Sec. 46-146. - Marijuana dispensary., ,sub-sec-3.29,https://library.municode.com/mo/moberly/codes/code_of_ordinances?nodeId=COOR_CH46ZOPLDE_ARTIIIUSST_S46-146MADI,https://zoneomics.com/code/8367/chapter_3#3.29,False,0,"Marijuana dispensary facilities are to be no closer than 100 feet to a public park, church, school, or licensed daycare facility unless the city council consents in writing to a lesser distance.
Marijuana dispensary locations must take necessary precautions to limit the detection of odor related to the cannabis plants and products beyond the boundary of private property.
No odors shall be detected within the public way by a person with a normal sense of smell.
(Ord.
No.
9505, § 3, 3-18-2019; Ord.
No.
9621, § 3, 9-8-2020)
Editor's note— Ord.
No.
9616, § 3, adopted August 17, 2020, added provisions to the Code designated as § 46-146. Inasmuch as there were already provisions so designated, Ord.
No.
9632, § 1, adopted October 5, 2020, redesignated said provisions as § 46-153, as set out therein."
3,ARTICLE III.- USE STANDARDS,Sec. 46-147. - Cannabis facilities., ,sub-sec-3.30,https://library.municode.com/mo/moberly/codes/code_of_ordinances?nodeId=COOR_CH46ZOPLDE_ARTIIIUSST_S46-147CAFA,https://zoneomics.com/code/8367/chapter_3#3.30,False,0,"Cannabis facilities are permitted in the appropriate zones so long as the owner of property has obtained the necessary state certification for growing, processing, or sales of cannabis related products through the State of Missouri Department of Health and Senior Services.
(1) Onsite usage prohibited.
No marijuana may be smoked, ingested, or otherwise consumed on the premises of a cannabis facility unless it is the residence of the currently certified card holder through the State of Missouri Department of Health and Senior Services.
(2) Display of licenses required.
The medical marijuana license issued by the State of Missouri shall be displayed in an open and conspicuous place on the premises.
(3) Ventilation required.
All cannabis facilities shall install and operate a ventilation system that will prevent any odor of marijuana from leaving the premises of the business and place of home cultivation.
No odors shall be detectable by a person with a normal sense of smell outside the boundary of the parcel on which the facility or place of home cultivation is located.
(4) Site plan review required.
A site plan shall be submitted for review and approval by the City of Moberly for all non-residential cannabis facilities.
The site plan shall include a description of the ventilation system to be used to contain odors within the building.
The site plan shall also show distances between the nearest school, childcare center, or church to the cannabis facility.
(Ord.
No.
9621, § 4, 9-8-2020)"
3,ARTICLE III.- USE STANDARDS,Sec. 46-148. - Ground floor dwelling units., ,sub-sec-3.31,https://library.municode.com/mo/moberly/codes/code_of_ordinances?nodeId=COOR_CH46ZOPLDE_ARTIIIUSST_S46-148GRFLDWUN,https://zoneomics.com/code/8367/chapter_3#3.31,False,0,"(a) Ground floor dwellings shall be located in a vertical mixed-use structure on the ground level.
Such dwelling units shall not have direct internal access to a non-residential use within the structure.
For dwelling units which are accessory to or have direct internal access to a non-residential use, see work/live unit.
(b) Ground floor dwelling units shall be provided access from the rear of the building.
Direct access shall not be provided from or through the front building façade, unless it is tied in to an existing doorway that is separate from the primary commercial access.
(c) Ground floor dwellings units that are not work/live units and are provided access by a rear non-façade.
(Ord.
No.
9620, § 5, 9-8-2020)"
3,ARTICLE III.- USE STANDARDS,Sec. 46-149. - Non-ground floor dwelling units., ,sub-sec-3.32,https://library.municode.com/mo/moberly/codes/code_of_ordinances?nodeId=COOR_CH46ZOPLDE_ARTIIIUSST_S46-149NOUFLDWUN,https://zoneomics.com/code/8367/chapter_3#3.32,False,0,"(a) Non-ground floor dwellings shall be located in a vertical mixed-use structure, either above ground level or below ground level.
Such dwelling units shall not have direct internal access to a non-residential use within the structure.
For dwelling units which are accessory to or have direct internal access to a non-residential use, see work/live unit.
(b) Non-ground floor dwelling units are commonly considered to be apartments, lofts, or condominiums located above or below a non residential use within the same structure.
Non-ground floor dwelling units are distinguished from multi-dwelling units or multi-dwelling structures, as defined in section 46-151, on the basis that multi-dwelling structures must contain at least three dwelling units.
Structures containing non-ground floor dwelling units may contain more or less dwelling units based on density, dimensional and parking standards of the particular zoning district in which they are proposed.
(c) Maintain existing building façades as defined in the adopted historic downtown design guidelines.
(Ord.
No.
9620, § 6, 9-8-2020)"
3,ARTICLE III.- USE STANDARDS,"Sec. 46-150. - Vertical mixed-use multi-dwelling structure, ground floor, non ground floor dwelling units and work/live units.", ,sub-sec-3.33,https://library.municode.com/mo/moberly/codes/code_of_ordinances?nodeId=COOR_CH46ZOPLDE_ARTIIIUSST_S46-150VEMIEMUELSTGRFLNOGRFLDWUNWOLIUN,https://zoneomics.com/code/8367/chapter_3#3.33,False,0,"(a) A vertical mixed-use multi-dwelling structure, ground floor dwelling units, non-ground floor dwelling units and work/live units shall be permitted in the Central Business District (B-2) District, provided that the residential units are constructed as part of a vertical mixed-use building when at least 50 percent of the ground floor is used as commercial space and the building retains the commercial façade based on the historic design guidelines of the district.
(b) A vertical mixed-use multi-dwelling structure, non-ground floor dwelling units shall require a conditional use in the General Commercial (B-3) District provided that the residential units are not on the ground floor and the store front façade is commercially designed.
(Ord.
No.
9620, § 7, 9-8-2020)"
3,ARTICLE III.- USE STANDARDS,Sec. 46-151. - Work/live units., ,sub-sec-3.34,https://library.municode.com/mo/moberly/codes/code_of_ordinances?nodeId=COOR_CH46ZOPLDE_ARTIIIUSST_S46-151WOLIUN,https://zoneomics.com/code/8367/chapter_3#3.34,False,0,"(a) Work/live units are distinguished from home occupations in that in the case of home occupations, the business or commercial use is accessory to the residential use.
In the case of work/live units, the residential use is accessory to the business or commercial use.
Work/live units are permitted in the Central Business District (B-2) Zoning District to:
(1) Provide for the appropriate development of units that incorporate both living and working spaces;
(2) Encourage the development of new business by allowing a business owner/operator to live in the same building/location;
(3) Provide opportunities for people to live in mixed-use areas;
(4) Ensure that the exterior design of work/live buildings are compatible with the exterior design of commercial and residential buildings in the district/area; and
(5) Maintain existing building façades as defined in the adopted historic downtown guidelines.
(Ord.
No.
9620, § 8, 9-8-2020)"
3,ARTICLE III.- USE STANDARDS,Sec. 46-152. - Temporary living shelter facilities., ,sub-sec-3.35,https://library.municode.com/mo/moberly/codes/code_of_ordinances?nodeId=COOR_CH46ZOPLDE_ARTIIIUSST_S46-152TELISHFA,https://zoneomics.com/code/8367/chapter_3#3.35,False,0,"Temporary living shelters include both homeless shelters and warming shelters and each shall be subject to the following standards:
(1) Temporary living shelters require a conditional use permit in accordance with the procedure of article IX Conditional Use Permits, section [46-335] through 46-339 and the additional standards stated herein.
(2) Warming shelters are limited to operating (providing services) between November 1 and April 30 and may only be open for clients when the predicted local forecast temperature (including wind chill) would be at or below 32 degrees.
(3) Homeless shelters can be in operation year around, however clients are limited to a maximum stay of 30 days in any six-month period.
(4) Compliance with applicable federal, state and local uniform housing and building code requirements.
(5) No temporary living shelter shall be located within 500 feet of any other temporary living shelter, or substance abuse treatment facility of transitional living facility.
(6) At least once, every year, the permit holder (operator) shall present a report to the city council about operations and the council shall review the conditional use permit for compliance with the original conditions of approval and use standards.
(7) No more than 20 persons, including staff, shall receive temporary, overnight, accommodations in a shelter at any given time.
(8) A minimum of one toilet per ten beds shall be provided.
(9) Staff shall be provided as required in the approved management and operational plan provided for in subsection (15) below.
(10) The shelter shall have available at all times first aid equipment and supplies for medical emergencies.
(11) One staff person shall be on duty at all times who is trained in emergency first aid procedures.
(12) One staff person shall be on duty at all times who is trained in non-violent crisis intervention techniques and referral procedures to relevant community resources.
(13) All uses and activities conducted outdoors shall be included on the site plan and submitted in conjunction with the management and operational plan.
(14) All applicants and permit holders shall provide general liability, abuse and professional liability insurance coverage.
Certificates of insurance must be provided to the city before conditional use permits or certificates of occupancy will be issued.
(15) The applicant and permit holder shall create a management and operational plan (the ""plan"") for submission with each application.
The plan shall become binding upon approval of the conditional use permit and the site design plan provided for herein.
The plan shall, at a minimum, address the following by either written narrative or depiction in drawings or plans:
a. Narrative description of the nature and characteristics of the uses and description of all services provided.
b. Days and hours of operation.
c. The shelter shall have written policies for intake of clients and criteria for admitting clients to the shelter.
d. Narrative shall establish methods to prevent possession and use of alcohol and illegal drugs at the facility premises.
e. The shelter shall maintain an attendance list which includes, at least, the name, sex, age and length of stay of each client staying in the shelter.
f. The shelter shall report child and spousal abuse and endangerment as required by law.
g. Drawing of an interior floor plan depicting sleeping areas, common areas, emergency exits and bathrooms.
h. The shelter shall provide rules of conduct for clients which shall include a prohibition on the possession or use of alcohol and illegal drugs while in or on shelter property.
i. The shelter shall provide on-site security during all hours of operation.
j. The shelter shall provide secure areas for personal property of clients.
k. The shelter shall establish a maintenance plan for regular building and site maintenance including a schedule for removal of litter and trash.
l. Communications plan that establishes a process for regularly communicating with neighbors and law enforcement.
m. The shelter shall establish an emergency response plan for the facility.
n. The shelter shall maintain a daily log of unusual or significant incidents.
o. The shelter shall establish adequate staffing levels based on the number of clients and the nature of the facility and the special needs of clients.
p. The shelter shall provide information about the experience and training of all shelter staff.
(16) Site design standards.
A temporary living shelter facility site design shall incorporate design features that contribute to the livability and safety for clients, efficient use of space, ease of emergency access, and compatibility with nearby land uses.
In furtherance of this purpose, the following design standards shall apply, to the extent practicable, to conditional use permits granted for temporary shelters:
a. Building egress shall be clearly defined and visible from the public right-of-way or from an occupied area of the building such as administrative offices or staffed reception areas.
b. Building egress, outdoor child and adult recreational areas and sidewalks shall be well-lit with pedestrian-scaled, low-glare lighting shielded downward.
c. Outdoor child and adult recreational areas, if not clearly visible from the public right-of-way, shall be clearly visible from an occupied area of the building such as administrative offices or staffed reception areas.
d. Parking areas shall be located adjacent to the building and shall be clearly visible from an occupied area of the building, such as administrative offices or staffed reception areas.
e. The exterior of the building shall be designed to ensure that all outside areas surrounding the building are clearly visible either from the public right-of-way or through the use of design features such as windows or video surveillance.
f. Landscaping shall be designed or maintained to not obstruct the view of sidewalks, parking areas or outdoor child/adult recreational areas.
g. The design should contribute to minimize loitering in the vicinity of the shelter through careful site design, building design, or by providing site features or amenities on the property which attract guests to a specific location on the property.
(17) There shall be only one warming shelter and one homeless shelter in operation at any one time.
Therefore, applications for temporary living shelter facilities shall be granted on a first-come, first-serve basis.
(Ord.
No.
9622, § 3, 9-8-2020)"
3,ARTICLE III.- USE STANDARDS,Sec. 46-153. - Mobile food trucks/mobile food vending., ,sub-sec-3.36,https://library.municode.com/mo/moberly/codes/code_of_ordinances?nodeId=COOR_CH46ZOPLDE_ARTIIIUSST_S46-153MOFOTRMOFOVE,https://zoneomics.com/code/8367/chapter_3#3.36,False,0,"(a) A person operating a mobile food truck on private property shall be allowed subject to the following regulations:
(1) Locate on an approved hard surface that is at least 100 feet from the front door of a lawfully established eating place unless the owner of the eating place provides a letter of consent, a copy of which shall be kept within the food truck.
(2) Any auxiliary power required for the operation of the mobile food truck shall be self-contained or through a dedicated meter base not connected to any other structures.
No use of public or private power or utility source is allowed without providing written consent from the owner and approved by the City of Moberly building inspector and power company.
(3) All materials generated from a mobile food business that are to be disposed of shall be disposed of properly.
It is illegal to discharge or dispose of any substance, material, food or waste into the storm drain system.
(4) All grounds utilized by a mobile food truck shall always be maintained in a clean, safe and attractive manner.
Trash and recycling containers shall be provided for use by the mobile food truck patrons.
All trash or debris accumulating within 20 feet of any mobile operation shall be collected by the vendor and deposited into a trash container.
(5) Mobile food trucks shall not be allowed to offer indoor seating to the public.
(6) Water supply shall be self-contained in an approved tank according to the county health department.
Mobile food trucks are required to have potable water and it shall be handled in a sanitary manner.
No mobile food trucks shall be directly connected to the public water supply system.
(7) Sewer disposal shall occur in an appropriate manner and shall not be directly connected to the public sewer system.
(8) Toilet facilities shall be provided to the mobile food truck within 500 feet of the vehicle for the use by employees of the food truck.
These facilities shall be connected to the public water and sewer system.
(9) Trucks and trailers used in association with the business must be currently and properly licensed and current with the state department of motor vehicles.
(10) Mobile food trucks must operate on private property except when approved to be located on public property as part of a larger event by the city council.
(11) Operations are only allowed on private property upon written approval by the owner of the property.
Written approval shall be kept in the food truck and available upon request.
(12) Parking is only allowed on an approved hard surface and on property with an active primary business.
Parking is not allowed on grass or other landscaped areas.
(13) Parking of mobile food trucks overnight shall not be allowed for more than two nights in a 48-hour period.
(14) Mobile food trucks shall be parked so that neither the food truck or customer vehicles block driveways or existing building uses, or in such a manner as to create a traffic hazard.
(15) No mobile food trucks shall interfere with the internal parking lot circulation.
(16) Mobile food trucks shall not occupy any handicap accessible parking spaces.
(17) Mobile food trucks shall not use the public right-of-way unless permitted by ordinance or resolution.
(b) Exceptions for mobile food vendors, such as ice cream trucks, shall be allowed to sell merchandise on the public right-of-way under the following circumstances:
(1) The operator does not stop on the public right-of-way for a period longer than five minutes.
(2) The operator does not impede the flow of traffic.
(3) The operator complies with the municipal traffic ordinances contained in chapter
40. (Ord.
No.
9616, § 3, 8-17-2020; Ord.
No.
9632, § 1, 10-5-2020)
Editor's note— Ord.
No.
9616, § 3, adopted August 17, 2020, added provisions to the Code designated as § 46-146. Inasmuch as there were already provisions so designated, Ord.
No.
9632, § 1, adopted October 5, 2020, redesignated said provisions as § 46-153, as set out herein."
3,ARTICLE III.- USE STANDARDS,Sec. 46-154. - Shipping containers., ,sub-sec-3.37,https://library.municode.com/mo/moberly/codes/code_of_ordinances?nodeId=COOR_CH46ZOPLDE_ARTIIIUSST_S46-154SHCO,https://zoneomics.com/code/8367/chapter_3#3.37,False,0,"All shipping containers shall meet the following minimum condition requirements and shall be inspected by the Moberly Code Enforcement Office and certified as meeting these requirements within 30 days of placement.
Failure of the container to meet this certification will result in enforcement in accordance with the procedures established in Chapter 26 of the City Code of Ordinances as a nuisance.
(1) No container shall bear any sign, label, logo or other advertising or identification without such being approved and permitted in accordance with the Moberly sign code.
(2) All containers shall be painted or otherwise decorated in a manner and form consistent with the architectural character of the adjoining building faces and surrounding neighborhood.
(3) All containers shall be securable and always dept secure.
(4) All containers shall be kept structurally sound, free of graffiti, posters, bills, accumulated solid waste, or other blighting or deteriorating impacts.
(5) Temporary storage containers (Conex) for the use as construction related storage shall be allowed in conjunction with a building permit approved on the same parcel of land.
(6) Shipping containers shall be prohibited as storage buildings in all residential neighborhoods unless approved as a construction related project in accordance with the International Building Codes and approved and permitted through the Office of Building Inspectors in Moberly (example: such as a tiny home).
(Ord.
No.
9753, § 2, 4-17-2023)"
3,ARTICLE III.- USE STANDARDS,Sec. 46-155. - Short term rental housing., ,sub-sec-3.38,https://library.municode.com/mo/moberly/codes/code_of_ordinances?nodeId=COOR_CH46ZOPLDE_ARTIIIUSST_S46-155SHTEREHO,https://zoneomics.com/code/8367/chapter_3#3.38,False,0,"Short term rental housing shall be allowed in any N-1, R-1, R-2, R-3, M-P and B-2 zoning district.
The following requirements shall apply to all short-term rental housing facilities:
(1) The facility is located in an approved zoning district, furnished for residential use and is rented to the public for less than 30 continuous days.
(2) The facility shall collect and remit the lodging tax required under sections 12-215, 12-218 and
12-226 of this Code.
(3) The facility shall apply for and hold a Moberly City Business License.
(4) The facility shall apply for and hold a Moberly City Lodging Permit.
(5) The facility shall provide the city collector with an annual lodging tax report on forms provided by the collect for that purpose.
(6) The director of community development shall adopt additional requirements, rules and regulations for the issuance of business licenses and lodging permits as are consistent with the purposes of this section.
(Ord.
No.
9839, § 3, 8-19-2024)
Editor's note— Ord.
No.
9839, § 3, adopted August 19, 2024, amended the Code by adding provisions designated as § 46-154. Inasmuch as there were already provisions so designated, and at the discretion of the editor, the provisions have been redesignated as § 46-155."
4,ARTICLE IV.- OFF-STREET PARKING AND LOADING,Sec. 46-174.- Intent and purpose., ,sub-sec-4.1,https://library.municode.com/mo/moberly/codes/code_of_ordinances?nodeId=COOR_CH46ZOPLDE_ARTIVOREPALO_S46-174INPU,https://zoneomics.com/code/8367/chapter_4#4.1,False,0,"It is the intent and purpose of this article to establish minimum requirements as to number of spaces, design and construction for off-street parking and loading areas.
(Code 1987, app.
A, § 35; Ord.
No.
7365, § 1(part), 2-5-2001; Ord.
No.
8661, § 1(Att.
), 11-7-2011)"
4,ARTICLE IV.- OFF-STREET PARKING AND LOADING,Sec. 46-175. - Applicability., ,sub-sec-4.2,https://library.municode.com/mo/moberly/codes/code_of_ordinances?nodeId=COOR_CH46ZOPLDE_ARTIVOREPALO_S46-175AP,https://zoneomics.com/code/8367/chapter_4#4.2,False,0,"Off-street parking and loading space, as required in this article, shall be provided for all new structures, and for alterations and additions to existing structures.
Off-street parking and loading space shall be required for any existing structure or structure which is altered in any manner so as to enlarge or increase capacity by adding or creating dwelling units, guest rooms, floor area or seats.
Existing parking area previously required shall not be used to satisfy required off-street parking for any new structures, alterations, or additions to existing structures or uses of land.
Such existing parking space shall be maintained and shall not be reduced so long as the main structure or use remains, unless an equivalent number of such spaces are provided elsewhere as provided in this article; except that no off-street parking or loading space shall be required for any use located in the B-2 Central Business District.
(Code 1987, app.
A, § 36; Ord.
No.
7365, § 1(part), 2-5-2001; Ord.
No.
8661, § 1(Att.
), 11-7-2011)"
4,ARTICLE IV.- OFF-STREET PARKING AND LOADING,Sec. 46-176. - Off-street parking general provisions., ,sub-sec-4.3,https://library.municode.com/mo/moberly/codes/code_of_ordinances?nodeId=COOR_CH46ZOPLDE_ARTIVOREPALO_S46-176OREPAGEPR,https://zoneomics.com/code/8367/chapter_4#4.3,False,0,"(a) Utilization.
Required accessory off-street parking facilities provided for the uses hereinafter listed shall be solely for the parking of motor vehicles in operating condition of patrons, occupants, or employees of such uses.
(b) Setbacks.
(1) Off-street parking spaces and drives may encroach into required setback areas; except that in no instance shall off-street parking be allowed in the front of commercial structures in the B-2 district.
(2) No parking shall be permitted nearer than two feet from the front or side lot lines nor shall any parking area for more than five vehicles be closer than ten feet to any dwelling, educational institution, school, hospital, nursing home or other institution for human care which is located on an adjoining lot.
(3) No parking area for 25 or more automobiles, trucks or buses shall have a point of ingress/egress for vehicles within 200 feet along the same side of the street of any educational institution, school, public playground, church, hospital, public library or institution for children or for dependents, except where such use is in another block or on another street which the lot in question does not abut.
(c) Accessory use.
Off-street parking and driveways shall be considered as an accessory use of the use for which the parking is provided.
Parking not located on the same tract on which the main use is located must be located within the zoning district in which parking or storage lots are permitted as a main use.
(d) Repair service.
No motor vehicle repair work or service of any kind shall be permitted in association with any off-street parking facilities.
(e) Computation.
When determination of the number of off-street parking spaces required by this regulation results in a requirement of a fractional space, the fraction of 69 percent or less may be disregarded, and a fraction in excess of 70 percent shall be counted as one parking space.
(f) Mixed uses.
When a structure or development contains mixed uses, the off-street parking requirements shall be calculated for each individual use and the total parking requirement shall be the sum of individual parking requirements.
(g) Driveways and driving entrances in residential zones.
A driveway in a residential zone connected to a street shall be paved with a hard surface and shall have a minimum width of 12 feet.
The maximum width for residential driveways connected to a street shall be the lessor or the following:
(1) Forty percent of the frontage of the property facing that street for access.
(2) Thirty feet in width.
(Code 1987, app.
A, § 37; Ord.
No.
7365, § 1(part), 2-5-2001; Ord.
No.
8661, § 1(Att.
), 11-7-2011; Ord.
No.
9796, § 3, 11-2023)"
4,ARTICLE IV.- OFF-STREET PARKING AND LOADING,Sec. 46-177. - Off-street parking layout and design requirements., ,sub-sec-4.4,https://library.municode.com/mo/moberly/codes/code_of_ordinances?nodeId=COOR_CH46ZOPLDE_ARTIVOREPALO_S46-177OREPALADERE,https://zoneomics.com/code/8367/chapter_4#4.4,True,1,"(a) Parking subject to site plan review and ADA compliance.
Off-street parking improvement in other than N-1, R-1 and R-2 districts shall be subject to site plan review by the planning department.
The construction and renovation of certain structures and facilities must conform to the provisions of the Americans with Disabilities Act (ADA), title III of 1990. Structure plans for construction, alteration or remodeling permits must identify how compliance with the ADA parking and other site requirements are to be met.
Permits for new construction must comply with the entire title III of the Act as it relates to the structure and site.
(b) Information provided to public regarding ADA, parking accessibility.
The zoning administrator will provide information upon request to assist the public in interpreting the requirements of the ADA, which generally provide for at least one accessible route within the boundary of the site from a parking space or street to an accessible structure entrance.
Accessible spaces and access aisles are required, as well, among other detailed provisions.
(c) Parking not subject to ADA compliance.
For parking layout and design which is not subject to the ADA requirements, the following standards apply:
(1) Parking stall dimensions shall not be less than nine by 18 feet for commercial and 8½ by 18½ feet for residential developments plus the necessary space for maneuvering into and out of the space.
(2) For parking lots, the minimum cross dimensions shall be as follows:
a. 90-degree patter; single-loaded aisle: 42 feet;
b. 90-degree patter; double-loaded aisle: 66 feet;
c. 60-degree patter; single-loaded aisle: 39 feet;
d. 60-degree patter; double-loaded aisle: 64 feet;
e. 45-degree patter; single-loaded aisle:
31.5 feet;
f. 45-degree patter; double-loaded aisle: 54 feet;
g. Parallel spaces nine by 21 feet each space.
(d) Access.
Each required off-street parking space shall open directly upon an aisle or driveway of such width and design as to provide safe and efficient means of vehicular access to such parking space.
(e) Design.
All parking plans for uses must first be submitted to the city planning office for review and approval.
Proper entrances, curbs, lanes and signage must be shown.
All plans must be to scale and be competently drawn.
(f) Applications.
(1) New commercial facilities.
a. For this section, the term ""new commercial facilities"" shall also include the change of ownership, lease, change of use or expansion of an existing facility.
Multi-structure, multifamily housing developments are included in this requirement.
b. All new commercial facilities within the city limits shall be required to have all open, off-street parking, and driveways graded and improved with an all-weather material, such as asphalt or concrete as specified by the city.
c. New commercial facilities as defined above, shall post an cash bond with the city prior to the city issuing a certificate occupancy extend the time frame for completing the required surfacing.
Status of the facility and bond amount may extend paving time up to two years.
All bond monies held by the city shall be returned to the new commercial facilities upon completion of the surfacing and final inspection by the city.
All cash bonds posted shall be non-interest bearing.
(2) Existing commercial facilities.
Facilities in operation prior to December 1, 2002, will be considered nonconforming uses.
These lots will be required to maintain their existing, open, off-street parking and driveways in a weed-free and dust-free environment.
Any expansion of parking will require the existing facility to meet new commercial facility requirements.
Upon the sale, lease, or change of use or expansion of an existing facility that maintains a nonconforming parking or driveway, owner must notify buyer of the property of buyer's responsibility to comply with the city's surfacing requirements for a new commercial facility.
All entrances/access driveways and off-street customer and employee parking area minimums must be hard surfaced.
For gravel areas that exist beyond the minimum paving requirements, the requesting party will have the option of paving all remaining gravel, converting it back to grass or paying a one-time fee, as provided in the city fee schedule per square foot to retain the additional gravel area in-lieu of paving.
The payment is only valid for the existing facility and does not transfer with change of ownership/lease or use.
This fee would be refunded in full if the gravel area is paved within 24 months from the date the certificate of occupancy was issued.
(3) Single-family and duplex residences."
4,ARTICLE IV.- OFF-STREET PARKING AND LOADING,Sec. 46-177. - Off-street parking layout and design requirements., ,sub-sec-4.4,https://library.municode.com/mo/moberly/codes/code_of_ordinances?nodeId=COOR_CH46ZOPLDE_ARTIVOREPALO_S46-177OREPALADERE,https://zoneomics.com/code/8367/chapter_4#4.4,True,2,"All new single and duplex residential properties shall be required to improve no more than 100 feet of drive from the edge of the paved street onto their lot or parcel with an all-weather material, such as asphalt or concrete as specified by the city.
Existing single-family residences may not extend or create new gravel areas in the front or side yards.
Gravel parking areas may be added/extended in the rear yards.
The term ""rear yard"" means the portion of the yard that is between the house that is closest to the rear property line and the rear property line itself, except for corner lots, wherein the rear yard is defined as that portion of the property between the rear of the house and the rear property line, the rear yard not extending past the rear wall closest to the intersection.
In addition, gravel may not be placed closer to the road than the side of the house that fronts a specific street.
(4) All-weather surfacing requirements and classification.
Off-street paving shall have the following minimums:
a. Concrete; four inches thick; 4,000 psi mix.
b. Asphalt; three inches thick, with six inches compacted rock base.
c. Other surfaces such as paver block, etc.
may be used with prior approval.
The above specifications are minimums and in most cases would not be satisfactory for business/commercial type use.
Compacted crushed stone base of 95 percent density is for the base prior to construction of parking or accessory area.
All-weather surfaced lots shall maintain the surface in a state of good repair.
They shall be dust-free and emissions of particulate matter to the ambient air beyond the premises of origin shall be restricted.
(5) Enforcement.
a. It shall be a violation of this article if:
1. Any person causes or allows operation of a commercial facility open, off-street parking or drive-way which allows, or may allow, fugitive particulate matter emissions to go beyond the premises of origin in quantities that the particulate matter may be found on surfaces beyond the property line of origin;
2. Any person causing or allowing to occur any fugitive particulate matter emissions to remain visible in the ambient air beyond the property line of origin.
b. Should the office of code enforcement determine that noncompliance with this section has occurred at a location; the office may require reasonable control measures, as may be necessary.
These measures may include, but are not limited to:
1. Paving or frequent cleaning of roads, driveways and parking lots;
2. Application of pea gravel chip and seal;
3. Application of dust-free surfaces tack coat;
4. Planting and maintenance of vegetative ground cover.
c. Exceptions.
Surfacing requirements shall not apply to the following:
Those portions of unpaved public roads that are not designated as non-attainment areas for particulate matter.
(g) Lighting.
Any lighting used to illuminate off-street parking and loading areas shall be directed away from residential properties in such a way as not to interfere with adjacent residential uses.
(h) Landscaping and screening.
All off-street parking facilities in other than residential districts shall be screened and landscaped as required in site plan review and article IX, division 4 of this chapter.
(i) Location of parking facilities.
Off-street parking facilities shall be located as herein specified.
Where a distance is specified, such distance shall be the walking distance measured from the nearest point of the parking facility to the entrance of the building which it is required to serve:
(1) For one- and two-family dwellings and single-building multifamily dwellings: on the same lot as the principal structure;
(2) For multi-building multifamily complexes: not more than 200 feet from the premises they are required to serve;
(3) For commercial and institutional uses (for hospitals, sanitariums, asylums, orphanages, rooming houses, club rooms, fraternity and sorority houses): not more than 300 feet from the building they are required to serve.
(j) Curbs, parking lots, sidewalks.
Curbs will be required in all parking areas/lots other than one- and two-family residential.
Entrances from public streets shall be six-inch minimum depth from the physical street connection to the property line.
(k) Drainage.
Plans of parking area must be so designed to allow proper runoff without creating damage to surrounding properties.
Plans must be submitted to the code administrator and city engineer and approved prior to construction.
(Code 1987, app.
A, § 38; Ord.
No.
7365, § 1(part), 2-5-2001; Ord.
No.
7529, § 1, 11-18-2002; Ord.
No.
7828, §§ 1, 2, 7-18-2005; Ord.
No.
7990, § 1, 9-18-2006; Ord.
No.
8621, § I, 8-15-2011; Ord.No.
8661, § 1(Att.
), 11-7-2011)"
4,ARTICLE IV.- OFF-STREET PARKING AND LOADING,Sec. 46-178. - Off-street parking required spaces., ,sub-sec-4.5,https://library.municode.com/mo/moberly/codes/code_of_ordinances?nodeId=COOR_CH46ZOPLDE_ARTIVOREPALO_S46-178OREPARESP,https://zoneomics.com/code/8367/chapter_4#4.5,False,0,"Off-street parking spaces shall be provided as follows:
(1) Dwelling and lodging uses.
a. Boardinghouses or roominghouses:
One parking space per each two sleeping rooms.
b. Dormitories, fraternities or sororities:
Two parking spaces for each three occupants based on the maximum design capacity of the structure.
c. Hotels and motels:
One space per each rental unit plus one space per each two employees in the largest working shift and such spaces as are required for restaurants, assembly rooms, and other affiliated facilities provided.
d. Manufactured home parks:
Two parking spaces per each manufactured home.
e. Nursing homes, rest homes, etc.
: One parking space per each five beds based on the designed maximum capacity of the structure, plus one parking space for each employee.
f. Single-family:
Two spaces per dwelling unit.
g. Two-family and multifamily:
Two spaces per dwelling unit.
Two-family and multifamily dwelling units designed specifically for the elderly, one space per two dwelling units.
(2) Business, commercial, and industrial uses.
a. Automobile, truck, recreational vehicle and manufactured home sales and rental lots:
One parking space for each 3,000 square feet of open sales lot area devoted to the sale, display and rental of the vehicles, plus one parking space for each employee.
b. Automobile salvage yards:
One parking space for each employee, plus one parking space for each 10,000 square feet of storage area.
c. Financial, business, and professional offices:
One parking space for each 300 square feet of gross floor area.
d. Bowling alleys:
Four parking spaces for each lane.
e. Cartage, express, parcel delivery and freight terminal establishments:
One parking space for each two employees in the largest working shift in a 24-hour period, plus one parking space for each vehicle maintained on the premises.
f. Automobile wash:
Three holding spaces for each car washing stall plus two drying spaces for each car washing stall.
g. Funeral homes and mortuaries:
One parking space for each four seats based upon the designed maximum capacity of the parlor, plus one additional parking space for each employee and each vehicle maintained on the premises.
h. Furniture and appliance stores, household equipment or furniture repair shop:
One parking space for each 400 square feet of floor area.
i. Manufacturing, production, processing, assembly, disassembly, cleaning, servicing, testing or repairing of goods, materials or products:
One parking space per three employees based upon the largest working shift in any 24-hour time period.
j. Medical and dental clinics or offices:
One parking space for each 200 square feet of gross floor area.
k. Restaurants, private clubs and taverns:
One parking space for each
2.5 seats based on the maximum designed seating capacity; provided, however, that drive-in restaurants shall have a minimum of at least ten parking spaces.
l. Retail stores and shops:
One parking space per 200 square feet of floor area.
m. Service stations:
One parking space for each employee plus two spaces for each service bay.
n. Theaters, auditoriums, and places of assembly with fixed seats:
One parking space for each
3.5 seats.
o. Theaters, auditoriums, and places of assembly without fixed seats:
One parking space for each four people, based upon the computed occupant load of the structure or the assembly area.
p. Warehouse, storage and wholesale establishments:
One parking space for each two employees based upon the largest working shift in any 24-hour period.
q. All other business and commercial establishments not specified above:
One parking space for each 300 square feet of floor area.
(3) Other uses.
a. Churches:
One parking space for each six seats based upon the maximum designed seating capacity, including choir lofts.
b. Elementary, junior high and equivalent parochial and private schools:
Two parking spaces for each classroom.
c. High schools, colleges, universities and other similar public or private institutions of higher learning:
Eight parking spaces for each classroom, plus one space for each two employees.
d. Hospitals:
One parking space for every four beds, plus one parking space for each resident or staff doctor plus one space for each two employees based on the largest working shift in any 24-hour period.
e. Laundromats:
One parking space for each two washing machines.
f. Nursery schools and day care centers, public or private:
One parking space for each employee plus one parking space for each eight children.
In addition, adequate space and traffic flow pattern shall be provided for the drop-off and pick-up of children.
g. Fraternal associations and union headquarters:
One parking space for each three seats based upon the design maximum seating capacity.
h. Swimming pools and clubs:
One parking space for each 50 square feet of water area.
i. Trade and commercial schools:
One parking space for each three students and employees.
(Code 1987, app.
A, § 39; Ord.
No.
7365, § 1(part), 2-5-2001)"
4,ARTICLE IV.- OFF-STREET PARKING AND LOADING,Sec. 46-179. - Conditional uses., ,sub-sec-4.6,https://library.municode.com/mo/moberly/codes/code_of_ordinances?nodeId=COOR_CH46ZOPLDE_ARTIVOREPALO_S46-179COUS,https://zoneomics.com/code/8367/chapter_4#4.6,False,0,"(a) District permitted.
To provide off-street parking areas, the planning and zoning commission may, after public notice and hearing, grant as a conditional use the establishment of parking areas in any zoning district under the provisions further set forth in this section.
(b) Location.
Parking provided under this section must be within 300 feet (along lines of public access) from the boundary of the use for which the parking is provided.
(c) Use.
The parking area shall be used for passenger vehicles only, and in no case shall it be used for sales, repair work, storage, dismantling or servicing of any vehicles, equipment, materials, or supplies.
Only such signs as are necessary for the proper operation of the parking lot shall be permitted.
(Code 1987, app.
A, § 40; Ord.
No.
7365, § 1(part), 2-5-2001)"
4,ARTICLE IV.- OFF-STREET PARKING AND LOADING,Sec. 46-180. - Loading and unloading regulations., ,sub-sec-4.7,https://library.municode.com/mo/moberly/codes/code_of_ordinances?nodeId=COOR_CH46ZOPLDE_ARTIVOREPALO_S46-180LOUNRE,https://zoneomics.com/code/8367/chapter_4#4.7,False,0,"Loading and unloading space shall be provided off-street and on the same premises with every structure or part thereof, erected, established or enlarged and occupied for goods display, retail operation, department store, market, hotel, mortuary, laundry, dry cleaning, office uses or warehouses, manufacturing or other uses, involving the receipt or distribution of materials or merchandise by motor vehicles.
The loading and unloading space or spaces shall be so located to avoid undue interference with public use of streets, alleys and walkways.
Spaces required:
(1) For all uses in the B-3 General Commercial District, loading facilities shall be provided in accordance with the following table:
Expand | Gross Floor   Area of   Establishments | Required   Number of   Loading Berths | Required   Size of   Loading Berths |
| --- | --- | --- |
| 1,000—10,000 square feet | 1 | 10 feet by 25 feet each |
| 10,000—25,000 square feet | 2 | 10 feet by 25 feet each |
| 25,000—40,000 square feet | 2 | 10 feet by 70 feet each |
| 40,000—100,000 square feet | 3 | 10 feet by 70 feet each |
(2) For all uses in the B-1 and M-1 districts, loading facilities shall be provided in accordance with the following table:
Expand | Gross Floor   Area of   Establishments | Required   Number of   Loading Berths | Required   Size of   Loading Berths |
| --- | --- | --- |
| 1,000—10,000 square feet | 1 | 10 feet by 25 feet each |
| 10,000—40,000 square feet | 1 | 10 feet by 70 feet each |
| 40,000—100,000 square feet | 2 | 10 feet by 70 feet each |
(3) For each additional 100,000 square feet of gross floor area or any fraction thereof over 100,000 square feet of gross floor area, one additional berth shall be provided.
Each such additional berth shall be at least ten feet in width by 60 feet in length.
(Code 1987, app.
A, § 41; Ord.
No.
7365, § 1(part), 2-5-2001)"
5,"ARTICLE V. - LANDSCAPING, SCREENING AND BUFFERING",Sec. 46-199.- Intent and purpose., ,sub-sec-5.1,https://library.municode.com/mo/moberly/codes/code_of_ordinances?nodeId=COOR_CH46ZOPLDE_ARTVLASCBU_S46-199INPU,https://zoneomics.com/code/8367/chapter_5#5.1,False,0,"It is the intent and purpose of this article to establish minimum landscaping and buffering requirements for new development within the city.
Two types of landscaping/buffering are described in this article: transition buffers and dumpster screening.
(Code 1987, app.
A, § 42; Ord.
No.
7365, § 1(part), 2-5-2001)"
5,"ARTICLE V. - LANDSCAPING, SCREENING AND BUFFERING",Sec. 46-200. - Applicability., ,sub-sec-5.2,https://library.municode.com/mo/moberly/codes/code_of_ordinances?nodeId=COOR_CH46ZOPLDE_ARTVLASCBU_S46-200AP,https://zoneomics.com/code/8367/chapter_5#5.2,False,0,"Landscaping, screening and buffering, as required in this article, shall be provided for all new development, except that specifically exempted in section 46-201.
(Code 1987, app.
A, § 43; Ord.
No.
7365, § 1(part), 2-5-2001)"
5,"ARTICLE V. - LANDSCAPING, SCREENING AND BUFFERING",Sec. 46-201. - Exemptions., ,sub-sec-5.3,https://library.municode.com/mo/moberly/codes/code_of_ordinances?nodeId=COOR_CH46ZOPLDE_ARTVLASCBU_S46-201EX,https://zoneomics.com/code/8367/chapter_5#5.3,False,0,"Improvements or repairs to existing development that do not result in an increase in floor area and changes in use that do not result in an increase in intensity shall be exempt from the regulations of this article.
(Code 1987, app.
A, § 44; Ord.
No.
7365, § 1(part), 2-5-2001)"
5,"ARTICLE V. - LANDSCAPING, SCREENING AND BUFFERING",Sec. 46-202. - Transition buffer general provisions., ,sub-sec-5.4,https://library.municode.com/mo/moberly/codes/code_of_ordinances?nodeId=COOR_CH46ZOPLDE_ARTVLASCBU_S46-202TRBUGEPR,https://zoneomics.com/code/8367/chapter_5#5.4,False,0,"(a) Location of buffers.
Transition buffers shall be located along those portions of a site that are along those portions of adjoining lots with a different zoning classification that require a buffer.
(b) Responsibility for installing buffers.
The developing property shall always be responsible for providing required buffers.
(Code 1987, app.
A, § 45; Ord.
No.
7365, § 1(part), 2-5-2001; Ord.
No.
9738, § 2, 12-19-2022)"
5,"ARTICLE V. - LANDSCAPING, SCREENING AND BUFFERING",Sec. 46-203. - Transition buffer specifications., ,sub-sec-5.5,https://library.municode.com/mo/moberly/codes/code_of_ordinances?nodeId=COOR_CH46ZOPLDE_ARTVLASCBU_S46-203TRBUSP,https://zoneomics.com/code/8367/chapter_5#5.5,False,0,"When a transition buffer is required by this Code, such transition buffer shall consist of a planting screen, landscaped berm or a fence screen meeting the specifications herein.
(1) Planting screens.
Planting screens shall consist of trees, bushes or shrubs of a variety and so planted and kept as to be achieved within 36 months after occupancy of the premises to be screened.
a. Such screen shall have a minimum height of six feet above grade at any particular point along its length.
b. Any two-foot square segment of a planting screen shall contain no more than 30 percent open space affording a direct horizontal view through such screen if such segment is over two feet above grade.
(2) Landscaped berm.
Adequate evidence shall be furnished demonstrating that the construction of such berm, along with any necessary culverts and ditching, will not create adverse drainage and flooding conditions on adjacent property.
a. Such berm shall be at least 30 feet in width at the base and at least four feet in height, as measured perpendicular to grade level at any point along its length.
Side slopes shall have a gradient no steeper than three to one.
b. Side slopes of such berm shall be sodded or sealed so as to prevent erosion.
The top of the berm shall contain a planting screen above except that the minimum height of such planting screen need be no more than three feet above the top of the berm at any particular point along its length.
Construction and material of such berm shall be as approved by the zoning board of adjustment.
(3) Fence screen.
A fence screen shall not be less than six feet, nor more than eight feet, in height above grade level, at any particular point along its length.
Any two-foot square segment of such screen shall contain no more than 30 percent open space affording a direct horizontal view through such screen.
Construction and material of such fence screen shall be as approved by the planning and zoning commission.
(Code 1987, app.
A, § 46; Ord.
No.
7365, § 1(part), 2-5-2001; Ord.
No.
9738, § 2, 12-19-2022)"
5,"ARTICLE V. - LANDSCAPING, SCREENING AND BUFFERING",Sec. 46-204. - Transition buffer requirements., ,sub-sec-5.6,https://library.municode.com/mo/moberly/codes/code_of_ordinances?nodeId=COOR_CH46ZOPLDE_ARTVLASCBU_S46-204TRBURE,https://zoneomics.com/code/8367/chapter_5#5.6,False,0,"Landscape buffers shall be provided and maintained when certain land uses are adjoining one another.
This requirement is intended to help ease the land use transition between areas of varying development intensity and to ensure land use compatibility.
(1) Determination transition buffer requirements.
The following procedure shall be followed in determining if a transition buffer is required.
Using the matrix in subsection (2) of this section, transition buffer requirements, of this article:
a. Identify the minimum zoning classification required to accommodate the proposed use.
These classifications are listed under proposed zoning in the first column.
b. For transition buffer requirements, identify the actual zoning classification of the abutting sites.
These classifications are listed under the heading, adjoining zoning.
c. Determine if a transition buffer is required by crossing the previously identified proposed zoning with the adjoining zoning.
The letter ""R"" indicates that a transition buffer is required, otherwise, no transition buffer is required.
(2) Transition buffer requirements.
TRANSITION BUFFER REQUIREMENTS Expand | Zoning of the proposed development | Adjoining zoning | | | | | | | | |
| --- | --- | --- | --- | --- | --- | --- | --- | --- | --- |
|  | N-1 | R-1 | R-2 | R-3 | MP | B-1 | B-2 | B-3 | M-1 |
| N-1 |  |  |  |  |  |  |  |  |  |
| R-1 |  |  |  |  |  |  |  |  |  |
| R-2 |  |  |  |  |  |  |  |  |  |
| R-3 |  | R | R |  |  |  |  |  |  |
| MP |  | R | R | R |  |  |  |  |  |
| B-1 |  | R | R | R | R | R |  |  |  |
| B-2 |  |  |  |  |  |  |  |  |  |
| B-3 |  | R | R | R | R | R | R |  |  |
| M-1 |  | R | R | R | R | R | R | R |  | (Code 1987, app.
A, § 47; Ord.
No.
7365, § 1(part), 2-5-2001; Ord.
No.
9738, § 2, 12-19-2022)"
5,"ARTICLE V. - LANDSCAPING, SCREENING AND BUFFERING",Sec. 46-205. - Dumpster screening., ,sub-sec-5.7,https://library.municode.com/mo/moberly/codes/code_of_ordinances?nodeId=COOR_CH46ZOPLDE_ARTVLASCBU_S46-205DUSC,https://zoneomics.com/code/8367/chapter_5#5.7,False,0,"Dumpsters for solid waste located in B-1, B-2, B-3 and M-1 districts shall be completely screened from view of roadways and adjoining sites by fences, walls or vegetative screens.
The screen shall be designed to accommodate refuse hauling equipment and provide complete visual screening of the dumpster and be compatible in material and color with the principal structure on the lot.
(Code 1987, app.
A, § 48; Ord.
No.
7365, § 1(part), 2-5-2001; Ord.
No.
8211, § 1, 5-22-2008; Ord.
No.
9738, § 2, 12-19-2022)"
5,"ARTICLE V. - LANDSCAPING, SCREENING AND BUFFERING",Sec. 46-206. - Community policing through environmental design (CPTED)., ,sub-sec-5.8,https://library.municode.com/mo/moberly/codes/code_of_ordinances?nodeId=COOR_CH46ZOPLDE_ARTVLASCBU_S46-206COPOTHENDECP,https://zoneomics.com/code/8367/chapter_5#5.8,False,0,"Landscaping and berming improvements shall be designed according to CPTED principles to reduce or eliminate isolated public pedestrian and parking areas that cannot be seen from activities areas of the site.
(Code 1987, app.
A, § 49; Ord.
No.
7365, § 1(part), 2-5-2001)"
5,"ARTICLE V. - LANDSCAPING, SCREENING AND BUFFERING",Sec. 46-207. - Residential districts landscaping., ,sub-sec-5.9,https://library.municode.com/mo/moberly/codes/code_of_ordinances?nodeId=COOR_CH46ZOPLDE_ARTVLASCBU_S46-207REDILA,https://zoneomics.com/code/8367/chapter_5#5.9,False,0,"It shall be at the discretion of the individual property owners to landscape their lots; however, at any given time the following provisions shall apply:
(1) No tree or ground cover shall be planted of a type of species apt to destroy, impair, or otherwise interfere with any street improvements, sidewalks, curbs, gutters, sewer, or other public improvements.
The discarding of landscape related materials in the right-of-way shall be subject to the nuisance regulations of chapter
26. The property owner shall contact the city prior to landscaping within any street right-of-way or utility easement.
(2) Vines of climbing plants growing over street signs, fire hydrants, or other public property shall be removed by the property owner.
(3) On a corner lot, no planting or other obstruction to vision extending to a height in excess of 24 inches above the established street grade shall be erected, planted or maintained within the sight distance as established per section 46-3.
(4) All landscaping shall be properly maintained according to city ordinances presently in effect.
A minimum of 50 percent of all yard areas shall be comprised of natural grass.
Natural grass refers to all species of grass that are perennial and are typically used for lawns such as, but not limited to, Kentucky Bluegrass or perennial ryegrass.
Driveways shall not calculate into this requirement.
Front yard landscaping (and side/rear yards abutting a street on corner lots) shall require a majority of natural grasses.
Trees shall not be planted within six feet of a property line in the side and rear yard.
The individual property owner shall be responsible for such maintenance.
(5) For all multiple-family zoning districts, ""R-3"", a landscape plan shall accompany, or be a part of, each site plan, and no site plan shall be approved without the planning and zoning commission's review and approval of said landscape plan.
The landscape plan shall contain size, type and location of plantings.
All ""R-2"" two-family residential zoning districts shall be required to have a landscape plan which may be approved by the administrative officer or forwarded to the planning and zoning commission for its review and approval at the discretion of the administrative officer.
Landscaping to be completed prior to the issuance of a final occupancy permit for the structure(s).
a. Exception to the landscape plan requirement for R-2 two-family residential districts applies when a single lot is being redeveloped as a single in-fill type lot.
(6) In all residential zoning districts, above-ground fuel storage tanks shall be thoroughly screened (70 percent blocked visibility or more) with appropriate materials or landscaping to conceal their visibility from the right-or[of]-way and neighboring properties.
(7) All trees shall be planted so as to maintain a minimum 15 foot setback from all levees.
(Ord.
No.
9738, § 1, 12-19-2022)"
5,"ARTICLE V. - LANDSCAPING, SCREENING AND BUFFERING",Sec. 46-208. - Non-residential districts (commercial/industrial)., ,sub-sec-5.10,https://library.municode.com/mo/moberly/codes/code_of_ordinances?nodeId=COOR_CH46ZOPLDE_ARTVLASCBU_S46-208NSIDICOIN,https://zoneomics.com/code/8367/chapter_5#5.10,False,0,"In ""B"" (commercial) and ""M"" districts, the landscaping/screening requirements are as follows:
(1) Screening requirements.
a. All screening and buffering requirements previously set forth in the individual districts, conditional use permit, or planned development (PD) agreement shall be the responsibility of the lot owner or developer to install and maintain.
b. When off-street parking areas for six or more vehicles are located within or are adjoining a residential district, and where such parking areas are not entirely screened visually from such lot by an intervening building or structure, a continuous, visual screen with minimum height of six feet shall be provided between the parking area and the said lot or residential district.
Such screen shall consist of a solid fence or masonry wall, a compact evergreen hedge or foliage screening may be approved as an alternative by the administrative officer.
Screening shall meet the requirements for buffering between districts per sections
46-199 through 46-206.
c. Protective screening.
When off-street loading areas are located within or adjacent to a residential district, and where such loading areas are not entirely screened visually by an intervening building or structure, a continuous visual screen with a minimum height of eight feet shall be provided between the loading area and the said lot or residential district.
Such screen shall consist of a solid fence or a masonry wall, a compact evergreen hedge or foliage screening may be approved as an alternative by the administrative officer.
Screening shall meet the requirements for buffering between districts per sections
46-199 through 46-206.
(2) Landscaping requirements.
a. A landscape plan shall accompany, or be a part of, each site plan, and no site plan shall be approved without the planning and zoning commission's approval of said landscape plan.
This landscape plan shall include size, type and location of plantings and shall include parking lot planting islands, perimeter plantings, and similar landscape features.
b. Where off-street parking spaces are provided, a minimum of ten square feet of landscaping shall be provided or as approved by the commission.
While no specific tree species or plantings are given in this chapter, the developer or owner shall be expected to provide sufficient landscaping details on the plans at the time of submittal.
The use of earth berms or sculpting shall be encouraged provided these are designed in an area of enough size so as to cause no erosion, drainage or maintenance problems.
(Ord.
No.
9738, § 1, 12-19-2022)"
5,"ARTICLE V. - LANDSCAPING, SCREENING AND BUFFERING",Sec. 46-209. - Screening and landscaping., ,sub-sec-5.11,https://library.municode.com/mo/moberly/codes/code_of_ordinances?nodeId=COOR_CH46ZOPLDE_ARTVLASCBU_S46-209SCLA,https://zoneomics.com/code/8367/chapter_5#5.11,False,0,"All off-street parking facilities, with the exception of a single-family dwelling or a two-family dwelling, shall be screened and landscaped in accordance with the following design standards and section 46-203.
(1) Planting strip along property lines.
a. Along each property line of the zoning lot, a planting strip of four feet minimum width shall be provided between said property line and the off-street parking facilities.
Where parking facilities for non-residential uses abut a residential district, a sight-proof fence or hedge of not less than six feet in height shall be provided along the perimeter of the off-street parking facility within the planting strip herein described and in agreement with section 46-203.
b. In the case of a common/shared driveway entrance/exit the requirement for a four feet minimum width planting strip will be waived.
However, the remainder of the site shall contain sufficient additional landscaped areas to compensate for the loss of the planting strip or a portion thereof.
(2) All off-street parking facilities shall be appropriately broken by linear planting strips or variable shaped islands in the interior of the facility.
Such planting strips or islands shall be satisfactorily landscaped with trees or other suitable vegetation and shall constitute no less than five percent of the total area of the off-street parking facility excluding the four foot planting strip previously mentioned.
(3) The selection of trees, hedges and other planting materials shall be approved by the commission on recommendation by the administrative officer.
(4) All screening and landscaping shall be installed in conformance with the ""corner visibility"" restrictions in this chapter.
(5) The selection of trees, hedges, and other planting materials shall be as approved on the landscape plan.
Minor modifications to the landscape plan may be approved by the administrative officer.
Substantial modifications shall be reviewed and approved by the planning commission.
(Ord.
No.
9738, § 1, 12-19-2022)"
5,"ARTICLE V. - LANDSCAPING, SCREENING AND BUFFERING",Sec. 46-210. - Occupancy permit., ,sub-sec-5.12,https://library.municode.com/mo/moberly/codes/code_of_ordinances?nodeId=COOR_CH46ZOPLDE_ARTVLASCBU_S46-210OCPE,https://zoneomics.com/code/8367/chapter_5#5.12,False,0,"Prior to issuance of a final occupancy permit, all landscaping indicated on the approved site development plan shall be installed.
If installation of landscape materials cannot be accomplished due to weather conditions or other factors, an escrow shall be established to guarantee purchase and installation of all landscape materials.
The escrow shall be submitted for approval by the administrative officer.
Upon installation of the landscape materials, the escrow shall be released by the city.
(Ord.
No.
9738, § 1, 12-19-2022)"
6,ARTICLE VI.- SIGNS,DIVISION 1. - GENERALLY,Sec. 46-236. - Intent and purpose.,sub-sec-6.1.1,https://library.municode.com/mo/moberly/codes/code_of_ordinances?nodeId=COOR_CH46ZOPLDE_ARTVISI_DIV1GE_S46-236INPU,https://zoneomics.com/code/8367/chapter_6#6.1.1,False,0,"It is the intent and purpose of this article to qualify, supplement or define the allowable uses of the several types of signs allowed in the district regulations appearing elsewhere in this regulation.
(Code 1987, app.
A, § 50; Ord.
No.
7365, § 1(part), 2-5-2001)"
6,ARTICLE VI.- SIGNS,DIVISION 1. - GENERALLY,Sec. 46-237. - Applicability.,sub-sec-6.1.2,https://library.municode.com/mo/moberly/codes/code_of_ordinances?nodeId=COOR_CH46ZOPLDE_ARTVISI_DIV1GE_S46-237AP,https://zoneomics.com/code/8367/chapter_6#6.1.2,False,0,"All signs are, by definition, structures.
No land, personal property or structure shall be used for sign purposes except as specified in this article.
(Code 1987, app.
A, § 51; Ord.
No.
7365, § 1(part), 2-5-2001)"
6,ARTICLE VI.- SIGNS,DIVISION 1. - GENERALLY,Sec. 46-238. - Exemptions.,sub-sec-6.1.3,https://library.municode.com/mo/moberly/codes/code_of_ordinances?nodeId=COOR_CH46ZOPLDE_ARTVISI_DIV1GE_S46-238EX,https://zoneomics.com/code/8367/chapter_6#6.1.3,False,0,"(a) Total exemptions.
The following signs shall be exempt from the requirements of this article, except for the provisions of section 46-240:
(1) Flags or emblems of a government or of a political, civic, philanthropic, educational or religious organization, displayed on private property.
(2) Signs of a duly constituted governmental body, including traffic or similar regulatory signs, legal notices, warnings at railroad crossings and other instructional or regulatory signs having to do with health, safety, parking, swimming, dumping, etc.
(3) Memorial signs displayed on public or private property.
(4) Small signs, not exceeding three square feet in area, displayed on private property for the convenience of the public, including signs to identify entrance and exit drives, parking areas, one-way drives, restrooms, freight entrances, and other similar signs; except that such signs shall not display logos or other business advertisements.
(5) Scoreboards in athletic stadiums.
(6) Temporary signs for the sale of household goods at a residence (for example, garage sales or auctions) for a period not to exceed five days.
(7) Political signs set outside the public right-of-way and in compliance with sight triangle requirements.
(b) Exemptions from sign permit requirements.
The following signs are exempt from the sign permit section of this article, but shall comply with the other regulations imposed by this article:
(1) Name plate signs not exceeding two square feet in gross area accessory to a single-family or two-family dwelling.
(2) Bulletin board signs not exceeding 100 square feet in gross area accessory to a church, school or public or non-profit institution.
(3) Business signs when located on property used for agricultural purposes and pertaining to the sale of agricultural products produced on the premises.
(4) Real estate signs not exceeding nine square feet in area.
(5) Construction signs not exceeding nine square feet in area.
(6) Window signs not exceeding 25 percent of the window surface in commercial and industrial districts.
(Code 1987, app.
A, § 58; Ord.
No.
7365, § 1(part), 2-5-2001)"
6,ARTICLE VI.- SIGNS,DIVISION 1. - GENERALLY,Sec. 46-239. - Classification of signs.,sub-sec-6.1.4,https://library.municode.com/mo/moberly/codes/code_of_ordinances?nodeId=COOR_CH46ZOPLDE_ARTVISI_DIV1GE_S46-239CLSI,https://zoneomics.com/code/8367/chapter_6#6.1.4,False,0,"(a) Functional types.
(1) Advertising sign (billboard).
A sign which directs the attention of the public to any goods, merchandise, property, business, service, entertainment or amusement conducted or produced which is bought or sold, furnished, offered or dealt in elsewhere than on the premises where such sign is located or to which it is affixed.
(2) Bulletin board sign.
A sign that indicates the name of an institution or organization on whose premises it is located and which contains the name of the institution or organization, the names of persons connected with it, and announcement of persons, events or activities occurring at the institution.
Such sign may also present a greeting or similar message.
(3) Business sign.
A sign which directs attention to a business or profession conducted, or to products, services or entertainment sold or offered upon the premises where such sign is located, or to which it is affixed.
(4) Identification sign.
A sign giving only the name and address of a structure, business, development or establishment.
Such signs may be wholly or partly devoted to a readily-recognized symbol.
(5) Memorial sign.
A sign, monument or statue serving to help people remember some person or event.
(6) Name plate sign.
A sign giving the name or address of the owner or occupant of a structure or premises on which it is located and, where applicable, a professional status.
(7) Temporary sign.
A display sign as listed below that is limited in time that such sign may remain in use either by the limitations of this article or the conditions of a sign permit.
a. Real estate sign.
A temporary sign pertaining to the sale or lease of a lot or tract of land on which the sign is located, or to the sale or lease of one or more structures, or a portion thereof on which the sign is located.
b. Construction sign.
A temporary sign indicating the names of the architects, engineers, landscape architects, contractors and similar artisans involved in the design and construction of a structure, complex or project only during the construction period and only on the premises on which the construction is taking place.
c. Political campaign sign.
Any sign relating to a candidate, political party, ballot issue, or other issue to be voted upon in any public election.
(b) Structural types.
(1) Awning, canopy or marquee sign.
A sign that is mounted on, painted on, or attached to, an awning, canopy or marquee.
No such signs shall project above, below or beyond the awning, canopy or marquee.
FIGURE
5. CANOPY SIGN
(2) Ground sign.
Any sign placed upon, or supported by, the ground, independent of the principal structure on the property, where the bottom edge of the sign is less than six feet above the ground, the height is no greater than ten feet.
FIGURE
6. GROUND SIGN
(3) Monument sign.
A freestanding sign supported primarily by an internal structural framework or integrated into landscaping or other solid structural features other than support poles and whose height is no greater than six feet.
FIGURE
7. MONUMENT SIGN
(4) Elevated sign.
Any sign placed upon, or supported by, the ground, independent of the principal structure on the property, where the bottom edge of the sign is ten feet or more above the ground level with a top elevation of 30 feet.
FIGURE
8. ELEVATED SIGN; RECOMMENDED DESIGN
(5) Portable display sign.
Any movable display structure, capable of relocation, under its own power, or towed by a motor vehicle.
The display message of the sign may be painted or non-painted and capable of being readily altered.
Portable display signs may be with or without electrical illumination and power, and with or without wheels.
FIGURE
9. PORTABLE DISPLAY SIGN
(6) Projecting signs.
Must be wholly or partly (at least 75 percent) dependent upon a structure and which projects more than 12 inches from the structure.
May not utilize a separate freestanding pole, column or other freestanding structure erected for the sole purpose of support for the sign.
FIGURE
10. PROJECTING SIGN
(7) Wall sign.
A sign fastened to or painted on a wall of a structure in such a manner that the wall becomes merely the supporting structure or forms the background surface, and which does not project more than 12 inches from such structure.
FIGURE
11. WALL SIGN
(8) Roof sign.
A sign totally supported on the roof of a structure.
Roof signs shall not project more than 12 inches above the roofline.
FIGURE
12. ROOF SIGN
(9) Window sign.
Any sign, pictures, symbol, or combination thereof, designed to communicate information about an activity, business, commodity, event, sale, or service, that is placed inside a window or upon the window panes or glass and is visible from the exterior of the window.
FIGURE
13. WINDOW SIGN (Code 1987, app.
A, § 56; Ord.
No.
7365, § 1(part), 2-5-2001; Ord.
No.
7394, § 1(part), 6-18-2001; Ord.
No.
8278, § 1, 11-17-2008; Ord.
No.
8279, § 1, 11-17-2008)"
6,ARTICLE VI.- SIGNS,DIVISION 1. - GENERALLY,Sec. 46-240. - Prohibited signs.,sub-sec-6.1.5,https://library.municode.com/mo/moberly/codes/code_of_ordinances?nodeId=COOR_CH46ZOPLDE_ARTVISI_DIV1GE_S46-240PRSI,https://zoneomics.com/code/8367/chapter_6#6.1.5,False,0,"(a) Signs on public property.
Any sign installed or placed on public property, except in conformance with the requirements, shall be forfeited to the public and subject to confiscation, except that logo signs on public athletic fields shall be allowed.
In addition to other remedies hereunder, the city shall have the right to recover from the owner or person placing such a sign the full costs of removal and disposal of such sign.
(b) Obscene or indecent advertisement.
No person shall display upon any sign or other advertising structure any obscene, indecent or immoral matter.
(c) Located on right-of-way.
Any sign located on public right-of-way, except those signs required by governmental authority or political signs as may be permitted.
(d) Blocking access way or window.
No sign shall block any required access way or window.
(e) Attached to utility pole or tree.
No sign shall be attached to any utility pole or tree.
(f) Creating traffic hazards.
No sign shall be maintained at any location where by reason of its position, size, shape or color, may obstruct, impair, obscure, interfere with the view of, or be confused with any traffic or railroad control sign, signal or device, or where it may interfere with, mislead, or confuse traffic.
Any sign located within three feet of a driveway, alley, or within a parking area shall have its lowest elevation at least eight feet above the curb level; however, in no event shall any sign be placed so as to project over any public right-of-way, except in the B-2, Central Business District, where signs may project over a sidewalk.
No sign may be placed in the sight triangle.
(Code 1987, app.
A, §§ 57(e), (f), (g), 59; Ord.
No.
7365, § 1(part), 2-5-2001; Ord.
No.
7394, § 1(part), 6-18-2001; Ord.
No.
8280, § 1, 11-17-2008)"
6,ARTICLE VI.- SIGNS,DIVISION 1. - GENERALLY,Sec. 46-241. - Permits and inspections.,sub-sec-6.1.6,https://library.municode.com/mo/moberly/codes/code_of_ordinances?nodeId=COOR_CH46ZOPLDE_ARTVISI_DIV1GE_S46-241PEIN,https://zoneomics.com/code/8367/chapter_6#6.1.6,False,0,"(a) Required.
No new or replacement sign except temporary signs, as defined in this article, may be erected or altered until a sign permit has been issued by the building inspector.
(b) Application.
Application for permits required under this article shall be made on forms provided by the building inspector and accompanied by the following, if required by the building inspector or if required by the provisions hereof:
(1) Plans and specifications of the proposed sign; the right to inspect all permanent signs and marquees prior to their installation and erection and prior to the issuance of a permit.
(2) A certificate of accident public liability insurance issued to the person or firm installing or erecting a sign or marquee over public property and providing coverage of $50,000.00 per person, $100,000.00 per accident and $25,000.00 property damage.
(c) Fees.
Every application before being granted a permit hereunder, shall pay to the city clerk the following permit fee for each such sign or other advertising structure regulated by this article:
(1) All signs requiring a permit other than temporary portable display signs and real estate signs over 32 square feet; as provided in the city fee schedule.
(2) Temporary portable display signs and real estate signs over 32 square feet; as provided in the city fee schedule.
(d) Inspection.
As soon as a sign has been erected, the permittee shall notify the building inspector who shall inspect such sign and approve the same if it complies with the provisions of this article.
The building inspector may, from time to time, as he deems necessary, inspect all signs or other advertising structure regulated by this article to ascertain whether the same is secure or insecure or whether it needs removal or repair.
(e) Review and action.
The zoning administrator shall review the sign permit application in detail to determine whether the proposed sign complies with all the applicable sign regulations of this article, if applicable.
Within 15 days of the submission of a complete application for a sign permit, the zoning director shall either issue the sign permit, if the sign complies in every respect with the standards of this article, if applicable or deny the sign permit if the sign fails in any way to comply with the standards of this article.
The zoning administrator shall specify all reasons for the denial.
(f) Revocation.
All rights and privileges acquired under the provisions of this article or any amendment thereto, are mere licenses revocable at any time by the building inspector; and all such permits shall contain this provision.
(Code 1987, app.
A, §§ 54, 55; Ord.
No.
7365, § 1(part), 2-5-2001)"
6,ARTICLE VI.- SIGNS,DIVISION 1. - GENERALLY,Sec. 46-242. - Maintenance.,sub-sec-6.1.7,https://library.municode.com/mo/moberly/codes/code_of_ordinances?nodeId=COOR_CH46ZOPLDE_ARTVISI_DIV1GE_S46-242MA,https://zoneomics.com/code/8367/chapter_6#6.1.7,False,0,"(a) All signs within the city shall be maintained in a safe condition and in such a manner that they shall not become a visual detriment to the community at large.
The building inspector shall be charged with the responsibility and authority to inspect all signs within the city and direct the maintenance of the signs.
Maintenance of signs is defined as keeping sign structures in a safe condition, free of rust, with broken glass or plastic replaced, electrical lights and other electrical operations in operable condition, letters and other sign components in the equivalent condition as on the sign permit or as approved.
(b) Should the building inspector find a non-maintained sign as defined above, it shall cause the owner of the sign to be notified as to the deficiency and the corrective action that needs to be taken.
(c) Should the owner fail to exhibit evidence of compliance within 30 days after the mailing of the letter of notification, the building inspector shall cause the owner to be cited for violation of this section or the building inspector shall ensure that the noncompliant sign is removed through the process of administrative abatement.
(d) Painted sign maintenance.
The owner of any sign as defined and regulated by this regulation shall be required to have properly painted, at least once every two years, all parts and supports of the sign, unless the same are galvanized or otherwise treated to prevent rust.
(Code 1987, app.
A, § 62; Ord.
No.
7365, § 1(part), 2-5-2001)"
6,ARTICLE VI.- SIGNS,DIVISION 1. - GENERALLY,Sec. 46-243. - Gross sign area.,sub-sec-6.1.8,https://library.municode.com/mo/moberly/codes/code_of_ordinances?nodeId=COOR_CH46ZOPLDE_ARTVISI_DIV1GE_S46-243GRSIAR,https://zoneomics.com/code/8367/chapter_6#6.1.8,False,0,"(a) Gross area shall include the entire area within a single continuous perimeter enclosing the extreme limits of the sign, exclusive of the base on which it is mounted or from which it is suspended.
If more than one side of a sign is utilized as a sign, then only the largest side shall be computed and shall be counted as a portion of the gross area.
On lots where more than one sign is located, the total gross area of all the signs shall not exceed the maximum gross area for one sign permitted by this regulation.
(b) For computing the gross area of any wall sign which consists of letters mounted or painted on a wall, the area shall be deemed to be the area of the smallest rectangular figure which can encompass the letters.
Sign height shall be measured from the ground elevation at the base of the sign to the highest element of the sign.
(Code 1987, app.
A, § 57(a), (b); Ord.
No.
7365, § 1(part), 2-5-2001; Ord.
No.
7394, § 1(part), 6-18-2001; Ord.
No.
8280, § 1, 11-17-2008)"
6,ARTICLE VI.- SIGNS,DIVISION 1. - GENERALLY,Sec. 46-244. - Linear street frontage measurement.,sub-sec-6.1.9,https://library.municode.com/mo/moberly/codes/code_of_ordinances?nodeId=COOR_CH46ZOPLDE_ARTVISI_DIV1GE_S46-244LISTFRME,https://zoneomics.com/code/8367/chapter_6#6.1.9,False,0,"In those districts where gross sign area is allocated based on linear street frontage and the tract or parcel is adjacent to more than one street, the linear street frontage shall be the distance of that property line abutting the major street.
(Code 1987, app.
A, § 57(h); Ord.
No.
7365, § 1(part), 2-5-2001; Ord.
No.
7394, § 1(part), 6-18-2001; Ord.
No.
8280, § 1, 11-17-2008)"
6,ARTICLE VI.- SIGNS,DIVISION 1. - GENERALLY,Sec. 46-245. - Scale and context.,sub-sec-6.1.10,https://library.municode.com/mo/moberly/codes/code_of_ordinances?nodeId=COOR_CH46ZOPLDE_ARTVISI_DIV1GE_S46-245SCCO,https://zoneomics.com/code/8367/chapter_6#6.1.10,False,0,"Signs shall be in scale with the site or structure where located and in context with the site, structure and service offered.
Scale includes both human scale and proportion.
Signs shall be proportional to the element they are attached to and the façade as a whole.
Context includes form, style, color, balance and structure lines as follows:
(1) Form.
Sign shape and its relationship to the structure or service offered.
(2) Style.
Historical, eclectic, modem or contemporary shapes, texts and colors.
(3) Color.
Analogous or complementary in relation to site or structure.
(4) Balance.
Location of sign in structure element relating to balance through location, mass and color.
(5) Structure lines.
Major lines of building elements and compatibility to outlines, horizontal and vertical lines such as roof line, ground line, window lines, etc.
(Code 1987, app.
A, § 57(j); Ord.
No.
7365, § 1(part), 2-5-2001; Ord.
No.
7394, § 1(part), 6-18-2001; Ord.
No.
8280, § 1, 11-17-2008)"
6,ARTICLE VI.- SIGNS,DIVISION 1. - GENERALLY,Sec. 46-246. - Construction materials.,sub-sec-6.1.11,https://library.municode.com/mo/moberly/codes/code_of_ordinances?nodeId=COOR_CH46ZOPLDE_ARTVISI_DIV1GE_S46-246COMA,https://zoneomics.com/code/8367/chapter_6#6.1.11,False,0,"All signs must be constructed of permanent all-weather materials.
(Code 1987, app.
A, § 57(k); Ord.
No.
7365, § 1(part), 2-5-2001; Ord.
No.
7394, § 1(part), 6-18-2001; Ord.
No.
8280, § 1, 11-17-2008)"
6,ARTICLE VI.- SIGNS,DIVISION 1. - GENERALLY,Sec. 46-247. - Landscaping.,sub-sec-6.1.12,https://library.municode.com/mo/moberly/codes/code_of_ordinances?nodeId=COOR_CH46ZOPLDE_ARTVISI_DIV1GE_S46-247LA,https://zoneomics.com/code/8367/chapter_6#6.1.12,False,0,"Ground signs and elevated signs shall be landscaped to match the natural state of the land.
A combination of landscaping and decorative planter is permitted and shall extend no less than two vertical feet from ground level.
Landscape planters shall be constructed of brick, concrete block, CCA or other materials as approved on the site plans.
(Code 1987, app.
A, § 57(i); Ord.
No.
7365, § 1(part), 2-5-2001; Ord.
No.
7394, § 1(part), 6-18-2001; Ord.
No.
8280, § 1, 11-17-2008)"
6,ARTICLE VI.- SIGNS,DIVISION 1. - GENERALLY,Sec. 46-248. - Temporary signs.,sub-sec-6.1.13,https://library.municode.com/mo/moberly/codes/code_of_ordinances?nodeId=COOR_CH46ZOPLDE_ARTVISI_DIV1GE_S46-248TESI,https://zoneomics.com/code/8367/chapter_6#6.1.13,False,0,"(a) Generally.
Temporary signs shall be erected and maintained in a safe and attractive manner and shall be subject to applicable regulations except as specifically modified herein.
(b) Real estate signs.
Real estate signs shall be removed within one week of the date of sale, rental, or lease.
Signs over 32 square feet in area shall be authorized by the board of zoning appeals, which shall base its decision on setback, traffic speed, sign design, and surroundings.
(c) Construction signs.
Construction signs shall be 32 square feet or less.
Such signs are subject to yard area requirements and may be erected at the start of construction and shall be removed upon project completion.
(d) Portable display signs.
Portable display signs shall be allowed on a premises in a commercial or industrial zoning district for not more than 14 consecutive days, and no more than 30 days in a 12-month period.
(Code 1987, app.
A, §§ 60, 61; Ord.
No.
7365, § 1(part), 2-5-2001)"
6,ARTICLE VI.- SIGNS,DIVISION 1. - GENERALLY,Sec. 46-249. - Illuminated signs.,sub-sec-6.1.14,https://library.municode.com/mo/moberly/codes/code_of_ordinances?nodeId=COOR_CH46ZOPLDE_ARTVISI_DIV1GE_S46-249ILSI,https://zoneomics.com/code/8367/chapter_6#6.1.14,False,0,"A sign designed to give forth artificial light or designed to reflect light derived from any source is an illuminated sign.
Illuminated signs shall be designed as to reflect or direct light away from any residential dwelling district and any illuminated sign located on a lot adjacent to, in front of or across the street from any residential district, which sign is visible from such residential district, shall not be illuminated between the hours of 11:00 p.m. and
7:00 a.m. Illuminated signs in direct vision of a traffic signal shall not be in red, amber or green illumination.
(Code 1987, app.
A, § 57(c); Ord.
No.
7365, § 1(part), 2-5-2001; Ord.
No.
7394, § 1(part), 6-18-2001; Ord.
No.
8280, § 1, 11-17-2008)"
6,ARTICLE VI.- SIGNS,DIVISION 1. - GENERALLY,Sec. 46-250. - Flashing or moving signs.,sub-sec-6.1.15,https://library.municode.com/mo/moberly/codes/code_of_ordinances?nodeId=COOR_CH46ZOPLDE_ARTVISI_DIV1GE_S46-250FLMOSI,https://zoneomics.com/code/8367/chapter_6#6.1.15,False,0,"Any sign that is revolving, rotating, moving, animated, has moving lights or creates the illusion of movement shall be considered a moving sign.
Any illuminated sign on which the artificial light is not constant in intensity and color at all times is considered a flashing sign.
Flashing signs shall not be permitted which are in any way similar to traffic signals or emergency vehicle lights.
A sign which displays the current time or temperature by use of intermittent lighting shall not be deemed a flashing sign if the lighting changes are limited to text indicating time, temperature or other public messages.
Such sign shall not in any case exceed 32 square feet in area.
(Code 1987, app.
A, § 57(d); Ord.
No.
7365, § 1(part), 2-5-2001; Ord.
No.
7394, § 1(part), 6-18-2001; Ord.
No.
8280, § 1, 11-17-2008)"
6,ARTICLE VI.- SIGNS,DIVISION 2. - SPECIFIC ZONING DISTRICT STANDARDS,Sec. 46-279. - District standard table.,sub-sec-6.2.1,https://library.municode.com/mo/moberly/codes/code_of_ordinances?nodeId=COOR_CH46ZOPLDE_ARTVISI_DIV2SPZODIST_S46-279DISTTA,https://zoneomics.com/code/8367/chapter_6#6.2.1,False,0,"Expand |  | Zoning District | | | | | | | | |
| --- | --- | --- | --- | --- | --- | --- | --- | --- | --- |
| Standards | N-1 | R-1 | R-2 | R-3 | MP | B-1 | B-2 | B-3 | M-1 |
|  |  | A | A | A | A | B | C | D | D |
| Functional Sign Types | | | | | | | | | |
| Advertising sign |  |  |  |  |  | P |  |  | P |
| Bulletin board |  |  |  |  | P | P | P | P | P |
| Business sign | P | P | P | P | P | P | P | P | P |
| Construction sign | P | P | P | P | P | P | P | P | P |
| Identification sign | P | P | P | P | P | P | P | P | P |
| Name plate sign | P | P | P | P | P | P | P | P | P |
| Temporary sign | P | P | P | P | P | P | P | P | P |
| Structural Sign Types | | | | | | | | | |
| Awning, canopy or marquee sign |  |  |  |  |  | P | P | P | P |
| Elevated sign |  |  |  |  |  |  |  | P | P |
| Ground sign |  |  |  |  |  | P |  | P | P |
| Monument sign | P | P | P | P | P | P |  | P | P |
| Portable display sign |  |  |  |  |  |  |  | P | P |
| Projecting sign |  |  |  |  |  | P | P | P | P |
| Wall sign |  |  |  |  |  | P | P | P | P |
| Roof sign |  |  |  |  |  |  |  |  | C |
| Window sign |  |  |  |  |  | P | P | P | P | (Code 1987, app.
A, § 64; Ord.
No.
7365, § 1(part), 2-5-2001)"
6,ARTICLE VI.- SIGNS,DIVISION 2. - SPECIFIC ZONING DISTRICT STANDARDS,"Sec. 46-280. - N-1 Nonurban District and R-1, R-2, R-3 and MP Residential Districts.",sub-sec-6.2.2,https://library.municode.com/mo/moberly/codes/code_of_ordinances?nodeId=COOR_CH46ZOPLDE_ARTVISI_DIV2SPZODIST_S46-280NODIMPREDI,https://zoneomics.com/code/8367/chapter_6#6.2.2,False,0,"In N-1 Nonurban Districts, R-1 Single-Family Residential Districts, R-2 Two-Family Residential Districts, R-3 Multifamily Dwelling Districts, and MP Manufactured Home Park Residential District, the following sign restrictions apply:
(1) Number of signs permitted:
One sign per zoning lot; and two signs per zoning lot on a corner lot, with one sign facing each street.
(2) Maximum gross area:
a. Business signs; home occupations: four square feet.
b. Identification signs: 36 square feet.
(In the N-1 district only.)
c. Temporary signs: as regulated by section 46-239.
d. Name plate signs: four square feet.
e. Monument sign: 36 square feet.
(In association with an approved conditional use permit only.)
f.
Subdivision monument signs: 36 square feet.
(3) Maximum height: 15 feet.
(4) Required setback:
No sign shall be placed closer to the front property line than one-half the distance of the front yard setback; except that real estate signs shall be exempt from setback requirements.
Subdivision monument signs shall only be located in the right-of-way at the entrance to the subdivision.
(5) Illumination:
Bulletin board signs may be indirectly illuminated with incandescent or fluorescent lighting.
(Code 1987, app.
A, § 65(a); Ord.
No.
7365, § 1(part), 2-5-2001; Ord.
No.
7394, § 1(part), 6-18-2001; Ord.
No.
7595, § 1, 6-16-2003; Ord.
No.
8372, § 1, 7-20-2009)"
6,ARTICLE VI.- SIGNS,DIVISION 2. - SPECIFIC ZONING DISTRICT STANDARDS,Sec. 46-281. - B-3 General Commercial District.,sub-sec-6.2.3,https://library.municode.com/mo/moberly/codes/code_of_ordinances?nodeId=COOR_CH46ZOPLDE_ARTVISI_DIV2SPZODIST_S46-281GECODI,https://zoneomics.com/code/8367/chapter_6#6.2.3,False,0,"In the B-3 General Commercial District, the following sign restrictions apply:
(1) Number of signs permitted:
a. Awning, canopy or marquee signs and wall signs:
No limitations.
b. Ground, monument, elevated, or projecting signs:
One per zoning lot except that:
1. Lots with more than 500 feet of street frontage on a single street may have one sign per drive approach off that street.
2. Lots that are located on a corner, with separate drive approaches on adjacent streets, when the combined street frontage off both streets is more than 500 feet, may have up to two signs, located one on each of the adjacent streets (but not two on the same street frontage).
(2) Maximum gross surface area:
Four square feet for each linear foot of street frontage; provided no single sign shall exceed a gross surface area of 100 square feet; provided further, no elevated sign shall exceed 250 square feet in gross surface area.
A building wall with 1,000 square feet or less shall be limited to 100 square feet of wall sign area.
A building wall over 1,000 square feet of area could have up to ten percent in wall signs.
(3) Maximum height: 30 feet, except as otherwise limited in height by this article.
(4) Required setback:
No sign shall be placed closer to the front property line than ten feet, and no sign shall be closer than 25 feet to a residentially zoned lot.
(5) Illumination:
Illuminated signs shall be permitted.
(6) Elevated signs:
a. One elevated sign shall be permitted on the premises of any business located on a platted lot which has no less than 150 feet of frontage on 24/63 Highway rights-of-way.
b. The height of the elevated sign shall be no greater than 50 feet or 30 above the highest elevation of the finished grade of the highway pavement, whichever is less, except signs on property located at the exits off Highway 63, which shall be no greater than 50 feet in height.
c. The gross surface area of the face of the sign shall not exceed 250 square feet.
(7) Advertising signs (billboards): Advertising signs (billboards) may be established along the 24/63 Highway rights-of-way however, they meet the following conditions:
a. No advertising sign shall be located within 660 feet of another advertising sign abutting either side of the same street or highway.
b. No advertising sign shall be located closer than 20 feet from a property line adjoining a public right-of-way, 200 feet from any property line which is residentially zoned or ten feet from any interior boundary lines of the premises on which the advertising sign is located.
Setbacks shall be measured from the surface display area to the vertical extension of the property line.
c. The surface display area of any side of an advertising sign may not exceed 400 feet.
In the case of advertising sign structures with tandem or stacked advertising sign faces, the combined surface display area of both faces may not exceed 400 square feet.
d. The height of an advertising sign shall not exceed 35 feet above the grade of the ground on which the advertising sign sits or the grade of the abutting roadway, whichever is higher.
e. No advertising sign shall be on top of, cantilevered, or otherwise suspended above the roof of any building.
f. An advertising sign may be illuminated, provided such illumination is concentrated on the surface of the sign and is so located as to avoid glare or reflection onto any portion of an adjacent street or highway, the path of oncoming vehicles, or any adjacent premises.
In no event shall any advertising sign have flashing or intermittent lights, nor shall the lights be permitted to rotate or oscillate.
g. An advertising sign must be constructed in such a fashion that it will withstand all wind and vibration forces that can normally be expected to occur in the vicinity.
An advertising sign must be maintained so as to ensure proper alignment of structure, continued structural soundness, and continued readability of message.
h. An advertising sign established within a business, commercial, or industrial area, as defined in the Highway Advertising Act of 1972 (1972 PA 106, as amended) bordering interstate highways, freeways, or primary highways as defined in the Act shall, in addition to complying with the above conditions, also comply with all applicable provisions of the Act and the regulations provided thereunder, as such may from time to time be amended.
(Code 1987, app.
A, § 65(b); Ord.
No.
7365, § 1(part), 2-5-2001; Ord.
No.
7394, § 1(part), 6-18-2001; Ord.
No.
7595, § 1, 6-16-2003; Ord.
No.
8372, § 1, 7-20-2009)"
6,ARTICLE VI.- SIGNS,DIVISION 2. - SPECIFIC ZONING DISTRICT STANDARDS,Sec. 46-282. - B-2 Central Business District.,sub-sec-6.2.4,https://library.municode.com/mo/moberly/codes/code_of_ordinances?nodeId=COOR_CH46ZOPLDE_ARTVISI_DIV2SPZODIST_S46-282CEBUDI,https://zoneomics.com/code/8367/chapter_6#6.2.4,False,0,"In the B-2 Central Business District, the following sign restrictions apply:
(1) Number of signs permitted: no limit.
(2) Maximum gross surface area:
Four square feet for each linear foot of street frontage, provided no single sign shall exceed a gross surface area of 100 square feet.
(3) Maximum height:
N/A; except wall and projecting signs may extend to the roof eave line.
(4) Required setback:
No sign shall be placed closer to the front property line than one-half the distance of the front yard, and no sign shall be closer than 25 feet to a residentially zoned lot.
(5) Illumination:
Illuminated signs shall be permitted.
(Code 1987, app.
A, § 65(c); Ord.
No.
7365, § 1(part), 2-5-2001; Ord.
No.
7394, § 1(part), 6-18-2001; Ord.
No.
7595, § 1, 6-16-2003; Ord.
No.
8372, § 1, 7-20-2009)"
6,ARTICLE VI.- SIGNS,DIVISION 2. - SPECIFIC ZONING DISTRICT STANDARDS,Sec. 46-283. - B-1 Business Park District and M-1 Industrial District.,sub-sec-6.2.5,https://library.municode.com/mo/moberly/codes/code_of_ordinances?nodeId=COOR_CH46ZOPLDE_ARTVISI_DIV2SPZODIST_S46-283BUPADIINDI,https://zoneomics.com/code/8367/chapter_6#6.2.5,False,0,"In the B-1 Business Park and M-1 Industrial Districts, the following sign restrictions apply:
(1) Number of signs permitted:
Same as B-3, except as modified by advertising signs in subsection (6) of this section.
(2) Maximum gross surface area:
Four square feet per linear foot of street, frontage, provided no single sign exceeds a gross surface area of 300 square feet, except as modified by advertising signs in subsection (6) of this section.
(3) Maximum height: 30 feet above highest point for roof and wall signs and 30 feet for all others, except as modified by advertising signs in subsection (6) of this section.
(4) Required setback:
No sign shall be placed closer to the front property line than one-half the distance of the front yard, except that no sign shall be closer than 25 feet to a residentially zoned lot.
(5) Illumination:
Illuminated signs shall be permitted, except as modified by advertising signs in subsection (6)(d) of this section.
(6) Advertising signs (billboards); Advertising signs (billboards) may be established along the 24/63 Highway rights-of-way however, they must meet the following conditions:
a. No advertising sign shall be located within 660 feet of another advertising sign abutting either side of the same street or highway.
b. No advertising, elevated sign shall be located closer than ten feet from any interior boundary line adjoining a public right-of-way, 200 feet from any property line which is residentially zoned or ten feet from an interior boundary of the premises on which the advertising, elevated sign is located.
No advertising billboard sign shall be located closer than 20 feet from a property line adjoining a public right-of-way, 200 feet from any property line which is residentially zoned or ten feet from any interior boundary lines of the premises on which the advertising sign is located.
Setbacks shall be measured from the surface display area to the vertical extension of the property line.
c. The surface display area of any side of an advertising sign may not exceed 400 feet.
In the case of advertising sign structures with tandem or stacked advertising sign faces, the combined surface display area of both faces may not exceed 400 square feet.
d. The height of an advertising sign shall not exceed 35 feet above the grade of the ground on which the advertising sign sits or the grade of the abutting roadway, whichever is higher.
e. No advertising sign shall be on top of, cantilevered, or otherwise suspended above the roof of any building.
f. An advertising sign may be illuminated, provided such illumination is concentrated on the surface of the sign and is so located as to avoid glare or reflection onto any portion of an adjacent street or highway, the path of oncoming vehicles, or any adjacent premises.
In no event shall any advertising sign have flashing or intermittent lights, nor shall the lights be permitted to rotate or oscillate.
g. An advertising sign must be constructed in such a fashion that it will withstand all wind and vibration forces that can normally be expected to occur in the vicinity.
An advertising sign must be maintained so as to ensure proper alignment of structure, continued structural soundness, and continued readability of message.
h. An advertising sign established within a business, commercial, or industrial area, as defined in the Highway Advertising Act of 1972 (1972 PA 106, as amended) bordering interstate highways, freeways or primary highways as defined in the Act shall, in addition to complying with the above conditions, also comply with all applicable provisions of the Act and the regulations provided thereunder, as such may from time to time be amended.
(Code 1987, app.
A, § 65(d); Ord.
No.
7365, § 1(part), 2-5-2001; Ord.
No.
7394, § 1(part), 6-18-2001; Ord.
No.
7595, § 1, 6-16-2003; Ord.
No.
8372, § 1, 7-20-2009)"
6,ARTICLE VI.- SIGNS,DIVISION 2. - SPECIFIC ZONING DISTRICT STANDARDS,"Sec. 46-284. - Office parks, shopping centers and planned districts.",sub-sec-6.2.6,https://library.municode.com/mo/moberly/codes/code_of_ordinances?nodeId=COOR_CH46ZOPLDE_ARTVISI_DIV2SPZODIST_S46-284OFPASHCEPLDI,https://zoneomics.com/code/8367/chapter_6#6.2.6,False,0,"(a) In the case of a proposed office park, shopping center, or other grouping of three or more tenants or establishments (new or remodeled), the developer shall prepare and submit to the planning and zoning commission a master signage plan for all permanent exterior signs.
Such plan shall set standards that shall run with all leases or sales of portions of the development.
A full and accurate description of all signs shall be included indicating location, placement, materials, graphic design styles, type of illumination, etc.
Final development plans shall not be approved until the planning and zoning commission has approved the sign standards.
For purposes of this section, the term ""shopping center, office park, or their groupings,"" shall mean a project of one or more buildings that has been planned as an integrated unit or cluster of units on property under unified control or ownership.
The sale, subdivision, or other partition of the site does not exempt the project or portions thereof from complying with this article.
(b) In the case of a shopping center, office park or other grouping which is occupied by more than one tenant, one monument sign and one elevated sign may be permitted in addition to the wall mounted signs on the tenant stores of the center; except that, for centers whose tenant stores are set back from the front lot line more than 330 feet, with a minimum of 300 feet frontage, a third sign may be permitted as either another monument sign or another elevated sign.
The design and location of the signs shall be subject to site plan review by the planning and zoning commission.
(c) Where all tenants or property owners within a building or shopping center, office park or other grouping agree in writing, one tenant may, in lieu of the wall sign permitted, have one monument sign or ground sign depicting the business or product.
The design and location of this sign shall be subject to approval of the planning and zoning commission.
(Code 1987, app.
A, § 63; Ord.
No.
7365, § 1(part), 2-5-2001; Ord.
No.
7574, § 1, 4-21-2003)"
7,ARTICLE VII.- FENCES,Sec. 46-296.- Applicability., ,sub-sec-7.1,https://library.municode.com/mo/moberly/codes/code_of_ordinances?nodeId=COOR_CH46ZOPLDE_ARTVIIFE_S46-296AP,https://zoneomics.com/code/8367/chapter_7#7.1,False,0,"Except as otherwise specifically provided in this Code or by state law or rule, the requirements of this article shall apply to the construction of fences within the city.
(Code 1987, app.
A, § 34; Ord.
No.
7365, § 1(part), 2-5-2001; Ord.
No.
7394, § 1, 6-18-2001)"
7,ARTICLE VII.- FENCES,Sec. 46-297. - Permit required; general restrictions., ,sub-sec-7.2,https://library.municode.com/mo/moberly/codes/code_of_ordinances?nodeId=COOR_CH46ZOPLDE_ARTVIIFE_S46-297PEREGERE,https://zoneomics.com/code/8367/chapter_7#7.2,False,0,"(a) No fence shall be constructed without a permit.
(b) Fences may be constructed to the property lines, but no fence shall be constructed or maintained upon or over and public right-of-way or alley.
(c) No fence or walled enclosure shall exceed four feet in height for fencing that has a 25 percent or less opacity or three feet in height for all other fencing.
(d) No fence or enclosure shall cause a sight obstruction to traffic within the sight triangle.
For purposes of this subsection, the sight triangle is the area from the corner of a right-of-way intersection in each direction for a distance of 15 feet in residential zones or 30 feet in commercial zones from intersecting edges of pavement as projected to a point of meeting.
(e) No fence shall be constructed or maintained in such a manner or of such design so as to:
(1) Be hazardous or dangerous to persons or animals, or which will be located in the traffic sight triangle;
(2) Materially damage the adjacent property by obstructing the view, shutting out the sunlight or hindering ventilation associated with the adjacent property; or (3) Adversely affect the public health, safety and welfare."
7,ARTICLE VII.- FENCES,Sec. 46-298. - Rear yard fences., ,sub-sec-7.3,https://library.municode.com/mo/moberly/codes/code_of_ordinances?nodeId=COOR_CH46ZOPLDE_ARTVIIFE_S46-298REYAFE,https://zoneomics.com/code/8367/chapter_7#7.3,False,0,"(a) Rear yard fencing shall be constructed of wood that is cut or treated specifically for fencing material or brick, chain link or other approved fencing material designed for use in residential neighborhoods.
(b) Posts may be metal (except ""T"" line posts, which are prohibited).
(c) Board widths shall be no greater than 12 inches for solid, staggered or basket weave fences.
(d) Solid panels of plywood, wafer board or similar construction material may be used only for temporary fences around construction sites for public safety."
7,ARTICLE VII.- FENCES,Sec. 46-299. - Decorative front yard fences., ,sub-sec-7.4,https://library.municode.com/mo/moberly/codes/code_of_ordinances?nodeId=COOR_CH46ZOPLDE_ARTVIIFE_S46-299DEFRYAFE,https://zoneomics.com/code/8367/chapter_7#7.4,False,0,"(a) Front yard fencing shall be constructed of wood that is cut or treated specifically for fencing material or vinyl, chain link, wrought iron, square tubing or metal tubing.
(b) A decorative fence must be of open construction with no more than 25 percent opacity.
(c) Plywood, wafer board or similar construction material and used construction or commercial objects, such as storage pallets, are prohibited.
(d) All framework must be on the private (inside) portion of the property and all posts of a wire fence must be inside of the fabric.
(e) All posts must be set in concrete to a minimum depth below the frost line, as required by the city.
(f) Metal ""T"" line posts are prohibited."
7,ARTICLE VII.- FENCES,Sec. 46-300. - Residential district restrictions., ,sub-sec-7.5,https://library.municode.com/mo/moberly/codes/code_of_ordinances?nodeId=COOR_CH46ZOPLDE_ARTVIIFE_S46-300REDIRE,https://zoneomics.com/code/8367/chapter_7#7.5,False,0,"(a) Fences in residential districts may be constructed up to the property line and must be constructed of approved material pursuant to this article.
No fence shall be composed in whole or in part of barbed wire.
(b) Fencing may be up to six feet in height in rear or side yards, unless located within a sight triangle.
Rear and side yard fencing locating with a sight triangle shall be limited to four feet for fencing having 25 percent or less opacity and three feet for opaque fencing; provided, however, that the fencing, regardless of height, may not impede sight distance.
(c) Fences located in front yards may not to be taller than four feet for fencing with 25 percent or less opacity or three feet for fencing with opacity greater than 25 percent; provided, however, that the fencing, regardless of height, may not impede sight distance.
(d) No fence shall be erected within five feet of an existing dwelling on an adjoining lot.
(e) Fences enclosing swimming pools shall be a minimum of four feet high and located no closer than three feet to the pool structure.
Swimming pool fences must meet all applicable building code regulations."
7,ARTICLE VII.- FENCES,Sec. 46-301. - Commercial district restrictions., ,sub-sec-7.6,https://library.municode.com/mo/moberly/codes/code_of_ordinances?nodeId=COOR_CH46ZOPLDE_ARTVIIFE_S46-301CODIRE,https://zoneomics.com/code/8367/chapter_7#7.6,False,0,"(a) Fences in commercial districts may be constructed up to the property line in the side and rear yards so long as no portion of the fence is located closer to the front property line than the front corner of the building.
(b) Front yard fencing other than a decorative fence and any fencing greater than six feet in height require a conditional use permit.
(c) Fencing located within the sight triangle may be no more than 25 percent opacity."
7,ARTICLE VII.- FENCES,Secs. 46-302—46-304. - Reserved., ,sub-sec-7.7,https://library.municode.com/mo/moberly/codes/code_of_ordinances?nodeId=COOR_CH46ZOPLDE_ARTVIIFE_SS46-302--46-304RE,https://zoneomics.com/code/8367/chapter_7#7.7,False,0,"Editor's note— Ord.
No.
9738, § 3, adopted December 19, 2022, repealed
§§ 46-302—46-304, which pertained to buffer fencing between residential and commercial or industrial properties, salvage yard screening, solid waste collection and processing facility screening and derived from Code 1987."
8,ARTICLE VIII.- NONCONFORMITIES,Sec. 46-315.- General regulations., ,sub-sec-8.1,https://library.municode.com/mo/moberly/codes/code_of_ordinances?nodeId=COOR_CH46ZOPLDE_ARTVIIINO_S46-315GERE,https://zoneomics.com/code/8367/chapter_8#8.1,False,0,"(a) Continuation of legally existing nonconforming signs.
All signs legally existing at the time of passage of this article may remain in use under the conditions of legal nonconformance.
Signs in legal nonconformance shall not be enlarged, moved, lighted, or reconstructed; however, the change of the advertising display shall not be restricted except as previously stated.
(b) Replacement of damaged sign.
Should any nonconforming sign be damaged by any means to an extent of more than 75 percent of its replacement cost at the time of damage, it shall not be reconstructed except in conformity with the provisions of this article.
(c) Removal of on-site nonconforming signs.
All on-site nonconforming signs not otherwise prohibited by the provisions of this article shall be removed or shall be altered to conform to the provisions of this regulation when the nature of the business conducted on the premises changes and the sign is changed or modified either in shape, size, or legend or when the name of the business changes and the sign is changed or modified either in shape, size, or legend.
(d) Removal of signs upon destruction of principal structures.
When a principal structure is destroyed or removed due to natural or manmade circumstances, all signs on the property shall be removed within 90 days, unless a building permit has been issued to replace the structure within the time period.
(Code 1987, app.
A, §§ 52, 53; Ord.
No.
7365, § 1(part), 2-5-2001)"
8,ARTICLE VIII.- NONCONFORMITIES,Sec. 46-316. - Types., ,sub-sec-8.2,https://library.municode.com/mo/moberly/codes/code_of_ordinances?nodeId=COOR_CH46ZOPLDE_ARTVIIINO_S46-316TY,https://zoneomics.com/code/8367/chapter_8#8.2,False,0,"Nonconformities are of three types: nonconforming lots of record, nonconforming structures and nonconforming uses.
A definition of each type is as follows:
Nonconforming lot of record means an unimproved lot which is part of a recorded subdivision or a parcel of land, the deed to which was recorded prior to the adoption of this article, and neither the lot nor parcel complies with the lot width or area requirements for any permitted use in the district in which it is located.
Nonconforming structure means an existing structure which does not comply with the height or yard requirements which are applicable to new structures in the zoning district in which it is located.
Nonconforming use means an existing use of a structure or of land which does not comply with the use regulations applicable to new uses in the zoning district in which it is located.
(Code 1987, app.
A, § 66; Ord.
No.
7365, § 1(part), 2-5-2001)"
8,ARTICLE VIII.- NONCONFORMITIES,Sec. 46-317. - Nonconforming lots of record., ,sub-sec-8.3,https://library.municode.com/mo/moberly/codes/code_of_ordinances?nodeId=COOR_CH46ZOPLDE_ARTVIIINO_S46-317NOLORE,https://zoneomics.com/code/8367/chapter_8#8.3,False,0,"The building inspector shall issue a building permit for any nonconforming lot of record, however:
(1) The lot is shown by a recorded plat or deed to have been owned separately and individually from adjoining tracts of land at a time when the creation of a lot of such size and width at such location would not have been prohibited by any zoning regulations; and
(2) The lot has remained in separate and individual ownership from adjoining tracts of land continuously during the entire time that the creation of such lot has been prohibited by the applicable zoning regulations; and
(3) The lot can meet all yard regulations for the district in which it is located; and
(4) The lot can be served by municipal sewerage disposal; or can meet minimum standards for on-site sewage treatment as required by the county health office, should the city determine that the lot cannot be served by the municipal disposal system.
(Code 1987, app.
A, § 67; Ord.
No.
7365, § 1(part), 2-5-2001)"
8,ARTICLE VIII.- NONCONFORMITIES,Sec. 46-318. - Nonconforming structures., ,sub-sec-8.4,https://library.municode.com/mo/moberly/codes/code_of_ordinances?nodeId=COOR_CH46ZOPLDE_ARTVIIINO_S46-318NOST,https://zoneomics.com/code/8367/chapter_8#8.4,False,0,"(a) Authority to continue.
Any nonconforming structure which is devoted to a use which is permitted in the zoning district in which it is located, may be continued, so long as it remains otherwise lawful.
(b) Enlargement, repair, alterations.
Any nonconforming structure may be enlarged, maintained, repaired or remodeled; provided, however, no such enlargement, maintenance, repair or remodeling shall either create any additional nonconformity or increase the degree of existing nonconformity of all or any part of such structure; provided further, existing manufactured home parks not meeting the requirements of this article shall be declared nonconforming and shall not be permitted to add spaces or make any improvements inconsistent with the terms and conditions of this article.
(c) Damage or destruction.
In the event that any nonconforming structure is damaged or destroyed, by any means, to the extent of more than 75 percent of its appraised value, such structure shall not be restored unless it shall conform to the regulations for the zoning district in which it is located.
When a structure is damaged to the extent of 75 percent or less, no repairs or restoration shall be made unless a building permit is obtained and restoration is actually begun within one year after the date of such partial destruction and is diligently pursued to completion.
(d) Moving.
No nonconforming structure shall be moved in whole or in part for any distance whatever, to any other location on the same or any other lot unless the entire structure shall conform to the regulations of the zoning district in which it is located after being moved.
(Code 1987, app.
A, § 68; Ord.
No.
7365, § 1(part), 2-5-2001)"
8,ARTICLE VIII.- NONCONFORMITIES,Sec. 46-319. - Nonconforming uses., ,sub-sec-8.5,https://library.municode.com/mo/moberly/codes/code_of_ordinances?nodeId=COOR_CH46ZOPLDE_ARTVIIINO_S46-319NOUS,https://zoneomics.com/code/8367/chapter_8#8.5,False,0,"(a) Authority to continue.
Any lawfully existing nonconforming use or part or all of a structure or any lawfully existing nonconforming use of land, may be continued, so long as otherwise lawful.
(b) Ordinary repair and maintenance.
(1) Normal maintenance and incidental repair, or replacement, installation or relocation of non-bearing walls, non-bearing partitions, fixtures, wiring or plumbing, may be performed on any structure that is devoted in whole or in part to a nonconforming use.
(2) Nothing in this article shall be deemed to prevent the strengthening or restoring to a safe condition of a structure in accordance with an order of a public official who is charged with protecting the public safety and who declares such structure to be unsafe and orders its restoration to a safe condition.
(c) Extension.
A nonconforming use shall not be extended, expanded, enlarged, or increased in intensity.
Such prohibited activities shall include, without being limited to:
(1) Extension of such use to any structure or land area other than that occupied by such nonconforming use on the effective date of the ordinance from which this article is derived (or on the effective date of subsequent amendments hereto that cause such use to become nonconforming).
(2) Extension of such use within a structure to any portion of the floor area that was not occupied by such nonconforming use on the effective date of the ordinance from which this article is derived (or on the effective date of subsequent amendments hereto that cause such use to become nonconforming); provided, however, that such use may be extended throughout any part of such structure that was lawfully and manifestly designed or arranged for such use on such effective date.
(d) Enlargement.
No structure that is devoted in whole or in part to a nonconforming use shall be enlarged or added to in any manner unless such structure and the use thereof shall conform to the regulations of the district in which it is located.
(e) Damage or destruction.
If any structure that is devoted in whole or in part to a nonconforming use is damaged or destroyed, by any means, to the extent of more than 75 percent of its appraised value, such structure shall not be restored unless such structure and the use thereof shall conform to all regulations of the zoning district in which it is located.
When such damage or destruction is 75 percent or less, no repairs or restoration shall be made unless a building permit is obtained, and restoration is actually begun within one year after the date of such partial destruction and is diligently pursued to completion.
(f) Moving.
No structure that is devoted in whole or in part to a nonconforming use and nonconforming use of land shall be moved in whole or in part for any distance whatever, to any other location on the same or any other lot, unless the entire structure and the use thereof or the use of land shall conform to all regulations of the zoning districts in which it is located after being so moved.
(g) Change in use.
If no structural alterations are made, any nonconforming use of a structure, or structure and premises, may, as a conditional use, be changed to another nonconforming use however, the board of adjustment either by general rule or by making findings in the specific case, shall find that the proposed use is equally appropriate or more appropriate to the district than the existing nonconforming use.
In permitting such change, the board of adjustment may require appropriate conditions and safeguards in accordance with article IX of this chapter.
Once a change is made to a more appropriate use, the use shall not be returned to the original use or a less appropriate use.
(h) Abandonment or discontinuance.
When a nonconforming use is discontinued or abandoned for a period of 12 consecutive months, such use shall not be reestablished or resumed, and any subsequent use or occupancy of such land shall comply with the regulations of the zoning district in which such land is located.
(i) Nonconforming accessory uses.
No use which is accessory to a principal nonconforming use shall continue after such principal use shall cease or terminate.
(j) Nonconforming residential uses.
Notwithstanding the provisions of sections 46-303(3) and 46-305(d), any structure which is devoted to a residential use and which is located in a business or industrial district, may be remodeled, extended, expanded, and enlarged; however, after any such remodeling, expansion or enlargement, such structure shall not be used to accommodate a greater number of dwelling or lodging units than such structure accommodated prior to any such work.
(Code 1987, app.
A, § 69; Ord.
No.
7365, § 1(part), 2-5-2001)"
8,ARTICLE VIII.- NONCONFORMITIES,Sec. 46-320. - Status of conditional uses., ,sub-sec-8.6,https://library.municode.com/mo/moberly/codes/code_of_ordinances?nodeId=COOR_CH46ZOPLDE_ARTVIIINO_S46-320STCOUS,https://zoneomics.com/code/8367/chapter_8#8.6,False,0,"(a) Status of existing conditional uses.
Where a use exists at the effective date of the ordinance from which this article is derived and is permitted by this article only as a conditional use in the zoning district in which it is located, such use shall not be deemed to be a nonconforming use, but shall, without further action, be deemed a lawful conforming use in such zoning district.
Such conditional use shall not be enlarged or expanded unless a conditional use application is approved as set out in article IX of this chapter.
(b) Status of future conditional uses.
Any use for which a conditional use permit has been issued, as provided in this article, shall not be deemed to be a nonconforming use, but shall, without further action, be deemed a lawful conforming use.
(Code 1987, app.
A, § 70; Ord.
No.
7365, § 1(part), 2-5-2001)"
8,ARTICLE VIII.- NONCONFORMITIES,Sec. 46-321. - Exceptions., ,sub-sec-8.7,https://library.municode.com/mo/moberly/codes/code_of_ordinances?nodeId=COOR_CH46ZOPLDE_ARTVIIINO_S46-321EX,https://zoneomics.com/code/8367/chapter_8#8.7,False,0,"Reuse of a commercial structure.
Any existing commercial structure, in a residential district, that was previously utilized by a documented commercial use may be occupied by a permitted home occupation.
Any reuse of any existing commercial structure shall be subject to the site plan review process.
All new alterations to the structure must meet the minimum requirement of the underlining zoning district.
(Code 1987, app.
A, § 70.5; Ord.
No.
7394, § 1(part), 6-18-2001)"
9,ARTICLE IX.- CONDITIONAL USE PERMITS,Sec. 46-335.- General considerations., ,sub-sec-9.1,https://library.municode.com/mo/moberly/codes/code_of_ordinances?nodeId=COOR_CH46ZOPLDE_ARTIXCOUSPE_S46-335GECO,https://zoneomics.com/code/8367/chapter_9#9.1,False,0,"(a) Delegation of power.
The city council shall decide whether conditional use permits shall be granted only after having received a recommendation from the planning and zoning commission.
In no event shall a conditional use permit be granted where the proposed use is not authorized by the terms of this article, or where the standards of this article are not found to exist.
(b) Conditions and guarantees.
Prior to the granting of any conditional use permit, the planning and zoning commission or city council may stipulate such conditions and restrictions upon the establishment, location, construction, maintenance and operation of the conditional use permit as is deemed necessary for the protection of the public interest and to secure compliance with the standards and conditions contained herein.
In all cases in which a conditional use permit is granted, the planning and zoning commission may recommend or the city council may require such evidence and guarantees as may be deemed necessary to ensure that the conditions stipulated are being, and will be, fully complied with.
(c) Conditional use permits in residential districts.
In no event shall conditional use permits in residential districts be transferable from an owner-applicant to a subsequent owner of the subject real estate or structure.
(Code 1987, app.
A, § 71; Ord.
No.
7365, § 1(part), 2-5-2001)"
9,ARTICLE IX.- CONDITIONAL USE PERMITS,Sec. 46-336. - Procedure., ,sub-sec-9.2,https://library.municode.com/mo/moberly/codes/code_of_ordinances?nodeId=COOR_CH46ZOPLDE_ARTIXCOUSPE_S46-336PR,https://zoneomics.com/code/8367/chapter_9#9.2,False,0,"(a) Application.
A written application for a conditional use permit shall be filed with the zoning administrator by the operator/owner of the proposed land use and shall include a statement indicating the section of the ordinance under which the permit is sought, the grounds upon which it is requested, and sufficient evidence to show that the use will conform to the standards set forth.
The application shall be accompanied by an area map and site plan of the subject property.
(b) Fees.
Every application for a conditional use permit shall be subject to a filing fee as established by the city council.
(c) Site plan.
All applicants for a conditional use permit shall submit with their application ten copies of a development plan for the property which shall include the following:
(1) A site plan showing:
a. Approximate size and locations of all structures.
b. Access from streets.
c. Parking arrangements and numbers of spaces.
d. Interior drives and service areas.
e. Landscaped areas.
f. All proposed signs.
(2) Location map showing development and zoning of adjacent property within 100 feet.
(3) The full legal description of the boundaries of the development area.
(4) A description of the general character of all structures.
(d) Hearing.
Upon receipt of the formal application and all accompanying material, the zoning administrator shall call a public hearing for the next scheduled meeting of the planning and zoning commission; provided, however, that notice must be published in a newspaper of general circulation at least 15 days prior to the date set for hearing.
The planning and zoning commission shall submit a recommendation to their city council within 30 days after the close of the public hearing.
(e) Findings.
In making a recommendation to the city council, the planning and zoning commission shall specify the particular grounds relied upon and their relation to the proposed use and shall make affirmative findings that the proposed use conforms with the general standards set forth in this article.
In no case shall a conditional use permit be granted if the proposed use will constitute a nuisance or a public health or safety hazard to adjacent properties or to the community at large.
(f) Action by city council.
The city council shall consider the planning and zoning commission's recommendation at the next regularly scheduled city council meeting for which the agenda item can be docketed.
The city council shall consider the recommendation of the planning and zoning commission and act in accordance with the procedures for amending zoning district boundaries.
If the city council fails to act upon a recommendation within 120 days from the receipt thereof, the application shall be deemed to have been denied.
(Code 1987, app.
A, § 72; Ord.
No.
7365, § 1(part), 2-5-2001)"
9,ARTICLE IX.- CONDITIONAL USE PERMITS,Sec. 46-337. - Standards for issuance., ,sub-sec-9.3,https://library.municode.com/mo/moberly/codes/code_of_ordinances?nodeId=COOR_CH46ZOPLDE_ARTIXCOUSPE_S46-337STIS,https://zoneomics.com/code/8367/chapter_9#9.3,False,0,"Before any permit shall be granted, the planning and zoning commission shall make written findings certifying that adequate provision has been made for the following:
(1) The location and size of the proposed use in relation to the site and to adjacent sites and uses of property, and the nature and intensity of operations proposed thereon.
(2) Accessibility of the property to police, fire, refuse collection and other municipal services; adequacy of ingress and egress to and within the site; traffic flow and control; and the adequacy of off-street parking and loading areas.
(3) Utilities and services, including water, sewer, drainage, gas, and electricity, with particular reference to location, availability, capacity and compatibility.
(4) The location, nature, and height of structures, walls, fences, and other improvements; their relation to adjacent property and uses; and the need for buffering or screening.
(5) The adequacy of required yard and open space requirements and sign provisions.
(6) The general compatibility with adjacent properties, other properties in the district, and the general safety, health, comfort and general welfare of the community.
(Code 1987, app.
A, § 73; Ord.
No.
7365, § 1(part), 2-5-2001)"
9,ARTICLE IX.- CONDITIONAL USE PERMITS,Sec. 46-338. - Additional conditions., ,sub-sec-9.4,https://library.municode.com/mo/moberly/codes/code_of_ordinances?nodeId=COOR_CH46ZOPLDE_ARTIXCOUSPE_S46-338ADCO,https://zoneomics.com/code/8367/chapter_9#9.4,False,0,"In granting a conditional use, the city may impose such conditions, safeguards and restrictions upon the premises to reduce or minimize any potential injurious effect of such conditional uses upon other property in the neighborhood, and to carry out the general purpose and intent of this article.
The use standards specified for the uses listed in article III of this chapter shall also be requirements for the approval of a conditional use permit.
(Code 1987, app.
A, § 74; Ord.
No.
7365, § 1(part), 2-5-2001)"
9,ARTICLE IX.- CONDITIONAL USE PERMITS,Sec. 46-339. - Time limit., ,sub-sec-9.5,https://library.municode.com/mo/moberly/codes/code_of_ordinances?nodeId=COOR_CH46ZOPLDE_ARTIXCOUSPE_S46-339TILI,https://zoneomics.com/code/8367/chapter_9#9.5,False,0,"(a) Sunset.
A conditional use permit shall expire, upon public hearing, unless a building permit is taken within 12 months to effectuate such specially permitted use; or if no building permit is required, evidence of use is filed with building inspector.
(b) Abandonment.
Once a conditionally permitted use ceases or is abandoned for a period of more than 12 months, the conditional use permit shall expire upon public hearing; except that the conditional use permit for an auto salvage yard shall automatically expire if the state license for operating the auto salvage yard lapses for a period of time more than six months.
(c) Home occupation.
A conditional use permit for a home occupation shall not be transferable to a new owner of the real estate.
(Code 1987, app.
A, § 75; Ord.
No.
7365, § 1(part), 2-5-2001)"
9,ARTICLE IX.- CONDITIONAL USE PERMITS,Sec. 46-340. - Special events., ,sub-sec-9.6,https://library.municode.com/mo/moberly/codes/code_of_ordinances?nodeId=COOR_CH46ZOPLDE_ARTIXCOUSPE_S46-340SPEV,https://zoneomics.com/code/8367/chapter_9#9.6,False,0,"By resolution, the city council is authorized to temporarily suspend the requirement of a conditional use permit for short-term housing rentals in all zoning districts and authorize short-term housing rentals as permitted uses in all zoning district during special events for a term not to exceed ten days.
(Ord.
No.
9668, § 1, 9-7-2021)"
10,ARTICLE X. - ADMINISTRATION AND ENFORCEMENT,DIVISION 1. - GENERALLY,Sec. 46-367. - Legislative and quasi-judicial regulation of land use.,sub-sec-10.1.1,https://library.municode.com/mo/moberly/codes/code_of_ordinances?nodeId=COOR_CH46ZOPLDE_ARTXADEN_DIV1GE_S46-367LEQUDIRELAUS,https://zoneomics.com/code/8367/chapter_10#10.1.1,False,0,"The city shall regulate land use as provided by statute and appoint a planning and zoning commission by city ordinance; which planning and zoning commission shall prepare and adopt bylaws for the conduct of their business, including adoption of a comprehensive plan.
(Code 1987, app.
A, § 99; Ord.
No.
7365, § 1(part), 2-5-2001)"
10,ARTICLE X. - ADMINISTRATION AND ENFORCEMENT,DIVISION 1. - GENERALLY,Sec. 46-368. - Office of the zoning administrator.,sub-sec-10.1.2,https://library.municode.com/mo/moberly/codes/code_of_ordinances?nodeId=COOR_CH46ZOPLDE_ARTXADEN_DIV1GE_S46-368OFZOAD,https://zoneomics.com/code/8367/chapter_10#10.1.2,False,0,"(a) Authorization.
A zoning administrator shall be appointed by the city council and shall be responsible for the enforcement of this article.
(b) Duties.
The zoning administrator shall enforce this article and in addition thereto and in furtherance of the authority, he shall:
(1) Approve and issue all zoning and occupancy certificates and make and maintain records thereof.
(2) Conduct inspections of structures and uses of land to determine compliance with the provisions of the zoning regulations.
(3) Receive, file, and forward to the board of adjustment the records in all appeals and all applications for variances.
(4) Maintain permanent and current records of the zoning regulations including, but not limited to, all zoning maps, amendments, variances, appeals and applications therefor and records of hearing thereon.
(5) Maintain for distribution to the public a supply of copies of the zoning map, the compiled text of the zoning regulations, and the rules of the board of adjustment.
(Code 1987, app.
A, § 100; Ord.
No.
7365, § 1(part), 2-5-2001)"
10,ARTICLE X. - ADMINISTRATION AND ENFORCEMENT,DIVISION 2. - PLANNING AND ZONING COMMISSION,Sec. 46-395. - Established; membership appointment; term.,sub-sec-10.2.1,https://library.municode.com/mo/moberly/codes/code_of_ordinances?nodeId=COOR_CH46ZOPLDE_ARTXADEN_DIV2PLZOCO_S46-395ESMEAPTE,https://zoneomics.com/code/8367/chapter_10#10.2.1,False,0,"The city council has established a planning and zoning commission that shall also serve as and function as the city planning and zoning commission.
The planning and zoning commission shall be appointed by the city council and shall consist of 11 members including:
(1) The mayor, if the mayor chooses to be a member.
(2) A member of the council selected by the council, if the council chooses to have a member on the commission, and
(3) Not more than 11 nor less than nine citizens appointed by the mayor and approved by the council.
All citizen members of the commission shall serve without compensation.
The term of each of the citizen members shall be for four years, only serving two consecutive terms or until a new member is appointed, except that the terms of the citizen members first appointed shall be for varying periods so that succeeding terms will be staggered.
Any vacancy in a membership shall be filled for the unexpired term by appointment.
The council may remove any citizen member for cause stated in writing after public hearing.
(Code 1987, app.
A, § 21-1; Code 1965, §§2-134, 2-135; Code 1987, § 21-1; Ord.
No.
7320, § 1, 6-5-2000; Ord.
No.
8518, § 1, 10-1-8-2010; Ord.
No.
9431, § 1, 4-16-2018)
State Law reference— Zoning commission, RSMo 89.070; planning commission, RSMo
89.300 et seq."
10,ARTICLE X. - ADMINISTRATION AND ENFORCEMENT,DIVISION 2. - PLANNING AND ZONING COMMISSION,"Sec. 46-396. - Approval of public improvements, street vacations, etc.",sub-sec-10.2.2,https://library.municode.com/mo/moberly/codes/code_of_ordinances?nodeId=COOR_CH46ZOPLDE_ARTXADEN_DIV2PLZOCO_S46-396APPUIMSTVAET,https://zoneomics.com/code/8367/chapter_10#10.2.2,False,0,"(a) In this section, the term ""commission"" means the planning and zoning commission when it serves as the city planning and zoning commission.
(b) Whenever the commission adopts the plan of the city or any part thereof, no street or other public facilities, or no public utility, whether publicly or privately owned, and, the location, extent and character thereof having been included in the recommendations and proposals of the plan or portions thereof, shall be construed or authorized in the municipality until the location, extent and character thereof has been submitted to and approved by the commission.
In case of disapproval the commission shall communicate its reasons to the council, and the council, by vote of not less than two-thirds of its entire membership, may overrule the disapproval and, upon the overruling, the council or the appropriate board or officer may proceed, except that if the public facility or utility is one the authorization or financing of which does not fall within the province of the council, then the submission to the commission shall be by the board having jurisdiction, and the commission's disapproval may be overruled by that board by a vote of not less than two-thirds of its entire membership.
(c) The acceptance, widening, removal, extension, relocation, narrowing, vacation, abandonment, change of use, acquisition of land for, sale or lease of any street or other public facility is subject to similar submission and approval, and the failure to approve may be similarly overruled.
(d) The failure of the commission to act within 60 days after the date of official submission to it shall be deemed approval.
(Code 1987, app.
A, § 21-2; Code 1987, § 21-2) State Law reference— Similar provisions, RSMo 89.380."
10,ARTICLE X. - ADMINISTRATION AND ENFORCEMENT,DIVISION 2. - PLANNING AND ZONING COMMISSION,"Sec. 46-397. - Hearings for zoning, rezoning and conditional uses.",sub-sec-10.2.3,https://library.municode.com/mo/moberly/codes/code_of_ordinances?nodeId=COOR_CH46ZOPLDE_ARTXADEN_DIV2PLZOCO_S46-397HEZORECOUS,https://zoneomics.com/code/8367/chapter_10#10.2.3,False,0,"(a) Generally.
The city council may, from time to time, by ordinance, amend, change, modify or repeal the boundaries of zoning districts, and conditional uses, or grant conditional uses.
Before taking any such action, the city council shall submit the same to the planning and zoning commission for its recommendation and report.
(b) Deposit.
On submission of any proposed change in zoning classification or request for a conditional use, the applicant will be required to deposit with the collector of the city at the time of filing the proposed change, the sum as provided in the city fee schedule, which amount is nonrefundable.
(c) Procedure for change.
Applications for any change of district boundaries or classifications of property as shown on the zoning map, and for regulation amendments, or for a conditional use, shall be submitted to the planning and zoning commission, at its public office, upon such forms, and shall be accompanied by such data and information, as may be prescribed for that purpose by the planning and zoning commission, to ensure the fullest practicable presentation of facts for the permanent record.
Each such application shall be verified by at least one of the owners or lessees of property within the area proposed to be reclassified, attesting to the truth and correctness of all facts and information presented with the application.
All applications shall be filed at least 28 days prior to the public hearing to be held by the planning and zoning commission.
(d) Publication and notices.
(1) The planning and zoning commission shall hold a public hearing on all proposed changes in zoning classification and conditional uses sought.
Notice of the public hearing shall be given in the following manner:
Notice of the public hearing shall be given by publication in a newspaper of general circulation in the city at least 15 days prior to the public hearing.
(2) Notices shall also be posted in three conspicuous places in the vicinity of the real estate to be affected giving the legal description of the property to be rezoned, or for which a conditional use is requested.
Such notices shall be posted at least ten days prior to the public hearing.
(3) Notice of such hearing shall also be provided by regular mail no later than ten days prior to the public hearing to the record owners of property within the area proposed to be rezoned or a conditional use sought and within 185 feet of the property proposed to be reclassified at their last known address.
(Code 1987, app.
A, § 21-3; Code 1987, § 21-3; Ord.
No.
6269, § 1, 6-5-1989)"
10,ARTICLE X. - ADMINISTRATION AND ENFORCEMENT,DIVISION 3. - BOARD OF ADJUSTMENT,Sec. 46-423. - Formation; members; terms; general duties.,sub-sec-10.3.1,https://library.municode.com/mo/moberly/codes/code_of_ordinances?nodeId=COOR_CH46ZOPLDE_ARTXADEN_DIV3BOAD_S46-423FOMETEGEDU,https://zoneomics.com/code/8367/chapter_10#10.3.1,False,0,"(a) The city council has created a board of adjustment in accordance with state statutes governing such creation.
The board shall consist of five members, who shall be residents of the city.
The membership of the first board appointed shall serve respectively, one for one year, one for two years, one for three years, one for four years, and one for five years.
The members shall be appointed for terms of five years each, only serving two consecutive terms or until a new member is appointed.
(b) The board shall adopt rules of procedure as may be necessary and proper to govern its own proceedings; such rules shall not be in conflict with other laws, ordinances or resolutions.
Meetings of the board shall be held at the chairperson and at such other times as the board may determine.
The board shall keep minutes of its proceedings, showing the description of evidence presented, the findings of fact by the board, the decision of the board and the vote of each member upon each question, or if absent or failing to vote, indicating such fact, and will keep records of its examinations and other official actions, all of which shall be filed in the office of the board immediately and shall be a public record.
(Code 1987, app.
A, § 83; Ord.
No.
7365, § 1(part), 2-5-2001; Ord.
No.
9431, § 2, 4-16-2018)"
10,ARTICLE X. - ADMINISTRATION AND ENFORCEMENT,DIVISION 3. - BOARD OF ADJUSTMENT,Sec. 46-424. - Powers and jurisdiction; quorum.,sub-sec-10.3.2,https://library.municode.com/mo/moberly/codes/code_of_ordinances?nodeId=COOR_CH46ZOPLDE_ARTXADEN_DIV3BOAD_S46-424POJUQU,https://zoneomics.com/code/8367/chapter_10#10.3.2,False,0,"(a) Powers and jurisdiction.
The board shall have the following powers and jurisdictions:
(1) Appeals.
To hear and decide where it is alleged there is an error in any order, requirement, decision, or determination made by the zoning administrator in the enforcement of this division.
a. Appeals of the board may be taken by the person aggrieved, or by any officer, department, or bureau of the government affected by any decision of the zoning administrator.
Such appeal shall be taken within a reasonable time, as shall be prescribed by the board by general rule, by filing with the zoning administrator and with the secretary of the board a notice of appeal specifying the grounds thereof.
The zoning administrator shall forthwith transmit to the secretary of the board all papers constituting the record upon which the action appealed from is taken.
b. An appeal stays all proceedings in furtherance of the action appealed from, unless the zoning administrator certifies to the board, after the notice of appeal shall have been filed with him, that by reason of facts stated in the certificate, a stay would, in his opinion, cause immediate peril to life or property.
In such case, proceedings shall not be stayed otherwise than by a restraining order which may be granted by the board, or by a court of record on application or notice to the zoning administrator of good cause shown.
(2) Variances.
To authorize in specific cases a variance from the specific terms of this division which will not be contrary to the public interest and where, owing to special conditions, a literal enforcement of the provisions of this division will, in an individual case, result in unnecessary hardship, provided the spirit of this division shall be observed, public safety and welfare secured, and substantial justice done.
a. The applicant must show that his property was acquired in good faith and where by reason of exceptional narrowness, shallowness, or shape of this specific piece of property at the time of the effective date of the district zoning regulations, or where by reason of exceptional topographical conditions or other extraordinary or exceptional circumstances, that the strict application of the terms of the zoning regulations actually prohibits the use of his property in the manner similar to that of other property in the zoning district where it is located.
b. Variances may be granted for any modifications of the specific terms of the zoning regulations, except that a variance may not be granted to allow the establishment of a use not permitted in the district regulations.
c. A request for a variance may be granted, upon a finding of the board that the following conditions have been met.
The board shall make a determination of each condition and the finding shall be entered in the record.
1. The variance requested arises from such condition which is unique to the property in question and which is not ordinarily found in the same zone or district; and is not created by an action or actions of the property owner or applicant.
2. The granting of the permit for the variance will not adversely affect the rights of adjacent property owners or residents.
3. The strict application of the provisions of the zoning regulations of which the variance is requested will constitute unnecessary hardship upon the property owner represented in the application.
4. The variance desired will not adversely affect the public health, safety, morals, order, convenience, prosperity, or general welfare.
5. The granting of the variance desired will not be opposed to the general spirit and intent of the zoning regulations.
(3) Conditions of determination.
In exercising the foregoing powers, the board, in conformity with the provisions of this act, may reverse or affirm, wholly or partly, or may modify the order, requirement, decision, or determination, and to that end shall have all the powers of the officer from whom the appeal is taken, may attach appropriate conditions, and may issue or direct the issuance of a permit.
(b) Quorum.
A majority of the board shall constitute a quorum for the transaction of business, and a concurring vote of four members of the board shall be necessary to reverse any order, requirement, decision, or determination of the zoning administrator, or to decide in favor of the applicant upon any matter which it is required to pass under any such regulation, or to affect any variation in such regulation.
Upon the hearing, any party may appear in person or by agent or by attorney.
(Code 1987, app.
A, § 84; Ord.
No.
7365, § 1(part), 2-5-2001)"
10,ARTICLE X. - ADMINISTRATION AND ENFORCEMENT,DIVISION 3. - BOARD OF ADJUSTMENT,Sec. 46-425. - Applications.,sub-sec-10.3.3,https://library.municode.com/mo/moberly/codes/code_of_ordinances?nodeId=COOR_CH46ZOPLDE_ARTXADEN_DIV3BOAD_S46-425AP,https://zoneomics.com/code/8367/chapter_10#10.3.3,False,0,"(a) The procedure for requesting a hearing before the board shall be as follows:
(1) All applications to the board shall be in writing on forms provided by the board.
(2) The board shall fix a reasonable time for the hearing of an application and notice of the time, place, and subject of each hearing shall be published in the official newspaper (as designated by the city council) at least 15 days prior to the date fixed for the public hearing.
A copy of the notice of public hearing shall be sent to each party of interest and to the planning and zoning commission.
(3) An application to the board of adjustment shall be accompanied by a filing fee as provided in the city fee schedule.
A separate filing fee as provided in the city fee schedule shall be required for each request.
(b) In addition to the above requirements, certain applications require additional information as follows:
(1) Appeals.
a. An application for an appeal shall be filed within 60 days after a ruling has been made by the zoning administrator.
b. A copy of the order, requirement, decision, or determination of the zoning administrator which the appellant believes to be in error.
c. A clear and accurate written description of the proposed use, work, or action in which the appeal is involved and a statement justifying the appellant's position.
d. Where necessary, a plot plan, drawn to scale, shall be submitted in duplicate showing existing and proposed plans for the area in question.
(2) Variances.
a. The applicant shall submit a statement, in writing, justifying the variance requested, indicating specifically the enforcement provisions of the zoning regulations from which the variance is requested, and outlining in detail the manner in which it is believed that this application will meet each of the five conditions as set out in this section.
b. The applicant shall submit a sketch, in duplicate, drawn to scale and showing the lot or lots included in the application, the structures existing thereon, and the structures contemplated necessitating the variance requested.
All appropriate dimensions should be included and any other information that would be helpful to the board in consideration of the application.
(Code 1987, app.
A, § 85; Ord.
No.
7365, § 1(part), 2-5-2001; Ord.
No.
7920, § 1, 3-20-2006)"
10,ARTICLE X. - ADMINISTRATION AND ENFORCEMENT,DIVISION 3. - BOARD OF ADJUSTMENT,Sec. 46-426. - Performance.,sub-sec-10.3.4,https://library.municode.com/mo/moberly/codes/code_of_ordinances?nodeId=COOR_CH46ZOPLDE_ARTXADEN_DIV3BOAD_S46-426PE,https://zoneomics.com/code/8367/chapter_10#10.3.4,False,0,"(a) In making any decisions varying or modifying any provisions of the zoning regulations, the board shall impose such restrictions, terms, time limitations, landscaping, and other appropriate safeguards to protect adjoining property.
(b) The board may require a performance bond to guarantee the installation of improvements such as parking lot surfacing, landscaping, etc.
The amount of the bond shall be based on a general estimate of cost for the improvements as determined by the board, and shall be enforceable by or payable to the city council in the sum equal to the cost of constructing the required improvements.
(c) In lieu of the performance bond requirement, the board may specify a time limit for the completion of such required improvements and, in the event the improvements are not completed within the specified time, the board may declare the granting of the application null and void after reconsideration.
(Code 1987, app.
A, § 86; Ord.
No.
7365, § 1(part), 2-5-2001)"
10,ARTICLE X. - ADMINISTRATION AND ENFORCEMENT,DIVISION 3. - BOARD OF ADJUSTMENT,Sec. 46-427. - Who may appeal from the board decision.,sub-sec-10.3.5,https://library.municode.com/mo/moberly/codes/code_of_ordinances?nodeId=COOR_CH46ZOPLDE_ARTXADEN_DIV3BOAD_S46-427WHMAAPBODE,https://zoneomics.com/code/8367/chapter_10#10.3.5,False,0,"Any person, department, or departments of the government jointly or separately aggrieved by any decision of the board may present to the circuit court having jurisdiction a petition, duly verified, stating that such decision is illegal in whole or in part, specifying the grounds of the illegality, and asking for relief therefrom.
Such petition shall be presented to the court within 30 days after the date of filing the decision in the office of the board.
(Code 1987, app.
A, § 87; Ord.
No.
7365, § 1(part), 2-5-2001)"
10,ARTICLE X. - ADMINISTRATION AND ENFORCEMENT,DIVISION 4. - SITE PLAN REVIEW,Sec. 46-453. - Intent.,sub-sec-10.4.1,https://library.municode.com/mo/moberly/codes/code_of_ordinances?nodeId=COOR_CH46ZOPLDE_ARTXADEN_DIV4SIPLRE_S46-453IN,https://zoneomics.com/code/8367/chapter_10#10.4.1,False,0,"The city recognizes that the very nature of land development creates potential for traffic congestion, overcrowding, adverse visual environmental impacts, and health problems.
Also, the city strives to achieve the goal of promoting growth in city, while stabilizing the established residential patterns of the area.
The city seeks to ensure that any location that must accommodate urban uses, shall be subject to site plan review by the planning and zoning commission.
The site plan review process shall help ensure that the meaning and intent of the zoning regulations, and all portions thereof, are fully complied with.
The site plan review regulates the development of structures and sites in a manner that considers the following concerns:
(1) The balancing of landowners' rights to use their land, with the corresponding rights of abutting and neighboring landowners to live without undue disturbances (e.g., noise, smoke, fumes, dust, odor, glare, stormwater runoff, etc.
);
(2) The convenience and safety of vehicular and pedestrian movement within the site, and in relation to adjacent areas or roads;
(3) The adequacy of waste disposal methods and protection from pollution of surface or groundwater;
(4) The protection of historic and natural environmental features on the site under review, and in adjacent areas; and
(5) The stability of the built environment, particularly residential neighborhoods, by promoting urban development that is compatible with clearly identified natural resources.
(Code 1987, app.
A, § 76; Ord.
No.
7365, § 1(part), 2-5-2001)"
10,ARTICLE X. - ADMINISTRATION AND ENFORCEMENT,DIVISION 4. - SITE PLAN REVIEW,Sec. 46-454. - Applicability.,sub-sec-10.4.2,https://library.municode.com/mo/moberly/codes/code_of_ordinances?nodeId=COOR_CH46ZOPLDE_ARTXADEN_DIV4SIPLRE_S46-454AP,https://zoneomics.com/code/8367/chapter_10#10.4.2,False,0,"The zoning administrator shall require that all applications for building permits for developments in the multifamily, commercial and industrial zoning districts be subject to site plan review in accordance with this division, and for redevelopment in the following circumstances: if the redevelopment enlarges the size of the original structure by more than 50 percent; and if the redevelopment of an existing facility or parcel that changes its original use by more than 50 percent and that accessory structures are exempt from a site plan review when added to an existing conforming property, however, the bulk, height and area requirements are still met.
Developments shall be encouraged to implement the objectives of the future land use plan to foster compatibility among land uses in the city.
Site plan reviews shall be performed by the zoning administrator, and submitted to the planning and zoning commission for approval if in conjunction with a public hearing.
(Code 1987, app.
A, § 77; Ord.
No.
7365, § 1(part), 2-5-2001; Ord.
No.
7535, § 1, 12-16-2002)"
10,ARTICLE X. - ADMINISTRATION AND ENFORCEMENT,DIVISION 4. - SITE PLAN REVIEW,Sec. 46-455. - Site plan review determination.,sub-sec-10.4.3,https://library.municode.com/mo/moberly/codes/code_of_ordinances?nodeId=COOR_CH46ZOPLDE_ARTXADEN_DIV4SIPLRE_S46-455SIPLREDE,https://zoneomics.com/code/8367/chapter_10#10.4.3,False,0,"The planning and zoning commission shall perform their review at the next regularly scheduled meeting of the planning and zoning commission for which the item may be scheduled and shall adjourn and reconvene as is determined necessary.
The applicant may appeal a site plan review determination to the city council for approval in the event that an applicant alleges that there is an error in any order, requirement, decision or determination made by the zoning administrator or the planning and zoning commission in the enforcement of site plan review.
The request for review by the city council shall be accompanied by a complete description of the errors alleged.
(Code 1987, app.
A, § 78; Ord.
No.
7365, § 1(part), 2-5-2001)"
10,ARTICLE X. - ADMINISTRATION AND ENFORCEMENT,DIVISION 4. - SITE PLAN REVIEW,Sec. 46-456. - Authority.,sub-sec-10.4.4,https://library.municode.com/mo/moberly/codes/code_of_ordinances?nodeId=COOR_CH46ZOPLDE_ARTXADEN_DIV4SIPLRE_S46-456AU,https://zoneomics.com/code/8367/chapter_10#10.4.4,False,0,"Building permits shall not be issued for any use of land or proposed construction on a lot in the zoning districts in which site plan review is applicable, unless site plan review approval has been granted.
(Code 1987, app.
A, § 79; Ord.
No.
7365, § 1(part), 2-5-2001)"
10,ARTICLE X. - ADMINISTRATION AND ENFORCEMENT,DIVISION 4. - SITE PLAN REVIEW,Sec. 46-457. - Submission requirements.,sub-sec-10.4.5,https://library.municode.com/mo/moberly/codes/code_of_ordinances?nodeId=COOR_CH46ZOPLDE_ARTXADEN_DIV4SIPLRE_S46-457SURE,https://zoneomics.com/code/8367/chapter_10#10.4.5,False,0,"The site plan shall include the following data, details, and supporting plans which are relevant to the proposal.
The number of pages submitted will depend on the proposal's size and complexity.
The applicant shall make notations explaining the reasons for any omissions.
Site plans shall be prepared at a discernable scale.
(1) Name of the project, address, boundaries, date, north arrow and scale of the plan.
(2) Name and address of the owner of record, developer, and seal of the engineer, architect, land surveyor or landscape architect.
(3) Name and address of all owners of record of abutting parcels.
(4) All existing lot lines, easements, and rights-of-way.
Include area in acres or square feet, abutting land uses and structures.
(5) The location and use of all existing and proposed structures within the development.
Include all dimensions of height and floor area, and show all exterior entrances and all anticipated future additions and alterations.
For developments in the B-2 Central Business District, indicate design details to make new construction compatible with existing structures.
(6) The location of all present and proposed public and private ways, parking areas, driveways, sidewalks, ramps, curbs and fences.
Location, type, and screening details for all waste disposal containers shall also be shown.
(7) The location, height, intensity, and bulb type (e.g., fluorescent, sodium incandescent) of all external lighting fixtures.
The direction of illumination and methods to eliminate glare onto adjoining properties must also be shown.
(8) The location, height, size, materials, and design of all proposed signage.
(9) A landscape plan showing all existing open space, trees, forest cover and water sources, and all proposed changes to these features including size and type of plant material.
Water sources will include ponds, lakes, brooks, streams, wetlands, flood plains, and drainage retention areas.
(10) The location of all present and proposed utility systems including:
a. Sewerage system;
b. Water supply system;
c. Telephone, cable and electrical systems; and
d. Storm drainage system including existing and proposed drain lines, culverts, catch basins, head walls, end walls, hydrants, manholes, and drainage swells.
(11) Plans to prevent the pollution of surface or groundwater, erosion of soil both during and after construction, excessive run-off, excessive raising or lowering of the water table, and flooding of other properties, as applicable.
(12) Existing and proposed topography shown at not more than two-foot contour intervals.
All elevations shall refer to the United States Geodetic Survey (USGS) datum.
If any portion of the parcel is within the 100-year flood plain, the area shall be shown, with base flood elevations; and the developer shall present plans for meeting Federal Emergency Management Agency (FEMA) requirements.
(13) Existing and proposed zoning district boundaries adjacent to the site's perimeter shall be drawn and identified on the plan.
(14) Traffic flow patterns within the site, entrances and exits, loading and unloading areas, curb cuts on the site and within 100 feet of the site.
The zoning administrator may require a detailed traffic study for mixed use and multi-tenant developments, or for developments in heavy traffic areas to include:
a. The projected number of motor vehicle trips to enter or leave the site, estimated for daily and peak hour traffic levels;
b. The projected traffic flow pattern including vehicular movements at all major intersections likely to be affected by the proposed use of the site; and
c. The impact of this traffic upon existing abutting public and private ways in relation to existing road capacities.
Existing and proposed daily and peak hour traffic levels, as well as road capacity levels, shall also be given.
(Code 1987, app.
A, § 80; Ord.
No.
7365, § 1(part), 2-5-2001)"
10,ARTICLE X. - ADMINISTRATION AND ENFORCEMENT,DIVISION 4. - SITE PLAN REVIEW,Sec. 46-458. - Standard of review.,sub-sec-10.4.6,https://library.municode.com/mo/moberly/codes/code_of_ordinances?nodeId=COOR_CH46ZOPLDE_ARTXADEN_DIV4SIPLRE_S46-458STRE,https://zoneomics.com/code/8367/chapter_10#10.4.6,False,0,"The recommendations of the zoning administrator shall be based on the following standards:
(1) The extent to which the proposal conforms to the previous sections of this division.
(2) The extent to which the development would be compatible with the surrounding area and the development guidelines of this division.
(3) The extent to which the proposal conforms to the provisions of the city's subdivision regulations.
(4) The extent to which the proposal conforms to customary engineering standards used in the city.
(5) The extent to which the location of streets, paths, walkways, and driveways are located so as to enhance safety and minimize any adverse traffic impact on the surrounding area.
(Code 1987, app.
A, § 81; Ord.
No.
7365, § 1(part), 2-5-2001)"
10,ARTICLE X. - ADMINISTRATION AND ENFORCEMENT,DIVISION 4. - SITE PLAN REVIEW,"Sec. 46-459. - Development guidelines, commercial and industrial districts.",sub-sec-10.4.7,https://library.municode.com/mo/moberly/codes/code_of_ordinances?nodeId=COOR_CH46ZOPLDE_ARTXADEN_DIV4SIPLRE_S46-459DEGUCOINDI,https://zoneomics.com/code/8367/chapter_10#10.4.7,False,0,"In zoning districts permitting commercial and industrial uses, buildings should meet the following minimum guidelines, based on site plan review:
(1) Raised exterior walls or screen walls should be designed to enclose groups of equipment.
Roof mounted equipment, including ventilators and satellite dishes shall be screened from view (100 percent opacity) or isolated so as not to be visible from ground level of any adjacent public thoroughfare or residentially-zoned area, up to a maximum of 300 feet away.
The appearance of roof screens shall be coordinated with the building to maintain a unified appearance.
(2) The form and proportion of buildings shall be consistent or compatible with the scale, form and proportion of existing development in the immediate area.
(3) The use of unusual shapes, color and other characteristics that cause new buildings to call excessive attention to themselves and create disharmony shall not be allowed.
(4) The rhythm of structural mass to voids, such as windows and glass doors, of a front façade should relate to the rhythms established in adjacent buildings.
(5) Where large structures are proposed with overly-long façades (walls), where one dimension exceeds the length of the perpendicular dimension, such as warehouses, building mass should be articulated with variations in the building plane and parapet height and through the use of other unique design or site plan features.
Parking lots along the façade can also relieve horizontally through the use of landscaped fingers and islands containing trees and shrubs.
(6) Architectural design should create visual interest through the use of different textures, complementary colors, shadow lines and contrasting shapes.
The use of walls in a single color, with little detailing or completely blank is discouraged.
(7) Monotony of design in single or multiple building projects shall be avoided.
Variation of detail, form, and siting shall be used to provide visual interest.
(8) Careful consideration of durable materials, proportions, and shapes, emphasizing the importance of roofs as integral and embracing elements of the over-all design is particularly important.
(9) Use of substantial amounts of masonry materials (face brick, stucco, stone) is encouraged.
The use of aluminum siding, metal ribbed panels, and extensive mirrored glass surfaces are discouraged.
Evaluation of building materials shall be based on the quality of its design and relationship and compatibility to building materials in the immediate neighborhood.
Corrugated metal façades should be complemented with abundant use of masonry, whether brick, stone, stucco, or split-face block, especially along perimeter streets.
Architectural metal panels may be an acceptable substitute for masonry.
Appropriate landscaping can be used to complement and enhance a building's design, color and material.
(10) Architectural treatments (e.g., building materials, colors, façade design, roof lines, screening) shall be consistent and compatible on all sides.
Treatment that is uniform on all sides will be deemed to meet the requirements of this principle.
Adjacent land uses, visibility from public streets, use of screening devices (walls, fences, berms, landscaping) are criteria to be considered when varying this treatment.
The applicant will have the burden of demonstrating the reasons for differing treatment on different sides (e.g., the need for truck accesses on one side and pedestrian access on another).
(11) Long expanses of overhead doors should be relieved by matching their color to the wall or trim, recessing the doors, or adding architectural details to diminish the dominance of the doors.
(Code 1987, app.
A, § 82; Ord.
No.
7365, § 1(part), 2-5-2001)"
10,ARTICLE X. - ADMINISTRATION AND ENFORCEMENT,DIVISION 5. - AMENDMENTS,Sec. 46-487. - Amendments to change zoning regulations or district boundaries.,sub-sec-10.5.1,https://library.municode.com/mo/moberly/codes/code_of_ordinances?nodeId=COOR_CH46ZOPLDE_ARTXADEN_DIV5AM_S46-487AMCHZOREDIBO,https://zoneomics.com/code/8367/chapter_10#10.5.1,False,0,"The city council, from time to time, may supplement, change or generally revise the boundaries or regulations contained in zoning regulations by amendment.
A proposal for such amendment may be initiated by the city council or the planning and zoning commission.
If such proposed amendment is not a general revision of the existing regulations and affects specific property, the amendment may be initiated by application of the owner of property affected.
Applications for conditional use permits shall be considered by the same procedure as zoning district amendments.
Any such amendment, if in accordance with the adopted comprehensive plan, shall be presumed to be reasonable.
(Code 1987, app.
A, § 89; Ord.
No.
7365, § 1(part), 2-5-2001)"
10,ARTICLE X. - ADMINISTRATION AND ENFORCEMENT,DIVISION 5. - AMENDMENTS,Sec. 46-488. - Public hearing and notice.,sub-sec-10.5.2,https://library.municode.com/mo/moberly/codes/code_of_ordinances?nodeId=COOR_CH46ZOPLDE_ARTXADEN_DIV5AM_S46-488PUHENO,https://zoneomics.com/code/8367/chapter_10#10.5.2,False,0,"All such proposed amendments first shall be submitted to the planning and zoning commission for recommendation.
The planning and zoning commission shall hold a public hearing thereon at its next regular meeting for which the application may be scheduled, shall cause an accurate written summary to be made of the proceedings, and shall give notice in like manner as that required for recommendations on the original proposed zoning regulations.
Such notice shall fix the time and place for such hearing and contain a statement regarding the proposed changes in regulations or restrictions or in the boundary or classification of any zone or district.
If such proposed amendment is not a general revision of the existing regulations and affects specific property, the property shall be designated by legal description or a general description sufficient to identify the property under consideration.
(Code 1987, app.
A, § 90; Ord.
No.
7365, § 1(part), 2-5-2001)"
10,ARTICLE X. - ADMINISTRATION AND ENFORCEMENT,DIVISION 5. - AMENDMENTS,Sec. 46-489. - Notice of proposed amendment; manner of delivery.,sub-sec-10.5.3,https://library.municode.com/mo/moberly/codes/code_of_ordinances?nodeId=COOR_CH46ZOPLDE_ARTXADEN_DIV5AM_S46-489NOPRAMMADE,https://zoneomics.com/code/8367/chapter_10#10.5.3,False,0,"In addition to such publication notice, written notice of such proposed amendment shall be mailed at least 15 days before the hearing to all owners of record of lands located within at least 185 feet of the area proposed to be altered.
All notices shall include a statement that a complete legal description is available for public inspection and shall indicate where such information is available.
When the notice has been properly addressed and deposited in the mail, failure of a party to receive such notice shall not invalidate any subsequent action taken by the planning and zoning commission or the city council.
Such notice is sufficient to permit the planning and zoning commission to recommend amendments to zoning regulations which affect only a portion of the land described in the notice or which give all or any part of the land described a zoning classification of lesser change than that set forth in the notice.
At any public hearing held to consider a proposed rezoning, an opportunity shall be granted to interested parties to be heard.
(Code 1987, app.
A, § 91; Ord.
No.
7365, § 1(part), 2-5-2001)"
10,ARTICLE X. - ADMINISTRATION AND ENFORCEMENT,DIVISION 5. - AMENDMENTS,Sec. 46-490. - Adoption.,sub-sec-10.5.4,https://library.municode.com/mo/moberly/codes/code_of_ordinances?nodeId=COOR_CH46ZOPLDE_ARTXADEN_DIV5AM_S46-490AD,https://zoneomics.com/code/8367/chapter_10#10.5.4,False,0,"(a) The procedure for the consideration and adoption of a recommendation to amend zoning district boundaries shall be in the same manner as that required for the consideration and adoption of the original zoning regulations.
A majority of a quorum of the planning and zoning commission at the hearing shall be required to recommend approval or denial of the amendment to the city council.
If the planning and zoning commission fails to make a recommendation on a rezoning request, the planning and zoning commission shall be deemed to have made a recommendation of disapproval.
When the planning and zoning commission submits a recommendation of approval or disapproval of such amendment and the reasons therefor, the city council may:
(1) Adopt such recommendation by ordinance;
(2) Override the planning and zoning commission's recommendation by a two-thirds vote of the membership of the city council; or (3) Return such recommendation to the planning and zoning commission with a statement specifying the basis for the city council's failure to approve or disapprove.
(b) If the city council returns the planning and zoning commission's recommendation, the planning and zoning commission, after considering the same, may resubmit its original recommendation giving the reasons therefor or submit a new and amended recommendation.
Upon the receipt of such recommendation, the city council, by a simple majority thereof, may adopt or may revise or amend and adopt such recommendation by the respective ordinance or it need take no further action thereon.
If the planning and zoning commission fails to deliver its recommendation to the city council following the planning and zoning commission's next regular meeting after receipt of the city council's report, the city council shall consider such course of inaction on the part of the planning and zoning commission as a resubmission of the original recommendation and proceed accordingly.
The proposed rezoning shall become effective upon publication of the respective adopting ordinance or resolution.
(Code 1987, app.
A, § 92; Ord.
No.
7365, § 1(part), 2-5-2001)"
10,ARTICLE X. - ADMINISTRATION AND ENFORCEMENT,DIVISION 5. - AMENDMENTS,Sec. 46-491. - Applications.,sub-sec-10.5.5,https://library.municode.com/mo/moberly/codes/code_of_ordinances?nodeId=COOR_CH46ZOPLDE_ARTXADEN_DIV5AM_S46-491AP,https://zoneomics.com/code/8367/chapter_10#10.5.5,False,0,"Any party desiring any change in zoning district boundaries or regulations contained in this chapter, as to any lot, tract or area of land, shall file with the zoning administrator an application, and such application shall be accompanied by such data and information as prescribed in this division.
All applications for any planning and zoning action, not submitted by the owners must be accompanied by a letter from the owner, with owner's contact information, acknowledging and approving the proposed requests.
(Code 1987, app.
A, § 93; Ord.
No.
7365, § 1(part), 2-5-2001; Ord.
No.
8052, § 1, 2-20-2007)"
10,ARTICLE X. - ADMINISTRATION AND ENFORCEMENT,DIVISION 5. - AMENDMENTS,Sec. 46-492. - Filing deposit and fee (planning and zoning applications).,sub-sec-10.5.6,https://library.municode.com/mo/moberly/codes/code_of_ordinances?nodeId=COOR_CH46ZOPLDE_ARTXADEN_DIV5AM_S46-492FIDEFEPLZOAP,https://zoneomics.com/code/8367/chapter_10#10.5.6,False,0,"An application fee and filing deposit as provided in the city fee schedule per application/public hearing shall accompany each application filed with the city.
Any application requesting approval of subdivision plats shall require an additional deposit as provided in the city fee schedule.
Promptly upon the filing of any such application, the zoning administrator shall refer the application to the planning and zoning commission agenda for study and recommendation and shall submit a report to the city council concerning the nature of the application and that the application has been referred to the planning and zoning commission.
(Code 1987, app.
A, § 94; Ord.
No.
7365, § 1(part), 2-5-2001; Ord.
No.
7920, § 2, 3-20-2006)"
10,ARTICLE X. - ADMINISTRATION AND ENFORCEMENT,DIVISION 5. - AMENDMENTS,Sec. 46-493. - Comprehensive plan.,sub-sec-10.5.7,https://library.municode.com/mo/moberly/codes/code_of_ordinances?nodeId=COOR_CH46ZOPLDE_ARTXADEN_DIV5AM_S46-493COPL,https://zoneomics.com/code/8367/chapter_10#10.5.7,False,0,"Upon the adoption or amendment of any such plan or part thereof by adoption of the appropriate resolution by the planning and zoning commission, a certified copy of the plan or part thereof, together with a written summary of the hearing thereon, shall be submitted to the city council.
No comprehensive plan shall be effective unless approved by the city council.
An attested copy of the comprehensive plan and any amendments thereto shall be sent to all other taxing subdivisions in the planning area which request a copy of such plan.
(Code 1987, app.
A, § 95; Ord.
No.
7365, § 1(part), 2-5-2001)"
10,ARTICLE X. - ADMINISTRATION AND ENFORCEMENT,DIVISION 5. - AMENDMENTS,Sec. 46-494. - Matters to be considered for zoning district amendments.,sub-sec-10.5.8,https://library.municode.com/mo/moberly/codes/code_of_ordinances?nodeId=COOR_CH46ZOPLDE_ARTXADEN_DIV5AM_S46-494MABECOZODIAM,https://zoneomics.com/code/8367/chapter_10#10.5.8,False,0,"To recommend approval or disapproval of a proposed zoning district amendment, the planning and zoning commission shall consider the following matters:
(1) Character of the neighborhood;
(2) Consistency with the comprehensive plan and ordinances of the city;
(3) Adequacy of public utilities and other needed public services;
(4) Suitability of the uses to which the property has been restricted under its existing zoning;
(5) Compatibility of the proposed district classification with nearby properties;
(6) The extent to which the zoning amendment may detrimentally affect nearby property;
(7) Whether the proposed amendment provides a disproportionately great loss to the individual land owners nearby relative to the public gain.
(Code 1987, app.
A, § 96; Ord.
No.
7365, § 1(part), 2-5-2001)"
10,ARTICLE X. - ADMINISTRATION AND ENFORCEMENT,DIVISION 5. - AMENDMENTS,Sec. 46-495. - Amendments to text.,sub-sec-10.5.9,https://library.municode.com/mo/moberly/codes/code_of_ordinances?nodeId=COOR_CH46ZOPLDE_ARTXADEN_DIV5AM_S46-495AMTE,https://zoneomics.com/code/8367/chapter_10#10.5.9,False,0,"When a proposed amendment would result in a change in the text of this division, but would not result in a change of zoning classification of any specific property, the recommendation of the planning and zoning commission shall contain a statement as to the nature and effect of such proposed amendment and determination as to the following items:
(1) Whether such change is consistent with the intent and purpose of this division;
(2) The areas which are most likely to be directly affected by such change and in what way they will be affected; and
(3) Whether the proposed amendment is made necessary because of changed or changing conditions in the areas and zoning districts affected, or in the area of jurisdiction of such changed or changing conditions.
(Code 1987, app.
A, § 97; Ord.
No.
7365, § 1(part), 2-5-2001)"
10,ARTICLE X. - ADMINISTRATION AND ENFORCEMENT,DIVISION 5. - AMENDMENTS,Sec. 46-496. - Protest.,sub-sec-10.5.10,https://library.municode.com/mo/moberly/codes/code_of_ordinances?nodeId=COOR_CH46ZOPLDE_ARTXADEN_DIV5AM_S46-496PR,https://zoneomics.com/code/8367/chapter_10#10.5.10,False,0,"Regardless of whether or not the planning and zoning commission approves or disapproves a zoning amendment, if a protest against such amendment is filed in the office of the city clerk within 14 days after the date of the conclusion of the public hearing pursuant to the publication notice, signed by the owners of 30 percent or more, either of the areas of the land (exclusive of streets and alleys) included in such proposed change, or within an area determined by lines drawn parallel to and 185 feet distant from the boundaries of the district proposed to be changed, such amendment shall not become effective except by the favorable vote of two-thirds of all the members of the city council.
(Code 1987, app.
A, § 99; Ord.
No.
7365, § 1(part), 2-5-2001)"
11,ARTICLE XI - WIRELESS COMMUNICATIONS FACILITIES CODE,Sec. 46-497.- Purpose., ,sub-sec-11.1,https://library.municode.com/mo/moberly/codes/code_of_ordinances?nodeId=COOR_CH46ZOPLDE_ARTXIWICOFACO_S46-497PU,https://zoneomics.com/code/8367/chapter_11#11.1,False,0,"(a) Statement of purpose.
The general purpose of this Article XI (""article"") is to regulate the placement, construction, and modification of telecommunications wireless communications facilities to protect the health, safety, and welfare of the public, while at the same time not unreasonably interfering with the development of the competitive wireless telecommunications marketplace in the City of Moberly.
Specifically, this article is intended to:
(1) Provide for the appropriate location and development of telecommunications facilities and systems to serve the citizens and businesses of the city;
(2) Minimize adverse visual impacts of wireless communications facilities through careful design, siting, landscape screening, and innovative camouflaging techniques that provide predictability for nearby property owners and others that future uses will not materially alter such approved aesthetic protections without zoning hearing procedures and input from interested parties;
(3) Ensure that any new wireless communications facilities are located in an area compatible with the neighborhood or surrounding community to the extent possible; and
(4) Ensure that regulation of wireless communications facilities does not have the effect of prohibiting the provision of personal wireless services and does not unreasonably discriminate among functionally equivalent providers of such service and promotes the provision and availability of communication services within the city.
(b) Applicability; preemption.
Notwithstanding any ordinance to the contrary, the procedures set forth in this article shall be applicable to all wireless communications facilities existing or installed, built or modified after the effective date of this article to the fullest extent permitted by law.
No provision of this article shall apply to any circumstance in which such application shall be unlawful under superseding federal or state law and furthermore, if any section, subsection, sentence, clause, phrase, or portion of this article is now or in the future superseded or preempted by state or federal law or found by a court of competent jurisdiction to be unauthorized, such provision shall be automatically interpreted and applied as required by law.
(Ord.
No.
9504, § 1(Exh.
A), 3-18-2019)"
11,ARTICLE XI - WIRELESS COMMUNICATIONS FACILITIES CODE,Sec. 46-498. - Definitions:, ,sub-sec-11.2,https://library.municode.com/mo/moberly/codes/code_of_ordinances?nodeId=COOR_CH46ZOPLDE_ARTXIWICOFACO_S46-498DE,https://zoneomics.com/code/8367/chapter_11#11.2,False,0,"As used in this article, the following terms shall have the meanings and usages indicated:
Antenna:
Any device that transmits and/or receives wireless radio waves for voice, data, or video communications purposes including, but not limited to, television, AM/FM radio, texts, microwave, cellular telephone, and similar forms of communications.
The term shall exclude satellite earth station antenna less than two
(2) meters in diameter (mounted within twelve feet (12') of the ground or building-mounted) and any receive-only home television antenna.
AGL (above ground level): Ground level shall be determined by the average elevation of the natural ground level within a radius of 50 feet from the center location of measurement.
Cabinet:
A structure for the protection and security of communications equipment associated with one or more antenna where direct access to equipment is provided from the exterior and that has horizontal dimensions that do not exceed four feet by six feet, and vertical height that does not exceed six feet.
Disguised support structure:
Any free-standing, man-made structure designed for the support of antenna, the presence of which is camouflaged or concealed as an appropriately placed and designed architectural or natural feature.
Depending on the location and type of disguise used, such concealment may require placement underground of the utilities leading to the structure.
Such structures may include but are not limited to clock towers, campaniles, observation towers, light standards, flag poles, and artificial trees.
For purposes of this definition, a structure ""camouflaged or concealed as an appropriately-placed and designed architectural or natural feature"" shall mean:
(1) It is consistent with and contributes to and does not detract from the character and property values and use of the area and neighborhood in which it is located;
(2) It does not contain distorted proportions, size, or other features not typically found on the type of structure or feature to which it is designed to replicate;
(3) It cannot be identified as a support structure by persons with reasonable sensibilities and knowledge;
(4) Its equipment, accessory buildings, or other aspects or attachments relating to the disguised support structure are wholly concealed using a manner consistent with and typically associated with the architectural or natural structure or feature being replicated; and
(5) It is of a height, design, and type that would ordinarily occur at the location and neighborhood selected.
Existing structure:
Any structure capable of supporting wireless communication facilities (other than a support structure) in full conformance with the design and other requirements of this article and is:
(1) existing prior to the date of all applicable permit applications seeking City authorization for installation of such facilities thereon and
(2) not built or installed in anticipation of such specific installation or erected as a means to evade approvals applicable to a non-existing structure.
FAA:
The Federal Aviation Administration.
""Fast-track"" small wireless facility:
A ""fast-track"" small wireless facility, or ""fast-track"", shall mean a small wireless facility that meets the following requirements for an antenna and associated equipment:
(1) No more than seven cubic feet in volume (comprised of no more than twenty-seven square feet of exterior surface area, excluding the surface width equal to the width of the existing structure or utility pole to which it is mounted, on an imaginary enclosure around the perimeter thereof, excluding cable or cable conduit of four inches or less).
Volume shall be the measure of the exterior displacement of the antenna and associated equipment;
(2) Located with the consent of the owner on an existing structure or utility pole, or concealed within or on a replacement utility pole if the appearance is not materially altered and the replacement existing structure or utility pole is no more than five feet taller;
(3) Not exceeding six feet above the top of an existing structure or utility pole for a total height not exceeding 45 feet (nor taller than more than six feet above the average of similar poles within 300 feet.
FCC:
The Federal Communications Commission.
Height:
The vertical distance measured from the average grade of the base of the structure at ground level to its highest point and including the main structure and all attachments thereto.
Incidental use:
Any use authorized herein that exists in addition to the principal use of the property.
Modification:
Any addition, deletion, or change, including the addition or replacement of antenna, or any change to a structure requiring a building permit or other governmental approval.
Shelter:
A building for the protection and security of communications equipment associated with one or more antenna and where access to equipment is gained from the interior of the building.
Human occupancy for office or other uses or the storage of other materials and equipment not in direct support of the connected antenna is prohibited.
Small wireless facility:
An antenna and associated equipment that meets the following:
(1) An antenna of no more than six cubic feet in volume; and
(2) All other associated equipment, to the extent permitted by applicable law to be calculated, of cumulatively no more than 28 cubic feet in volume; provided that no single piece of equipment on the utility pole shall exceed nine cubic feet in volume, and no single piece of ground mounted equipment shall exceed 15 cubic feet in volume.
Support structure:
A tower or disguised support structure.
Tower:
A structure designed for the support of one or more antenna and including guyed towers, self-supporting (lattice) towers, or monopoles, but not disguised support structures, utility poles, or buildings.
The term shall also not include any support structure that includes attachments of 65 feet or less in height owned and operated solely for use by an amateur radio operator licensed by the FCC.
Utility pole:
A pole that is or may be used for wireline communications, lighting, traffic control, signage, or a similar function, which may also support a small wireless facility or ""fast-track.""
Wireless communications facility:
Any antenna, small wireless facility, ""fast-track,"" cabinet, shelter, and support structure, and associated equipment.
Zoning administrator:
The director of community development or other staff as designated by the city administrator (Ord.
No.
9504, § 1(Exh.
A), 3-18-2019)"
11,ARTICLE XI - WIRELESS COMMUNICATIONS FACILITIES CODE,Sec. 46-499. - Application procedures; timing., ,sub-sec-11.3,https://library.municode.com/mo/moberly/codes/code_of_ordinances?nodeId=COOR_CH46ZOPLDE_ARTXIWICOFACO_S46-499APPRTI,https://zoneomics.com/code/8367/chapter_11#11.3,False,0,"(a) Applications.
Applications for permitted, administrative, or conditional uses pursuant to this article shall be subject to the supplementary procedures in this article.
Applications shall be submitted to the city as a complete application on forms provided by the city.
A ""complete application"" shall be an application submitted on the forms provided by the city, fully executed by the applicant, identifying the specific approval sought, and containing all attachments, fees as may be established to reimburse the city for its inspection and review costs, and information as required thereon or by the city, consistent with this article.
Applications shall be accompanied by a building permit application and other applicable forms.
(b) Proof of owner consent.
Applications for permitted, administrative, or conditional uses pursuant to this article shall be required to provide proof of landlord consent, which shall minimally include:
(1) Written consent to pursue the application by all fee simple owners of the underlying real estate (or where located in street right-of-way, the right-of-way owner thereof), including when the proposed location is also in a utility easement; and
(2) Written consent to pursue the application.
of the owner of the structure on which such facility is to be placed, if different than applicant.
(c) Timing.
Applications shall be decided upon within a reasonable time, subject further to state or federal specific additional time requirements as may apply to the particular application.
(Ord.
No.
9504, § 1(Exh.
A), 3-18-2019)"
11,ARTICLE XI - WIRELESS COMMUNICATIONS FACILITIES CODE,Sec. 46-500. - General requirements., ,sub-sec-11.4,https://library.municode.com/mo/moberly/codes/code_of_ordinances?nodeId=COOR_CH46ZOPLDE_ARTXIWICOFACO_S46-500GERE,https://zoneomics.com/code/8367/chapter_11#11.4,True,1,"(a) Applicability.
The requirements set forth in this article shall be applicable to all wireless communications facilities within the city installed, built, or modified after the effective date of this article to the full extent permitted by law.
Such zoning review and approvals required in this article shall be in addition to any other generally applicable permitting requirement, including applicable building, excavation, or other right-of-way permits.
(1) Principal or incidental use.
Towers may be either a principal or incidental use in all commercial and industrial zoning districts, subject to any applicable requirement relating to yard or setback.
An incidental use subject to a leasehold interest of a person other than the lot owner may be approved for a tower only if the leasehold area separately meets all requirements for a separate subdivided lot, including dedicated access, parking, setbacks, and lot size, applicable to a primary use in the district in which the use is proposed as if it was a separate subdivided lot.
No other district shall allow towers unless required by law.
All other wireless facilities other than towers, may be a principal or incidental use in all districts subject to the requirements herein.
(2) Building codes, safety standards, and zoning compliance.
Wireless communications facilities shall be constructed and maintained in compliance with all standards contained in applicable state and local building codes.
A certified engineer's structural report shall be required for all applications to construct a new or modify, or any way alter, a support structure, a utility pole, or antenna, including small wireless facility and fast-track, unless waived upon application to the zoning administrator stating why such report is unnecessary to the specific application and a determination in the discretion of the zoning administrator approving such statement.
In addition to any other approvals required by this article, no wireless communication facility or portion thereof shall be erected, replaced, or expanded prior to receipt of a certificate of zoning compliance, unless otherwise required by law, and the issuance of a building permit.
For sites within city right-of-way:
a. The most restrictive adjacent underlying zoning district classification shall apply unless otherwise specifically zoned and designated on the official zoning map;
b. No application shall be submitted for permit approval without attaching the city's consent to use the right-of-way for the specific construction application, to the extent permitted by applicable law;
c. Wireless communications facilities shall be installed and maintained as not to obstruct or hinder the usual travel or public safety on the right-of-way or obstruct the legal use of such right-of-way by authorities or authorized right-of-way users; and
d. Such use shall be required to obtain applicable permits and comply with the city's ROW management rules and regulations set forth in Chapter 36. (3) Regulatory compliance.
All wireless communications facilities shall meet or exceed current standards and regulations of the FAA, FCC, and any other local, state, or federal agency with the authority to regulate wireless communications facilities, and including all required licenses, permits, and taxes applicable to such structure and/or modification.
Should such standards or regulations be amended, then the owner shall bring such devices and structures into compliance with the revised standards or regulations within the time period mandated by the controlling agency.
No approval for any placement, construction, or modification of any wireless communications facilities permitted by this article shall be granted for any applicant having an uncured violation of this article, any zoning regulation regarding the lot on which the structure is proposed, or any other governmental regulatory, licensing, or tax requirement applicable to such wireless communications facilities within the city unless preempted by applicable law.
(4) Security.
All wireless communications facilities shall be protected from unauthorized access by appropriate security measures.
A description of proposed security measures shall be provided as part of any application to install, build, alter, or modify wireless communications facilities.
Additional measures may be required as a condition of the issuance of a building permit as deemed necessary by the zoning administrator or by the city council in the case of a conditional use permit.
(5) Lighting.
Antenna, small wireless facilities, fast-track, and support structures shall not be lighted unless required by the FAA or other state or federal agency with authority to regulate, in which case a description of the required lighting scheme will be made a part of the application to install, build, alter, or modify the antenna, small wireless facilities, fast-track, or support structure.
Lighting may also be approved as a consistent component of a disguised support structure.
Equipment cabinets and shelters may have lighting only as approved by the zoning administrator or city council on the approved site plan.
(6) Advertising.
Except for a disguised support structure in the form of an otherwise lawfully permitted sign, the placement of advertising on wireless communications facilities is prohibited other than identification signage or required safety signage of not greater than one square foot on ground equipment.
(7) Design.
a. Color.
Subject to the requirements of the FAA or any applicable state or federal agency, wireless communications facilities and attachments shall be painted a neutral color consistent with the natural or built environment of the site or an alternative painting scheme approved by the zoning administrator, or the city council in the case of conditional use permits, consistent with the requirements of this article.
Unpainted galvanized steel support structures are not permitted.
b. Ground equipment.
When authorized, equipment shelters or cabinets shall have an exterior finish compatible with the natural or built environment of the site and shall also comply with any design guidelines as may be applicable to the particular zoning district in which the facility is located."
11,ARTICLE XI - WIRELESS COMMUNICATIONS FACILITIES CODE,Sec. 46-500. - General requirements., ,sub-sec-11.4,https://library.municode.com/mo/moberly/codes/code_of_ordinances?nodeId=COOR_CH46ZOPLDE_ARTXIWICOFACO_S46-500GERE,https://zoneomics.com/code/8367/chapter_11#11.4,True,2,"All equipment shall be either placed underground, contained in a single shelter or cabinet, or wholly concealed within a building or approved walled compound.
c. Antenna design.
Antenna attached to a disguised support structure or tower shall be contained within the disguised support structure or within or mounted flush on the surface of the tower to which they are mounted and architecturally integrated in a manner as to be visually unobtrusive.
Antenna attached to an existing building, utility pole, or structure shall be of a color identical to the surface to which they are mounted.
Antenna on the rooftop or attached to a building shall be screened or constructed and/or colored to match the structure to which they are attached and be located as far away as feasible from the edge of the building.
All antenna shall be designed to be disguised and maximally concealed on or within the support structure, or other structure.
Exposed antenna on ""crow's nest"" or other visible platforms or extensions are prohibited.
d. Height.
Support structures and antenna shall be no taller than necessary and shall not exceed the height limitation of any airport overlay zone as may be adopted by the city or other regulatory agency.
Support structures may exceed underlying zoning district height restrictions for buildings and structures only where shown to be necessary, provided that no reasonable alternative exists.
To the extent permitted by applicable law, district height restrictions shall be considered by the city in determining the appropriateness of the design and location of the application under the applicable standards for approval.
No support structure shall be approved at a height exceeding 120 feet AGL unless the applicant clearly demonstrates that such height is required for the proper function of the applicant's system.
e. Monopole design.
All towers shall be of a monopole design.
Lattice, guyed towers, or other non-monopole tower designs shall not be permitted.
f. Compound walls/landscaping.
All towers shall be surrounded by a minimum of a six-foot high decorative wall constructed of brick, stone, or comparable masonry materials and a landscape strip of not less than ten feet in width and planted with materials, which will provide a visual barrier to a minimum height of six feet.
The landscape strip shall be exterior to any security wall.
In lieu of the required wall and landscape strip, an alternative means of screening may be approved by the zoning administrator, or by the city council in the case of a conditional use permit, upon demonstration by the applicant that an equivalent degree of visual screening will be achieved.
Landscaping or other improvements may be required for disguised support structures if needed to implement an approved disguise.
g. Setbacks.
All support structures, including any portions of any wireless communications facilities thereon and associated structures, fences, and walls (except for parking associated with the wireless communications facility) shall be separated from any public right-of-way, sidewalk or street, alley, parking area, playground, or other building, and from the property line of any adjacent property at least a horizontal distance equal to the height of the support structure, including any portions of any wireless communications facilities thereon, whichever is greater.
h. Storage.
Vehicle or outdoor storage on any wireless communications facilities site is prohibited, unless otherwise permitted by the zoning district.
i. Parking.
On-site parking for periodic maintenance and service shall be provided at all support structure locations consistent with the underlying zoning district and the type of antenna or support structure approval granted.
j. Decorative poles.
In districts where there are utility poles which were specifically designed for their aesthetic nature and compatibility with the built environment of that district, as determined by the city, such utility poles shall be deemed to be decorative utility poles.
Such decorative utility poles, when authorized to be replaced by an applicant for wireless communications facilities pursuant to applicable law and in compliance with this article and Code, shall only be replaced with a substantially similar decorative utility pole which matches the aesthetics and decorative elements of the original decorative utility pole being replaced.
such replacement expenses shall be bore wholly by the applicant seeking to place wireless communications facilities on such decorative utility pole.
(8) Public property.
Wireless communications facilities located on property owned, leased, or otherwise controlled by the city shall be subject to the requirements of this article.
A license or lease with the city authorizing the location of such wireless communications facilities shall be required for each site.
(9) As-built plans.
Within 60 days of completion of the initial construction and any additional construction, two complete sets of plans drawn to scale and certified as accurately depicting the location of all wireless communications facilities constructed shall be furnished to the city.
(10) Historic preservation; 30-day hearing period.
To the extent permitted by law, approval shall not be issued for any wireless communications facility that the zoning administrator or city council determines would create a significant negative visual impact or otherwise have a significant negative impact on the historical character and quality of any property within a historic preservation district or such district as a whole.
For collocation of any certified historic structure as defined in Section 253.545 RSMo, in addition to all other applicable time requirements, there shall be a 30-day time period before approval of an application during which one or more public hearings on collocation to a certified historic structure are held.
The city may require reasonable, technically feasible and technological neutral deign and concealment measures as a condition of approval of a wireless communication facility within a historic district.
(b) Administration.The zoning administrator shall have the authority to establish forms and procedures consistent with this article and applicable federal, state, and local law to ensure compliance and to facilitate prompt review and administration of applications.
(Ord.
No.
9504, § 1(Exh.
A), 3-18-2019)"
11,ARTICLE XI - WIRELESS COMMUNICATIONS FACILITIES CODE,Sec. 46-501. - Permitted use., ,sub-sec-11.5,https://library.municode.com/mo/moberly/codes/code_of_ordinances?nodeId=COOR_CH46ZOPLDE_ARTXIWICOFACO_S46-501PEUS,https://zoneomics.com/code/8367/chapter_11#11.5,False,0,"(a) Permitted use.
The placement of wireless communications facilities fully conforming with the general requirements in this article are permitted in all zoning districts only as follows:
(1) Collocations on existing support structures.
The attachment of additional or replacement complying antenna or equipment to any existing fully conforming support structure or as otherwise authorized by state or federal law where local zoning is preempted, provided that building permit requirements, national safety codes, and other applicable codes including recognized accepted industry standards for structural, safety, capacity, reliability, and engineering are satisfied, including specifically the requirement to submit a certified structural engineering report as provided in section 46-500.
(2) Antenna on high-voltage towers.
The mounting of antenna on or within any existing high-voltage electric transmission tower, but not exceeding the height of such tower by more than ten feet, provided that all requirements of this article and the underlying zoning ordinance are met, except minimum setbacks provided in this article shall not apply.
3. Antenna on existing buildings/structures.
In all districts, except not on single-family residential or two-family dwellings, the mounting of antenna on any existing and conforming building or structure (other than a support structure or utility pole) provided that the presence of the antenna and equipment is concealed by architectural elements or fully camouflaged or concealed by painting a color identical to the surface to which they are attached, and further provided that all requirements of this article and the underlying zoning ordinance are met.
(4) Collocation of small wireless facilities on utility poles.
In accordance with Section 67.5112 RSMo, a wireless provider may collocate small wireless facilities and install, maintain, modify, operate, and replace utility poles, at heights below the height limitations outlined in this article, which shall be a permitted use in all districts except within single-family residential and historic districts provided the proposed installation does not:
a. Materially interfere with the safe operation of traffic and control equipment or city-owned communications equipment;
b. Materially interfere with compliance with the American Disabilities Act, or similar federal or state standards regarding pedestrian access or movement;
c. Materially obstruct or hinder the usual travel or public safety on the rights-of-way;
d. Materially obstruct the legal use of the rights-of-way by the city, utility, or other third-party;
e. Fail to comply with the spacing requirements within subsection 36-20(2)(b);
f. Fail to comply with applicable national safety codes, including recognized engineering standards for utility poles or support structures;
g. Fail to comply with the decorative pole replacement requirements herein;
h. Fail to comply with undergrounding requirements within subsection 36-20(2)(b); or i. Interfere or impair the operation of existing utility facilities, or city or third-party attachments.
New, replacement, or modification of utility poles under the following circumstances shall not be considered a permitted use under this section:
(1) proposals to construct or modify a utility pole which exceeds the greater of:
(a) fifty feet AGL; or (b) more than ten feet above the tallest existing utility pole as of January 1, 2019 within 500 feet of the proposed utility pole in the city; and
(2) proposals to collocate on an existing utility pole in place on August 28, 2018 which exceeds the height of the existing utility pole by more than ten feet.
(b) Application procedure.
Application for a permitted use under this section shall require submission of an application with proof of owner consent as required by section 46-499 and an application fee of $500.00 as required to partly cover the city's actual costs, but not to exceed such amounts as may be limited by law.
If the applicant is not a wireless services provider, then the applicant must submit evidence of agreements or plans, or otherwise provide attestations to the same, which conclusively demonstrate to the city that the proposed site(s) will become operational and used by a wireless services provider within one year of the permit's issuance date.
For any application for a small wireless facility, the applicant shall provide an attestation that the proposed small wireless facility complies with the volumetric limitations as required to meet the definition of a small wireless facility in accordance with this article and pursuant to applicable law.
Applicant shall also submit a certified structural analysis as required in the general requirements of this article.
Applications requesting any information that is prohibited by federal or state law under the applicable circumstance shall be deemed inapplicable to the subject application.
The zoning administrator shall issue a decision on the application for a permitted use within the time-frame permitted by applicable law.
A decision to deny an application shall be made in writing and state the specific reasons for the denial.
(Ord.
No.
9504, § 1(Exh.
A), 3-18-2019)"
11,ARTICLE XI - WIRELESS COMMUNICATIONS FACILITIES CODE,Sec. 46-502. - Administrative approval., ,sub-sec-11.6,https://library.municode.com/mo/moberly/codes/code_of_ordinances?nodeId=COOR_CH46ZOPLDE_ARTXIWICOFACO_S46-502ADAP,https://zoneomics.com/code/8367/chapter_11#11.6,True,1,"(a) Administrative approval.
The placement of wireless communications facilities fully conforming with the general requirements in this article are permitted in all zoning districts by administrative permit approved by the zoning administrator only as follows:
(1) Disguised support structures.
The construction of a disguised support structure, provided that all related equipment shall be placed underground or concealed within the structure.
Equipment may be placed in an appropriately concealed cabinet if the disguised support structure is incidental to an industrial, commercial, or other non-residential use and fits with the natural built environment or the disguised support structure.
Any disguised support structure shall have as a condition of approval, unless expressly exempted in the approval, an obligation and corresponding covenant recorded on the property that runs with the land to the benefit of the city on behalf of the public, prohibiting modifications to the disguised support structure that eliminate or are materially detrimental to the disguise, unless such proposed modification is approved by a duly authorized zoning or conditional use approval approved.
If the applicant does not wish to have such a covenant, the application shall not qualify for administrative permit approval, unless another mechanism is proposed and approved to ensure that the disguise is not subsequently eliminated or materially detrimentally altered.
A disguised support structure proposed to be located within a public or private right-of-way may be exempted from the general requirements of this article relating to parking/access and setbacks, unless determined by the zoning administrator as applicable to the specific location for safety or other applicable reasons.
(2) ""Fast-track"" small wireless facilities.
An application for a ""fast-track"" small wireless facility may be approved administratively by the zoning administrator, subject to meeting the following requirements:
a. General requirements.
The following requirements shall generally apply to all ""fast-track"" small wireless facilities located within the city:
i. The ""fast-track"" shall substantially match any current aesthetic or ornamental elements of the existing structure or utility pole, or otherwise be designed to maximally blend in to the built environment, with attention to the current uses within the district at the proposed site;
ii. Any portion above the existing structure or utility pole shall be concealed and of the same dimensions and appearance so as to appear to be a natural extension of the existing structure or utility pole in lieu of an enclosure or concealment;
iii. The ""fast-track"" equipment shall not emit noise audible from the building line of any residentially zoned or used property; and
iv. Location, placement, and orientation of the ""fast-track"" shall, to the extent feasible, minimize the obstruction to, or visibility from, the closest adjacent properties unless otherwise required by the city for safety reasons.
b. Additional requirements when sited near pedestrian and vehicle ways.
When a ""fast-track"" is proposed to be located on an existing structure or utility pole on or adjacent to public or private streets, sidewalks, or other pedestrian or vehicle ways:
i. Only one ""fast-track"" shall be permitted per structure or utility pole in the rights-of-way, however such requirement may be waived by the zoning administrator upon good cause shown by the applicant;
ii. The height of all portions of the ""fast-track"" shall be located at least eight feet above ground level;
iii. No ground equipment shall be permitted; and
iv. No portions of the ""fast-track"" shall extend horizontally from the surface of the utility pole or existing structure more than 16 inches.
c. Waiver for good cause shown.
Additionally, the zoning administrator may for good cause shown increase any one or more of the maximum volumetric specifications from the definition of a ""fast-track"" by up to 50 percent if the applicant demonstrates that it:
i. Does not in any location nationally use equipment capable of meeting the specifications and the purpose of the equipment; and
ii. Cannot feasibly meet the requirements as defined and described.
The city council may further waive one or more of the requirements found in the definition of ""Fast-Track"", or from"
11,ARTICLE XI - WIRELESS COMMUNICATIONS FACILITIES CODE,Sec. 46-502. - Administrative approval., ,sub-sec-11.6,https://library.municode.com/mo/moberly/codes/code_of_ordinances?nodeId=COOR_CH46ZOPLDE_ARTXIWICOFACO_S46-502ADAP,https://zoneomics.com/code/8367/chapter_11#11.6,True,2,"a. General requirements or b. Additional requirements when sited near pedestrian or vehicle ways of this subsection, upon good cause shown by the applicant, and provided a showing that the waiver is the minimum necessary to accomplish the purposes of this article.
The burden of proof for any waiver shall be wholly on the applicant and must be shown by clear and convincing evidence.
(b) Application procedures.
Applications for Administrative permits shall be made on the appropriate forms to the zoning administrator consistent with the requirements of this article.
Applications requesting any information that is prohibited by federal or state law under the applicable circumstance shall be deemed inapplicable to the subject application.
(1) General application requirements.
Applicant shall submit along with its completed application form:
a. An application fee of $500.00 as required to partly cover the city's actual costs, but not to exceed such amounts as may be limited by law; any amount not used by the city shall be refunded to the applicant upon written request after a final decision;
b. A detailed site plan, based on a closed boundary survey of the host parcel, shall be submitted indicating the exact location of the facility, all dimensions and orientations of the facility and associated equipment, in addition to all existing and proposed improvements including buildings, drives, walkway, parking areas, and other structures, public right-of-way, the zoning categories of the subject and adjoining properties, the location of and distance to off-site residential structures, required setbacks, required buffer and landscape areas, hydrologic features, and the coordinates and height AGL of the utility pole, or existing structure, if applicable;
c. Specifications, dimensions, photos, or drawings of the completed installation;
d. Proof of owner consent as required by section 46-499.
e. Certified structural analysis as required in the general requirements of this article;
f. If the applicant is not a wireless services provider, then the applicant must submit evidence of agreements or plans, or otherwise provide attestations to the same, which conclusively demonstrate to the city that the proposed site(s) will become operational and used by a wireless services provider within one year of the permit's issuance date; and
g. All other information necessary to show compliance with the applicable requirements of this article.
(2) ""Fast-track""-specific application requirements.
In addition to the above General application requirements, applications for a ""fast-track"" shall include the following:
a. An attestation that the proposed ""fast-track"" meets the volumetric and other requirements to meet the definition of ""fast-track"" provided in this article; and
b. Information demonstrating that the applicant's proposed plans are in compliance with § 67.5113.3(9) RSMo to the satisfaction of the city.
(3) Review.
The application shall be reviewed by the zoning administrator to determine compliance with the above standards, including specifically design, location, safety, and appearance requirements and transmit the application for review and comment by other departments and public agencies as may be affected by the proposed facility.
(4) Additional information may be required.
In reviewing an application, the zoning administrator may require the applicant to provide additional information, including technical studies, to the extent permitted by applicable law.
An application shall not be deemed complete until satisfaction of all application requirements and submission of all requested information as provided herein.
(5) Decisions; denials required in writing.
The zoning administrator shall issue a decision on the permit within the time-frame permitted by applicable law.
The zoning administrator may deny the application or approve the application as submitted or with such modifications or conditions as are, in his/her judgment, reasonably necessary to protect the safety or general welfare of the citizens and property values consistent with and to affect the purposes of this article.
The zoning administrator may consider the purposes of this article and the factors established herein for granting a conditional use permit as well as any other considerations consistent with the article.A decision to deny an application shall be made in writing and state the specific reasons for the denial.
(Ord.
No.
9504, § 1(Exh.
A), 3-18-2019)"
11,ARTICLE XI - WIRELESS COMMUNICATIONS FACILITIES CODE,Sec. 46-503. - Conditional use permit required., ,sub-sec-11.7,https://library.municode.com/mo/moberly/codes/code_of_ordinances?nodeId=COOR_CH46ZOPLDE_ARTXIWICOFACO_S46-503COUSPERE,https://zoneomics.com/code/8367/chapter_11#11.7,False,0,"(a) Conditional use permit required.
All proposals to construct or modify a wireless communications facilities not permitted by section 46-501 (Permitted use) or section 46-502 (Administrative approval) or not fully complying with the general requirements of this article shall be permitted only upon the approval of a conditional use permit authorized consistent with section 46-336 following a duly advertised public hearing by the planning and zoning commission and city council, subject to the following additional requirements, procedures, and limitations:
(1) Applications.
Applications for conditional use permits shall be filed on such forms required by the zoning administrator and processed subject to the requirements of and in the manner established by applicable law, herein, and for conditional use permits in the Zoning Code and, in addition to such other requirements, shall be accompanied by a deposit of $1,500.00, to the extent permitted by applicable law to the specific wireless communications facility.
Any amount not used by the city shall be refunded to the applicant upon written request after a final decision.
Except as otherwise provided by law, no application for a conditional use permit under this section shall be deemed complete until the applicant has paid all fees and deposits required under this article, submitted certified engineering plans, and provided proof of owner consent as required by section 46-499. Applications requesting any information that is prohibited by federal or state law under the applicable circumstance shall be deemed inapplicable to the subject application.
(2) Decision and findings required.
A decision shall be contemporaneously accompanied by substantial evidence supporting the decision, which shall be made a part of the written record of the meeting at which a final decision on the application is rendered.
Evidence shall be under oath and may be submitted with the application or thereafter or presented during the public hearing by the applicant or others.
(3) Additional minimum requirements.
No conditional use permit shall be issued unless the applicant has clearly demonstrated by substantial evidence that placement of wireless communications facilities pursuant to section 46-501 (Permitted use) or Section 46-502 (Administrative approval) of this article is not technologically or economically feasible.
The city may consider current or emerging industry standards and practices, among other information, in determining feasibility.
(4) Findings required.
In addition to the determinations or limitations specified herein and by the applicable provisions of section 46-336 of this Zoning Code for the consideration of conditional use permits, no conditional use permit shall be approved by the city council unless findings in the affirmative are made that the following conditions exist:
a. That the design of the wireless communications facilities, including ground layout, maximally reduces visual degradation and otherwise complies with provisions and intent of this article;
b. That the design is visually compatible with the area, will not distract from the view of the surrounding area, is maximally concealed or blended in with the environment, and will not adversely affect property values;
c. That such conditional use shall not be inconsistent or adversely affect the regular permitted uses in the district in which the same is located; and
d. That the proposal fully complies with applicable law including the general requirements herein; provided that an exception to the general requirements, other than building or safety code compliance, may be approved upon evidence that compliance is not feasible or is shown to be unreasonable under the specific circumstances shown.
(Ord.
No.
9504, § 1(Exh.
A), 3-18-2019)"
11,ARTICLE XI - WIRELESS COMMUNICATIONS FACILITIES CODE,Sec. 46-504. - Commercial operation of unlawful wireless communications facilities., ,sub-sec-11.8,https://library.municode.com/mo/moberly/codes/code_of_ordinances?nodeId=COOR_CH46ZOPLDE_ARTXIWICOFACO_S46-504COOPUNWICOFA,https://zoneomics.com/code/8367/chapter_11#11.8,False,0,"Notwithstanding any right that may exist for a governmental entity to operate or construct wireless communications facilities, it shall be unlawful for any person to erect or operate for any private commercial purpose any wireless communications facilities in violation of any provision of this article, regardless of whether such wireless communications facilities are located on land owned by a governmental entity.
(Ord.
No.
9504, § 1(Exh.
A), 3-18-2019)"
11,ARTICLE XI - WIRELESS COMMUNICATIONS FACILITIES CODE,Sec. 46-505. - Removal of support structure., ,sub-sec-11.9,https://library.municode.com/mo/moberly/codes/code_of_ordinances?nodeId=COOR_CH46ZOPLDE_ARTXIWICOFACO_S46-505RESUST,https://zoneomics.com/code/8367/chapter_11#11.9,False,0,"Any wireless communications facility or portion thereof that is no longer in use for its original communications purpose shall be removed at the owner's expense.
in the case of multiple operators sharing use of a single support structure, this provision shall not become effective until all users cease operations.
(Ord.
No.
9504, § 1(Exh.
A), 3-18-2019)"
11,ARTICLE XI - WIRELESS COMMUNICATIONS FACILITIES CODE,Sec. 46-506. - Penalty., ,sub-sec-11.10,https://library.municode.com/mo/moberly/codes/code_of_ordinances?nodeId=COOR_CH46ZOPLDE_ARTXIWICOFACO_S46-506PE,https://zoneomics.com/code/8367/chapter_11#11.10,False,0,"Except as may otherwise be provided by law, any person violating any provision in this article shall be subject to section 1-13.
(Ord.
No.
9504, § 1(Exh.
A), 3-18-2019)"
11,ARTICLE XI - WIRELESS COMMUNICATIONS FACILITIES CODE,Sec. 46-507. - Appeals., ,sub-sec-11.11,https://library.municode.com/mo/moberly/codes/code_of_ordinances?nodeId=COOR_CH46ZOPLDE_ARTXIWICOFACO_S46-507AP,https://zoneomics.com/code/8367/chapter_11#11.11,False,0,"The procedures of Article X, Division 3 of Chapter 46, shall govern appeals by any aggrieved person of a final action of any city officer, employee, board, commission, or the city council that are claimed by an aggrieved person to be unlawful or an unconstitutional taking of property without compensation.
To the fullest extent permitted by law, the review procedures of Article X, Division 3 of Chapter 46 shall be exhausted before any action may be filed in any court against the city or its officers, employees, boards, officials or commissions.
Nothing herein shall be deemed to unlawfully limit any remedy that is required to be available as a matter of law.
(Ord.
No.
9504, § 1(Exh.
A), 3-18-2019)"
