chapter_no,heading_1,heading_2,sub_section_no,source_url,zoneomics_url,is_sub_chunk,sub_chunk_no,text
1,Article I General Provisions,Section 400.010 Short Title.,sub-sec-1.1,https://ecode360.com/28026154,https://zoneomics.com/code/8525/chapter_1#1.1,False,0,"[R.O.
2011
§ 400.010; Ord.
No.
1161
§ 1, 11-18-2013[1]] This
Chapter shall be known as ""The Zoning Ordinance of Owensville, Missouri,"" and may be cited as the ""Zoning Ordinance.""
This ordinance also repealed former Ch.
400, Zoning Regulations, adopted
3-16-1998 by Ord.
No.
591, as amended."
1,Article I General Provisions,Section 400.020 Purpose.,sub-sec-1.2,https://ecode360.com/35770901,https://zoneomics.com/code/8525/chapter_1#1.2,False,0,"[R.O.
2011
§ 400.020; Ord.
No.
1161
§ 1, 11-18-2013]
A. This
Chapter is enacted pursuant to State law for the purpose of regulating and controlling the zoning and use of land and buildings within the City of Owensville in order to promote health, safety, morals, comfort, and general welfare; to secure economic and coordinated land use; and to facilitate the adequate provision of public improvements.
These regulations are specifically designed to:
1. Reflect and implement the goals and objectives of the Comprehensive Plan;
2. Preserve and protect property values throughout the City and promote their orderly and beneficial development;
3. Provide privacy and convenient access to property;
4. Regulate the intensity of land use and establish open areas surrounding buildings and structures necessary to provide adequate light and ventilation and to protect public health and safety;
5. Regulate and limit the height of buildings and structures;
6. Divide the City into zoning districts and establish, by reference, a map showing the boundaries of such districts;
7. Establish reasonable standards to which land, buildings, structures and their uses must conform;
8. Prohibit uses, buildings or structures which are incompatible with the character of development, uses, buildings, or structures permitted within specified zoning districts;
9. Prevent illegal additions or alterations to existing buildings or structures;
10. Protect against fire, explosion, noxious fumes and odor, heat, dust, smoke, glare, noise, vibration, radioactivity and other nuisances and hazards to the public health, safety and general welfare;
11. Prevent overcrowding of land and lessen or avoid congestion in public streets and rights-of-way by regulating the use and bulk of buildings in relation to surrounding land use(s) and roadways;
12. Protect the natural environment of the community and its unique assets of trees, watercourses, stormwater control, and topography;
13. Protect existing public and private property from impacts associated with development;
14. Provide for the continuation of non-conforming uses as required by law;
15. Designate and define the powers and duties of the officials administering and enforcing this Chapter; and
16. Provide penalties for the violation of this Chapter."
1,Article I General Provisions,Section 400.030 Validity; Severability.,sub-sec-1.3,https://ecode360.com/28025532,https://zoneomics.com/code/8525/chapter_1#1.3,False,0,"[R.O.
2011
§ 400.030; Ord.
No.
1161
§ 1, 11-18-2013] The provisions of this
Chapter are hereby declared to be severable.
If any Section, paragraph, sentence, or clause of this
Chapter shall be held invalid, the invalidity of such Section, paragraph, sentence, or clause shall not affect the validity of the remainder of said Chapter."
1,Article I General Provisions,Section 400.040 Vested Rights.,sub-sec-1.4,https://ecode360.com/28025596,https://zoneomics.com/code/8525/chapter_1#1.4,False,0,"[R.O.
2011
§ 400.040; Ord.
No.
1161
§ 1, 11-18-2013]
A. For the purpose of single-family residential development in the City's residential districts, development rights for the approved use of land shall vest upon approval by the Administrative Official pursuant to
Section 400.630 and recording the final plat for such land with the County Recorder of Deeds.
If construction has not begun within one
(1) year of recording the plat, the development rights shall expire unless an extension is granted.
B. For all non-single-family development, development rights for the approved use of land shall vest upon approval of a final development plan pursuant to
Section 400.630. If all permits required for such development have not been issued and the completion of substantial amounts of work under the validly issued permits has not begun within one
(1) year of approval of the site plan, the development rights shall expire unless an extension is granted.
C. Extension Of Vested Rights.
1. The Planning and Zoning Commission may, for good cause as presented by the applicant, grant a single extension of vested rights.
Vested rights for single-family development shall not be extended for more than one
(1) year.
For all non-single-family development, an extension of not more than six
(6) months may be granted.
Applicants seeking an extension shall submit a statement in writing, justifying the extension.
In considering an extension, the Planning and Zoning Commission shall consider the following factors, as well as other relevant considerations:
a. Undue or unnecessary hardship placed upon the property owner;
b. The extent to which the current regulations would hinder the ability to complete development; c. Unanticipated conditions which have prevented completion of the project; and d. Conformance with the general spirit and intent of the zoning and subdivision regulations.
[1] See Ch.
405,
Subdivision Regulations.
2. Nothing in this Subsection shall be construed to confer any development rights beyond those shown on approved plans submitted to the City or otherwise authorized by applicable zoning and subdivision regulations."
1,Article I General Provisions,Section 400.050 Rules Of Construction.,sub-sec-1.5,https://ecode360.com/28025597,https://zoneomics.com/code/8525/chapter_1#1.5,False,0,"[R.O.
2011
§ 400.050; Ord.
No.
1161
§ 1, 11-18-2013] A. Definitions And Usage.
For the purposes of this Chapter, all words and terms used in this
Chapter are limited to the meanings given to them by this
Section or as specifically provided in another
Section of this Chapter.
Words or terms that are not defined shall be given their common dictionary definition.
Unless the context clearly indicates to the contrary, the following interpretations apply:
1. Words used in the present tense shall include the future tense.
2. Words used in the singular shall include the plural, and words used in the plural shall include the singular.
3. The word ""shall"" is mandatory.
4. The word ""may"" is permissive.
5. Unless otherwise specified, all distances shall be measured horizontally.
6. The word ""City"" means the City of Owensville, Missouri.
B. Definitions In Other Chapters.
If a word or term is not defined in this
Section but is defined elsewhere in this
Chapter or in the Owensville Municipal Code, that definition shall be applicable unless the context indicates that a standard dictionary definition is more appropriate."
1,Article I General Provisions,Section 400.060 Definitions.,sub-sec-1.6,https://ecode360.com/28025598,https://zoneomics.com/code/8525/chapter_1#1.6,True,1,"[R.O.
2011
§ 400.060; Ord.
No.
1161
§ 1, 11-18-2013] The following definitions shall apply in the interpretation and enforcement of this Chapter, unless otherwise specifically stated:
ACCESSORY BUILDING A subordinate building or portion of the main building, the use of which is customarily incidental to that of the main building.
ACCESSORY USE A use customarily incidental to the principal use of a building site or to a building and located upon the same building site with the accessory use.
ADMINISTRATIVE OFFICIAL The person appointed by the Mayor to enforce this Chapter.
ADULT ENTERTAINMENT USE An establishment consisting of, including or having the characteristics of any or all of the following:
1. ADULT STORE An establishment having as a substantial or significant portion of its stock-in-trade books, magazines, publications, videos or sexually oriented toys, novelties or relationship aids that are distinguished or characterized by the emphasis on matter depicting, describing or relating to sexual activities or anatomical genital areas.
2. ADULT CABARET An establishment devoted to adult entertainment, either with or without a liquor license, presenting material distinguished or characterized by an emphasis on matter depicting, describing or relating to sexual activities or anatomical genital areas.
3. ADULT MINI MOTION-PICTURE THEATER An enclosed building with a capacity of less than fifty
(50) persons used for presenting material distinguished or characterized by an emphasis on matter depicting, describing or relating to sexual activities or anatomical genital areas.
4. ADULT MOTION-PICTURE THEATER An enclosed building with a capacity for fifty
(50) or more persons used for presenting material distinguished or characterized by an emphasis on matter depicting, describing or relating to sexual activities or anatomical genital areas.
5. EXOTIC DANCE FACILITY Any building, structure or facility which contains or is used for commercial entertainment, where the patron directly or indirectly is charged a fee to observe specified anatomical areas, provided that the genitals and pubic areas of all persons and the areola and nipple of the breast of all female persons are opaquely covered.
""Specified anatomical areas"" shall include:
a. Less than completely or opaquely covered human genitals, pubic region, buttocks or female breast area below the point immediately above the top of the areola; and
b. Human male genitals in a discernibly turgid state even if completely and opaquely covered.
ALLEY A minor public thoroughfare which affords only a secondary means of access to abutting property.
AUTOMOTIVE (CAR) SALES An open area, other than a street or alley, used for the display, sale or lease of new or used motor vehicles and where no repair work is done except minor incidental repair of such motor vehicles to be displayed, sold or leased on the premises.
AUTOMOTIVE (CAR) WASH A building or portion thereof containing facilities for washing, waxing, drying, polishing or vacuuming private automobiles, light trucks and vans, but not commercial fleets.
For purposes of this Chapter, coin-operated devices operated on a self-serve basis shall be construed to be the same.
AUTOMOTIVE FILLING STATION (CONVENIENCE STORE) Any structure or premises used for dispensing or sale, at retail, of vehicle fuels or lubricants, including alternative fuel sources where the retail sale of convenience items are also sold, unless otherwise prohibited in this Chapter.
AUTOMOTIVE PARTS AND SUPPLY STORE An establishment or place of business primarily engaged in the sale of merchandise that is associated with the use, repair or upkeep of automobiles, including service and installation, but excluding automotive repair shops.
AUTOMOTIVE REPAIR SHOP An establishment or place of business primarily engaged in the repair of automobiles or other motorized vehicles, or the installation or repair of equipment or parts on motorized vehicles such as mufflers, brakes, tires, transmissions, glass, and engines or engine parts, but excluding dismantling or salvage.
Automotive repair shops also include:
1. AUTOMOTIVE PAINT OR BODY SHOP The use of a building or premises for the repair of automotive bodies and/or major mechanical works, straightening of body parts, painting, welding, or storage of automobiles not in operable condition.
2. AUTOMOTIVE TIRE STORE An establishment or place of business primarily engaged in the sale of tires and services relating to the repair or purchase of tires for automobiles.
AUTOMOTIVE SERVICE STATION An establishment or place of business primarily engaged in the lubrication of vehicles and replacement or installation of minor parts and accessories.
Such use shall include establishments that provide express oil changes, and sell at retail.
Filling stations do not include uses primarily engaged in major repair work such as engine replacement, body and fender repair, or spray painting; for such uses see ""automotive repair shop.""
BAR, TAVERN or LOUNGE An establishment or place of business primarily engaged in the preparation and retail sale of alcoholic beverages for consumption on the premises with a City- and State-approved liquor license, including taverns, bars, cocktail lounges, and similar uses in which over fifty percent (50%) of the total revenue is generated from alcoholic beverages.
BASEMENT That portion of a building which is partly or completely below grade.
BED-AND-BREAKFAST An establishment or place of business that is a private, owner-occupied residence with one
(1) to five
(5) guest rooms in which lodging and meals are provided for time-limited durations to not more than five
(5) groups of patrons in a twenty-four-hour period.
BOARD OF ADJUSTMENT A local body, appointed by the Mayor and approved by the Board of Aldermen, charged with hearing appeals and authorizing variances to the requirements of this Chapter.
BOARDINGHOUSE (GROUP HOME) A building, other than a hotel, where, for compensation and by prearrangement for definite periods, meals and/or lodging are provided for a minimum of three
(3) but not more than fifteen
(15) persons, but not for the public or transients.
The classification shall include a single-family dwelling or single-family residence where eight
(8) or fewer unrelated mentally or physically handicapped persons reside plus no more than two"
1,Article I General Provisions,Section 400.060 Definitions.,sub-sec-1.6,https://ecode360.com/28025598,https://zoneomics.com/code/8525/chapter_1#1.6,True,2,"(2) additional persons acting as houseparents or guardians who need not be related to each other or to any of the mentally or physically handicapped persons residing therein, provided that the exterior appearance of such home and property be in reasonable conformance with the general neighborhood standards prevailing in the immediate area, and further provided that there may be no more than one
(1) such home on either side of a street within any City block.
All uses shall comply with
Section 89.020, RSMo.
See also ""foster care home.""
BUFFER An area within a property or site, generally adjacent to and parallel with the property line, either consisting of natural vegetation or created by the use of trees, shrubs, fences, and/or berms, designed to limit continuously the view of and/or sound from the site to adjacent sites or properties.
BUILDING A structure that is permanently affixed to the land, has one
(1) or more floors, one
(1) or more exterior walls, and a roof, and is designed or intended for use as a shelter, but a building shall not include any vehicle, trailer (with or without wheels), nor any movable device such as furniture, machinery or equipment.
The word ""building"" shall include the word ""structure"" and vice versa.
BUILDING, HEIGHT OF The vertical distance from the grade (elevation of the curb, sidewalk or average elevation of the ground around the structure) to the highest point of the coping of a flat roof, or to the deck line of a mansard roof, or the mean height level between eaves and ridge for gable, hip or gambrel roofs.
BUSINESS OR VOCATIONAL SCHOOL A specialized instructional establishment that provides on-site training of business, commercial, and/or trade skills such as accounting, data processing, and repair.
This classification excludes establishments providing training in an activity that is not otherwise permitted in the zoning district.
Incidental instructional services in conjunction with other primary use shall not be considered a business or vocational school.
CATERING SERVICE An establishment engaged in the preparation of food and beverages for consumption at another location.
""Catering"" shall not include the manufacturing of food as defined in ""food/bakery product manufacturing.""
CEMETERY, CREMATORY, or MAUSOLEUM Land used or intended to be used for burial or cremation of the dead, whether human or animal, including a mausoleum or columbarium.
CLINIC (MEDICAL, DENTAL, OR OUTPATIENT) The practice of medicine or dentistry for humans, including assistants and laboratories, but not including inpatient care or operating rooms for major surgery.
CLUB or CIVIC OR FRATERNAL ORGANIZATION A membership association composed of persons who are bona fide dues-paying members and to whom (and their guests) use of facilities owned or leased by the association is generally restricted.
Such definition shall include buildings owned or operated by a person, for a social, educational, or recreational purpose, but not primarily for profit and not primarily to render a service that is customarily carried on as a business.
This definition shall include organizations such as the American Legion, Masonic Lodge and Veterans of Foreign Wars.
COMMISSION The Planning and Zoning Commission of the City of Owensville.
COMPREHENSIVE PLAN The plan or any portion thereof, adopted by the Planning and Zoning Commission pursuant to
Chapter 89, RSMo., for the coordinated development of the City.
DAY-CARE (CHILD), COMMERCIAL An establishment used for the purpose of a day-care center, day nursery, nursery school, day school, kindergarten (not connected with a school as defined herein) or similar use which constitutes the normal care of more than five
(5) physically and mentally sound children.
Child-care facilities shall meet all requirements and specifications of the Department of Health and Senior Services and other State or local agencies having jurisdiction over child-care facilities.
DAY-CARE (CHILD), RESIDENTIAL A day-care establishment conducted in a private residence that provides care, protection and supervision for five
(5) to ten
(10) individuals at any one time, excluding those persons related to and residing in the home of the day-care provider.
A use that provides care, protection and supervision for individuals on a regular basis away from their primary residence for less than twenty-four
(24) hours per day.
Residential day-care facilities shall meet all requirements and specifications of the Department of Health and Senior Services and other State or local agencies having jurisdiction over child-care facilities.
DRY-CLEANING AND LAUNDRY PICKUP An establishment or business maintained for the pickup and delivery of dry cleaning and/or laundry without the maintenance or operation of any laundry or dry-cleaning equipment or machinery on the premises.
DRY-CLEANING PLANT An establishment intended to be used for cleaning fabrics, textiles, apparel, or articles of any sort by immersion and agitation in volatile solvents and the processes incidental thereto.
DWELLING Any building or portion thereof used exclusively for human habitation, except hotels, motels, dormitories, house trailers, or boardinghouses.
The term ""single-family dwelling"" as used in this Zoning Ordinance shall include any residential home, foster-care home, or any similar home or residence as required by State law.
The following terms associated with dwelling shall have the following meanings:
1. LOFT A dwelling located above the first floor of a non-residential use such as a store or office.
2. MULTIFAMILY (APARTMENT) A room or suite of rooms within a building arranged, intended or designed for a place of residence of a single family or a group of individuals living together as a single housekeeping unit.
3. SINGLE-FAMILY ATTACHED DWELLING (DUPLEX) A dwelling situated on one
(1) lot occupied exclusively by two
(2) families, respectively, in separate dwelling units living independently of each other.
4. SINGLE-FAMILY ATTACHED DWELLING (VILLA) Single-family dwellings sharing a common wall but situated on separate lots each with a private exterior entrance designed to be occupied exclusively by separate families with no other dwelling unit located above or below another.
5. SINGLE-FAMILY DETACHED DWELLING A dwelling situated on one
(1) lot designed to be occupied exclusively by one
(1) family."
1,Article I General Provisions,Section 400.060 Definitions.,sub-sec-1.6,https://ecode360.com/28025598,https://zoneomics.com/code/8525/chapter_1#1.6,True,3,"6. TOWNHOUSE A group of three
(3) or more dwellings situated on one
(1) lot occupied by families in separate dwelling units living independently of each other.
|  |
| --- |
| **The following illustrations are intended to demonstrate some of the above terms** | DWELLING UNIT A room or group of rooms within a dwelling and forming a single habitable unit with facilities for living, sleeping and cooking.
FAMILY One
(1) or more persons who are related by blood, marriage, or adoption (including foster care), living together and occupying a single housekeeping unit with single kitchen facilities, or a group of not more than three
(3) persons living together by joint agreement occupying a single housekeeping unit with single kitchen facilities, on a non-profit cost-sharing basis, subject to any exceptions as may be required by law.
FARMERS MARKET The offering for sale of fresh agricultural products directly to the consumer at an open-air market designated and approved by the City as a seasonal or temporary use.
FENCE A barrier constructed of man-made or natural materials, intended to maintain privacy and/or to prevent intrusion upon the property.
FINANCIAL SERVICES An office, establishment or business that primarily performs central banking functions and accepts deposits and lends funds from these deposits.
Such establishment may include these services to patrons and customers through an accessory drive-through, when permitted pursuant to
Section 400.640. Uses include banks; savings associations; savings and loan institutions; investment banking; brokerages for securities or commodities; credit reporting services; certified financial planning; accounting; auditing; bookkeeping; credit service offices, including credit unions; holding and investment services; savings and loan association offices; and consumer and mercantile credit-reporting services.
""Financial services"" does not include pawnshops, businesses primarily engaged in check cashing or issuing money orders, or title loan establishments or other businesses offering short-term consumer loans secured by personal property, certificates of title to such property, estimated tax refunds or other such collateral (all of which are prohibited money-changing/money-brokering uses).
(See also ""payday loan establishments."")
FLEA MARKET Any person or aggregation, congregation or assembly of vendors, whether professional or non-professional, that offers for sale, trade or barter any goods permitted by law, regardless whether they are new, used, antique or handmade, and where offered for sale in open air areas, buildings or temporary structures.
FLOOR AREA The sum of the gross horizontal areas of all floors of a building measured from the exterior faces of the exterior walls or from the center line of walls separating buildings, but not including cellar or basement space not used for business or commerce.
FOSTER-CARE HOME Any private residence licensed by the
Division of Family Services or Department of Mental Health to provide foster care to one
(1) or more but less than seven
(7) children who are unrelated to either foster parent by blood, marriage or adoption.
See also ""boardinghouse.""
FRONTAGE All the property on one side of a street between two
(2) intersecting streets (crossing or terminating), measured along the line of the street or, if the street is dead-ended, then all of the property abutting on one side between an intersecting street and the dead end of the street.
GARAGE, PRIVATE An accessory building used only for the housing of motor vehicles, owned and used by occupants of the building to which it is accessory.
HEALTH CLUB or FITNESS CENTER A business that provides facilities for aerobic exercises, such as running and jogging tracks, exercise equipment, game courts, gymnasium, or swimming facilities.
HOME OCCUPATION An accessory use conducted entirely within a dwelling unit as an economic enterprise or for financial gain by members of the household residing therein that is clearly incidental and secondary to the use of the dwelling unit for residential purposes.
HOSPITAL An institution providing medical and surgical care for humans only, for both in- and outpatients, including medical service, training, and research facilities.
HOTEL A place where sleeping accommodations are provided for pay or compensation by transient guests for periods of not more than twenty-eight
(28) consecutive days, and having more than five
(5) bedrooms which are furnished, used and maintained for the accommodation of such guests.
HOTEL, EXTENDED-STAY A commercial land use regularly providing shelter in a building or portion thereof in which access is provided through a common entrance, lobby or hallway and which contains six
(6) or more guest rooms.
Occupants may stay for periods of twenty-eight
(28) or fewer days or longer than twenty-eight
(28) days subject to payment of a transient occupancy tax (""TOT"") as determined and established by the Governing Body at the time of development review.
An extended-stay hotel is an operating business that is intended for individuals who may need to stay for twenty-eight
(28) days or more, but intend their occupancy to be temporary; that is, they shall maintain a permanent place of residence elsewhere.
INDUSTRIAL USE, HEAVY A use engaged in the basic processing and manufacturing of materials or products predominantly from extracted or raw materials, or a use engaged in storage of, or manufacturing processes using, flammable or explosive materials, or storage or manufacturing processes that potentially involve hazardous or commonly recognized offensive conditions.
Such uses include asphalt plants; oil and gas production; manufacture of cement, lime, gypsum and plaster of paris, chemicals and allied products, fabricated metal products, rubber and plastics products, stone, clay, glass and concrete products, and transportation equipment.
INDUSTRIAL USE, LIGHT A use engaged in the manufacture, predominantly from previously prepared materials, of finished products or parts, including processing, fabrication, assembly, treatment, packaging, incidental indoor storage, sales and distribution of such products, but excluding basic industrial processing as described in the definition of ""heavy industrial use."""
1,Article I General Provisions,Section 400.060 Definitions.,sub-sec-1.6,https://ecode360.com/28025598,https://zoneomics.com/code/8525/chapter_1#1.6,True,4,"INFILL DEVELOPMENT Construction on an existing lot on an existing street in an existing neighborhood or developed area.
INSTITUTION A building occupied by a non-profit corporation or a non-profit establishment for public use.
KENNEL Any place where more than four
(4) cats and/or dogs over the age of six
(6) months are kept.
LIQUOR STORE An establishment or place of business primarily engaged in retail sale for consumption off the premises of alcoholic beverages.
Uses include liquor stores, bottle shops, or any licensed sales of liquor, beer or wine for off-site consumption.
LOADING SPACE A space within the main building or on the same lot, providing for the standing, loading or unloading of trucks, having a minimum dimension of ten
(10) feet by twenty-five
(25) feet and a vertical clearance of at least fourteen
(14) feet.
LOT A platted parcel of land occupied or intended for occupancy by a use permitted in this Chapter.
LOT, CORNER A lot abutting upon two
(2) intersecting streets at their intersection.
LOT, DEPTH OF The mean horizontal distance between the front and rear lot line.
LOT LINES (PROPERTY LINES) The lines bounding a lot as defined below.
1. FRONT The boundary between a lot and the street on which it fronts.
(For clarification of the front lot line location, see the illustration below.)
2. REAR Any lot line that is not a front lot line or a side lot line.
(For clarification of the rear lot line location, see the illustration below.)
3. SIDE Any lot line connecting a front and rear lot line.
(For clarification of the side lot line location, see the illustration below.)
|  |
| --- |
| **Lot Types and Setbacks** | LOT OF RECORD A lot or parcel of land, the deed to which has been recorded in the office of the Recorder of Deeds of Gasconade County.
LOT WIDTH The mean horizontal distance measured at right angles to its depth.
MANUFACTURED HOME A structure constructed on or after June 15, 1976, transportable in one
(1) or more sections, which, in the traveling mode, is eight
(8) body feet or more in width or forty
(40) body feet or more in length, or, when erected on site, is three hundred twenty (320) or more square feet, and which is built on a permanent chassis and designed to be used as a dwelling with or without a permanent foundation when connected to the required utilities, and includes the plumbing, heating, air-conditioning, and electrical systems contained therein.
The term includes any structure that meets all of the requirements of this definition except the size requirements and with respect to which the manufacturer voluntarily files a certification required by the United States Secretary of Housing and Urban Development and complies with the standards established under Title 42 of the United States Code.
MASSAGE PARLOR An establishment that is not licensed by the State of Missouri as a massage therapy establishment and that provides baths and body massages or either of them.
Nothing herein contained shall apply to a licensed massage therapist or an establishment where massage therapy is practiced, including an accredited college, certified to operate in Missouri by the Coordinating Board of Higher Education, from offering a massage therapy course of study in which its students and employees may give body massages as a required part of a college's curriculum or State requirement, provided that the percentage of students taking the course is not more than thirty-three percent (33%) of the entire enrollment of the college.
A massage parlor shall also include the term ""bathhouse.""
MASSAGE THERAPY ESTABLISHMENT An establishment licensed by the State of Missouri that offers therapeutic massage as defined in
Chapter 324,
Sections 324.240 through 324.275, RSMo.
The definition does not include establishments that offer illicit sexual services under the guise of therapeutic massage; see also Massage Parlor.
MOBILE HOME A transportable, factory-built structure designed to be used as a single dwelling unit that was manufactured prior to June 15, 1976, and that does not bear a seal as provided by the Federal Manufactured Housing Construction and Safety Standards Act of
1974 (42 U.S.C.
§ 5401).
MODULAR UNIT A transportable building unit designed to be used by itself or to be incorporated with similar units at a point-of-use into a modular structure to be used for residential, commercial, educational or industrial purposes.
This definition shall not apply to structures under six hundred fifty (650) square feet used temporarily and exclusively for construction site office purposes.
MULTIGENERATIONAL HOUSEHOLD Households consisting of two
(2) generations of adults related by blood where second kitchens are permitted, provided the dwelling is not sectioned off into two
(2) separate living quarters like a duplex.
NIGHTCLUB A place of entertainment open at night having a floor show and/or providing music and space for dancing and where liquor is sold to be consumed on the premises, but not including restaurants where the principal business is serving food.
The facility shall be duly approved and licensed as required by applicable State and local regulations.
NON-CONFORMING LAND USE OR STRUCTURE A land use or structure which existed lawfully on the date this Zoning Ordinance or any amendment thereto became effective and which fails to conform to one
(1) or more of the applicable regulations in the Zoning Ordinance or amendment thereto.
NON-CONFORMING LOT A lot of record that existed lawfully, whether by variance or otherwise, on the effective date of the adoption of this
Chapter or any amendment thereto, but because of such adoption or amendment of this
Chapter fails to conform to the applicable area, width, depth or other regulations related to lot dimension of this
Chapter as amended.
NUISANCE An unreasonable interference with the enjoyment or use of property.
NURSING HOME A home for the aged, chronically ill or incurable persons in which three
(3) or more persons not of the immediate family are received, kept and provided with food, shelter and care, for compensation, but not including hospitals, clinics or similar institutions devoted primarily to the diagnosis, treatment or care of the sick or injured.
OFFICE A building or portion of a building wherein services are performed involving predominantly administrative, professional, or clerical operations."
1,Article I General Provisions,Section 400.060 Definitions.,sub-sec-1.6,https://ecode360.com/28025598,https://zoneomics.com/code/8525/chapter_1#1.6,True,5,"OPEN STORAGE Storage of material or goods on the ground outside of a building.
OUTDOOR DISPLAY AREA A portion of a property outside of any building where merchandise, goods or other items are placed in public view for the purpose of direct sale or lease to customers.
PARKING LOT, ACCESSORY USE A tract of land used for the temporary parking [one
(1) day or less] of motor vehicles as an accessory use.
Accessory parking lots shall be limited to storing only the vehicles associated with the principal use they serve, unless a shared parking agreement is approved by the Board.
Parking lots must be paved with asphaltic concrete, portland cement concrete or other approved material.
PARKING LOT, PRINCIPAL USE A tract of land which is used for the storage of motor vehicles and is not accessory to any other use on the same or any other lot, and containing parking space rented to the general public or reserved for individuals by the hour, day, week or month.
Parking lots must be paved with asphaltic concrete, portland cement concrete or other approved material.
PARKING SPACE An area surfaced with asphaltic concrete, portland cement concrete or other approved material, properly graded for drainage, enclosed in the main building or in an accessory building, or an unenclosed area providing a parking space for one
(1) motor vehicle [nine
(9) feet wide by nineteen
(19) feet deep] and which is located on the same lot as the building or use it is intended to serve.
PAWNBROKER or PAWNSHOP An establishment or individual or business entity which lends money on the deposit or pledge of physically delivered personal property, other than property the ownership of which is subject to a legal dispute, securities, printed evidence of indebtedness or printed evidence of ownership of the personal property, or who deals in the purchase of such property on the condition of selling the property back again at a stipulated price, shall be held and is hereby declared and defined to be a pawnbroker.
The business of a pawnbroker does not include the lending of money on deposit or pledge of title to property.
PAYDAY-LOAN ESTABLISHMENT An establishment that engages in transactions in which a short-term cash advance is made to a consumer in exchange for a customer's postdated check in the amount of the advance plus a fee, or in exchange for a consumer's authorization to debit a transaction account in the amount of the advance plus a fee at a designated future date.
Uses include check cashing stores.
The classification does not include a State or Federally chartered bank, savings association, credit union, or industrial land company.
Further, this classification does not include establishments selling consumer goods where the cashing of checks or money orders is incidental to the main purpose of the business.
RENEWABLE ENERGY SYSTEMS Equipment and appurtenances used in the production of energy through the conversion of sun and wind energy, which includes solar energy and wind energy systems.
1. BUILDING-INTEGRATED RENEWABLE ENERGY SYSTEM A renewable energy system that is an integral part of a principal or accessory building, rather than a separate mechanical device, replacing or substituting for an architectural or structural component of the building which contributes to the design of the building, including, but not limited to, photovoltaic or hot-water solar systems contained within roofing materials, windows, skylights and awnings.
2. BUILDING-MOUNTED SOLAR ENERGY SYSTEM A solar energy system affixed to either a principal or accessory structure on a lot.
3. GROUND-MOUNTED SOLAR ENERGY SYSTEM A solar energy system that is not attached to another structure and is affixed to the ground.
4. GROUND-MOUNTED WIND ENERGY SYSTEM A wind energy system that is not attached to another structure and is affixed to the ground with a monopole tower.
5. ROOF-MOUNTED WIND ENERGY SYSTEM A wind energy system affixed to the roof of a principal or accessory structure on a lot.
6. SOLAR ENERGY COLLECTOR The component of a solar energy system containing the flat plate or tube or other devices that absorb energy from the sun when exposed to sunlight.
7. SOLAR ENERGY EQUIPMENT The solar energy collectors, electronics, disconnects, valves, and other appurtenances associated with a solar energy system.
8. SOLAR ENERGY SYSTEM A building- or ground-mounted photovoltaic, hot air, or hot water collector device or other type of energy system which relies upon solar radiation as the source for the generation of electricity or transfer of stored heat.
9. WIND ENERGY SYSTEM A wind energy conversion system consisting of a wind turbine, freestanding or attached to a structure, and associated control or conversion electronics; provided, however, that wind energy systems in the City shall be limited to those which have a rated capacity of ten
(10) kilowatts or less and are used for on-site consumption.
10. WIND TURBINE The blades and associated components mounted on top of a tower whose purpose is to convert kinetic energy of the wind into rotational energy used to generate electricity.
RETAIL SALES AND SERVICES A business offering the sale of commodities and services directly to customers, when such commodities and services are used or consumed by the customer and not purchased primarily for the purpose of resale.
Retail sales and services shall include the following uses:
1. General merchandise retail stores, limited to:
a. Department stores;
b. Specialty stores; c. Dry goods stores; and d. Limited price variety stores.
2. Food merchandise retail stores, limited to:
a. Bakeries, non-manufacturing, except for retail sale upon the premises only;
b. Candy and confectionery shops; c. Dairy product markets; d. Delicatessens; e. Fruit and vegetable markets; f. Grocery stores (excluding convenience stores); g. Health food stores; h. Meat, fish, seafood and poultry markets.
3. Furniture and home furnishing retail stores, limited to:"
1,Article I General Provisions,Section 400.060 Definitions.,sub-sec-1.6,https://ecode360.com/28025598,https://zoneomics.com/code/8525/chapter_1#1.6,True,6,"a. China, glassware and metalware stores; b. Draperies, curtains and upholstery stores, including custom-made service, and supplies; c. Floor covering and carpet stores, including installation and cleaning service; d. Furniture stores, including repair and service; e. Household appliance stores, including repair and service; f. Interior decorators' service stores or offices, excluding fabrication shops; g. Lamp and mirror stores; h. Musical instrument stores, including repair and tuning service, and supplies;
i. Office furniture and supplies stores, including service, repair, supplies, and equipment; and
j. Radio, television, computer, and audio and video recorder stores, including parts, repair, service, and supplies.
4. Apparel and accessories, retail stores and shops, limited to:
a. Apparel accessory shops;
b. Clothing stores; c. Custom tailoring and dressmaking shops; d. Clothing rental stores; e. Jewelry and lapidary shops; and f. Shoe stores.
5. Miscellaneous retail sales and service stores and shops, limited to and including the offering for retail sale any of the following commodities:
a. Art articles and artists' supply stores;
b. Auction halls, secondhand merchandise stores, and antique shops; c. Barbershop, salon, spa, beauty shop; d. Books, magazines, newspapers, greeting cards, and stationery (including letterhead and business card printing) stores; camera and photographic supply shops, including optical goods; e. Coin and stamp stores; f. Equipment rental stores (excluding motor vehicle and trailer rental); g. Florists; h. Gift, novelty, curio, and souvenir shops;
i. Hardware, nurseries, lawn and garden equipment and supply stores; j. Hobby and craft shops, including, but not limited to, trophies and engraving, woodworking, taxidermists, gunsmiths and bicycles; k. Leather and luggage retail shops; l. Locksmith; m. Newspaper distribution and delivery stations; n. Pet shops, retail; o. Pharmacies, including, but not limited to, retailing of toiletries, notions, and sundries; p. Sporting goods shops; or
q. Tobacco shops.
SALVAGE YARD An area for the dismantling, storage, and sale of inoperative, obsolete or wrecked motor vehicles, trailers, and their parts.
SANITARY LANDFILL A type of operation in which refuse and earth or other suitable cover material are deposited in alternate layers of specified depth in accordance with a definite plan on a specified portion of open land, with each layer being compacted by force applied by mechanical equipment.
SELF STORAGE (MINI WAREHOUSE) A building or group of buildings consisting of individual, self-contained units leased to individuals, organizations, or businesses for self-service storage of personal property.
SHORT-TERM RENTAL A place where sleeping accommodations are provided for pay or compensation by transient guests for a period of not more that twenty-eight
(28) consecutive days, and having less than five
(5) bedrooms which are furnished, used and maintained for the accommodation of such guest.
SIGHT DISTANCE TRIANGLE The triangular area of a corner lot bound by the property lines and a line connecting the two
(2) points on the property lines thirty
(30) feet from the intersection of the property lines in which nothing shall be erected, placed, planted, or allowed to grow in such a manner as to materially impede vision.
SIGN A name, identification, description, display, or illustration which is affixed to, or points out, a building, structure, or tract of land, and which directs attention to an object, product, place, person, service, activity, institution, organization or business.
The following is a list of common sign types:
1. AWNING, CANOPY OR MARQUEE SIGN A sign that is mounted on, painted on, or attached to an awning, canopy or marquee.
No such signs shall project above, below or beyond the awning, canopy or marquee.
|  |
| --- |
| **Awning** | 2. BUSINESS SIGN A sign which directs attention to a business or profession conducted, or to products, services or entertainment sold or offered upon the premises where such sign is located, or to which it is affixed and regulated to the extent permitted by law.
3. CONSTRUCTION SIGN A temporary sign providing information about a future development or current construction on a site and the parties involved in the project.
Except as otherwise permitted by law, construction signs shall only be permitted during the construction period and only on the premises on which the construction is taking place.
4. ELEVATED/PROJECTING ROOF SIGN A sign totally supported on the roof of a structure, not including flush-mounted logo roof signs.
Elevated/projecting roof signs shall not project more than twelve
(12) inches beyond the face of the structure.
In no case shall an elevated/projecting roof sign project more than ten
(10) feet beyond the highest point of the roof on which the sign is located.
5. ELEVATED SIGN Any sign placed upon or supported by the ground independent of the principal structure on the property where the bottom edge of the sign is ten
(10) feet or more above the ground level.
[X = one-half (1/2) of the sign face, Y = one-fourth (1/4) of width of base, Z = twenty
(20) feet above the base elevation of the highway.
Maximum height equals twenty
(20) feet; bottom of sign shall be at least ten
(10) feet above the ground elevation.]
|  |
| --- |
| **Elevated Sign** |
6. FLUSH-MOUNTED LOGO ROOF SIGN A sign totally supported on the roof of a structure that displays the logo of the tenant of such structure.
Flush-mounted logo roof signs shall be mounted parallel to and flush with the roof's surface.
In no case shall a flush-mounted logo roof sign project above the highest point of the roof (compare to ""elevated/projecting roof sign"").
|  |
| --- |
| **Flush-Mounted Logo Roof Sign** |
7. GROUND SIGN Any sign placed upon or supported by the ground independent of the principal structure on the property, where the bottom edge of the sign is less than six
(6) feet above the ground, and the base is no less than fifty percent (50%) of the width of the face of the sign, presenting a monolithic structure.
The maximum height shall be no more than ten
(10) feet.
If the base of the sign is less than five
(5) feet, no planter is required.
|  |
| --- |
| **Ground Sign** |"
1,Article I General Provisions,Section 400.060 Definitions.,sub-sec-1.6,https://ecode360.com/28025598,https://zoneomics.com/code/8525/chapter_1#1.6,True,7,"8. ILLUMINATED SIGN Any sign designed to internally give forth artificial light or designed to reflect light from one
(1) or more exterior sources of artificial light erected for the sole purpose of illuminating the sign.
9. INDIRECTLY ILLUMINATED SIGN A sign which does not produce artificial light from within itself but which is illuminated by spotlights, floodlights, or other artificial light source(s) not a part of the sign itself.
10. INFORMATION SIGN A sign which identifies a non-commercial or institutional activity such as historic markers, school activity signs, or church bulletin boards.
11. INTERNALLY ILLUMINATED SIGN A sign so designed that its source of artificial light is contained within itself and said source is not directly visible when in normal operation.
12. MECHANICAL SIGN A sign that contains moving parts, creates the effect or illusion of having any moving parts, or has flashing or intermittent lighting.
13. MONUMENT SIGN Any sign whose base is greater in width than the face of the sign, and whose height is no greater than six
(6) feet.
[X = one hundred ten percent (110%) of the width of the sign face, Y = ten percent (10%) of the sign face.
Maximum height is six
(6) feet.]
|  |
| --- |
| **Monument Sign** |
14. NAME PLATE SIGN A sign giving the name and/or address of the owner or occupant of a structure or premises on which it is located and, where applicable, a professional status.
15. OFF-PREMISES SIGN A sign which contains a message unrelated to a premises or profession or to a commodity, service or entertainment sold or offered upon the premises where such sign is located.
16. POLITICAL ELECTION SIGN Any sign relating to a candidate, political party, ballot issue, or other issue to be voted upon in any public election.
Political signs shall not be paced in the right-of-way.
|  |
| --- |
| **Political Election** |
17. PORTABLE DISPLAY SIGN Any movable display structure, capable of relocation, under its own power, or towed by a motor vehicle.
The display message of the sign may be painted or non-painted and capable of being readily altered.
Portable display signs may be with or without electrical illumination and power, and with or without wheels.
18. PROJECTING SIGN A sign that is wholly or partly dependent upon a structure for support and which projects more than twelve
(12) inches from such structure.
|  |
| --- |
| **Projection Sign** |
19. REAL ESTATE SIGN A temporary sign pertaining to the sale or lease of a lot or tract of land on which the sign is located, or to the sale or lease of one
(1) or more structures, or a portion thereof on which the sign is located.
20. TEMPORARY SIGN A sign not constructed or intended for long-term use.
|  |
| --- |
| **Temporary Sign** |
21. WALL SIGN A sign fastened to or painted on a wall of a structure in such a manner that the wall becomes merely the supporting structure or forms the background surface, and which does not project more than twelve
(12) inches from such structure.
|  |
| --- |
| **Wall Sign** |
22. WINDOW SIGN Any sign, pictures, symbol, or combination thereof, designed to communicate information about an activity, business, commodity, event, sale, or service, that is placed inside a window or upon the window panes of glass and is visible from the exterior of the window.
|  |
| --- |
| **Window Sign** | SIGN AREA Includes the space to be used for advertising purposes, including the spaces between open-type letters and figures, including the background structure, or other decoration or addition which is an integral part of the sign.
The perimeter shall not include any structural or framing elements lying outside the perimeter and not an integral part of the sign.
SIGN HEIGHT The vertical distance measured from either the ground elevation of the structure supporting the sign or the upper surface of the nearest curb or edge of a street, whichever is lower, to the highest point of a sign.
SIGN OUTLINE AREA The area enclosed by the perimeter of the face of a sign, but not including structure supports.
STORY That portion of a building, other than a basement, included between the surface of any floor and the surface of the floor next above it or, if there is no floor above it, the space between the floor and the ceiling next above it.
STORY, HALF A partial story under a gable, hip or gambrel roof, the wall plates of which on at least two
(2) opposite exterior walls are not more than four
(4) feet above the floor of such story; except that any partial story used for residence purposes, other than by a janitor or caretaker or his/her family or by a family occupying the floor immediately below it, shall be deemed a full story.
STREET Any public or private way set aside as a permanent right-of-way for street purposes and affording the principal means of access to abutting property.
STRUCTURAL ALTERATION Any change in structural members of a building, such as walls, columns, beams, roof or girders.
STRUCTURE Anything constructed or erected, the use of which requires permanent location on the ground.
SUBDIVISION, MINOR A tract of land consisting of five
(5) acres or less of land and proposed for subdivision or resubdivision into two
(2) or less tracks.
TITLE LOAN ESTABLISHMENT Any person, entity or business that lends money to a borrower and in exchange retains physical possession of the State-issued certificate of title to the personal property of the borrower.
TOWER (TELECOMMUNICATIONS) Any structure that is designed and constructed primarily for the purpose of supporting one
(1) or more antennas, including self-supporting lattice towers, guyed towers, or monopole towers.
The term includes radio and television transmission towers, microwave towers, common-carrier towers, cellular telephone towers, and the like.
VARIANCE A modification or variation of the provisions of this
Chapter as applied to a specific piece of property and approved by the Board of Adjustment.
VETERINARY CLINIC (ANIMAL HOSPITAL) A facility for the practice of veterinary medicine.
YARD An open space on the same lot with a building unobstructed from the ground upward and measured as the minimum horizontal distance between the lot line and main building."
1,Article I General Provisions,Section 400.060 Definitions.,sub-sec-1.6,https://ecode360.com/28025598,https://zoneomics.com/code/8525/chapter_1#1.6,True,8,"YARD, FRONT A yard extending across the front of a lot between the side yard lines and measured between the street line and the main building or any projection thereof, other than the projection of the usual steps, terraces, uncovered porches or entranceways.
On corner lots the front yard shall be considered parallel to the street upon which the lot has its least dimension.
YARD, REAR A yard extending across the rear of the lot between the side lot lines and measured between the rear lot line and the rear of the main building or any projection other than steps, uncovered porches or entranceways.
On all lots the rear yard shall be at the opposite end of the lot from the front yard.
YARD, SIDE A yard between the main building and the side line of the lot and extending from the front lot line to the rear yard."
2,Article II District Regulations,Section 400.070 Established Districts.,sub-sec-2.1,https://ecode360.com/28025599,https://zoneomics.com/code/8525/chapter_2#2.1,False,0,"[R.O.
2011
§ 400.070; Ord.
No.
1161
§ 1, 11-18-2013] For the purposes of this Chapter, the City of Owensville is hereby divided into the following Districts:
|  |  |  |
| --- | --- | --- |
|  | ""A-1"" | Agricultural District |
| ""R-R"" | Rural Residential District |
| ""R-1"" | Single-Family Residential District |
| ""R-1A"" | Single-Family Residential District |
| ""R-2"" | Two-Family Residential District |
| ""R-3"" | Multifamily Low-Density Residential District |
| ""R-4"" | Multifamily High-Density Residential District |
| ""R-5"" | Planned Residential/Business District |
| ""OT"" | Old Town District (formally ""OTR"" Old Town Res.) |
| ""OTC"" | Old Town Commercial District |
| ""MH"" | Mobile Home Park District |
| ""C-1"" | Neighborhood Commercial District |
| ""C-2"" | Highway Commercial District |
| ""M-1"" | Light Industrial District |
| ""M-2"" | Industrial District |"
2,Article II District Regulations,Section 400.080 Zoning Map.,sub-sec-2.2,https://ecode360.com/28025600,https://zoneomics.com/code/8525/chapter_2#2.2,False,0,"[R.O.
2011
§ 400.080; Ord.
No.
1161
§ 1, 11-18-2013] The boundaries of these districts are hereby established as shown upon the ""Official Owensville Zoning Map.""
The Zoning Map as amended and all the notations, references and other information shown thereon are a part of this
Chapter and shall have the same force and effect as if such map and all the notations, references and other information shown thereon were all fully set forth or described herein, which Zoning Map is properly attested and is on file with the City Clerk.
Said map, with all subsequent amendments thereto, supersedes all prior Zoning Maps of the City.
All subsequent amendments to the Zoning Map shall include the date of adoption and number of the amending ordinance."
2,Article II District Regulations,Section 400.090 Annexed Territory.,sub-sec-2.3,https://ecode360.com/28025605,https://zoneomics.com/code/8525/chapter_2#2.3,False,0,"[R.O.
2011
§ 400.090; Ord.
No.
1161
§ 1, 11-18-2013] Any area within the geographical boundaries of Owensville, Missouri, which is added to or becomes a part of the City, shall retain the zoning classification it had prior to the annexation, provided that the Administrative Official shall, within sixty
(60) days of the effective date of such annexation, initiate a review and rezoning of said property under the provisions of this Zoning Ordinance."
2,Article II District Regulations,Section 400.100 Vacation Of Public Ways.,sub-sec-2.4,https://ecode360.com/28025614,https://zoneomics.com/code/8525/chapter_2#2.4,False,0,"[R.O.
2011
§ 400.100; Ord.
No.
1161
§ 1, 11-18-2013] In the event any street, alley or other public way forming the boundary of a district is vacated, the new district boundary line shall be the former center line of said vacated public way."
2,Article II District Regulations,Section 400.110 Boundaries Of Districts.,sub-sec-2.5,https://ecode360.com/28025650,https://zoneomics.com/code/8525/chapter_2#2.5,False,0,"[R.O.
2011
§ 400.110; Ord.
No.
1161
§ 1, 11-18-2013]
A. Where uncertainty exists with respect to the boundaries of the various districts as shown on the District Map made a part of this Chapter, the following rules apply:
1. The district boundaries are the center lines of streets and/or alleys unless otherwise shown.
Where the districts designated on the Zoning Map are bounded approximately by the center line of a street and/or alley, such center line shall be construed to be the boundary of such district.
2. Where the district boundaries are not otherwise indicated or when the property has been or may hereafter be divided into blocks and lots, the district boundaries shall be construed to be lot lines; and where the districts designated on the Zoning Map are bounded approximately by lot lines, such lot lines shall be construed to be the boundary of such district unless the boundaries are otherwise indicated on the map.
3. Whenever any street, alley or other public way is vacated by the Board of Aldermen of the City of Owensville, Missouri, Gasconade County or the State of Missouri, the zoning districts adjoining on each side of such street, alley, or public way shall automatically be extended to the center line of such vacation, and all area included in the vacation shall then be subject to all applicable regulations of the extended districts."
2,Article II District Regulations,Section 400.120 Compliance With The Regulations.,sub-sec-2.6,https://ecode360.com/28025680,https://zoneomics.com/code/8525/chapter_2#2.6,False,0,"[R.O.
2011
§ 400.120; Ord.
No.
1161
§ 1, 11-18-2013]
A. Except as hereinafter specifically provided:
1. No building shall be erected, converted, enlarged, reconstructed, moved or structurally altered, or any building or land used, except for a purpose (use) permitted in the district in which the building or land is located.
2. No building shall be erected, converted, enlarged, reconstructed or structurally altered except in conformity with the height, area, parking and loading regulations of the district in which the building is located.
3. The minimum yards and other open spaces, including lot area per family, required by this
Chapter for each and every building existing on the date of adoption of these regulations, or for any building hereafter erected, shall not be encroached upon or considered as part of the yard or open space required for any other building, nor shall any lot area be reduced below the requirements of this
Chapter for the district in which such lot is located, unless otherwise permitted by law or as approved by the Board of Aldermen.
4. Every part of a required yard shall be open to the sky, unobstructed except for accessory buildings in a rear yard, and except for the ordinary projections of sills, belt courses, cornices and ornamental features, roof overhangs, planter boxes and similar items, not to extend more than twelve
(12) inches into any required yard.
5. There shall be no storage of household items, building materials, motor vehicle parts or pieces, unlicensed motor vehicles or any other material within a front yard or in front of the main building or within any side yard.
Any such materials which remain on the property for thirty
(30) days or more after notification to remove same shall constitute a violation punishable under
Section 400.690 of these regulations.
6. Every building hereafter erected or structurally altered after the date of adoption of these regulations shall be located on a lot as defined in
Section 400.060 and in no case shall there be more than one
(1) principal building on a lot, except as otherwise permitted in this Chapter.
7. In the event that a lot is to be occupied by a group of two
(2) or more related buildings to be used for non-residential purposes, there may be more than one
(1) main building on the lot; provided, however, that open space between buildings shall have a minimum dimension of thirty
(30) feet for one-story buildings, forty
(40) feet for two-story buildings, and fifty
(50) feet for two-and-one-half-story buildings.
8. Grading, filling, excavating or any change in the grade of property that involves the moving, depletion or replacement of more than fifty
(50) cubic yards of material or changes the existing elevation by more than two
(2) feet requires a permit.
At no time shall any grading be detrimental to surrounding property in appearance or in the diversion of stormwater drainage.
9. Every inhabited mobile home shall be located in a mobile home park district.
No mobile home outside an approved mobile home park district shall be connected to utilities except those mobile homes being offered for sale and not inhabited as display units.
10. It is not intended by this
Chapter to interfere with, abrogate, or annul any easements, covenants, or other arrangements between parties; provided, however, that where this
Chapter imposes a greater restriction upon the use of buildings or premises or upon height of buildings, or requires larger open spaces than are imposed or required by any other easements, covenants, or agreements, the provisions of this
Chapter shall govern.
11. In case of conflict between this
Chapter or any part thereof, and the whole or part of any other existing or future ordinance, the most restrictive in each case shall apply.
12. Every lot containing a dwelling shall have direct access to a public right-of-way.
However, lots of flag configurations, which could place a dwelling unit behind a dwelling unit, shall not be permitted."
2,Article II District Regulations,"Section 400.130 ""A-1"" Agricultural District.",sub-sec-2.7,https://ecode360.com/28025702,https://zoneomics.com/code/8525/chapter_2#2.7,False,0,"[R.O.
2011
§ 400.130; Ord.
No.
1161
§ 1, 11-18-2013]
A. Purpose.
This district is intended to provide a location for land situated within the jurisdictional limits of the City, which is used for agricultural purposes.
Therefore, the agricultural uses and activities should not be detrimental to urban land uses.
It is not intended that this district provide a location for a lower standard of residential, commercial or industrial development than is authorized in other districts.
The type of uses, area and intensity of use of land that is authorized in this district is designed to encourage and protect any agricultural uses until urbanization is warranted and the appropriate changes in district classification are made.
B. Permitted Uses.
The listing of permitted uses is set out in the Land Use Table, which is included as an attachment to this Chapter.
C. Conditional Uses.
The Board of Aldermen may authorize conditional use permits for uses listed as conditional uses in the Land Use Table, which is included as an attachment to this Chapter, pursuant to
Section 400.640 of this
Chapter and subject to such other restrictions and conditions as deemed necessary.
D. Bulk Requirements.
| ""A-1"" Agricultural District Bulk Regulations | | |
| --- | --- | --- |
| Minimum lot area | | 10 acres; 3 acres for single-family dwellings |
| Minimum lot width | | 150 feet |
| Minimum residential floor area | | 1,600 square feet |
| Yard/setback | Front | 50 feet |
|  | Side | 15 feet |
|  | Rear | 50 feet |
| Maximum height | | 35 feet or 2 1/2 stories | E. Supplemental Regulations.
All development shall comply with the supplemental regulations provided in
Article III of this Chapter.
F. Off-Street Parking And Loading Requirements.
Off-street parking requirements shall conform to
Article IV.
G. Sign Requirements.
All residential signage shall comply with
Article V."
2,Article II District Regulations,"Section 400.140 ""R-R"" Rural Residential District.",sub-sec-2.8,https://ecode360.com/28025719,https://zoneomics.com/code/8525/chapter_2#2.8,False,0,"[R.O.
2011
§ 400.140; Ord.
No.
1161
§ 1, 11-18-2013]
A. Purpose.
The Rural Residential (""R-R"") District provides an opportunity to set aside areas of the City of single-family residential development in accordance with the general designation of ""very-low-density residential.""
These districts are intended for land areas that are planned or are existing single-family rural residential areas characterized by moderately large parcels that range in size from three
(3) to ten
(10) acres.
B. Permitted Uses.
The listing of permitted uses is set out in the Land Use Table, which is included as an attachment to this Chapter.
C. Conditional Uses.
The Board of Aldermen may authorize conditional use permits for uses listed as conditional uses in the Land Use Table, which is included as an attachment to this Chapter, pursuant to
Section 400.640 of this
Chapter and subject to such other restrictions and conditions as deemed necessary.
D. Bulk Requirements.
| ""R-R"" Rural Residential District Bulk Regulations | | |
| --- | --- | --- |
| Minimum lot area | | 3.5 acres |
| Minimum lot width | | 200 feet |
| Yard/setback | Front | 75 feet |
|  | Side | 50 feet |
|  | Rear | 50 feet |
| Minimum floor area | | 1,600 square feet per residence, excluding basements, porches and garages |
| Maximum height | | 35 feet or 2 1/2 stories | E.
Subdivision Restrictions.
It shall be the responsibility of the subdivision, through committee or other means, to ensure the compliance of subdivision restrictions which may be more stringent that these regulations.
F. Roads And Rights-Of-Way.
Areas shall be held to the minimum standards of design and development specified in
Article IV of
Chapter 405 with the following exceptions:
1. Easements.
Easements of not less than ten
(10) feet wide shall be provided along all interior subdivision lot lines.
Easements not less than twenty
(20) feet wide shall be provided along all exterior lot lines and utilities.
Easements not less than thirty
(30) feet wide shall be provided along all natural drainage channels and streams.
2. Street Improvements.
Roads within a ""R-R"" District may be constructed of a crushed stone granular material without consideration for asphaltic concrete or portland cement concrete paving so long as adequate ditching and drainage is constructed and so long as granular surfacing of roads is noted on the subdivision plat and made known to purchasers of such lots.
Future paving or improvement to such roads shall be done through petition of the property owner's committee/association and utilization of a cost-share program.
Minimum design standards for street/road base shall be in accordance with Gasconade County standards.
3. Drainage And Culverts.
All drives and connector roads that do not have curb and gutters shall be provided with ditching and culverts of an approved non-degradable material and size, and shall require a permit from City Hall prior to construction.
G. Supplemental Regulations.
All development shall comply with the supplemental regulations provided in
Article III of this Chapter.
H. Sign Requirements.
All residential signage shall comply with
Article V."
2,Article II District Regulations,"Section 400.150 ""R-1"" Single-Family Residential District.",sub-sec-2.9,https://ecode360.com/28025736,https://zoneomics.com/code/8525/chapter_2#2.9,False,0,"[R.O.
2011
§ 400.150; Ord.
No.
1161
§ 1, 11-18-2013; Ord.
No.
1233
§ 1, 12-5-2016; Ord.
No.
1462, 12-2-2024]
A. Purpose.
The regulations set forth in this
Section or set forth elsewhere in this
Chapter when referred to in this
Section are the regulations in the ""R-1"" Single-Family Residential District.
B. Permitted Uses.
The listing of permitted uses is set out in the Land Use Table, which is included as an attachment to this Chapter.
C. Conditional Uses.
The Board of Aldermen may authorize conditional use permits for uses listed as conditional uses in the Land Use Table, which is included as an attachment to this Chapter, pursuant to
Section 400.640 of this
Chapter and subject to such other restrictions and conditions as deemed necessary.
D. Bulk Requirements.
| ""R-1"" Single-Family Residential District Bulk Regulations | | |
| --- | --- | --- |
| Minimum lot area | | 12,000 square feet |
| Minimum lot width | | 75 feet |
| Yard/setback | Front | 25 feet, unless 40% or more of the frontage on one side of the street is improved with buildings that have observed a front yard variation in depth of not more than 10 feet, in which case no building shall project beyond the average front yard line so established, but this regulation shall not be interpreted to require a front yard of more than 50 feet |
|  | Side | 7.5 feet |
|  | Rear | 10 feet |
| Maximum height | | 35 feet or 2 1/2 stories |
| Minimum floor area | | 1,000 square feet of floor area consisting only of those floor areas that intersect the outer walls of the dwelling exclusively above grade | E. Supplemental Regulations.
All development shall comply with the supplemental regulations provided in
Article III of this Chapter.
F. Off-Street Parking And Loading Requirements.
Off-street parking requirements shall conform to
Article IV.
G. Sign Requirements.
All residential signage shall comply with
Article V."
2,Article II District Regulations,"Section 400.170 ""R-1A"" Single-Family Residential District.",sub-sec-2.10,https://ecode360.com/28460980,https://zoneomics.com/code/8525/chapter_2#2.10,False,0,"[R.O.
2011
§ 400.170; Ord.
No.
1161
§ 1, 11-18-2013]
A. Purpose.
The ""R-1A"" Single-Family Residential District is hereby created to provide an alternative to the ""R-1"" Single-Family Residential District allowing smaller lots and to promote the goals and objectives of the Comprehensive Plan.
B. Permitted Uses.
The listing of permitted uses is set out in the Land Use Table, which is included as an attachment to this Chapter.
C. Conditional Uses.
The Board of Aldermen may authorize conditional use permits for uses listed as conditional uses in the Land Use Table, which is included as an attachment to this Chapter, pursuant to
Section 400.640 of this
Chapter and subject to such other restrictions and conditions as deemed necessary.
D. Bulk Requirements.
| ""R-1A"" Single-Family Residential District Bulk Regulations | | |
| --- | --- | --- |
| Minimum lot area | | 5,850 square feet |
| Minimum lot width | | 50 feet |
| Yard/setback | Front | 25 feet |
|  | Side | 6 feet |
|  | Rear | 25 feet |
| Maximum height | | 2 stories; up to a maximum height of 40 feet, measured from the grade at the front entrance |
| Minimum floor area | | 800 square feet of floor area consisting only of those floor areas that intersect the outer walls of the dwelling exclusively above grade | E. Supplemental Regulations.
All development shall comply with the supplemental regulations provided in
Article III of this Chapter.
F. Off-Street Parking And Loading Requirements.
Off-street parking requirements shall conform to
Article IV.
G. Sign Requirements.
All residential signage shall comply with
Article V."
2,Article II District Regulations,"Section 400.180 ""R-2"" Two-Family Residential District.",sub-sec-2.11,https://ecode360.com/28025804,https://zoneomics.com/code/8525/chapter_2#2.11,False,0,"[R.O.
2011
§ 400.180; Ord.
No.
1161
§ 1, 11-18-2013; Ord.
No.
1233
§ 3, 12-5-2016; Ord.
No.
1462, 12-2-2024]
A. Purpose.
The regulations contained in this
Section are the district regulations in the ""R-2"" Two-Family Districts.
These regulations are supplemented and qualified by additional general regulations contained elsewhere in this Title and made part of this
Section by reference.
B. Permitted Uses.
The listing of permitted uses is set out in the Land Use Table, which is included as an attachment to this Chapter.
C. Conditional Uses.
The Board of Aldermen may authorize conditional use permits for uses listed as conditional uses in the Land Use Table, which is included as an attachment to this Chapter, pursuant to
Section 400.640 of this
Chapter and subject to such other restrictions and conditions as deemed necessary.
D. Bulk Requirements.
| ""R-2"" Two-Family Residential District Bulk Regulations | | |
| --- | --- | --- |
| Minimum lot area | | 12,000 square feet |
| Minimum lot width | | 75 feet |
| Yard/setback | Front | 25 feet, unless 40% or more of the frontage on one side of the street is improved with buildings that have observed a front yard variation in depth of not more than 10 feet, in which case no building shall project beyond the average front yard line so established, but this regulation shall not be interpreted to require a front yard of more than 50 feet |
|  | Side | 6 feet, except for lots of record that existed on the date of this Chapter that are less than 50 feet wide, the side setback may be reduced to 4 feet |
|  | Rear | There shall be a rear yard having a depth of not less than 25 feet or 20% of the depth of the lot, whichever amount is larger, but it need not exceed 40 feet |
| Maximum height | | 40 feet or 2 1/2 stories |
| Minimum floor area | | 1,000 square feet of floor area consisting only of those floor areas that intersect the outer walls of the dwelling exclusively above grade | E. Supplemental Regulations.
All development shall comply with the supplemental regulations provided in
Article III of this Chapter.
F. Off-Street Parking And Loading Requirements.
Off-street parking requirements shall conform to
Article IV.
G. Sign Requirements.
All residential signage shall comply with
Article V."
2,Article II District Regulations,"Section 400.190 ""R-3"" Multiple-Family Low-Density Residential District.",sub-sec-2.12,https://ecode360.com/28025814,https://zoneomics.com/code/8525/chapter_2#2.12,False,0,"[R.O.
2011
§ 400.190; Ord.
No.
1161
§ 1, 11-18-2013]
A. Purpose.
This district is intended to provide for medium-density multiple-family residential development.
It may include a range of residential uses from single-family to fraternity and sorority houses.
The principal land use is a residential apartment-type dwelling.
B. Permitted Uses.
The listing of permitted uses is set out in the Land Use Table, which is included as an attachment to this Chapter.
C. Conditional Uses.
The Board of Aldermen may authorize conditional use permits for uses listed as conditional uses in the Land Use Table, which is included as an attachment to this Chapter, pursuant to
Section 400.640 of this
Chapter and subject to such other restrictions and conditions as deemed necessary.
D. Bulk Requirements.
| ""R-3"" Multiple-Family Residential District Bulk Regulations | | |
| --- | --- | --- |
| Minimum lot area | | 10,000 square feet; 2,500 square feet per family |
| Minimum lot width | | 75 feet |
| Yard/setback | Front | 25 feet |
|  | Side | 10 feet; 15 feet for corner lots |
|  | Rear | 25 feet |
| Minimum floor area | Two-family | 1,000 square feet per dwelling unit, excluding basements, porches and garages |
|  | Multiple-family | 800 square feet per dwelling unit, excluding basements, porches and garages |
| Maximum height | | 35 feet | E. Access To Buildings In An Apartment Complex.
In apartment complexes there shall be a minimum distance between all buildings of twelve
(12) feet.
An access driveway for ingress and egress with a permanent dust-free paved surface shall be provided for all apartment complexes.
Such driveway shall be a minimum of sixteen
(16) feet wide.
No parking shall be allowed in the driveway.
The driveway and all buildings shall be located in such a manner as to provide access to all buildings by emergency vehicles.
F. Supplemental Regulations.
All development shall comply with the supplemental regulations provided in
Article III of this Chapter.
G. Off-Street Parking And Loading Requirements.
Off-street parking requirements shall conform to
Article IV.
H. Sign Requirements.
All residential signage shall comply with
Article V."
2,Article II District Regulations,"Section 400.200 ""R-4"" Multiple-Family High-Density Residential District.",sub-sec-2.13,https://ecode360.com/28025829,https://zoneomics.com/code/8525/chapter_2#2.13,False,0,"[R.O.
2011
§ 400.200; Ord.
No.
1161
§ 1, 11-18-2013]
A. Purpose.
This district is intended to provide for high-density multiple-family residential development.
It is primarily for apartments, but allows for all types of residential usage.
B. Permitted Uses.
The listing of permitted uses is set out in the Land Use Table, which is included as an attachment to this Chapter.
C. Conditional Uses.
The Board of Aldermen may authorize conditional use permits for uses listed as conditional uses in the Land Use Table, which is included as an attachment to this Chapter, pursuant to
Section 400.640 of this
Chapter and subject to such other restrictions and conditions as deemed necessary.
D. Bulk Requirements.
| ""R-4"" Multiple-Family High-Density Residential District Bulk Regulations | | |
| --- | --- | --- |
| Minimum lot area | | 7,500 square feet and at least 1,500 square feet per family |
| Minimum lot width | | 60 feet |
| Yard/setback | Front | 25 feet |
|  | Side | 10 feet |
|  | Rear | 25 feet or 25% of the lot depth, whichever is less |
| Minimum floor area | Two-family | 1,000 square feet per dwelling unit, excluding basements, porches and garages |
|  | Multiple-family | 800 square feet per dwelling unit, excluding basements, porches and garages |
| Maximum height | | 45 feet | E. Access To Buildings In An Apartment Complex.
In apartment complexes there shall be a minimum distance between all buildings of twelve
(12) feet.
An access driveway for ingress and egress with a permanent dust-free paved surface shall be provided for all apartment complexes.
Such driveway shall be a minimum of sixteen
(16) feet wide.
No parking shall be allowed in the driveway.
The driveway and all buildings shall be located in such a manner as to provide access to all buildings by emergency vehicles.
F. Supplemental Regulations.
All development shall comply with the supplemental regulations provided in
Article III of this Chapter.
G. Off-Street Parking And Loading Requirements.
Off-street parking requirements shall conform to
Article IV.
H. Sign Requirements.
All residential signage shall comply with
Article V."
2,Article II District Regulations,"Section 400.210 ""R-5"" Planned Residential/Business District.",sub-sec-2.14,https://ecode360.com/28025889,https://zoneomics.com/code/8525/chapter_2#2.14,False,0,"[R.O.
2011
§ 400.210; Ord.
No.
1161
§ 1, 11-18-2013]
A. Purpose.
The ""R-5"" Planned Residential/Business District, by utilization of the site development plan approval procedure as set forth in
Section 400.630 of this
Chapter is intended to guide and control private development and redevelopment of the Planned Residential and Business Districts of the City of Owensville in coordination with related residential, office, commercial and business developments.
Specifically, the ""R-5"" Planned Residential/Business District is intended to:
1. Assure conformance of residential, commercial and business developments to an approved and adopted development plan submitted pursuant to the site development plan approval procedure set forth in
Section 400.630 herein;
2. Encourage site consolidation and an orderly, phased pattern of redevelopment;
3. Accommodate the use of existing residential structures for office, commercial and business development and provide for redevelopment and/or new development of office, commercial and business sites, and in conformance with the site development plan approval procedure set forth in
Section 400.630 of this Chapter;
4. Mandate high-quality future development through the use of the site development plan approval procedure set forth in
Section 400.630 herein which affords specific consideration to access, parking, drainage, landscaping and design factors.
B. Permitted Uses.
The listing of permitted uses is set out in the Land Use Table, which is included as an attachment to this Chapter.
C. Conditional Uses.
The Board of Aldermen may authorize conditional use permits for uses listed as conditional uses in the Land Use Table, which is included as an attachment to this Chapter, pursuant to
Section 400.640 of this
Chapter and subject to such other restrictions and conditions as deemed necessary.
D. Bulk Requirements.
| ""R-5"" Planned Residential/Business District Bulk Regulations | | |
| --- | --- | --- |
| Minimum lot area | | As determined by the Board |
| Minimum lot width | | As determined by the Board |
| Yard/setback | Front | 30 feet |
|  | Side | 12 feet |
|  | Rear | 25 feet |
| Maximum height | | 2 stories or 25 feet |
| Minimum floor area | | As determined by the Board | E. Site Development Plan Approval Required.
Site development plan approval by the Commission shall be required for all proposed developments or subdivisions within the ""R-5"" Planned Residential/Business District, as provided in
Section 400.630.
F. General Character Of Proposed Structure.
No new structure shall be built which in appearance does not conform to the general character of a neighborhood residential setting.
This will apply to structures which are built and lie either partially or wholly in the ""R-5"" Planned Residential/Business District.
G. Sign Requirements.
All signage shall comply with
Article V.
H. Supplemental Regulations.
All development shall comply with the supplemental regulations provided in
Article III of this Chapter.
I. Off-Street Parking And Loading Requirements.
Off-street parking requirements shall conform to
Article IV."
2,Article II District Regulations,"Section 400.220 ""OT"" Old Town District Regulations.",sub-sec-2.15,https://ecode360.com/28025898,https://zoneomics.com/code/8525/chapter_2#2.15,False,0,"[R.O.
2011
§ 400.220; Ord.
No.
1161
§ 1, 11-18-2013]
A. Purpose.
All parcels zoned ""OTR"" Old Town Residential shall take on the ""Old Town District"" zoning designation and be subject to the ""OT"" District regulations herein.
The purpose of the Old Town District is to allow uses in the downtown that include residential dwellings, retail stores, commercial services and other businesses, and to maintain the appeal of the historic and traditional aspects of downtown Owensville.
The regulations contained in this
Section are the district regulations for the ""OT"" Old Town District.
These regulations are supplemented and qualified by additional general regulations contained elsewhere in this Title and made a part of this
Section by reference.
B. Location.
The ""OT"" District shall be as established in the area designated ""Downtown"" on the Future Land Use Map in the City's
2013 Comprehensive Plan.
C. Permitted Uses.
The listing of permitted uses is set out in the Land Use Table, which is included as an attachment to this Chapter.
D. Conditional Uses.
The Board of Aldermen may authorize conditional use permits for uses listed as conditional uses in the Land Use Table, which is included as an attachment to this Chapter, pursuant to
Section 400.640 of this
Chapter and subject to such other restrictions and conditions as deemed necessary.
E. Bulk Requirements.
| ""OT"" Old Town District Regulations | | |
| --- | --- | --- |
| Minimum lot area | | 7,500 square feet, except where a lot has less area than herein required, and was of record on the date of this Chapter, that lot may be used for any use permitted in this Section |
| Minimum lot width | | 60 feet |
| Minimum residential floor area | | 1,000 square feet |
| Yard/setback | Front | Residential structure: 10 feet |
|  |  | Commercial structure: 0 feet |
|  | Side | Residential structure: 5 feet |
|  |  | Commercial structure: 0 feet |
|  | Rear | Residential structure: 5 feet |
|  |  | Commercial structure: 0 feet |
| Maximum height | | No more than 3 stories, up to a maximum height of 50 feet, measured from the front door threshold | F. Supplemental Regulations.
All development shall comply with the supplemental regulations provided in
Article III of this Chapter.
G. Off-Street Parking And Loading Requirements.
Off-street parking requirements shall conform to
Article IV.
H. Sign Requirements.
All signs shall comply with
Article V.
I. Storefronts.
Structures containing a storefront shall not be used as a dwelling or as part of a dwelling.
The storefront shall consist of a minimum of thirty
(30) linear feet measured from the outward surface of the foundation of the subject structure.
Otherwise, structures in the downtown may be used as a dwelling, consistent with the Land Use Table, which is included as an attachment to this Chapter.
J. General Character Of Proposed Structure.
The architectural style, color and texture of the building materials, the location and adequacy of vehicular access and the location and treatment of parking areas and landscaping shall be reviewed and approved by the Board of Aldermen."
2,Article II District Regulations,"Section 400.230 ""OTC"" Old Town Commercial District Regulations.",sub-sec-2.16,https://ecode360.com/28025905,https://zoneomics.com/code/8525/chapter_2#2.16,False,0,"[R.O.
2011
§ 400.230; Ord.
No.
1161
§ 1, 11-18-2013]
A. Purpose.
As of the adoption of this Chapter, the ""OTC"" Old Town Commercial District is no longer a zoning district available for zoning classification of properties in the City other than such properties already zoned ""OTC"" Old Town Commercial District as of the date of adoption of this Code.
All preexisting ""OTC"" property shall, until or unless hereinafter rezoned, continue to be subject to the requirements of the ""OTC"" District regulations.
After the effective date of this Code, no additional land shall be rezoned to the ""OTC"" District.
Any proposed subdivisions, including lot splits, change of use, new construction or other alterations not permitted under the ""OTC"" District regulations shall require rezoning to an applicable zoning district.
Use of property maintaining the ""OTC"" preexisting zoning shall be subject to all other regulations of this Code.
B. Permitted Uses.
The listing of permitted uses is set out in the Land Use Table, which is included as an attachment to this Chapter.
C. Conditional Uses.
The Board of Aldermen may authorize conditional use permits for uses listed as conditional uses in the Land Use Table, which is included as an attachment to this Chapter, pursuant to
Section 400.640 of this
Chapter and subject to such other restrictions and conditions as deemed necessary.
D. Bulk Requirements.
| ""OTC"" Old Town Commercial District Regulations | | |
| --- | --- | --- |
| Minimum lot area | | 7,500 square feet, except where a lot has less area than herein required, and was of record on the date of this Chapter, that lot may be used only for single-family dwelling purposes or for any of the other non-dwelling uses permitted in this Section |
| Minimum lot width | | None required |
| Minimum residential floor area | | 1,000 square feet |
| Yard/setback | Front | None required |
|  | Side | None required |
|  | Rear | None required |
| Maximum height | | 2 1/2 stories or 40 feet | E. Supplemental Regulations.
All development shall comply with the supplemental regulations provided in
Article III of this Chapter.
F. Off-Street Parking And Loading Requirements.
Off-street parking requirements shall conform to
Article IV.
G. Sign Requirements.
All signs shall comply with
Article V.
H. General Character Of Proposed Structure.
The architectural style, color and texture of the building materials, the location and adequacy of vehicular access and the location and treatment of parking areas and landscaping shall be reviewed and approved by the Board of Aldermen.
I. Storefronts.
Structures containing a storefront shall not be used as a dwelling or as part of a dwelling.
The storefront shall consist of a minimum of thirty
(30) linear feet measured from the outward surface of the foundation of the subject structure.
Otherwise, structures in the downtown may be used as a dwelling, consistent with the Land Use Table, which is included as an attachment to this Chapter."
2,Article II District Regulations,"Section 400.240 ""MH"" Mobile Home Park District Regulations.",sub-sec-2.17,https://ecode360.com/28025926,https://zoneomics.com/code/8525/chapter_2#2.17,True,1,"[R.O.
2011
§ 400.240; Ord.
No.
1161
§ 1, 11-18-2013]
A. Purpose.
The purpose of this district is to provide for the development of mobile home developments and to:
1. Bring about mobile home developments which are an asset to the community and to prevent the development of those which would be a detriment to the community.
2. To promote mobile home developments with the character of residential neighborhoods.
3. To protect the health, safety, and welfare of mobile home residents and the surrounding community.
4. To harmonize this type of residential development with other existing and proposed land uses.
5. To assure adequate service by essential public facilities and services such as roads, police, water and sewers, drainage structures; or that the persons or agencies responsible for the management of the mobile home development shall be able to provide adequately such services; further, that the establishment of any mobile home development shall not equal excessive expense for public facilities and services.
B. Permitted Uses.
The listing of permitted uses is set out in the Land Use Table, which is included as an attachment to this Chapter.
C. Conditional Uses.
The Board of Aldermen may authorize conditional use permits for uses listed as conditional uses in the Land Use Table, which is included as an attachment to this Chapter, pursuant to
Section 400.640 of this
Chapter and subject to such other restrictions and conditions as deemed necessary.
D. Bulk Requirements.
| ""MH"" Mobile Home Park District Regulations | | |
| --- | --- | --- |
| Minimum district area | | 10 acres |
| Minimum lot area | | Every lot or parcel of land occupied by a mobile home shall contain not less than 8,000 square feet |
| Minimum residential floor area | | 1,000 square feet |
| Yard/setback | Front | 30 feet; there shall be 8 feet between any mobile home and any sidewalk or local drive within such development (park) |
|  | Side | 30 feet; there shall be 8 feet between any mobile home and any sidewalk or local drive within such development (park) |
|  | Rear | 30 feet; there shall be 8 feet between any mobile home and any sidewalk or local drive within such development (park) | E. General Requirements.
All development shall comply with the supplemental regulations provided in
Article III of this Chapter, including the following:
1. Building Permit.
Any structure erected or expanded within a mobile home development, including any structures to be erected or expanded on any mobile home site therein, shall require a building permit to be issued therefor by the City Code Enforcement Officer, and shall meet all regulations of this
Chapter and the Building Code.
[1] See Ch.
500, Building and Codes, Permits and Administration.
2. Application Of Regulations.
A mobile home unit shall not be permitted to occupy a site either initially when brought into a development or upon addition or replacement which violates the yard requirements, area requirements, or minimum distances between units except in non-conforming mobile home parks within this district.
3. Periodic Inspection.
The Administrative Official or any other agents authorized by the City are hereby granted the power and authority to enter upon the premises of any such development at any time for the purpose of determining and/or enforcing any provision or provisions of this or any other City ordinance applicable to the conduct and operation of mobile home developments.
4. Site Plan Review.
Site plan review by the Planning and Zoning Commission is required prior to issuance of building permits as required in
Section 500.120 of this Code.
In those instances where the lots within a mobile home development are to be recorded for sale purposes, the approval of a preliminary plat by the Planning and Zoning Commission shall constitute compliance with this requirement.
F. Off-Street Parking.
Two
(2) off-street parking spaces shall be provided for each dwelling unit.
In no case shall the paved area designated for the required off-street parking encroach upon the street right-of-way.
(See
Article IV for off-street parking and loading requirements.)
G. Public Sanitary Sewer Required.
In no case shall any mobile home development be approved where the development will not be connected to or provided with a public sanitary sewer system.
H. Effect Of Regulations.
In their interpretation and application, the provisions of this
Article shall be considered minimum requirements adopted for the promotion of the public health, safety, and welfare.
However, recognizing the premanufactured nature of mobile home units, it is recognized that lots exceeding the minimum yard and area requirements of this
Chapter may be required to accommodate some units, and that suitable provision shall be made by potential developers of such mobile home developments in their advance planning to provide for such units."
2,Article II District Regulations,"Section 400.240 ""MH"" Mobile Home Park District Regulations.",sub-sec-2.17,https://ecode360.com/28025926,https://zoneomics.com/code/8525/chapter_2#2.17,True,2,"Based upon this guideline, the fact that the size of a particular mobile home unit, or class of mobile home units, are such that a violation of any of the minimum yard or area requirements would be created, this in itself shall not be considered an adequate basis for the granting of a variance from such requirements.
I. Landscaping Required.
1. Transition Strip.
A transition strip of trees and shrubs not less than twenty
(20) feet in depth shall be located and maintained along all boundaries of such developments, excepting at established entrances and exits serving such development.
Said transition strip shall be of such density as to totally obscure all visible evidence of the development from adjoining property.
In lieu of this transition strip, the developer may install a solid fence of plastic materials which shall be a minimum of eight
(8) feet in height.
2. Landscape Plan.
An organized landscape plan for the entire development shall be prepared as a separate document and submitted to the Planning and Zoning Commission during the required site plan review for their review and approval.
The Commission may either approve, approve with specific revisions or corrections or reject the submitted landscape plan.
3. Landscape Maintenance.
Any and all plantings in the development shall be hardy plant materials and maintained thereafter in a neat and orderly manner.
Withered and/or dead plant material shall be replaced within a reasonable period of time but no longer than one
(1) growing season, as reflected upon the approved landscape plan.
4. Orientation Of Mobile Homes Upon Lots.
All mobile homes within mobile home developments regulated by the requirements of this
Chapter shall be placed upon their individual lots in such a fashion that the long axis of the mobile home shall face the principal street frontage upon which the lot itself faces.
In the case of corner lots, the mobile home may face either street frontage.
In the case of double-frontage lots, access shall be restricted to minor streets and not permitted upon collector or arterial streets.
J. Public Improvements.
1. Sanitary Sewerage And Water Facilities.
Sanitary sewerage and water facilities shall be of such capacity as to serve all users of the development at peak periods.
All lines shall be suitably sized and stubbed out to the mobile home locations to provide for future extension of the City's sanitary sewerage and water systems for the respective areas remaining to be served.
Water meters shall be provided at each mobile home location.
2. Storm Drainage Facilities.
Storm drainage facilities shall be so constructed as to protect those that will reside in the mobile home development, as well as the property owners adjacent to the development.
Such facilities shall be of such capacity to insure rapid and safe drainage of stormwater and prevent the accumulation of stagnant pools of water in or adjacent to the development.
Where topographical conditions warrant same, detention ponds shall be installed.
3. Streets And Driveways.
All roads, driveways and motor vehicle parking spaces shall be paved and constructed as to handle all anticipated peak loads, and adequately drained and lighted for safety and ease of movement of pedestrians and vehicles.
All roads and driveways shall have curbs and gutters and must conform to all specifications given in the
Subdivision and Land Development Ordinance.
(See
Chapter 405 as to
Subdivision Regulations.)
4. Sidewalks.
Sidewalks not less than four
(4) feet in width shall be required on both sides of all arterial and collector streets and on one
(1) side of all minor streets and culs-de-sac.
5. Electrical.
All electrical wiring must be underground and in conduit.
6. Construction Plans Required.
All improvements, whether public or private, must conform to all standards and specifications of the City.
Engineering drawings of all such improvements shall be submitted to, and reviewed, and approved by the City prior to the authorization to proceed with the construction of said improvements.
K. Mobile Home Set-Up Requirements.
1. Mobile Home Stands.
Each mobile home shall be provided with a stand consisting of either a solid concrete pad not less than six
(6) inches thick and not less than the length and width of the mobile home that will use the site, or piers of fourteen
(14) inches in diameter, thirty
(30) inches deep, and placed on six-foot centers.
The stand shall be so constructed, graded, placed and maintained to be durable and adequate for the support of the maximum anticipated load during all seasons.
2. Blocks And Tie-Downs.
Each mobile home shall be supported on uniform jacks or locks and tied down as required by State law.
3. Skirting.
Uniform skirting of each mobile home base shall be required, within thirty
(30) days after initial placement."
2,Article II District Regulations,"Section 400.240 ""MH"" Mobile Home Park District Regulations.",sub-sec-2.17,https://ecode360.com/28025926,https://zoneomics.com/code/8525/chapter_2#2.17,True,3,"Such skirting shall be of twenty-six-gauge solid sheet metal, aluminum or other non-corrosive metal or material of equal strength and so constructed and attached to the mobile home so as to deter and prevent entry of rodents and insects.
Storage of goods and articles underneath any mobile home or out-of-doors at any mobile home site shall be prohibited.
4. Underground Lines.
All electric, telephone, and other lines from supply lines outside the park or other sources to each mobile home site shall be underground and in conduit.
5. Sanitary Sewer And Water Connections.
All water and sanitary sewerage facilities, including the connection to all mobile home sites, shall be constructed so that all facilities and lines are protected from freezing, from bumping, or from creating any type of nuisance or health hazard.
Such connections shall not exceed ten
(10) feet in length above ground.
L. Non-Conforming Mobile Home Parks.
Where, on the date of adoption or amendment of this Chapter, a lawful mobile home park existed that is no longer permissible under the provisions of this Chapter, such mobile home park may continue so long as it remains otherwise lawful, subject to the following provisions:
1. Violations Not Validated.
A non-conforming mobile home park in violation of a provision of the ordinance which this repeals[2] shall not be validated by the adoption of this Chapter.
Ord.
No.
1161, adopted 11-18-2013, repealed former Ch.
400, Zoning Regulations, adopted
3-16-1998 by Ord.
No.
591, as amended.
2. Enlargement.
No such non-conforming mobile home park shall be enlarged, expanded or extended to occupy a greater area of land than was occupied on the date of adoption or amendment of this Chapter, and no additional accessory use, building, or structure shall be established thereon unless in complete compliance with the requirements of this Chapter.
Nor shall the mobile homes within the existing site be rearranged to increase their number or density within the existing confines of the park.
3. Relocation.
No such non-conforming mobile home park shall be moved in whole or in part to any other portion of such parcel or lot not so occupied on the date of adoption of this
Chapter or to a parcel or lot not in conformance with this Chapter.
4. Destruction.
Should any such non-conforming mobile home park be destroyed by any means to an extent of fifty percent (50%) or more of its replacement, it shall not be reconstructed except in conformity with the requirements of this Chapter.
5. Discontinuance.
If such non-conforming mobile home park ceases for any reason for a period of more than ninety
(90) consecutive days (except where government action causes such cessation) the subsequent use of such parcel or lot shall conform to the regulations and provisions set by this
Chapter for the district in which such parcel or lot is located.
6. Ownership.
All non-conforming mobile home parks shall be and shall remain in one
(1) ownership and primarily designed for the purpose of renting spaces for the placement of mobile home dwelling units.
In no instance shall a non-conforming mobile home park be sold as lots for permanent mobile home residence.
7. Registry.
Each non-conforming mobile home park shall maintain an up-to-date registry of each mobile home unit and site, showing the length, width, and area of the site.
The registry shall be open to inspection by the Code Enforcement Officer.
8. Limitation On Permitted Uses.
Within all non-conforming mobile home parks, the permitted uses of such park shall be limited to the following:
a. Mobile homes.
b. Accessory buildings or structures, under park management supervision shall be used only as office space, storage, laundry facilities, recreation facilities, garage storage or other necessary service for park resident use only.
No accessory building or structure shall exceed twenty-five
(25) feet in height, nor two
(2) stories, and shall meet the requirements of the City of Owensville Building Code.
[3] See Ch.
500, Building and Codes, Permits and Administration.
c. Signs as regulated by
Article V of this Chapter.
9. Minimum Distance.
Within all non-conforming mobile home parks, the minimum distances maintained between mobile homes shall be in conformity with the requirements of the adopted City Building and Fire Codes,[4] applicable State laws, or a development plan previously approved by the City of Owensville, whichever standard being the more restrictive.
See Ch.
500, Building and Codes, Permits and Administration.
10. Park Maintenance.
Park owners and management are required to maintain the physical and natural facilities and features of the park in a neat, orderly, and safe condition.
11. Parking.
No parking area or parking space which exists at the time this
Chapter becomes effective or which subsequent thereto is provided for the purpose of complying with the provisions of this
Chapter shall thereafter be relinquished or reduced in any manner.
12. Existence Of A Non-Conformity.In cases of doubt, and on specific questions raised concerning whether a mobile home park has non-conforming status, or if an element of such park has non-conforming status, it shall be treated as a question of fact and shall be decided by the Mayor and Board of Aldermen upon receipt of a report and recommendation on the matter from the Planning and Zoning Commission."
2,Article II District Regulations,"Section 400.250 ""C-1"" Commercial District Regulations.",sub-sec-2.18,https://ecode360.com/28025940,https://zoneomics.com/code/8525/chapter_2#2.18,False,0,"[R.O.
2011
§ 400.250; Ord.
No.
1161
§ 1, 11-18-2013]
A. Purpose.
These areas are intended to provide neighborhood services to the residents of their immediate areas.
These commercial services are not intended to disrupt the general character of the surrounding residential areas.
It is intended that these areas be developed with appropriate landscaping and screening materials.
Properties being used for residential purposes at the time of the adoption of this Code shall be permitted to continue being used for residential purposes pursuant to the requirements of this Code and to the extent permitted by law.
B. Permitted Uses.
The listing of permitted uses is set out in the Land Use Table, which is included as an attachment to this Chapter.
C. Conditional Uses.
The Board of Aldermen may authorize conditional use permits for uses listed as conditional uses in the Land Use Table, which is included as an attachment to this Chapter, pursuant to
Section 400.640 of this
Chapter and subject to such other restrictions and conditions as deemed necessary.
D. Bulk Requirements.
| ""C-1"" Commercial District Regulations | | |
| --- | --- | --- |
| Minimum lot area | | 10,000 square feet |
| Minimum lot width | | 75 feet; 50 feet for existing residential lots or lots being used for residential purposes prior to the adoption of this Code |
| Yard/setback | Front | 25 feet |
|  | Side | 10 feet |
|  | Rear | None, unless adjacent to a residential district, a 25-foot side yard is required |
| Minimum floor area | | 1,000 square feet for commercial structures; residential dwellings shall comply with the minimum floor area as required in the R-3 District |
| Maximum height | | 2 stories or 35 feet | E. Supplemental Regulations.
All development shall comply with the supplemental regulations provided in
Article III of this Chapter.
F. Off-Street Parking And Loading Requirements.
Off-street parking requirements shall conform to
Article IV.
G. Sign Requirements.
All signs shall comply with
Article V."
2,Article II District Regulations,"Section 400.260 ""C-2"" Highway Commercial District Regulations.",sub-sec-2.19,https://ecode360.com/28025948,https://zoneomics.com/code/8525/chapter_2#2.19,False,0,"[R.O.
2011
§ 400.260; Ord.
No.
1161
§ 1, 11-18-2013]
A. Purpose.
These areas are intended to provide service to the community and the traveling public.
These uses usually require more space for display and parking and are located on major transportation routes.
It is intended that these areas be developed with appropriate landscaping and screening materials.
Properties being used for residential purposes at the time of the adoption of this Code shall be permitted to continue being used for residential purposes pursuant to the requirements of this Code and to the extent permitted by law.
B. Permitted Uses.
The listing of permitted uses is set out in the Land Use Table, which is included as an attachment to this Chapter.
C. Conditional Uses.
The Board of Aldermen may authorize conditional use permits for uses listed as conditional uses in the Land Use Table, which is included as an attachment to this Chapter, pursuant to
Section 400.640 of this
Chapter and subject to such other restrictions and conditions as deemed necessary.
D. Bulk Requirements.
| ""C-2"" Highway Commercial District Regulations | | |
| --- | --- | --- |
| Minimum lot area | | 10,000 square feet |
| Minimum lot width | | 75 feet |
| Minimum residential floor area | | 1,000 square feet |
| Yard/setback | Front | 25 feet |
|  | Side | None, unless adjacent to a residential district or being used for residential purposes, a 15-foot side yard is required |
|  | Rear | None, unless adjacent to a residential district, a 25-foot side yard is required |
| Maximum height | | 3 stories or 35 feet | E. Supplemental Regulations.
All development shall comply with the applicable supplemental regulations in
Article III and performance standards in
Article VI.
F. Off-Street Parking And Loading Requirements.
Off-street parking requirements shall conform to
Article IV.
G. Sign Requirements.
All signs shall comply with
Article V."
2,Article II District Regulations,"Section 400.270 ""M-1"" Light Industrial District Regulations.",sub-sec-2.20,https://ecode360.com/28025951,https://zoneomics.com/code/8525/chapter_2#2.20,False,0,"[R.O.
2011
§ 400.270; Ord.
No.
1161
§ 1, 11-18-2013]
A. Purpose.
The regulations set forth in this
Section or set forth elsewhere in this
Chapter when referred to in this
Section are the regulations in the ""M-1"" Light Industrial District.
B. Permitted Uses.
The listing of permitted uses is set out in the Land Use Table, which is included as an attachment to this Chapter.
C. Conditional Uses.
The Board of Aldermen may authorize conditional use permits for uses listed as conditional uses in the Land Use Table, which is included as an attachment to this Chapter, pursuant to
Section 400.640 of this
Chapter and subject to such other restrictions and conditions as deemed necessary.
D. Bulk Requirements.
| ""M-1"" Light Industrial District Regulations | | |
| --- | --- | --- |
| Minimum lot area | | 10,000 square feet |
| Minimum lot width | | 50 feet |
| Yard/setback | Front | 30 feet |
|  | Side | None, unless adjacent to a residential district, a 30-foot side yard is required |
|  | Rear | None, unless adjacent to a residential district, a 30-foot side yard is required |
| Maximum height | | 3 stories or 35 feet | E. Supplemental Regulations.
All development shall comply with the applicable supplemental regulations in
Article III, performance standards in
Article VI and the following:
1. Filling station pumps and pump islands may occupy the required yards; provided, however, that they are not less than fifteen
(15) feet from property lines, and not less than fifty
(50) feet from the boundary of any residential district.
2. Open Storage.
No material or supplies shall be stored or permitted to remain on any part of the property outside the buildings constructed thereon, unless such materials are stored behind the front building line, and the area in which they are stored is screened from the street view, and approved in writing by the Code Enforcement Officer.
Propane, fuel oil and liquid fertilizer storage shall be in compliance with all Federal, State and local laws, rules and regulations.
Bulk storage of any other liquid, including gasoline or petroleum products on the outside of buildings, shall not be permitted.
F. Off-Street Parking And Loading Requirements.
Off-street parking requirements shall conform to
Article IV.
G. Sign Requirements.
All signs shall comply with
Article V."
2,Article II District Regulations,"Section 400.280 ""M-2"" Industrial District Regulations.",sub-sec-2.21,https://ecode360.com/28026014,https://zoneomics.com/code/8525/chapter_2#2.21,False,0,"[R.O.
2011
§ 400.280; Ord.
No.
1161
§ 1, 11-18-2013]
A. Purpose.
The regulations set forth in this
Section or set forth elsewhere in this
Chapter when referred to in this
Section are the regulations in the ""M-2"" Industrial District.
B. Permitted Uses.
The listing of permitted uses is set out in the Land Use Table, which is included as an attachment to this Chapter.
C. Conditional Uses.
The Board of Aldermen may authorize conditional use permits for uses listed as conditional uses in the Land Use Table, which is included as an attachment to this Chapter, pursuant to
Section 400.640 of this
Chapter and subject to such other restrictions and conditions as deemed necessary.
D. Bulk Requirements.
| ""M-2"" Industrial District Regulations | | |
| --- | --- | --- |
| Minimum lot area | | 20,000 square feet |
| Minimum lot width | | 100 feet |
| Yard/setback | Front | 30 feet |
|  | Side | None, unless adjacent to a residential district, a 30-foot side yard is required |
|  | Rear | None, unless adjacent to a residential district, a 30-foot side yard is required |
| Maximum height | | 3 stories or 35 feet | E. Supplemental Regulations.
1. Filling station pumps and pump islands may occupy the required yards; provided, however, that they are not less than fifteen
(15) feet from property lines, and not less than fifty
(50) feet from the boundary of any residential district.
2. Open Storage.
Open storage shall be permitted in the ""M-2"" Industrial District.
F. Off-Street Parking And Loading Requirements.
Off-street parking requirements shall conform to
Article IV.
G. Sign Requirements.
All signs shall comply with
Article V."
3,Article III Supplemental Regulations,Section 400.290 Non-Conforming Uses.,sub-sec-3.1,https://ecode360.com/28026015,https://zoneomics.com/code/8525/chapter_3#3.1,False,0,"[R.O.
2011
§ 400.290; Ord.
No.
1161
§ 1, 11-18-2013] A. Non-Conformity.
1. A non-conforming lot, land use or structure is one which existed lawfully on the effective date of this
Chapter or any amendment thereto and which fails to conform to one
(1) or more of the applicable regulations of this
Chapter or any amendment thereto.
A non-conformity shall not be deemed to have existed on the date this
Chapter or any amendment thereto becomes effective, unless:
a. It has been consistently in use after such effective date at the same level or intensity as of the date of adoption or amendment of this Chapter; and
b. If such non-conformity is a use, such use has not been expanded or abandoned as hereinafter defined.
2. Such non-conformities may be incompatible with and detrimental to permitted land uses and structures in the zoning districts in which they are situated, they inhibit present and future development of nearby properties, and they confer upon their owners and users a position of unfair advantage.
B. Statement Of Intent.
Non-conformities are not to be expanded, and they should be abolished or reduced to conformity as quickly as the fair interest to the parties will permit.
C. General Provisions.
1. An existing non-conforming land use or structure shall not cause further departures from the Zoning Ordinance.
Although an existing non-conformity may be continued, except as hereinafter limited, it may not be changed to another use, unless said use is permitted in the district in which it is situated, and provided it complies with the requirements of that district.
2. The existence of any present non-conformity anywhere in the City shall not itself be considered grounds for the issuance of a variance for other property.
3. Expansion.
A non-conforming use of land shall not be enlarged, extended, or altered and a structure or part thereof devoted to a non-conforming use shall not be enlarged, extended, constructed, reconstructed, or structurally altered except:
a. As may be required by law;
b. In changing the use to one which is permitted in the district in which such use is situated; or c. To the extent hereinafter permitted.
4. Density.
The number of dwelling units in a non-conforming residential structure shall not be increased after said structure has become a non-conforming use.
5. Ordinary Repair And Maintenance.
Nothing in this
Chapter shall be deemed to prohibit the restoration of any structure and its use where such structure has been destroyed by any means out of the control of the owner to an extent less than sixty percent (60%) of its replacement value (excluding the value of the land, the cost of preparation of land, and the value of any foundation adaptable to a conforming use) at the time of destruction; provided, however, that the restoration of such structure and its use in no way increases any former non-conformity, and provided that the restoration of such structure is begun within six
(6) months of such destruction and diligently prosecuted to completion within one
(1) year following such destruction.
6. Substantial Repair And Maintenance.
If a structure is destroyed by any means out of the control of the owner to an extent of more than sixty percent (60%) of its replacement value (excluding the value of the land, the cost of preparation of land, and the value of any foundation adaptable to a conforming use) at the time of destruction, as determined by the Administrative Official, the structure shall not be restored except in full conformity with all the regulations of the district in which such structure is situated.
When a structure is determined to violate one
(1) or more Code provisions by the proper Administrative Official of Owensville under any applicable ordinance of the City and the cost of placing the structure in condition to satisfy the standards under such ordinance shall exceed sixty percent (60%) of the reconstruction cost of the entire structure, such non-conforming structure shall not be restored for the purpose of continuing a non-conforming use.
However, none of the restrictions contained in this
Section shall limit the authority of the Board of Adjustment to grant relief for reconstruction of a non-conforming structure as provided in
Section 400.620 of this Chapter.
7. An exception to Subsection (C)(6) above shall be allowed for residential structures within ""C-2"" Commercial Zoning Districts to be rebuilt or repaired.
Such construction shall be commenced within one hundred twenty
(120) days of the damaging event.
A property owner may make one
(1) application for extension to the Board of Aldermen if exigent circumstances exist which prevent the construction or repairs to said residence within the ""C-2"" Zoning District.
8. Moving.
A non-conforming use of land shall not be moved to another part of a lot or outside the lot, and a non-conforming use of a structure shall not be moved to any part of the structure not manifestly arranged and designated for such use at the time the use became non-conforming.
9. Change In Use.
Where any change is proposed to be made to a use that is permitted by conditional use permit in the district it is located, such change shall be made only through a conditional use permit granted pursuant to the procedure delineated by
Section 400.640 of this Chapter.
D. Abandonment Of Non-Conforming Uses.
1. Any non-conforming use which has been abandoned, as defined below, shall not thereafter be reestablished.
Any structure and/or land which was formerly devoted to a non-conforming use which has been abandoned shall not again be devoted to any use other than those uses which are permitted in the district in which the structure and/or land is situated.
2. The term ""abandonment,"" as used herein, shall mean the voluntary discontinuance of a use when accompanied by intent not to reestablish such use.
Any one
(1) of the following shall constitute prima facie evidence of intent to abandon:
a. Any positive act indicating such intent;
b. Any conscious failure to take all necessary steps to resume the non-conforming use with reasonable dispatch in the circumstances, including advertising of the property for sale or for lease; c. In the event that the non-conforming use of a building or premises is discontinued for a period of one hundred eighty (180) days or more, such building or premises shall thereafter be used only in conformity with the regulations of the district in which it is located."
3,Article III Supplemental Regulations,"Section 400.300 Accessory Buildings, Structures And Uses.",sub-sec-3.2,https://ecode360.com/28026021,https://zoneomics.com/code/8525/chapter_3#3.2,True,1,"[R.O.
2011
§ 400.300; Ord.
No.
1161
§ 1, 11-18-2013]
A. This
Section sets forth regulations regarding certain uses, buildings and structures that are accessory to the principal use of the premises so that they may be carried on with the principal use.
An activity will be considered an accessory use or accessory structure when it is commonly associated with, integrally related to and is customarily an incidental part of the main use of the property.
1. Authorization.
Accessory buildings, structures and uses may be permitted in accordance with this
Article in any zoning district in connection with a use which is permitted within such district.
2. Development Standards:
Residential Uses.
a. Accessory buildings and structures in any residential district shall be located ten
(10) feet from any side or rear lot line and behind the residential structure it serves.
No accessory use shall be located within or project beyond the required front yard line, unless otherwise permitted in this Code.
b. Accessory buildings and structures in any residential district shall not occupy more than thirty percent (30%) of the required rear yard.
c. No part of any accessory building or structure shall be located closer than ten
(10) feet to any principal building or structure or other accessory building or structure.
When an accessory building is attached to the principal building by a breezeway, passageway, or similar means, it shall comply with the yard requirements of the principal building to which it is an accessory use.
d. No accessory building or structure in any residential district shall exceed two
(2) stories or twenty-five
(25) feet in height.
There shall be not more than two
(2) one-story accessory buildings per lot in any residential district.
e. In addition to uses customarily associated with single-family residential dwellings, the following additional accessory uses may be permitted in the ""R-R"" Rural Residential District:
(1) Public parks, playgrounds, community centers and recreation buildings.
(2) Keeping of non-commercial pets, limited to a maximum of three
(3) outdoor weaned dogs and/or cats.
(3) Keeping of the following additional non-commercial animals and associated limits:
(a) Equine: one
(1) per two
(2) fenced acres.
(Five-acre lot minimum to qualify.)
(b) Bovine: one
(1) per two
(2) fenced acres.
(Five-acre lot minimum to qualify.)
(c) Rabbits: ten
(10) weaned maximum, contained.
f. Television, radio and other communication antennas of any type shall only be located on the ground in the rear yard or, if a type mounted on a mast or pole, only on the rear of the building or within ten
(10) feet of the rear of the building.
Such antenna shall not project more than three
(3) feet above the highest point of the roof of the building.
g. All outside woodburning stoves must be located not less than ten
(10) feet from the nearest property line and shall have a chimney or stack of not less than fifteen
(15) feet in height from top of stove.
h. Storage of properly registered motor vehicles, utility trailers, ATVs/UTVs, recreational equipment such as boats, boat trailers, camping trailers, converted buses or trucks, and farm equipment shall be limited to private garages.
Parking of any such equipment, not being stored in private garages shall be limited to a maximum of six
(6) vehicles, as described above, per property (cumulatively between on the property and on the street in front of the property).
Stored vehicles or equipment shall be registered and/or licensed pursuant to local and State laws."
3,Article III Supplemental Regulations,"Section 400.300 Accessory Buildings, Structures And Uses.",sub-sec-3.2,https://ecode360.com/28026021,https://zoneomics.com/code/8525/chapter_3#3.2,True,2,"Recreational vehicles or equipment may be parked on the driveway, and in the side or rear yard, but otherwise shall not be stored within required off-street parking spaces, encroach onto public property (including streets) or obstruct any sidewalks, nor be more than eight
(8) feet wide and twenty-five
(25) feet long.
No recreational vehicle shall be used for living or sleeping purposes while stored on the premises.
Utility trailers that are used by a property's occupant in connection with that person's occupation are exempt from the requirements of this Subsection, and may be parked on the street.
|  |
| --- |
| At no time shall any licensed commercial motor vehicle (weighing more than twenty-four thousand (24,000) pounds gross weight) be parked on said property in a residential area. |
i. Residential accessory structures shall not be rented or occupied for financial consideration.
j. Playhouses, patios, cabanas, porches, gazebos and incidental storage buildings in a residential district shall not cover more than five percent (5%) of the total lot area.
k. Home occupations shall be permitted pursuant to
Section 400.310.
l. Equipment related to the collection or storage of solar or wind energy that are mounted to a principal structure shall be considered an accessory use in all residential districts permitted via conditional use permit pursuant to the procedures and requirements of
Section 400.640.
m. Accessory structures and uses shall otherwise comply with the development standards applicable to the zoning district in which they are located.
3. Development Standards:
Non-Residential Uses.
a. No building or structure accessory to any non-residential use shall occupy in the aggregate more than forty percent (40%) of the total lot area or more than forty percent (40%) of the primary use's floor area.
b. No part of any accessory building or structure shall be located closer than ten
(10) feet to any principal building or structure or other accessory building or structure.
When an accessory building is attached to the principal building by a breezeway, passageway, or similar means, it shall comply with the yard requirements of the principal building to which it is an accessory use.
c. No accessory building or structure in any non-residential district shall exceed twenty
(20) feet in height.
d. Non-residential accessory structures shall be used only by the owner or tenant of the premises or the owner's or tenants' employees.
e. Equipment related to the collection or storage of solar or wind energy that are mounted to a principal structure shall be considered a permitted accessory use in all non-residential districts requiring approval of the Administrative Official and a valid building permit.
f. Accessory structures and uses shall otherwise comply with the development standards applicable to the zoning district in which they are located.
4. Time Of Construction.
No accessory building or structure shall be constructed or located on any lot prior to construction of the principal building to which it is accessory.
5. Temporary Accessory Buildings.
Temporary accessory buildings, including temporary storage structures which are to be used for storage purposes only, may be erected upon a lot prior to the construction of the main building and shall be removed upon the completion of the construction or upon abandonment of the construction.
6. Review And Appeals.
All accessory buildings and structures shall be approved by the Administrative Official and require a building permit, unless said permit is waived by the Administrative Official.Appeals from any decision of the Administrative Official shall be heard by the Board of Adjustment."
3,Article III Supplemental Regulations,Section 400.310 Home Occupations.,sub-sec-3.3,https://ecode360.com/28026025,https://zoneomics.com/code/8525/chapter_3#3.3,False,0,"[R.O.
2011
§ 400.310; Ord.
No.
1161
§ 1, 11-18-2013]
A. Authorization.
A home occupation that is an accessory use to a single-family residence shall be permitted in all single-family residential districts.
B. Purpose.
Home occupations shall be regulated so as to:
1. Ensure the compatibility of home occupations with all uses permitted in the ""R-R,"" ""R-1,"" ""R-1A,"" and ""R-2"" Districts.
2. Promote the health, safety and general welfare of residential neighborhoods by preventing excessive noise, traffic, nuisances, fire hazards and other adverse effects of unregulated home occupations.
3. Establish standards for occupations in residential units.
C. Use Limitations.
No home occupation shall be allowed where a likelihood exists that it will negatively impact, interfere or conflict with the character, peace, good order and safety of the neighborhood in which it is located.
In addition, to any other use limitations applicable to the district in which the home occupation is located, no home occupation shall be permitted unless it complies with the following provisions:
1. A home occupation shall be entirely contained within a residence, and no more than twenty-five percent (25%) of the combined finished floor area shall be utilized for a home occupation.
A home occupation shall not be conducted in an accessory structure or building.
2. Home occupations shall comply with all local, County, State and Federal regulations and the requirements of this Section.
3. A home occupation shall be conducted only by persons lawfully residing within the residence.
4. No visible evidence of the business shall be apparent from the street or the surrounding area nor shall any alteration of the exterior of the principal residential structure be made which changes the character thereof as a dwelling.
5. All materials or equipment used in the home occupation shall be stored within an enclosed structure.
6. No parking in the public rights-of-way shall result from the home occupation.
7. No equipment or process shall be utilized in a home occupation that creates nuisance due to noise, vibration, glare, fumes, odor, emissions or electrical interference that is detrimental to the health, safety, peace, comfort and general welfare of persons in the City of Owensville.
8. Except as otherwise permitted by law, no advertising, identification or business exterior displays or signs associated with a home occupation shall be permitted.
9. There shall be no goods, materials or commodities sold or services rendered that require delivery of merchandise, goods, or equipment by other than a passenger motor vehicle or parcel or letter carrier mail service using vehicles typically employed in residential deliveries.
10. No traffic shall be generated by the activity of the home occupation that is abnormal to a residential neighborhood.
D. Conditional Use Permit.
A home occupation that does not comply with these provisions shall not be operated without first being issued a conditional use permit in accordance with the procedures set forth in
Section 400.640."
3,Article III Supplemental Regulations,Section 400.320 Fence Regulations.,sub-sec-3.4,https://ecode360.com/28026032,https://zoneomics.com/code/8525/chapter_3#3.4,False,0,"[R.O.
2011
§ 400.320; Ord.
No.
1161
§ 1, 11-18-2013; Ord.
No.
1197
§ § 1 — 2, 12-15-2014]
A. General Rules.
1. No fence shall be constructed or erected within the public right-of-way of any public street or alley.
2. No fence shall be constructed or erected which would restrict the views from normal traffic flow areas or which would present a hazard to the public safety and welfare.
3. All fences shall be located entirely upon the property of the owner constructing such fence and may be constructed on the property line, except as provided herein.
4. It shall be the responsibility of the property owner to ensure that a fence does not block or obstruct the flow of stormwater.
5. Except as otherwise permitted by law, advertisements are prohibited from being affixed to or displayed on any fence.
6. Fences charged with, or designed to be charged with, electric current are prohibited.
B. General Fence Regulations By Zoning Classification.
1. Agricultural Zones.
a. Fences shall be composed of masonry, wood, vinyl, chain-link, or ornamental material except as provided herein.
Barbed wire, smooth wire, woven wire, and pipe materials may be used to contain livestock at the discretion of the Building Official.
b. No fence used for containing livestock shall be constructed within fifteen
(15) feet of a public roadway, and it shall be constructed no higher than six
(6) feet above the surrounding grade.
2. Residential Zones.
a. Fences constructed of masonry, vinyl, or wood shall be constructed no higher than six
(6) feet above the surrounding grade in the rear yard and side yard.
Chain-link fences shall be constructed no higher than four
(4) feet above the surrounding grade in the rear yard and side yard.
b. All fences erected in the front yard shall be subject to all setback requirements and shall be constructed no higher than four
(4) feet above the surrounding grade regardless of material and may not exceed fifty percent (50%) opacity.
c. Fences shall be composed of masonry, wood, vinyl, chain-link, or ornamental material except as provided herein.
3. Mobile Home Zones.
a. No fence shall be constructed on any individual sites of less than eight thousand (8,000) square feet.
b. All fences shall be subject to all setback requirements and shall be constructed no higher than four
(4) feet above the surrounding grade.
c. Fences shall be composed of masonry, wood, vinyl, chain-link, or ornamental material except as provided herein.
4. Commercial And Old Town Zones.
a. No property or business owner shall erect or maintain a fence between the front building line and the public roadway.
On corner lots, no property or business owner shall erect or maintain a fence between the front building line and the public roadway on all sides which front a public roadway.
b. Fences surrounding material storage areas are encouraged and shall be constructed no less than six
(6) feet above the surrounding grade.
c. Fences shall be constructed no higher than eight
(8) feet above the surrounding grade.
d. Fences shall be composed of masonry, wood, vinyl, chain-link, or ornamental material except as provided herein.
5. Industrial Zones.
a. No property or business owner shall erect or maintain a fence between the front building line and the public roadway.
On corner lots, no property or business owner shall erect or maintain a fence between the front building line and the public roadway on all sides which front a public roadway.
b. Fences shall be constructed no higher than eight
(8) feet above the surrounding grade.
c. Fences shall be composed of masonry, wood, vinyl, chain-link, or ornamental material except as provided herein.
C. Permit.
1. A fence permit is required prior to the erection or modification of any fence within the City limits.
If a permit is not acquired prior to the erection or modification of a fence, an order to cease work or remove the fence, at the owner's expense, may be issued.
2. The cost of such permit shall be established by the Flat Rate Fee Schedule found in
Section 500.140, and payment shall be accompanied by a sketch or diagram of the proposed fence, a location survey/map, and the type of fence material to be used.
D. Maintenance.
1. It shall be the responsibility of the property owner to maintain all fences on the property.
This may include repairing, painting, rehabilitating, or any other such maintenance as necessary.
2. If it is determined that the fence has become a nuisance to the public health, safety, or welfare, it shall be the responsibility of the property owner to remove the fence.
E. Manner Of Construction.
1. All fences shall be constructed so that horizontal and vertical supports are interior to the lot and are hidden from both neighbors and public view.
2. Fences must be straight and run parallel to the lot line(s).
F. Special Fences.
1. Any special fences which exceed these requirements shall be subject to review and approval by the Building Official and/or the Planning and Zoning Commission.
Initial review shall be conducted by the Building Official, and the plans may be presented to the Planning and Zoning Commission for further direction and discussion at his/her discretion.
2. Special fences may include those used to enclose buildings, vehicles, or materials, fences used in conjunction with institutions, parks, playgrounds, schools, pools, or other public uses, and other special fences not specifically listed herein."
3,Article III Supplemental Regulations,Section 400.330 Landscape And Screening Requirements.,sub-sec-3.5,https://ecode360.com/28026033,https://zoneomics.com/code/8525/chapter_3#3.5,False,0,"[R.O.
2011
§ 400.330; Ord.
No.
1161
§ 1, 11-18-2013]
A. Transition Buffer:
Commercial And Industrial.
Except in the City's downtown districts (""OTC"" and ""OT""), when the rear or side yard of a lot being used for business or industrial purposes abuts any residential zone or a lot being used for residential purposes, a twenty-five-foot landscaped buffer area shall be established and maintained along all rear and side property lines in common with the non-residential use or lot.
The buffer area shall contain evergreen plant material, as specified by the Code Enforcement Officer or other designated official, with a minimum height of eight
(8) feet, planted on six-foot centers.
A chain link fence six
(6) feet in height with wood privacy slats may be provided and maintained along the rear and side property lines, unless otherwise specified by the Board of Aldermen.
B. Transition Buffer:
Multifamily.
When the rear or side yard of a lot being used for multifamily purposes abuts any residential zone or a lot being used for residential purposes, a twenty-foot landscaped buffer area shall be established and maintained along all rear and side property lines in common with the non-residential use or lot.
The buffer area shall contain evergreen plant material, as specified by the Code Enforcement Officer or other designated official, with a minimum height of eight
(8) feet, planted on six-foot centers.
A chain link fence six
(6) feet in height with wood privacy slats may be provided and maintained along the rear and side property lines, unless otherwise specified by the Board of Aldermen.
C. Street Trees.
In all industrial and commercial districts, except in the downtown, a planting strip of ten
(10) feet shall be established and maintained within the required front yard.
A minimum ratio of one
(1) three-inch-caliper shade tree or three
(3) two-inch-caliper grouped ornamentals, as specified by the Code Enforcement Officer, shall be planted within the ten-foot-wide planting strip for each fifty
(50) feet of linear front footage.
These standards are minimum requirements.
Additional understory shrubs or ground cover material is encouraged."
3,Article III Supplemental Regulations,Section 400.340 Supplemental Height And Yard Regulations.,sub-sec-3.6,https://ecode360.com/28026038,https://zoneomics.com/code/8525/chapter_3#3.6,False,0,"[R.O.
2011
§ 400.340; Ord.
No.
1161
§ 1, 11-18-2013]
A. Front Porches.
An open, unenclosed, uncovered porch, not to be above the first-floor level or paved terrace, may project into a front yard for a distance not exceeding ten
(10) feet, and shall be at least two
(2) feet from the adjacent lot line.
B. Corner Lots.
Where a lot is located at the intersection of two
(2) or more streets, there shall be a front yard on each street side of a corner lot, except that the buildable width of such lot shall not be reduced to less than thirty
(30) feet.
No accessory building shall project beyond the front yard line on either street.
C. Double Frontage Lots.
Where lots have a double frontage, the required front yard shall be provided on both streets.
D. Side Yards.
For the purpose of the side yard regulations, a two-family or multiple-family dwelling shall be considered as one
(1) building occupying one
(1) lot.
E. Whenever a lot of record has a width of less than eighty
(80) feet, the side yard on each side of a building may be reduced to a width of not less than ten percent (10%) of the width of the lot, but in no instance shall it be less than five
(5) feet.
F. All Yards.
The ordinary projection of ornamental features, chimneys and flues may project eighteen
(18) inches into a required yard.
G. Sight Distance Triangle.
No structure or planting exceeding thirty-six
(36) inches in height that would impede drivers' vision shall be erected or installed within the triangular area of a corner lot bound by the front property lines and a line connecting the two
(2) points on the property lines thirty
(30) feet from the intersection of the property lines.
The Administrative Official may establish more restrictive sight triangles based upon standards in the policy manual published by the American Association of State Highway and Transportation Officials (AASHTO) or when the Administrative Official reasonably believes safety so requires more restrictive sight triangles and such restriction is approved by the Board of Aldermen.
H. Height Exceptions.
1. Chimneys, cooling towers, elevator bulkheads, fire towers, monuments, stacks, stage towers or scenery lofts, tanks, water towers, ornamental towers and spires, church steeples, radio or television towers or necessary mechanical appurtenances may be erected to a height of ninety
(90) feet, except as otherwise permitted by law.
2. Public, semi-public or public service buildings, hospitals, institutions or schools, when permitted in a district, may be erected to a height not exceeding sixty
(60) feet, and churches, temples, and other buildings for religious service may be erected to a height not to exceed seventy-five
(75) feet, if the building is set back from each yard line at least one
(1) foot for each foot of additional building height above the height limit otherwise provided in the district in which the building is located.
I. Lots Not Served By Public Utilities.
Where a lot is not served by either a public water supply or a public or community sewer, it shall have an area of not less than twenty thousand (20,000) square feet and a width of at least one hundred
(100) feet; where a lot is served by a public water supply but not by a public or community sewer, it shall have an area of not less than twelve thousand (12,000) square feet and a width of at least eighty
(80) feet."
3,Article III Supplemental Regulations,Section 400.350 Temporary Uses And Special Events.,sub-sec-3.7,https://ecode360.com/28026039,https://zoneomics.com/code/8525/chapter_3#3.7,False,0,"[R.O.
2011
§ 400.350; Ord.
No.
1161
§ 1, 11-18-2013]
A. Requirements And Procedures.
The Administrative Official is authorized to issue a permit for the operation or conducting of an amusement activity on a temporary basis within any zoning district.
The Administrative Official shall review all such requests and may require a report to be submitted by health officials with respect to any public health aspect of the proposal and by the Chief of Police with respect to any traffic or public safety aspect of the proposal, if appropriate.
The Administrative Official may defer to the Board of Aldermen for final approval for any such request.
The permit shall be issued for a specified period of time not exceeding ten
(10) days, unless otherwise provided hereafter or within the permit itself.
The permit shall contain such conditions as are necessary for protection of public health, safety, and traffic, and the Administrative Official may require such assurance or guarantee of compliance with conditions as is reasonable and appropriate under the circumstances.
This permit is in addition to any building permit, air pollution device, construction or operating permit, conditional use permit or other permit or license required by law for any proposed activity or facility.
No more than two
(2) temporary amusement activity permits shall be issued in any calendar year with regard to any particular property; provided, however, that this limitation with respect to the number of temporary amusement activity permits shall not apply to public property, nor to property not held for private or corporate profit and used exclusively for religious worship, schools and colleges, for purposes purely charitable, or for agricultural and horticultural societies.
B. The following temporary uses may be allowed on a lot for which the vendor has a property interest upon approval of a temporary or special use permit:
1. Amusement Activity.
For the purpose of this Subsection, ""amusement activity"" includes a circus, carnival, fair, turkey shoot, art display, trade or animal show, concert, dance, rally, parade, athletic competition, and any similar activity not involving the erection of any permanent structure or facility.
2. Christmas Tree Sales.
Christmas tree sales in any business or industrial district for a period not to exceed sixty
(60) days.
Display of Christmas trees need not comply with the yard and setback requirements of these regulations, provided that no trees shall be displayed within thirty
(30) feet of the intersection of the curb line of any two
(2) streets.
3. Contractor's Office.
Contractor's office and equipment sheds (containing no sleeping or cooking accommodations) accessory to a construction project and to continue only during the duration of such project.
4. Real Estate Office.
Real estate office (containing no sleeping or cooking accommodations unless located in a model dwelling unit) incidental to a new housing development to continue only until the sale or lease of all dwelling units in the development.
5. Seasonal Sales.
Seasonal sale of farm produce in any commercial or industrial district for a period not to exceed ninety
(90) days and as approved by the Administrative Official.
6. Garage, Yard Or Porch Sales.
The sale of used or secondhand merchandise shall be permitted in any residential district, providing that such use shall not exceed one
(1) day in duration, nor occur more than four
(4) times, excluding City-wide sales, during a twelve-month period at one
(1) residence.
C. Special Events.
All other special events not fully satisfying the criteria of this
Chapter may be granted a special event permit only by the Board of Aldermen after review and report by the Administrative Official.
This permit may be granted, denied, or made subject to conditions that the Board of Aldermen may deem reasonably necessary to protect the public health, safety, and general welfare.
The Board of Aldermen shall review the application based on the intent of this
Chapter and the appropriateness of the event in light of the standards set forth herein.
D. Appeals.
Appeals from decisions of the Administrative Official concerning special event permits shall be appealed to the Board of Aldermen."
3,Article III Supplemental Regulations,Section 400.360 Residential Infill And Conversions.,sub-sec-3.8,https://ecode360.com/28026040,https://zoneomics.com/code/8525/chapter_3#3.8,False,0,"[R.O.
2011
§ 400.360; Ord.
No.
1161
§ 1, 11-18-2013]
A. In order to protect the integrity of the City's housing stock and to protect the public from hazards inherent in overcrowding in residential property, it shall be unlawful for any person to alter or cause to be altered any existing structure or portion thereof to increase the number of dwelling units on any parcel of land except as follows:
1. Residential Infill.
Residential structures may be redeveloped or replaced, subject to the following additional regulations and approval of a conditional use permit pursuant to
Section 400.640:
a. Elevations for any reconstructed dwelling or new replacement dwelling shall be approved by the Planning and Zoning Commission and meet all required Building Code requirements.
[1] See Ch.
500, Building and Codes, Permits and Administration.
b. The Board of Aldermen may waive the required height and setback requirements; however, the development should be consistent with the surrounding residential development.
c. The Board of Aldermen may waive the minimum lot size and density requirements, provided the proposed lot size(s) and density does not exceed one hundred fifty percent (150%) of the average surrounding residential development.
d. If not specifically waived or substituted in the ordinance authorizing a conditional use permit, all provisions of the underlying zoning and development regulations shall apply.
2. Residential Conversions.
Residential structures located in a commercial district may be converted to a commercial use subject to the following additional regulations and approval of a conditional use permit pursuant to
Section 400.640:
a. No alterations shall be made to the building exterior except for those required to bring the building into compliance with accessibility standards.
b. Off-street parking shall be restricted to the rear of the building and comply with the requirements of this Code.
c. Only one
(1) accessory structure shall be permitted on the property and shall be used for storage purposes only.
d. No exterior storage, placement of materials or display of goods shall be permitted; and e. Signage shall comply with
Article V."
3,Article III Supplemental Regulations,Section 400.365 Access Requirements.,sub-sec-3.9,https://ecode360.com/48792804,https://zoneomics.com/code/8525/chapter_3#3.9,False,0,"
A. All multi-family and commercial developments shall have direct access to a public street.
This direct access shall be the development's primary point of ingress and egress.
Such point of ingress and egress from and to a public street shall be of sufficient width to accommodate at least two
(2) lanes of traffic; provided, however, additional width or a turn lane may be required if necessary to accommodate the expected traffic to be generated.
B. No new multi-family or commercial developments shall be approved if the primary access or if the only full access to the development is via an easement across property belonging to another person.
However, a commercial development constructed as a unified plan may have one
(1) primary access to a public street and rely on cross-access easements to provide ingress and egress to individual businesses within the commercial development."
4,Article IV Off-Street Parking Regulations,Section 400.370 Scope Of Provisions.,sub-sec-4.1,https://ecode360.com/28026043,https://zoneomics.com/code/8525/chapter_4#4.1,False,0,"[R.O.
2011
§ 400.370; Ord.
No.
1161
§ 1, 11-18-2013] All buildings or structures hereafter erected, constructed, reconstructed, moved or altered in any manner so as to enlarge or increase capacity by adding or creating dwelling units, guest rooms, floor area or seats, shall be provided with off-street parking spaces, except for uses in the City's ""Old Town"" Districts, pursuant to the following requirements."
4,Article IV Off-Street Parking Regulations,Section 400.380 Parking Requirements: Residential Uses.,sub-sec-4.2,https://ecode360.com/28026046,https://zoneomics.com/code/8525/chapter_4#4.2,False,0,"[R.O.
2011
§ 400.380; Ord.
No.
1161
§ 1, 11-18-2013]
A. All parking required for single-family detached and single-family attached dwellings shall comply with the following requirements:
1. Parking spaces required by this
Chapter shall be located on the same parcel of land that the residential use is located and on a driveway only.
2. Trucks and trailers designed and manufactured for or used for specific commercial purposes, including but not limited to wreckers, dump trucks, tracked vehicles, buses, construction vehicles, equipment vehicles, equipment carriers, bottling works delivery trucks, grain trucks and refrigerated trucks are prohibited from parking in any residential district.
Any vehicle (excluding recreational trailers, boats and recreational vehicles) in excess of ten thousand (10,000) pounds gross vehicle weight is not permitted for a period of more than seventy-two
(72) hours in any one-month period.
3. No unlicensed or inoperable motor vehicles may be permitted on any tract, premises, lot or parcel within a residential zoning district unless parked in a garage.
No such vehicle may be parked on any City street, alleyway or right-of-way adjacent to said property.
It shall be a violation for any property owner, lessor, or resident thereof to allow an above-described motor vehicle to be maintained on such property.
It shall not be a defense that the person charged is not the owner of any such motor vehicle.
4. This
Section is consistent with the International Property Maintenance Code[1] as adopted by the City of Owensville, as may be amended from time to time.
Any violation of this
Section shall be punishable according to
Section 100.220 of the Owensville City Code.
See Ch.
500, Building and Codes, Permits and Administration.
5. Exceptions.
Any type of commercial vehicle, regardless of gross vehicle weight, when used for delivering or picking up merchandise for delivery or employed in performing a repair or construction service may park for the purpose of making such pickup or delivery or for the duration of the period during which a repair or construction service is being performed on or to property in the area where parked."
4,Article IV Off-Street Parking Regulations,Section 400.390 Parking Requirements: Non-Single-Family Uses.,sub-sec-4.3,https://ecode360.com/28026047,https://zoneomics.com/code/8525/chapter_4#4.3,False,0,"[R.O.
2011
§ 400.390; Ord.
No.
1161
§ 1, 11-18-2013]
A. A building permit is required for grading and stormwater runoff for construction of a new, enlarged or remodeled parking lot in excess of five
(5) parking spaces or a loading facility.
The application shall be accompanied by a parking site and landscape plan to be reviewed and approved, if appropriate, by the City Engineer.
Any deviation from the approved plan shall constitute a violation of this Article.
Except for uses in the Old Town Districts, all parking shall comply with the following requirements:
1. Stormwater Management.
Parking and loading facilities shall be provided with adequate stormwater drainage facilities to prevent damage or inconvenience to abutting property and/or public streets and alleys.
2. Lighting.
Lighting shall be provided to illuminate any off-street parking or loading spaces to be used at night.
If provided, such lighting shall be maintained, arranged and installed to deflect, shade and focus lights away from adjacent properties.
The height, type, spacing and degree of light standard may be further regulated by the City Engineer in relation to specific site conditions or type of development.
3. Markings.
All non-residential parking spaces shall be marked by durable painted lines at least four
(4) inches wide and extending the length of the space or by curbs or other means to indicate individual spaces.
Signs or markers located on the surface within a parking lot shall be used as necessary to ensure efficient and safe traffic operation of the lot.
4. Maintenance.
The surface of all parking and drive aisles shall be kept clear of trash and debris, and the parking spaces shall be clearly striped and marked.
Parking lots shall be maintained free of surface defects.
5. Curbs.
Curbed islands are required at the ends of aisles where necessary for traffic control or drainage.
6. Turnaround.
All areas for off-street parking shall be so arranged that vehicles can turn around within the area and enter the street or roadway in such a manner so as to completely eliminate the necessity for backing into the street or roadway.
7. Increase In Parking Demand.
Where a change or expansion in use creates greater parking requirements than the amount being provided, no building or occupancy permit shall be issued until provision is made for the increased amount of required off-street parking.
8. No off-street parking space required under this
Article shall be used for any other storage or parking purpose.
9. Driveways leading to a parking lot shall not be used for parking.
10. If the building is being constructed as a shell for a future office/warehouse, the City shall calculate the number of parking spaces based on a minimum of twenty-five percent (25%) office and the remainder a warehouse.
11. No occupancy permit shall be authorized until the required parking and approved ingress and egress are properly installed."
4,Article IV Off-Street Parking Regulations,Section 400.400 Design Requirements: All Parking.,sub-sec-4.4,https://ecode360.com/28026048,https://zoneomics.com/code/8525/chapter_4#4.4,False,0,"[R.O.
2011
§ 400.400; Ord.
No.
1161
§ 1, 11-18-2013]
A. The provisions of this
Section apply to all vehicle parking spaces and loading areas.
1. In all zoning districts, all parking and loading areas, including driveways, shall be paved with asphaltic concrete, portland cement concrete or other material approved by the City Engineer.
2. Off-street parking areas in all zoning districts shall provide ingress and egress to any public right-of-way only at such locations as approved by the City.
3. No parking or loading space or area needed for loading and unloading shall obstruct pedestrian and vehicular movement on any public right-of-way, including public walks, streets and alleys.
4. No parking space required or otherwise provided in an enclosed structure shall project beyond any required yard, setback or building line.
5. A stall dimension of eight and one-half (8 1/2) feet by eighteen
(18) feet [arranged at ninety degrees (90°)] may be permitted for off-street parking stalls provided in excess of the minimum requirements as set forth in this
Section when designated for compact car use.
6. On-site parallel parking stalls shall be nine
(9) feet by twenty-three
(23) feet adjacent to a twenty-two-foot two-way lane or a fifteen-foot one-way lane.
7. Access aisles in parking lots must be at least twenty-two
(22) feet wide for two-way traffic (twenty-four-foot round radii), and fourteen
(14) feet wide for one-way traffic.
One-way traffic aisles must be clearly marked with directional arrows on the pavement at each intersection with another aisle.
8. All areas for off-street parking, excluding those of single-family and duplex residences, shall be so arranged that vehicles can turn around within the area and enter the street or roadway in such a manner so as to completely eliminate the necessity for backing into the street or roadway.
9. Any lights used to illuminate the parking area shall be arranged, located or screened to direct light away from any adjoining residential use.
Lighting standards shall in no event exceed sixteen
(16) feet in height.
10. Any parking that exceeds the minimum required parking stalls shall utilize permeable pavement as approved by the Administrative Official."
4,Article IV Off-Street Parking Regulations,Section 400.410 Minimum Off-Street Parking Dimensions.,sub-sec-4.5,https://ecode360.com/28026049,https://zoneomics.com/code/8525/chapter_4#4.5,False,0,"[R.O.
2011
§ 400.410; Ord.
No.
1161
§ 1, 11-18-2013] Table
1.
1 provides the required parking and drive aisle dimensions for parking in all districts.
In the event that the desired parking angle is not specified by the below table, the City Engineer may specify other equivalent dimensions associated with the desired parking angle by interpolating from dimensions listed in Table
1.
1. | Table 1.1 Minimum Parking Dimensions and Aisle Widths | | | | | |
| --- | --- | --- | --- | --- | --- |
|  | A | B | C | D | E |
| Parking Angle | Stall Width  (feet) | Stall Length  (feet) | Curb Length per Car  (feet) | Stall Depth  (feet) | Aisle Width  (feet) |
| 0° | 9.0 | — | 22.0 | — | 15.0 |
| 45° | 9.0 | 19.7 | 12.7 | 17.0 | 14.0 |
| 60° | 9.0 | 21.0 | 10.5 | 18.0 | 17.5 |
| 90° | 9.0 | 19.0 | 10.0 | 19.0 | 22.0 | |  |
| --- |
| **The diagrams below illustrate the measurements (A), (B), (C), (D) and (E)** |"
4,Article IV Off-Street Parking Regulations,Section 400.420 Required Parking Spaces.,sub-sec-4.6,https://ecode360.com/28026050,https://zoneomics.com/code/8525/chapter_4#4.6,False,0,"[R.O.
2011
§ 400.420; Ord.
No.
1161
§ 1, 11-18-2013] A. Off-street parking shall be provided as required in Table
1.
2. When determination of the number of off-street parking spaces required by this regulation results in a requirement of a fractional space, the fraction of one-half (1/2) or less may be disregarded, and a fraction in excess of one-half (1/2) shall be counted as one
(1) parking space.
When a structure or development contains mixed uses, the off-street parking requirements shall be calculated for each individual use, and the total parking requirement shall be the sum of the individual parking requirements.
| Table 1.2 Required Off-Street Parking | |
| --- | --- |
| Use | Maximum Number of Parking Spaces |
| Athletic fields | 20 spaces for every diamond of athletic field, or 1 space for every 4 seats, whichever is greater (1 seat is equal to 2 feet of bench length) |
| Auditoriums, churches, theaters, stadiums, dance halls, banquet halls and other places of assembly | 1 space for every 4 seats (1 seat equals 2 feet of bench length) or 1 space for every 50 square feet of gross floor area when there is no fixed seating |
| Automotive service centers and vehicle repair facilities | 1 space for every employee on the maximum shift, 3 spaces for every service bay and 1 space for every vehicle customarily used in operation of the use |
| Automotive sales | 4 spaces for every 1,000 square feet (sf) of gross floor area (GFA) of sales and showroom area and 3 spaces for every service bay; this shall not include space provided for vehicles for sale or lease |
| Barbershops and beauty salons | 3 spaces for every chair |
| Building supplies, brick- or lumberyards | 2 spaces per 1,000 square feet of indoor sales area, plus 1 stall per 2,500 square feet of outdoor display |
| Bowling alleys | 5 spaces for every alley |
| Car washes | 1 space for each employee on the maximum shift and 3 queue spaces per bay, including bay capacity, for a total of 4 queue spaces per wash bay |
| Commercial or services not listed in this Article | 5 spaces per 1,000 square feet of GFA |
| Clubs, civic or fraternal lodges, museums, libraries, etc. | 1 stall per 200 square feet of GFA |
| Community centers, health club or fitness centers, indoor recreation | 5 spaces per 1,000 square feet of GFA |
| Day care (nursery) | 1 stall per 400 square feet of GFA |
| Drive-in or drive-through lanes | 5 queue spaces for first service lane and 4 queue spaces for second service lane |
| Equipment sales and service (plumbing, HVAC, construction, etc.) | 4 spaces for every 1,000 GFA and 2 spaces for every 1,000 square feet of warehouse area or 1 space for each employee on the maximum shift, whichever is greater, plus 1 space for every vehicle customarily used in operation of the use or stored on site |
| Filling stations (convenience store or service station) | 1 space for each gas pump, 3 spaces for each service bay, 6 spaces for every 1,000 square feet gross floor area of a convenience store, 1 space for every vehicle customarily used in operation of the use |
| Financial services | 4 spaces for every 1,000 square feet gross floor area |
| Funeral homes, mortuaries | 1 space for every 5 seats; 10 spaces minimum |
| Furniture or carpet stores, home improvement, garden supply | 3 spaces per 1,000 square feet of GFA |
| Grocery stores, supermarkets, and department stores | 4 spaces per 1,000 square feet of GFA |
| Group quarters: group homes and nursing care facilities | 1 space for every 5 beds, 1 space for every self-care unit and 1 space for every 2 employees on the maximum shift |
| Hospitals | 1 space for every 2 beds, plus 1 space for every staff doctor and employee on the maximum shift |
| Hotels | 1 space per room, plus 1 space for every employee |
| Laundry and pickup | 5 spaces for every 1,000 square feet |
| Laundromats | 1 space for every 2 washing machines |
| Multifamily residences, including retirement communities | 1 space per efficiency or studio unit |
|  | 1.5 space per one- or two-bedroom unit |
|  | 2 spaces per three-or-more-bedroom unit |
| Medical and dental offices; clinics (outpatient only) | 4 spaces for every 1,000 square feet gross floor area, or 4 spaces for every doctor and 1 space for every additional employee, whichever is greater |
| Offices | 4 spaces per 1,000 square feet of GFA |
| Restaurants, bars, cocktail lounges | 1 space for every 3 seats, plus 2 spaces for every 3 employees on the maximum shift |
| Restaurants, fast food | 1 space for every 2 seats, plus 2 spaces for every 3 employees on the maximum shift |
| Retail sales | 4 spaces per 1,000 square feet of GFA |
| Schools, vocational and institutional | 1 space for every employee and 1 space for every 4 students over 16 years of age; parking shall be provided for indoor/outdoor places of assembly as per this table |
| Single-family residences | 2 spaces per dwelling unit |
| Two-family residences | 2 spaces per dwelling unit |
| Veterinary clinics and/or animal hospitals | 4 spaces for every doctor, plus 1 space for every additional employee |
| Warehouses, industrial, manufacturing | 2 spaces per 3 employees on the maximum shift plus 1 for each vehicle customarily used in operation or stored on the premises or 1 space per 1,000 square feet of GFA, whichever is greater |
| Exception: Within the Old Town Districts, parking spaces may be waived on a case-by-case basis as approved by the Board of Aldermen. | |"
4,Article IV Off-Street Parking Regulations,Section 400.430 Americans With Disabilities Act (ADA).,sub-sec-4.7,https://ecode360.com/28026051,https://zoneomics.com/code/8525/chapter_4#4.7,False,0,"[R.O.
2011
§ 400.430; Ord.
No.
1161
§ 1, 11-18-2013]
A. The construction and renovation of certain structures and facilities must conform to the provisions of the Americans with Disabilities Act (ADA).
Table
1.
3 indicates the number of accessible spaces required by the
2010 ADA Standards.
One
(1) of every six
(6) required spaces must be van-accessible.
| Table 1.3 ADA Parking Requirements | |
| --- | --- |
| Total Parking Spaces Per Lot | Minimum Number Of Required Accessible Spaces |
| 1 to 25 | 1 |
| 26 to 50 | 2 |
| 51 to 75 | 3 |
| 76 to 100 | 4 |
| 101 to 150 | 5 |
| 151 to 200 | 6 |
| 201 to 300 | 7 |
| 301 to 400 | 8 |
| 401 to 500 | 9 |
| 501 to 1,000 | 2% of total |
| 1,001 (and over) | 20, plus 1 for each 100, or fraction thereof, over 100 | |  |
| --- |
| Source: 2010 ADA Regulations | B. ADA Parking Space Size Specifications.
1. Accessible parking spaces need to be at least ninety-six
(96) inches (2,440 millimeters or eight feet) wide and should have an adjacent access aisle.
2. In the case of van-accessible parking spaces, an adjacent access aisle that is eight
(8) feet wide is required.
Standard vehicle parking spaces (cars) must have a five-foot-wide access aisle adjacent to the parking space.
3. Regulations allow two
(2) adjacent parking spaces to share a common access aisle.
4. Parking spaces and access aisles shall be in level with surface slopes not exceeding
1:50 [two percent (2%)] in all directions.
5. All access aisles should remain free of obstructions at all times.
Parked vehicle overhangs shall not reduce the clear width of an accessible route.
6. The boundary of the access aisle must be clearly marked.
The end may be a curved or square shape.
7. Parking spaces designated for physically disabled persons shall be located on the shortest possible accessible circulation route to an accessible entrance of the building.
In separate parking structures or lots which do not serve a particular building, parking spaces for physically disabled persons shall be located on the shortest possible pedestrian route to an accessible pedestrian entrance of the parking facility.
8. Each parking space designated for physically disabled persons shall be provided with a freestanding sign bearing the international symbol of accessibility in white on a blue background.
9. A parking area used for dead storage of new or used motor-driven vehicles held by a licensed franchise dealer, agent or manufacturer is exempt from this Section."
4,Article IV Off-Street Parking Regulations,Section 400.440 Reduction Of Required Parking Spaces.,sub-sec-4.8,https://ecode360.com/28026052,https://zoneomics.com/code/8525/chapter_4#4.8,False,0,"[R.O.
2011
§ 400.440; Ord.
No.
1161
§ 1, 11-18-2013] The minimum parking requirements may be reduced in all zoning districts by ten percent (10%) of the required parking spaces if the Administrative Official finds a necessity for such reduction."
4,Article IV Off-Street Parking Regulations,Section 400.450 Shared Parking.,sub-sec-4.9,https://ecode360.com/28026053,https://zoneomics.com/code/8525/chapter_4#4.9,False,0,"[R.O.
2011
§ 400.450; Ord.
No.
1161
§ 1, 11-18-2013] Two
(2) or more uses may combine to provide the required parking space jointly; however, the parking space so provided shall equal the total space required if each use were to provide parking space separately.
Plans for such joint parking must be approved by the Board who shall, after approval, record the parking plan and an agreement among the owners of the various properties involved with the County Recorder of Deeds.
Such recorded plans and agreements shall be binding upon the owners of the properties involved and their successors and assigns and shall limit and control the use of land included in the plan to those uses and conditions approved by the Board and agreed to by the owners of the properties involved."
4,Article IV Off-Street Parking Regulations,Section 400.460 Loading Requirements.,sub-sec-4.10,https://ecode360.com/28026062,https://zoneomics.com/code/8525/chapter_4#4.10,False,0,"[R.O.
2011
§ 400.460; Ord.
No.
1161
§ 1, 11-18-2013]
A. Adequate loading space shall be provided within the site to accommodate the loading and unloading of trucks, tractors and trailers serving commercial, industrial or any large-scale residential or institutional use containing a gross floor area of two thousand (2,000) square feet or more.
Loading spaces shall be provided as required in Table
1.
4. | Table 1.4 Minimum Loading Requirements | |
| --- | --- |
| Gross Floor Area  (square feet) | Number of Loading Spaces |
| 2,000 to 5,000 | 1 (10 feet by 25 feet) |
| 5,001 to 24,000 | 1 (10 feet by 40 feet) |
| 24,001 to 60,000 | 2 (10 feet by 40 feet) |
| 60,001 to 96,000 | 3 (10 feet by 40 feet) |
| 96,001 to 144,000 | 4 (10 feet by 40 feet) |
| 144,001 to 192,000 | 5 (10 feet by 40 feet) |
| 192,001 to 240,000 | 6 (10 feet by 40 feet) |
| 240,001 to 294,000 | 7 (10 feet by 40 feet) |
| 294,001 to 348,000 | 8 (10 feet by 40 feet) |
| 1 additional space required for each additional 54,000 square feet over 348,000 | |
B. All off-street loading areas shall meet the following requirements:
1. The required off-street loading spaces shall have adequate means of access to a street, alley or highway in a manner that will least interfere with traffic movement.
2. The loading spaces shall be located behind the building line.
3. The City may require landscaping, fencing or other materials to screen the loading areas.
4. The loading spaces must be paved with a minimum of nine
(9) inches portland cement concrete or any other material approved by the City.
5. Each ten-foot by forty-foot loading space required by Table
1.
2 must have seventy-five
(75) feet of maneuvering space and shall have a vertical (height) clearance of not less than fourteen
(14) feet.
6. The loading space that is utilized for the location of trash collection shall be screened with a privacy fence or any other material approved by the City."
4,Article IV Off-Street Parking Regulations,"Section 400.470 Repair, Service Or Sales Use Of Parking Facilities.",sub-sec-4.11,https://ecode360.com/28026073,https://zoneomics.com/code/8525/chapter_4#4.11,False,0,"[R.O.
2011
§ 400.470; Ord.
No.
1161
§ 1, 11-18-2013] It shall be unlawful for the owner, operator, lessee or attendant of any parking lot to permit motor vehicle repair work, service, vending, selling, offering for sale or display of merchandise."
5,Article V Sign Regulations,Section 400.480 Regulations.,sub-sec-5.1,https://ecode360.com/28026074,https://zoneomics.com/code/8525/chapter_5#5.1,False,0,"[R.O.
2011
§ 400.480; Ord.
No.
1161
§ 1, 11-18-2013]
A. Purpose.
It is the purpose of this
Section to regulate and control the location, installation, number, and maintenance of signs and matters relating thereto within the City of Owensville in order to promote the public safety, health, and general welfare of the community except when preempted by State or Federal law.
B. Intent.
It is the intent of this
Section to:
1. Provide for uniform regulation and orderly development of signs consistent with established policies and ordinances of the City.
2. Provide a desirable and attractive living environment through harmonious and uniform signage.
3. Accommodate the identification and communication needs of businesses and other organizations.
4. Enable the public to easily locate goods, services, and facilities in the City.
5. Acknowledge diverse needs businesses and organizations have for signage with rules adaptable to varying circumstances.
6. Permit artistic freedom while controlling the adverse impacts of excessively obtrusive signage.
C. Overall Design Requirements.
Signs shall meet the following design requirements:
1. Signs shall legibly convey their messages without being distracting or unsafe to those reading them.
2. Signs shall be designed not to compete with one another, but to contribute to the convenience of the public and the attractiveness of the streetscape.
3. Signs shall be an integral architectural element of the buildings and sites that they identify.
4. Signs shall be consistent with, and not detract from, the overall character of the buildings and sites that they identify.
5. Signs shall be carefully crafted, durable, and consistent with the quality and permanence of the buildings and sites that they identify.
D. Scope.
1. The provisions of this
Section shall govern the installation, alteration, and maintenance of all signs and outdoor display structures, together with their appurtenant and auxiliary devices, with respect to location, size, content, construction, structure, and fire safety.
2. This
Section generally regulates only the sign structure or design, and not the sign's content and is not intended to prohibit any sign otherwise permitted by Federal or State law.
For example, pole-mounted signs are regulated only by size, height, location, structure, and lettering size.
The references to sign structure and sign copy have no bearing on the sign's content, message or viewpoint.
E. In General.
In order to carry out the provisions of these regulations, signs are divided into groups as set forth below.
Certain words and terms to signs are defined in the definitions in
Section 400.060. General regulations pertaining to all signs are established below."
5,Article V Sign Regulations,Section 400.490 Signs In Residential Districts.,sub-sec-5.2,https://ecode360.com/28026075,https://zoneomics.com/code/8525/chapter_5#5.2,False,0,"[R.O.
2011
§ 400.490; Ord.
No.
1161
§ 1, 11-18-2013]
A. Subject to limitations hereinafter set forth, only the following signs shall be permitted in residential districts:
1. Church bulletin boards;
2. Construction signs;
3. Directional signs;
4. Institutional or government signs;
5. Memorial signs or tablet signs;
6. Political signs;
7. Real estate signs;
8. Special displays;
9.
Subdivision map signs;
10.
Subdivision real estate signs;
11.
Subdivision signs;
12. Official governmental flags; and
13. Signs not exceeding two
(2) square feet in sign face per side or a height of four
(4) feet from the ground, which signs prohibit trespassing or indicate privacy of premises, driveways or roads."
5,Article V Sign Regulations,Section 400.500 Non-Residential Signs.,sub-sec-5.3,https://ecode360.com/28026076,https://zoneomics.com/code/8525/chapter_5#5.3,False,0,"[R.O.
2011
§ 400.500; Ord.
No.
1161
§ 1, 11-18-2013]
A. Subject to the limitations set forth, only the following signs shall be permitted within business, commercial or industrial zoning districts:
1. All signs and flags permitted in residential districts;
2. Attached signs;
3. Monument signs;
4. Hanging signs;
5. Illuminated signs;
6. Marquee, canopy and/or awning signs;
7. Occupation and/or identification signs;
8. Permanent window signs;
9. Temporary window signs;
10. Projecting signs;
11. Temporary signs;
12. Pole signs (not allowed in ""OT"" or ""OTC"" Districts); and
13. Banners."
5,Article V Sign Regulations,Section 400.510 Prohibited Signs.,sub-sec-5.4,https://ecode360.com/28026077,https://zoneomics.com/code/8525/chapter_5#5.4,False,0,"[R.O.
2011
§ 400.510; Ord.
No.
1161
§ 1, 11-18-2013]
A. The following types of signs shall be prohibited in the City:
1. Any permanent sign which does not meet the flammability test of approved combustible plastic;
2. Flashing signs;
3. Fluttering signs, except official government flags and one
(1) official company flag per business, provided that such company flag shall not be larger than any official government flag displayed on the same property nor shall such company flag be larger than thirty-five
(35) square feet.
Nothing in these regulations shall prohibit any person from displaying flags representing special awards or flags of other governments, provided that such flags are approved by a resolution of the Board of Aldermen.
Exception: banners which meet the requirements of
Section 400.530(A)(23);
4. Moving signs;
5. Roof signs;
6. Portable signs; and
7. Off-premises signs."
5,Article V Sign Regulations,Section 400.520 Non-Conforming Signs.,sub-sec-5.5,https://ecode360.com/28026078,https://zoneomics.com/code/8525/chapter_5#5.5,False,0,"[R.O.
2011
§ 400.520; Ord.
No.
1161
§ 1, 11-18-2013]
A. Any sign legally existing on the effective date of this
Chapter shall be exempt from this
Chapter according to the following:
1. No non-conforming sign shall be enlarged, extended, reconstructed or structurally altered, except as may be required by law.
2. No non-conforming sign shall be moved to any other portion of the lot or parcel occupied by such a sign.
3. Any non-conforming sign damaged to the extent of more than sixty percent (60%) of its reconstruction value, exclusive of the foundations, at the time of damage by fire, explosion, war, riot or act of God, shall not be restored or reconstructed as before such happening.
However, if less than sixty percent (60%) of such a sign is damaged above the foundation, it may be restored or reconstructed, provided that such restoration or reconstruction is done within four
(4) months of such happening, and is done with like or similar materials and size.
4. When the use of a non-conforming sign has been discontinued or abandoned for six
(6) months, the sign shall be removed in accordance with
Section 400.580, except that portable signs or flashing signs which have been discontinued or abandoned for a period of seven
(7) days shall be removed in accordance with
Section 400.580.
5. Nothing in this
Chapter shall be deemed to prevent the strengthening or restoring to a safe condition of any sign or part thereof declared to be unsafe by any official charged with protecting the public safety upon the order of such official.
6. On any sign that is non-conforming, work may be done on ordinary repairs, or on the repair of non-structural members or wiring, provided that the sign does not further depart from the regulations of this Chapter."
5,Article V Sign Regulations,Section 400.530 Standards For Signs.,sub-sec-5.6,https://ecode360.com/28026080,https://zoneomics.com/code/8525/chapter_5#5.6,True,1,"[R.O.
2011
§ 400.530; Ord.
No.
1161
§ 1, 11-18-2013]
A. The following standards and conditions shall be applicable to the signs listed herein, except when preempted by law:
1. Church bulletin boards shall not exceed twenty-four
(24) square feet in sign area or eight
(8) feet in height at ground level at the point of erection.
Any such sign shall not be less than ten
(10) feet from any property line.
2. Construction signs shall be subject to the following restrictions:
a. One
(1) such sign, not exceeding twenty-four
(24) square feet in surface area and not exceeding eight
(8) feet in height above street level, shall be permitted on the work site of each street frontage not closer than ten
(10) feet to the street right-of-way.
The sign shall be removed upon completion of the work.
b. Signs identifying mechanics, painters, architects, engineers and similar artisans and workmen, which signs are attached to or on trailers on the site of construction, shall be permitted, provided that upon completion of the project the trailer must be removed as quickly as practicable.
These trailers shall not be located closer than ten
(10) feet to the street right-of-way if such signs are visible from the street right-of-way.
3. Directional signs shall be subject to the following restrictions:
a. Such signs shall contain symbols, arrows or appropriate wording to indicate points of appropriate ingress or egress or other pertinent traffic directions, including the following words:
(1) ""Entrance"" or ""entrance only"";
(2) ""One-way"";
(3) ""Exit"" or ""exit only"";
(4) ""Do not enter"";
(5) ""No exit"" or ""no entrance"";
(6) ""Drive-in window"";
(7) ""Right turn only"" or ""no left turn"";
(8) ""Loading area,"" ""parcel pickup area"" or ""loading zone"";
(9) ""Service vehicles only"" or ""no trucks""; and
(10) The street address and/or name of the business center or development, the name of the use or building, or a trademark, logo or similar matter, provided that not more than fifty percent (50%) of the sign area is used for this purpose.
b. The Planning and Zoning Commission may adopt and, if adopted, may publish standards or prototypes for directional signs to promote uniformity of directional signage in the City.
If adopted and approved by the Board of Aldermen, such provisions shall become mandatory, and all such signs shall be brought into conformity as set forth in this Section.
c. Such signs shall not exceed six
(6) square feet in sign area per side, nor more than two
(2) such signs per entry/exit, unless such entry/exit is divided by a raised median, in which case each side shall be treated as a separate entry or exit.
d. Such signs shall not be greater than three and one-half (3 1/2) feet in total height above the elevation of the adjacent driveway at the point where it meets the street right-of-way.
4. Institutional/government signs shall be subject to the following restrictions:
a. Such signs shall not be over twenty-four
(24) square feet in sign area, nor exceed a total height of eight
(8) feet above grade at the base.
b. Not more than one
(1) sign shall be placed on each road frontage.
c. Such signs shall be located only on the property of a governmental agency or on not-for-profit institutional property.
d. Such signs shall be located not closer than ten
(10) feet to any property line.
5. Memorial signs or tablet signs shall be subject to the following regulations:
a. All preexisting memorial tablets or signs are exempt from this Chapter.
b. New memorial signs or tablets shall not exceed six
(6) square feet unless such signs or tablets are placed by ordinance of, or commission of, the United States, the State, the County or the City, or agencies thereof.
6. Political signs shall be subject to the following regulations:
a. Such signs shall be not greater than six
(6) square feet in sign area per sign face.
b. Such signs shall be posted only on private property with the permission of the property owner or lessee.
c. Such signs shall not be placed prior to the opening of the filing period for such office sought by the political candidate or in the case of a tax issue or bond approval, such sign may not be placed prior to the applicable Governing Body filing its application to place the action on the ballot for an upcoming election.
In either of the above cases, the sign shall be removed not later than seven
(7) days after the election to which they pertain is held.
d. Nothing contained herein shall preclude the placement of signs, conforming hereto, on private property which are considered to contain speech protected by the Constitution of the United States.
7. Real estate signs shall be subject to the following regulations:
a. Such signs shall be non-illuminated.
b. There shall be not more than one
(1) sign on each lot frontage.
c. Such signs shall be not closer than ten
(10) feet to any property line.
d. Such signs shall be not greater than six
(6) square feet per sign face in residential districts or twenty-four
(24) square feet per sign face in all other districts.
e. Such signs shall be removed within ten
(10) days of the sale closing or lease initiation date.
8. Special displays shall be subject to the following regulations:
a. Temporary signs pertaining to special events may be displayed by any church, not-for-profit institution or government agency, provided that such signs are not displayed for longer than fifteen
(15) days, and provided that no such sign shall be permitted more often than once each forty-five
(45) days.
b. Businesses may display temporary signs for not longer than thirty
(30) days, provided that such signs are authorized by permit, issued by the Code Enforcement Officer.
Exception: banners which meet the requirements of
Section 400.530(A)(23).
9.
Subdivision map signs shall be subject to the following regulations:
a. Such signs may be located on private or public property, provided that vision is not obstructed at an intersection.
b. Such signs shall be easily readable from a stopped vehicle at the curb."
5,Article V Sign Regulations,Section 400.530 Standards For Signs.,sub-sec-5.6,https://ecode360.com/28026080,https://zoneomics.com/code/8525/chapter_5#5.6,True,2,"c. Such signs shall not exceed twenty-four
(24) square feet in sign face area, not including the sign support structure.
d. Such signs may be illuminated, provided that such illumination does not shine directly onto an adjacent residence nor interfere with vehicular traffic.
10.
Subdivision real estate signs shall not exceed twenty-four
(24) square feet per sign face, shall be maintained in good repair and shall be removed within thirty
(30) days of the sale of the last home or lot advertised in the subdivision, subject to the following conditions:
a. There may be only one
(1) sign per subdivision entrance.
b. Signs shall not be located closer than ten
(10) feet to any property line.
11.
Subdivision identification signs shall be subject to the following regulations:
a. Such signs shall be located at least twenty
(20) feet from the curb line of adjacent streets in the right-of-way or on private property abutting such adjacent streets, provided that the Planning and Zoning Commission may alter the minimum setback if it finds that doing so is in the public interest and will not create unsafe conditions.
b. Such signs may be illuminated, provided that such illumination does not shine directly onto adjacent residences or interfere with vehicular traffic.
c. Such signs shall not be greater than two hundred (200) square feet in sign face area but not to exceed six
(6) feet in height.
12. Official government flags shall be subject to the following regulations:
a. Such flags may be flown at all times, subject to the guidelines concerning their use as set forth by the government which they represent.
b. Such flags may be illuminated.
c. For the purpose of this Chapter, flags of the United States, the State and the City are considered as official governmental flags.
d. Not more than three
(3) flags may be flown from a single flagpole at any one time.
e. No flag shall exceed sixty
(60) feet in height from the elevation of the ground at the building line.
f. No flag shall exceed one hundred twenty
(120) square feet.
13. Attached signs shall be subject to the following regulations:
a. Such signs shall include both wall signs and projecting signs.
b. Such signs shall not extend horizontally beyond the plane of the wall to which they are attached more than twenty-four
(24) inches.
c. Such signs shall not exceed a total of fifteen percent (15%) of the side of the building or unit [maximum of one hundred fifty (150) square feet] to which they are attached.
However, where more than one
(1) side of a building or unit is used for signing, then the limitation shall be five percent (5%) for each side used, except as set forth in
Sections 400.540 and
400.550.
d. Such signs shall not project greater than twenty-four
(24) inches above the parapet wall or roofline.
e. Such signs shall maintain a clearance of at least ten
(10) feet above the ground or pavement.
f. Such signs shall not exceed thirty-five
(35) feet above the grade level of the fronting street.
g. Such signs shall be constructed and braced to withstand a pressure of not less than thirty
(30) pounds per square foot of exposed surface and shall be securely attached to the building or wall.
14. Marquee, canopy and awning signs shall be subject to the following regulations:
a. Such signs shall not exceed four
(4) feet in height of sign area.
b. Such signs shall meet the same standards of strength as an attached sign.
c. Such signs shall maintain a clearance of at least ten
(10) feet above the ground or pavement.
d. Awning signs shall be painted or otherwise permanently affixed to the awning.
15. Occupational or identification signs shall be attached signs and shall be subject to the following regulations:
a. Such signs shall not exceed one
(1) square foot for each name displayed of each professional person or service located on the premises.
b. The total area of any one
(1) sign wherein a number of professional names is displayed shall not exceed twenty
(20) square feet.
16. Ground signs shall be subject to the following regulations:
a. Such signs shall be located in any required setback area but not closer than one-third (1/3) of the required setback distance from the property line.
No sign shall be located closer than ten
(10) feet to any property line.
b. Such signs shall be located so as not to obstruct vision at an intersection or a vehicular entry or exit from the property.
c. Such signs may be supported by post or poles that do not exceed a height of three
(3) feet.
The sign shall not exceed a height of four
(4) feet.
d. Such signs shall not exceed ten percent (10%) of the surface of the building wall which they are in front of or relate to, provided that the total of all permanent attached signs and ground signs on a frontage shall not exceed fifteen percent (15%) of the wall surface facing such frontage, except as otherwise provided in
Section 400.550.
e. Landscaping shall be placed at the base of and around any ground sign for a distance equal to at least one-half (1/2) the total height of the sign or three
(3) feet, whichever is greater.
17. Hanging signs shall be permitted in addition to all other signs, provided that such signs do not exceed three
(3) square feet per sign face.
18. Projecting signs shall be governed by all restrictions regarding attached signs.
19. Temporary signs shall be governed by the restrictions concerning construction signs, temporary window signs, political signs, real estate signs, subdivision real estate signs or special display signs, according to the use to which the temporary sign is being put.
a. A permit for a temporary subdivision real estate sign shall be necessary prior to erection.
20. Wall signs shall be governed by the restrictions concerning attached signs.
21. Temporary and permanent window signs shall be subject to the following regulations:
a. Such signs shall not cover more than thirty percent (30%) of the window or glass door to which they are applied.
b. All signs in one
(1) window shall be deemed to be one"
5,Article V Sign Regulations,Section 400.530 Standards For Signs.,sub-sec-5.6,https://ecode360.com/28026080,https://zoneomics.com/code/8525/chapter_5#5.6,True,3,"(1) sign for the purpose of this Subsection.
c. Temporary window signs shall be maintained in good repair, shall be displayed for not longer than forty-five
(45) days and shall have the most recent date of installation clearly shown on the sign in two-inch-high letters placed in the bottom-right-hand corner on the front of the sign.
d. Permanent window signs shall be painted, metal-leafed or in some other manner permanently applied to either side of an exterior window or door.
e. A permanent window sign shall be calculated with the total square footage of signs permitted per building side, but a temporary window sign shall not be so counted.
22. Pole signs shall be subject to the following regulations:
a. Not more than one
(1) pole sign shall be erected on any one
(1) street frontage.
b. The bottom of the sign shall be at least ten
(10) feet above the main ground level on which the sign is placed and shall not exceed a height of twenty
(20) feet to the top of the sign above the ground level, except for properties contiguous with Highways 28 and 19 right-of-way, on which properties the maximum height is thirty-five
(35) feet.
c. Pole signs shall be located not closer than ten
(10) feet to any right-of-way.
d. Sign area shall not exceed one hundred
(100) square feet, except for signs on properties which are contiguous with Highways 28 and 19 right-of-way, which may be up to one hundred fifty (150) square feet.
23. Banner signs shall be subject to the following regulations:
a. Not more than one
(1) banner shall be permitted per business at any time.
b. Banners for multi-tenant buildings must be secured to the actual tenant space.
c. Sign area shall not exceed ten percent (10%) of the surface area of the building wall which they are in front of or relate to, or one hundred fifty (150) square feet, whichever is less.
d. Permits are required for all banner signs.
e. Signs shall not be erected for more than thirty
(30) days continuous or more than sixty
(60) days per calendar year aggregate.
f. Signs shall be secured such that no edge or corner is allowed to flap loosely.
24. Billboards.
The erection, construction and placement of billboards shall be subject to the following regulations.
These regulations are in addition to all other requirements and regulations contained in this
Section unless specifically excluded from any particular provision:
a. Billboards shall only be allowed in areas which are zoned commercial or industrial and on property which touches or is adjacent to interstate or primary highways, as such terms are defined by Missouri law.
In no event shall billboards be permitted at a distance greater than six hundred sixty (660) feet from the right-of-way of an interstate or primary highway.
b. Billboards shall not be allowed any closer than sixty
(60) feet to the nearest edge of the right-of-way of any interstate or primary highway.
c. Billboards shall be oriented toward traffic on the interstate or primary highway which is adjacent to the property upon which the billboard is situated.
d. No billboard shall be erected closer than five hundred (500) feet to any area zoned ""R-1,"" ""R-1A,"" ""R-2,"" ""R-3"" or ""R-4.""
e. No billboard shall be erected closer than five hundred (500) feet to any residential structure.
f. No billboard shall be erected within five hundred (500) feet of any church, school, public building or structure (to include but not necessarily limited to governmental centers, libraries or stadiums).
g. No billboard shall be erected within five hundred (500) feet of any historical site or historical district so designated by the Federal, State or City Government.
h. No billboard shall be erected within one hundred
(100) feet of any on-premises freestanding or pole sign.
i. No billboard shall be erected within five hundred (500) feet of an interchange or intersection at grade.
Such five hundred (500) feet shall be measured from the beginning or ending of the pavement widening at the exit or entrance to the main traveled highway.
j. The surface size of any billboard shall not exceed the size restrictions set forth in
Section 226.540(2), RSMo., as amended.
k. The maximum height of a billboard shall be seventy-five
(75) feet above the surface level of the adjoining interstate or primary highway.
l. External lighting of billboards, such as floodlights, thin line and gooseneck reflectors are permitted, provided the light source is directed upon the face of the sign and is effectively shielded so as to prevent beams or rays of light from being directed toward any residential structure or into any portion of the main traveled way of the interstate or primary highway and the lights are not of such intensity so as to interfere with the residential use of property or to cause glare, impair the vision of the driver of a motor vehicle or otherwise interfere with a driver's operation of a motor vehicle.
m. No billboard shall have wind-activated elements or similar component which might tend to interfere with the safe operation of motor vehicles.
n. No billboard, whether lighted or not, shall be erected so as to obscure or interfere with a driver's operation of a motor vehicle or in any other manner constitute a safety hazard.
Any billboard which is erected in accordance with the provisions of this
Section and which shall at any time thereafter be found to obstruct vision or constitute a safety hazard as may be determined by the Board of Aldermen shall be removed.
The removal of any such billboard shall only occur after a hearing before the Board of Aldermen wherein the owner of any such billboard shall be given the opportunity to be heard.
If the Board of Aldermen, after viewing all the evidence submitted, finds that any such billboard obstructs vision and/or in any other manner constitutes a safety hazard, the owner thereof shall be given sixty
(60) days to remove the offending billboard.
Appeals from the finding by the Board of Aldermen shall be controlled as hereinafter set forth.o. No billboard shall be erected within two thousand five hundred (2,500) feet of another billboard."
5,Article V Sign Regulations,Section 400.540 Limitations On Gross Sign Area And Number Of Signs.,sub-sec-5.7,https://ecode360.com/28026081,https://zoneomics.com/code/8525/chapter_5#5.7,False,0,"[R.O.
2011
§ 400.540; Ord.
No.
1161
§ 1, 11-18-2013]
A. All permitted signs in commercial districts shall be governed by the following restrictions:
1. No building sign shall be permitted on the rear side of any building located on commercial property, nor shall any such sign be permitted on the side of any building located on commercial property if such building sign on the side or rear of a building is within two hundred fifty (250) feet of any residential district or the center line of any street abutting such residential district.
However, this shall not prohibit unlighted directional signs and signs not greater than two
(2) square feet per sign face which contain the words ""loading zone,"" ""service entrance,"" ""entrance,"" ""no parking,"" ""loading area"" or similar directional words and symbols as permitted by
Section 400.530(A)(3).
2. Subject to the further limitations set forth in
Section 400.530(A)(13)(c), an aggregate sign display area equal to fifteen percent (15%) of the total surface area of the side of a business unit (including windows) or one hundred fifty (150) square feet, whichever is less, shall be permitted on the side of a commercial business unit facing a commercial district.
The following types of signs shall not be included in the aggregate square footage limitation contained in this Subsection:
a. Construction signs; b. Directional signs; c. Memorial signs or tablet signs; d. Real estate signs; e. Special displays; f. Official governmental flags; g. Hanging signs; and h. Temporary window signs."
5,Article V Sign Regulations,Section 400.550 Restrictions On Sign Regulations And Maintenance.,sub-sec-5.8,https://ecode360.com/28026084,https://zoneomics.com/code/8525/chapter_5#5.8,False,0,"[R.O.
2011
§ 400.550; Ord.
No.
1161
§ 1, 11-18-2013]
A. Except as hereinafter provided, all signs shall be subject to the following general construction standards and maintenance standards:
1. Signs in residential areas are restricted to not more than two
(2) sign faces and not more than four
(4) colors.
2. If any sign becomes hazardous to pedestrian or vehicular traffic by reason of obstruction of walkways or fire access or exit lanes or by restricting sight distances for vehicle or pedestrian traffic, or if any sign is located so close to travel lanes or parking areas that it is struck by maneuvering vehicles, then such sign shall be relocated, removed or otherwise protected within thirty
(30) days of notification by registered letter from the Code Enforcement Officer or other designated official that such danger or nuisance exists.
3. All signs and supports shall be maintained in good repair so as to prevent rust, peeling, flaking or fading.
Broken panels, missing letters, flaking or peeling paint and other visual damage to a sign shall be repaired within forty-five
(45) days of the occurrence or within thirty
(30) days of notification by registered letter from the Code Enforcement Officer or other designated official.
4. Every permanent sign shall be constructed of rigid, weatherproof materials, and provisions shall be made for electric grounding of all metallic parts.
5. Illuminated signs shall be subject to the following restrictions:
a. All illumination shall be oriented so as to prevent undue glare onto adjacent streets or residential properties.
b. All electrical illumination devices shall be designed to be weather-resistant and shatterproof.
c. All illuminated signs within residential districts, including ""A-1"" Agricultural Districts, shall be extinguished at the time of business closing or
11:00 P.M., whichever is later, provided that this shall not prohibit continuous illumination of permitted flags, subdivision signs and subdivision map signs.
6. No sign shall be erected or maintained so that, by its position, shape, wording, device or color, it might interfere with, obstruct the view of, or be confused with, any authorized traffic sign, signal or device.
7. No sign regulated by this
Chapter shall make use of the words ""stop,"" ""look,"" ""yield,"" ""danger"" or any other word, phrase, symbol or character in such a manner as to interfere with, mislead or confuse traffic.
8. Any sign structure which advertises a business no longer conducted or a product no longer sold on the premises or lot shall be removed by the owner, agent or person having beneficial use of the premises or lot upon which the sign is erected within thirty
(30) days after the business or product is no longer present.
9. All signs on a single parcel or lot or in a planned business center shall be of generally uniform appearance as approved by the Code Enforcement Officer or other designated official."
5,Article V Sign Regulations,Section 400.560 Sign Permits Required; Exceptions.,sub-sec-5.9,https://ecode360.com/28026085,https://zoneomics.com/code/8525/chapter_5#5.9,False,0,"[R.O.
2011
§ 400.560; Ord.
No.
1161
§ 1, 11-18-2013]
A. The following signs shall not require the issuance of a sign permit, provided that such signs fully comply with the definitions and specifications of this
Chapter and are not illuminated:
1. Church bulletin boards;
2. Construction signs;
3. Institutional or governmental signs;
4. Memorial signs or tablet signs;
5. Political signs;
6. Real estate signs;
7. Special displays;
8. ""No trespassing,"" ""private road"" or ""private property"" signs;
9. Permitted flags in residential districts and permitted flags on approved flagpoles in commercial districts;
10. Occupational or identification signs in commercial districts;
11. Hanging signs in commercial districts; and
12. Temporary window signs."
5,Article V Sign Regulations,Section 400.570 Application For Sign Permit.,sub-sec-5.10,https://ecode360.com/28026086,https://zoneomics.com/code/8525/chapter_5#5.10,False,0,"[R.O.
2011
§ 400.570; Ord.
No.
1161
§ 1, 11-18-2013]
A. An application for a permit for any sign not included in this
Section shall be made upon forms provided by the Code Enforcement Officer or other designated official.
B. Nothing in this
Chapter shall exempt signs from meeting the requirements of the City Electrical and Building Codes.
[1] See Ch.
500, Building and Codes, Permits and Administration.
C. The Code Enforcement Officer or other designated official shall, within fifteen
(15) days, review a permit application and either approve it, reject it or approve it with conditions and return the same to the applicant or make it otherwise available to the applicant.
D. If the work authorized under a sign erection permit has not been completed within six
(6) months after the date of approval, it shall become null and void.
E. The sign erector shall notify the Code Enforcement Officer or other designated official within fourteen
(14) days of the sign erection.
The Code Enforcement Officer or other designated official shall, within fourteen
(14) additional days, take, develop, date and file appropriate colored pictures of the permitted sign.
Such file shall be open for public inspection during normal business hours thereafter."
5,Article V Sign Regulations,Section 400.580 Enforcement.,sub-sec-5.11,https://ecode360.com/28026099,https://zoneomics.com/code/8525/chapter_5#5.11,False,0,"[R.O.
2011
§ 400.580; Ord.
No.
1161
§ 1, 11-18-2013]
A. Written Notice To Be Given Of Violations.
If it is found that a sign is in violation of this Chapter, the Code Enforcement Officer or other designated official shall give written notice through registered mail to the owner of the sign or, if the sign owner cannot be located, by posting on the premises and/or by notice to the owner of the property on which the sign is located or, if the sign erection is not complete, to the sign erector, stating:
1. The violations found;
2. That the conditions must be brought into compliance with this
Chapter within thirty
(30) days, or written proof must be presented within thirty
(30) days that work has been contracted to correct violations by not later than sixty
(60) days from the date of the notice.
Exception:
Temporary signs, portable signs and banner signs must be brought into compliance within seven
(7) days from the date of the notice;
3. The specific standards that must be met; and
4. That failure to comply or to make good faith efforts to comply with the terms of this notice shall constitute grounds for the Code Enforcement Officer or other designated official to order removal of the sign at the expense of the sign owner or owner of the premises, as provided by this Chapter.
B. Removal Of Signs By Code Enforcement Officer Or Other Designated Official.
The Code Enforcement Officer or other designated official may remove a sign if:
1. The violations set out in a written notice have not been corrected within sixty
(60) days after mailing of the notice.
Exception:
Temporary signs, portable signs and banner signs may be removed by the City if the violations have not been corrected within the limits established by the written notice of violation.
2. The sign owner, premises owner or sign erector is not able to prove to the Code Enforcement Officer or other designated official's satisfaction good faith efforts to bring the sign into compliance.
C. Costs To Sign Owners, Premises Owner, Or Sign Erector.
The cost of sign repair or removal shall be charged:
1. To the sign owner;
2. If the sign owner cannot be located by the Code Enforcement Officer or other designated official within thirty
(30) days, to the premises owner; or
3. If the sign erection was not complete at the time the notice of violation was given, to the sign erector.
D. Expenses Incurred To Be Assessed As Lien On Property.
In the event of failure by any party to reimburse the City within sixty
(60) days for costs incurred for repair or removal ordered, the Board of Aldermen shall certify the charges for repair or removal to the City Clerk as a special assessment represented by a special tax bill against the real property on which the sign has been erected.
The tax bill shall be a lien upon the property and shall be enforced to the same extent and in the same manner as all other special tax bills.
The assessment shall bear interest at the rate of eight percent (8%) per annum until paid.
E. Non-Issuance Of Permits To Persons Owing Costs Of Sign Repair Or Removal.
The Code Enforcement Officer or other designated official shall not issue any further sign permits to persons refusing to pay costs assessed under Subsections (B) and (C) hereof, nor to agents or representatives of such persons nor to any person who owes personal or real property taxes to the City of Owensville."
5,Article V Sign Regulations,Section 400.590 Appeals And Variances.,sub-sec-5.12,https://ecode360.com/28026101,https://zoneomics.com/code/8525/chapter_5#5.12,False,0,"[R.O.
2011
§ 400.590; Ord.
No.
1161
§ 1, 11-18-2013]
A. The Board of Adjustment is authorized to review or modify the Code Enforcement Officer or other designated official's order or determination with respect to signs covered by this Chapter, and to that end shall, during appeal, have all the Code Enforcement Officer or other designated official's powers.
In addition, the Board may grant variances from this
Chapter as provided by this Zoning Code.
1. Guidelines For Overturning Or Modifying Code Enforcement Officer Or Other Designated Official's Decision.
The Board of Adjustment shall, in considering appeals from the Code Enforcement Officer or other designated official's order or determination, establish that the sign or application in question complies with all the requirements of this Chapter.
If it is determined that the Code Enforcement Officer or other designated official's application for this
Chapter to the appellant's sign or request for a permit is erroneous, then the Board of Adjustment may overturn or modify the Code Enforcement Officer or other designated official's decision.
2. Grounds For Granting Variance.
The Board of Adjustment may grant variances from this
Chapter where it is found that, because of the limitations on character, size or dimensions of a sign, or because of the regulations controlling the erection or installation of a sign, the permittee would be subject to undue hardship.
The Board of Adjustment's decision on an appeal shall be incorporated on the sign permit by reference to the decision number and date of decision.
3. Procedure For Requesting Appeals And Variances.
An application for an appeal or variance shall be accompanied by a fee and deposit as set forth in
Article VIII,
Section 400.670.
4. Supporting Regulations.
Insofar as they are applicable and consistent, the provisions of
Article VII,
Section 400.620, Board of Adjustment, shall be applicable to appeals taken to the Board of Adjustment for variances from or interpretations of this Chapter."
6,Article VI Zoning Performance Standards,Section 400.600 Standards.,sub-sec-6.1,https://ecode360.com/28026102,https://zoneomics.com/code/8525/chapter_6#6.1,False,0,"[R.O.
2011
§ 400.600; Ord.
No.
1161
§ 1, 11-18-2013]
A. In General.
This
Section contains the zoning performance standards for Owensville.
These standards shall apply to all land uses and developments in the ""C"" Commercial and ""I"" Industrial Zoning Districts, and all land uses requiring a conditional use permit within any residential district.
B. Performance Standards.
1. Vibration.
Every use shall be so operated that the maximum ground vibration generated is not perceptible without instruments at any point on the lot line of the lot on which the use is located.
2. Noise.
Every use shall be so operated that the maximum volume of sound or noise generated does not exceed fifty-five
(55) decibels at any point on the lot line of the lot on which the use is located.
Outdoor loudspeakers and audible communication systems are not permitted within one thousand (1,000) feet of a residential district.
3. Odor.
Every use shall be so operated that no offensive or objectionable odor is perceptible at any point on the lot line of the lot on which the use is located.
4. Smoke.
Every use shall be so operated that no smoke from any source shall be emitted of a greater density than the density described as No.
1 on the Ringelmann Chart as published by the United States Bureau of Mines.
5. Toxic Gases.
Every use shall be so operated that there is no emission of toxic, noxious or corrosive fumes or gases.
6. Emission Of Dirt, Dust, Fly Ash And Other Forms Of Particulate Matter.
Emission of dirt, dust, fly ash and other forms of particulate matter shall not exceed eighty-five hundredths (0.85) pounds per one thousand (1,000) pounds of gases of which amount not to exceed five-tenths (0.5) pounds per one thousand (1,000) pounds of gases shall be of such size as to be retained on a 325-mesh U.S. Standard Sieve.
In the case of emission of fly ash or dust from a stationary furnace or combustion device, these standards shall apply to a condition of fifty percent (50%) excess air on the stack at full load, which standards shall be varied in proportion to the deviation of the percentage of excess air from fifty percent (50%).
7. Radiation.
Every amount of radioactive emissions must be restricted to that considered safe by the Federal Radiation Council Standards.
8. Glare And Heat.
Any operation producing intense glare or heat shall be performed in an enclosure in such a manner so as to be imperceptible along any lot line without instruments.
9. Lighting.
Illumination levels shall be measured with a photoelectric photometer having a spectral response similar to that of the human eye, following the standard spectral luminous efficiency curve adopted by the International Commission on Illumination.
All lighting shall comply with the following standards:
a. All illumination structures, except for approved street lights, shall be so arranged to prevent direct light from being cast upon any adjacent property or public right-of-way and to prevent glare or other objectionable problems to surrounding areas.
b. No light fixture shall have any blinking, flashing, or fluttering lights or other illuminating device which has a changing light intensity, brightness, or color, nor shall any beacon or spotlights be permitted.
c. Neither the direct nor reflected light from any light fixture shall create a disabling glare causing traffic hazards to motor vehicle operators on public thoroughfares.
d. Any non-residential off-street parking or loading area in use at night shall contain a system of lighting to provide an adequate standard of at least one
(1) footcandle of illumination over the area of the parking area to be used.
e. All lighting shall be arranged to deflect, shade, and focus light away from adjacent properties, including public rights-of-ways.
Lighting shall be designed so as not to create more than one
(1) footcandle of illumination at any residentially zoned property boundary, or more than five
(5) footcandles at any commercially zoned property boundary.
f. Display lot lighting shall be turned off within thirty
(30) minutes after closing of the business.
Full illumination of the display lot shall not be permitted after
11:00 P.M. Only non-residential security lighting shall be used after
11:00 P.M.
g. Light fixtures used to illuminate objects mounted on a pole, platform, or pedestal shall not use a spotlight that will extend beyond the illuminated object.
Uplighting of these structures shall cease after
11:00 P.M., except for uplighting of the American flag, or unless otherwise regulated.
h. All other outdoor light fixtures lawfully installed prior to and operable on the effective date of this
Chapter are exempt from these requirements unless:
(1) Existing outdoor lighting fixtures are replaced, removed, or reinstalled; or
(2) Existing outdoor lighting systems are judged to be intolerable due to excessive, objectionable light emission as assessed by the Administrative Official; or if the emissions cause unsafe or hazardous conditions.
Upon written notice by the Administrator, the owner of such lighting system will have thirty
(30) days to comply with the provisions as set forth in this Section.
A thirty-day extension may be granted by the Administrative Official.
(3) The Administrative Official may require a special inspection to ascertain compliance with this Section.
C. Any addition, modification, or change in any regulations, Code ordinance, or other standard referred to in these zoning performance standards shall become a part of these regulations."
7,Article VII Board And Committees,Section 400.610 Planning And Zoning Commission.,sub-sec-7.1,https://ecode360.com/28026108,https://zoneomics.com/code/8525/chapter_7#7.1,False,0,"[R.O.
2011
§ 400.610; Ord.
No.
1161
§ 1, 11-18-2013]
A. Appointment, Vacancies, And Organization.
A Planning and Zoning Commission of the City of Owensville is hereby established.
The Commission shall consist of seven
(7) members, including the Mayor if the Mayor chooses to be a member, a member of the Board of Aldermen selected by the Board if the Board chooses to have a member serve on the Commission, and five
(5) citizens appointed by the Mayor and approved by the Board.
In the event that the Mayor and the Aldermen choose not to serve, additional citizen members shall be appointed in their place.
B. Citizen Members.
1. Members shall serve without compensation and shall serve for a term of four
(4) years; provided, however, that the first Board appointed upon passage of this
Section shall be appointed as follows:
a. Two
(2) for a term of four
(4) years;
b. One
(1) for a term of three
(3) years; c. One
(1) for a term of two
(2) years; and d. One
(1) for a term of one
(1) year.
2. Vacancies shall be filled for the unexpired term of a member by appointments as provided in Subsection (A).
The Board of Aldermen may remove any citizen member for cause stated in writing and after public hearing.
C. The Commission shall elect its Chairman and Secretary from among its citizen members.
The term of Chairman and Secretary shall be for one
(1) year with eligibility for reelection.
D. The Commission shall adopt from time to time such rules and regulations as it deems necessary to carry into effect the provisions of this Section.
E. Powers And Duties.
The Commission shall have all the powers and duties granted to it as provided for in
Chapter 89, RSMo., or as amended."
7,Article VII Board And Committees,Section 400.620 Board Of Adjustment.,sub-sec-7.2,https://ecode360.com/28026113,https://zoneomics.com/code/8525/chapter_7#7.2,True,1,"[R.O.
2011
§ 400.620; Ord.
No.
1161
§ 1, 11-18-2013; Ord.
No.
1487, 9-22-2025; Ord.
No.
1492, 11-3-2025]
A. Appointment, Vacancies, And Organization.
1. A Board of Adjustment is hereby established.
The Board shall consist of five
(5) members who shall be residents appointed by the Mayor and approved by the Board of Aldermen and shall serve for a term of five
(5) years.
Three
(3) alternates may also be appointed to serve in the absence of, or the disqualification of, the regular members.
The term of alternates shall be the same as that of regular Board members.
Vacancies shall be filled for the unexpired term of any member or alternate whose term becomes vacant.
2. Chairman.
The Board shall elect its own Chairman who shall serve for one
(1) year.
3. Rules And Regulations.
The Board shall adopt from time to time such rules and regulations as it deems necessary to carry into effect the provisions of this Chapter.
4. Meetings.
Meetings of the Board shall be held at the call of the Chairman and at such other times as the Board may determine.
Prior to any Board hearing, at least fifteen
(15) days' public notice shall be given in a newspaper of general circulation in the City.
The Chairman may administer oaths and compel the attendance of witnesses.
All meetings of the Board shall be open to the public.
The Board shall keep minutes of its proceedings showing the vote of each member upon each question or, if absent or failing to vote, indicating such fact.
The Board shall keep records of its examinations and other official actions, all of which shall be immediately filed in the office of the City Clerk and shall be public record.
All testimony, objections thereto, and rulings thereon may be taken down by a reporter employed by the Board for that purpose.
5. Powers And Limitations Of Board; Hearings, Notice.
On those matters referred to under Subsection (C)(2) and
(3) hereafter, the Board shall provide for the manner in which such regulations and restrictions and the boundaries of such districts shall be determined, established, and enforced, and from time to time amended, supplemented, or changed.
However, no such regulation, restriction, or boundary shall become effective until after a public hearing in relation thereto, at which parties in interest and citizens shall have an opportunity to be heard.
At least fifteen
(15) days' notice of the time and place of such hearing shall be published in an official paper or a paper of general circulation in the City.
B. Appeals.
1. Appeals to the Board may be taken by any person aggrieved, any neighborhood organization as defined in
Section 32.105, RSMo., representing such person, or by any officer, department, board, or bureau of the City of Owensville affected by any decision of the Administrative Official.
Such appeal shall be taken within thirty
(30) days by filing with the Administrative Official and with the Board a notice of appeal specifying the grounds thereof.
A fee of five hundred dollars ($500.00) shall be paid to the City Clerk of the City of Owensville at the time the appeal is filed.
This fee shall cover all administrative costs as well as the out-of-pocket expenses incurred by the City including mailing, publication, and the presence of a court reporter.
2. The Administrative Official shall forthwith transmit to the Board all the papers constituting the record upon which the action appealed is taken.
3. An appeal stays all proceedings in furtherance of the action appealed from, unless the Administrative Official certifies to the Board, after the notice of appeal shall have been filed with him/her, that by reason of facts stated in the certificate, a stay would, in his/her opinion, cause imminent peril to life or property.
In such cases, proceedings shall not be stayed unless by a restraining order which may be granted by the Board or by a court of record on application or notice to the Administrative Official and on due cause shown.
4. The Board shall fix a reasonable time for the hearing of the appeal, give public notice thereon, as well as due notice to the parties in interest, and decide the same within a reasonable time.
During the hearing, any party may appear in person, by agent or by attorney and shall have an opportunity to present evidence and be heard on the matter.
C. Jurisdiction Of The Board.
The Board of Adjustment shall have the following duties and powers:
1. To hear and decide appeals where it is alleged there is error in any order, requirement, decision, or determination made by the Administrative Official in the enforcement of this Chapter.
2. To hear and decide all matters referred to it or upon which it is required to pass under the provision of this
Section or under State law.
3. To permit the extension of a district where the boundary line of a district divides a lot in a single ownership at the time of the passage of this Chapter.
4. To interpret the provisions of this
Chapter in such a way as to carry out the intent and purpose of said document.
D. Filing And Submission Requirements For Variance.
An application for variance shall be filed with the Administrative Official who, after determining that the application contains all the information required and that the fee of five hundred dollars ($500.00) has been paid, shall forward the application to the Board of Adjustment.
The application shall contain the following information as well as such additional information as the Board of Adjustment may prescribe by regulation filed with the City Clerk:
1. The particular requirements of this
Chapter which prevent the proposed use or construction;
2. The characteristics of the subject property which prevent compliance with the requirements of this Chapter;
3. The particular hardship which would result if the particular requirements of this
Chapter were strictly applied to the subject property; and
4. The reduction of the minimum requirements of this"
7,Article VII Board And Committees,Section 400.620 Board Of Adjustment.,sub-sec-7.2,https://ecode360.com/28026113,https://zoneomics.com/code/8525/chapter_7#7.2,True,2,"Chapter which would be necessary to permit the proposed use of construction.
E. Standards For Variance.
The Board of Adjustment shall not grant a variance unless it shall, in each case, make specific written findings of fact directly based on the particular evidence presented to it that support the following conclusions:
1. The variance requested arises from a condition which is unique to the property in question and which is not ordinarily found in the same zoning district and is not created by an action or actions of the property owner or the applicant;
2. The granting of a variance will not adversely affect the right of adjacent property owners or residents;
3. The strict application of the provisions of this
Chapter from which a variance is requested will constitute unnecessary hardship upon the property owner represented in the application;
4. Granting the variance will not adversely affect the public health, safety, order, convenience or general welfare of the community;
5. Granting the variance desired will not violate the general spirit and intent of this Chapter; and
6. The existence of any present non-conformity anywhere in the City shall not itself be considered grounds for the issuance of a variance for other property.
F. Review Consideration Standard.
In considering all appeals and all proposed variations to this Chapter, the Board shall, before making any finding in a specific case, first determine that the proposed variation will not constitute any change in the Zoning Map, unless herein provided by this Section, and will not impair an adequate supply of light and air to adjacent property; or unreasonably increase the congestion in public streets; or increase the public danger of fire and safety; or diminish or impair established property values within the surrounding area; or in any other respect impair the public health, safety, comfort, morals, and welfare of the City.
However, no variance shall be authorized unless the Board of Adjustment determines, after public hearing notice and hearing pursuant to
Section 400.660, that the requirements set forth in this
Chapter have been satisfied.
G. Board May Reverse, Affirm Or Modify An Order, Requirement, Decision Or Determination.
In exercising the above-mentioned powers, the Board may, in conformity with the provisions of the law, reverse or affirm wholly or partly; or may modify the order, requirement, decision, or determination appealed from; and may make such order, requirement, decision, or determination as should be made; and to that end shall have all the powers of the Administrative Official.
H. Votes Necessary To Reverse Order, Requirement, Decision, Or Determination.
1. The concurring vote of four
(4) members of the Board shall be necessary to reverse any order, requirement, decision, or determination of the Administrative Official; to decide in favor of the applicant on any matter upon which it is required to pass under this Chapter; or to effect any variation in the application of this Chapter.
2. Any variation granted or denied by the Board shall not be effective until after a written finding of the fact specifying the reason for granting or denying such variation are adopted by the Board and filed with the City Clerk.
I. Appeal To Circuit Court.
1. Any person or persons jointly or severally aggrieved by any decision of the Board of Adjustment, any neighborhood organization as defined in
Section 32.105, RSMo., representing such person or persons or any officer, department, board or bureau of the municipality may present to the 20th Judicial Circuit Court a petition duly verified.
Said petition shall set forth that such decision is illegal, in whole or in part, and specify the grounds of its illegality.
Such petition shall be presented to the Court within thirty
(30) days after the filing of the decision with the City Clerk.
2. Upon presentation of such petition, the Court may allow a writ of certiorari directed to the Board to review such decision of the Board and shall prescribe therein the time within which a return thereto must be made and served upon the relator's attorney.
This time shall not be less than ten
(10) days and may be extended by the Court.
The allowance of the writ shall not stay proceedings upon the decision appealed from, but the Court may, on application, on notice to the Board, and on due cause shown, grant a restraining order.
3. The Board shall not be required to return the original papers acted upon by it, but it shall be sufficient to return certified or sworn copies thereof or of such portions thereof as may be called for by such writ.
The return shall concisely set forth such other facts as may be pertinent and material to show the grounds of the decision appealed from and shall be verified.
4. If, upon the hearing, it shall appear to the Court that testimony is necessary for the proper disposition of the matter, it may take evidence or appoint a referee to take such evidence as it may direct and report the same to the Court with his/her findings of fact and conclusions of law.
These facts and conclusions shall constitute a part of the proceedings upon which the determination of the Court shall be made.
The Court may reverse or affirm, wholly or partly, or may modify the decision brought up for review.
5. Costs shall not be allowed against the Board unless it shall appear to the Court that it acted with gross negligence, in bad faith, or with malice in making the decision appealed from.
J. A variance granted by the Board of Adjustment shall expire and be of no effect one
(1) year after the date of approval unless and until all appropriate fees have been paid and the City shall have issued a building permit for the improvements authorized by said approved variance.Expiration of the variance shall require the owner/applicant to construct improvements in compliance with Code requirements or file a new application for variance which shall be considered in the same manner as any other application for variance."
8,Article VIII Administration,Section 400.630 Development Review.,sub-sec-8.1,https://ecode360.com/28026131,https://zoneomics.com/code/8525/chapter_8#8.1,True,1,"[R.O.
2011
§ 400.630; Ord.
No.
1161
§ 1, 11-18-2013]
A. Administrative Approval For Single-Family Uses.
When a single-family detached residential dwelling and/or an accessory building to a single-family dwelling is to be constructed, converted, reconstructed, or structurally altered within a subdivision previously approved by the Board of Aldermen or upon a lot of record, no building permit shall be issued for the development without the approval of the Administrative Official as to the conformance of said modification to all pertinent Sections of this Chapter.
Approval of the Planning and Zoning Commission is not required for these uses.
B. Multifamily And Non-Residential Construction.
The construction of a new commercial or multifamily building shall require review and approval by the Planning and Zoning Commission for the adequacy of the internal on-site and external street circulation system, the design of the proposed landscaping and parking areas, and conformance with this Chapter.
C. Development Plan.
A development plan shall be required for all new multifamily and non-residential structures or major renovation of a multifamily or non-residential structure, as determined by the Administrative Official.
The owner or owner's representative shall submit three
(3) copies of the development plan reflecting the nature of the proposed development or redevelopment to the Administrative Official for Planning and Zoning Commission review and approval for permitted uses.
Development involving a conditional use permit (Section 400.640) or rezoning (Section 400.650) shall be reviewed and approved pursuant to the applicable review procedures and requirements.
In order to assure the fullest practicable presentation of facts for analysis and for the permanent record, the Planning and Zoning Commission may prescribe additional data and information from the applicant.
Required information shall include, but need not be limited to:
1. A site plan showing existing and proposed uses and structures, including setbacks, easements and zoning of the site and adjacent parcels.
2. Existing and proposed contours at intervals of two
(2) feet or less referred to sea level datum.
3. Location of all isolated trees having a diameter of six
(6) inches or more and all tree masses.
4. Proposed ingress and egress to the site, including on-site parking areas, stalls, loading areas and adjacent streets.
5. Bicycle and pedestrian access to the site from public sidewalks or streets.
6. Proposed landscaping, including type and size of planting and fencing.
7. Two
(2) section profiles through the site showing preliminary building form and mass.
8. Any additional information as determined by the Administrative Official.
D. Final Development Plan.
No building shall hereafter be constructed, reconstructed or altered nor shall any such work be started until a final development plan for the project has been approved in accordance with this
Chapter and a building permit for the work has been issued.
Notwithstanding this requirement, the Administrative Official has discretion to allow, without requiring any final development plan, construction, reconstruction or alterations of any single, detached residential structure consisting of no more than four
(4) dwelling units, so long as such proposed construction is otherwise in compliance with all applicable laws, ordinances, rules and regulations.
E. Administrative Official/Commission Review; When.
The Administrative Official shall conduct the final development plan review if the proposed improvements shown on the final development plan do not involve any resubdivision, rezoning, conditional use or variance in order to complete the proposed improvements in accordance with this Chapter.
In all other instances, the Administrative Official shall first determine that application and submission requirements are satisfied and, if so, then forward the application to the Commission for its review."
8,Article VIII Administration,Section 400.630 Development Review.,sub-sec-8.1,https://ecode360.com/28026131,https://zoneomics.com/code/8525/chapter_8#8.1,True,2,"1. After review and approval of the final development plan by the Planning and Zoning Commission, a copy of the final development plan shall be recorded by the developer with the office of the Gasconade County Recorder of Deeds.
The plan shall be accompanied by the conditions and restrictions of the ordinance authorizing the development.
2. If substantial construction or development authorized by the conditional use permit or planned development permit does not begin within the period of time specified in the conditions of the ordinance authorizing the development, the Board of Aldermen may, on its own motion or on a recommendation of the Planning and Zoning Commission, rezone the property or any portion thereof to the zoning district classification that prevailed prior to the approval; rescind approval of the subdivision, recommend to the Board of Adjustment that the variance be revoked or, if applicable, void the conditional use permit authorizing the development; or all, if applicable.
A public hearing is not required for this rezoning and/or voiding; however, the owner shall be notified by the Board of Aldermen of the proposed rezoning and/or voiding prior to the introduction of any bill for said rezoning and/or voiding.
3. After the recording of a final development plan, changes not inconsistent with the purpose or intent of this
Chapter may be approved by the Planning and Zoning Commission.
Changes affecting the purpose, intent, or concept of this Chapter, or the final development plan, shall require a new application to be filed with the Board of Aldermen.
4. In the event of an abandonment of a use authorized pursuant to a conditional use or planned development permit, such permit shall expire and be of no further force and effect.
Upon such expiration, no such use may be resumed without the filing of a new application therefor with the Board of Aldermen.
The term ""abandonment"" shall be deemed to have the same meaning set forth in this Chapter.
F. Subsequent Application.
Upon the granting or denial by the Board of Aldermen of an application for a conditional use permit, planned development overlay, and/or a zoning change, no subsequent application requesting a conditional use permit, planned development permit, and/or a rezoning, with reference to the same property or part thereof, shall be filed by any applicant, whether the same person, firm, or corporation, until expiration of twelve
(12) months after the final denial or grant.
Unless otherwise stated at the time of approval of an ordinance authorizing a development, substantial work or construction must be commenced within one
(1) year or the approval shall automatically be void.
G. Building Permit.
Upon approval of the submitted or revised development plan by the Planning and Zoning Commission, application for building permits and certificates of occupancy may take place at the office of the Administrative Official.
H. Improvements.
No building, facilities, establishments, or service concerns may occupy or use any portion of the subject tract until the required improvements are constructed or a performance bond and/or escrow is posted covering construction of improvements as determined by the Planning and Zoning Commission.
If the development is to occur in sections, all improvements necessary to the proper operation and functioning of the section, even though same may be located outside the section, must be constructed and installed or a performance bond and/or escrow agreement posted covering the estimated cost of improvements as determined by the Planning and Zoning Commission.
I. Joint Ownership.
Where thisChapter permits or requires an act on the part of an owner or landowner, and a particular lot or tract of land is owned by several persons, whether in joint tenancy, tenancy in common, partnership, joint venture or other form of joint ownership, the act shall be taken on behalf of, and with the express written consent of, all such persons, which written consent shall be provided to the City."
8,Article VIII Administration,Section 400.640 Conditional Use Permits.,sub-sec-8.2,https://ecode360.com/28026136,https://zoneomics.com/code/8525/chapter_8#8.2,True,1,"[R.O.
2011
§ 400.640; Ord.
No.
1161
§ 1, 11-18-2013; Ord.
No.
1487, 9-22-2025; Ord.
No.
1494, 11-3-2025]
A. Intent And Purpose.
It is hereby declared that certain land uses and developments present unique problems with respect to their proper location and relationships to other land uses.
Therefore, analysis and judgment of the consequences of each development and use is necessary to preserve and promote the public health, safety, and general welfare.
The purpose of conditional use permits is to provide the City with a procedure for determining the appropriateness of such uses.
The appropriateness of the use shall be determined in consideration of surrounding uses, activities and conditions of the site and of the surrounding area.
Based upon this determination, the City may decide to permit, reject or conditionally permit the use for which the conditional use is sought.
B. Authorization.
The Board of Aldermen is hereby authorized to decide whether conditional use permits shall be granted subject to the standards contained herein; to grant conditional use permits with such conditions or restrictions as are appropriate to protect the public interest and to secure compliance with these regulations; and to deny requests which fail to satisfy the standards and requirements contained herein and which are not in harmony with the purposes and interest of these regulations and the health, safety, and welfare of the community.
The Board of Aldermen shall decide whether conditional use permits shall be granted only after having received a recommendation from the Planning and Zoning Commission.
C. Application.
Applications and preliminary development plans for conditional use permits shall be submitted to the Administrative Official for Planning and Zoning Commission review and Board of Aldermen review and approval.
In order to assure the fullest practicable presentation of facts for analysis and for permanent record, the Board of Aldermen may prescribe additional data and information from the applicant.
Required information shall be provided in triplicate and shall include, but need not be limited to, the following:
1. A site plan showing proposed uses and structures.
2. Existing and proposed contours at intervals of two
(2) feet or less referred to sea level datum.
3. Location of all isolated trees having a diameter of six
(6) inches or more and all tree masses.
4. Proposed ingress and egress to the site, including on-site parking areas and adjacent streets.
5. Proposed landscaping, including type and size of planting and fencing.
6. Two
(2) section profiles through the site showing the preliminary building form and mass.
7. Each application shall be verified by at least one
(1) of the owners or authorized representatives of the owners of the subject property attesting to the truth and correctness of all facts and information presented with the application.
D. Review And Recommendation By Planning And Zoning Commission.
Upon receipt of a complete application for conditional use permit and all accompanying material, the Administrative Official shall schedule the matter for consideration by the Planning and Zoning Commission at the Commission's next available meeting.
The Planning and Zoning Commission shall submit a recommendation to the Board of Aldermen and may include recommended conditions to be a part of the conditional use permit.
E. Standards For Conditional Use Approval; Board Action.
Upon receipt of the Planning and Zoning Commission's recommendations, the Board of Aldermen shall schedule a public hearing pursuant to
Section 400.660. At the hearing, the Board shall hear and consider evidence relating to the standards set out below.
At the conclusion of the public hearing, the Board shall adopt findings of fact as part of its decision to grant, grant with conditions, or deny the permit.
The written findings of fact shall respond in the affirmative to the following standards and include a written description responding to each.
1. The establishment, maintenance, or operation of the conditional use will not be detrimental to or endanger public health, safety, or the general welfare of the community.
2. The conditional use will not be injurious to the use and enjoyment of other property in the immediate vicinity for the purposes already permitted, nor substantially diminish or impair property values within the neighborhood.
3. The establishment of the conditional use will not impede the normal and orderly development and improvement of surrounding property for uses permitted in the district.
4. Adequate utilities, access roads, drainage, and/or other necessary facilities have been or are being provided.
5. Adequate measures have been or will be taken to provide ingress and egress so designed as to minimize traffic congestion in the public streets."
8,Article VIII Administration,Section 400.640 Conditional Use Permits.,sub-sec-8.2,https://ecode360.com/28026136,https://zoneomics.com/code/8525/chapter_8#8.2,True,2,"6. The conditional use conforms to the applicable regulations of this Chapter, the Comprehensive Plan and other applicable City regulations, except as such regulations may in each instance be modified by the Board of Aldermen, pursuant to the recommendation of the Planning and Zoning Commission.
7. The Planning and Zoning Commission and Board of Aldermen shall review and consider any and all formal written protests pertaining to the proposed conditional use, in accordance with aforementioned standards, and the protests shall be substantiated on a factual basis.
F. Conditions Of Approval And Restriction.
In approving a conditional use permit application, the Board of Aldermen may impose conditions and restrictions as necessary to assure that the standards of
Section 400.640(E) are complied with and the general intent of this Title is effectuated.
The Board of Aldermen in approving a conditional use permit may specify that any future enlargement or alteration in the use of the structure or site must be approved by the Board of Aldermen, upon receipt of the recommendation by the Planning and Zoning Commission, as an amendment to the conditional use permit before a building permit for the enlargement or alteration may be issued.
In addition, the Board of Aldermen may require a final development plan in conjunction with any application for or amendment of any conditional use permit.
Failure to comply with any of the Board of Aldermen's conditions or restrictions shall constitute a violation of this
Chapter punishable by revocation of the conditional use permit or as provided in
Section 400.690 of this Chapter.
G. Transferability And Expiration.
1. All conditional use permits shall be approved for the originating applicant for a specific location.
Should title to the property be transferred to a different owner, a renewal of the original conditional use permit shall be required prior to issuing a new business license, pursuant to the requirements herein.
Additionally, conditional use permits may not be transferred to any other location by the applicant.
2. A conditional use permit shall expire and be of no effect one
(1) year after the date of approval unless and until all appropriate fees have been paid and either:
a. The City shall have issued a building permit for the improvements authorized by said approved conditional use permit and construction has commenced pursuant to such building permit; or
b. The uses and operations allowed by such conditional use permit have commenced on the property.
Expiration of the conditional use permit shall require the owner/applicant to file a new application for a conditional use permit which shall be considered in accordance with this Chapter.
H. Revocation.
Revocation proceedings may be initiated by the Board of Aldermen in accordance with the following provisions:
1. Unless the conditional use permit holder and the landowner agree in writing that the permit may be revoked, the Board of Aldermen shall hold a public hearing to consider the revocation of the conditional use permit.
2. The City shall give the permit holder and the landowner notice of the scheduled revocation hearing at least fifteen
(15) days prior to the date scheduled for such hearing by certified mail, return receipt requested.
If such notice cannot be delivered or is not accepted, notice may be given by publishing a notice of hearing in a newspaper of general circulation in the City or by posting a notice of hearing on the property at least fifteen
(15) days prior to the date scheduled for the hearing.
3. The public hearing shall be conducted in accordance with rules and procedures established by the Board of Aldermen.
At the conclusion of the public hearing, the Board may render its decision or take the matter under advisement.
4. No conditional use permit shall be revoked unless a majority of the Board of Aldermen is satisfied by a preponderance of the evidence that grounds for revocation exist, such as a violation of a condition of the permit or violation of other City ordinance.
Any motion for the revocation of a conditional use permit shall clearly state the grounds for revocation.
I. The following land uses shall be allowed in all zoning districts as required by law upon compliance with the ordinances of the City of Owensville and the provisions of this Section:
1. Parabolic television antennas, also known as ""satellite earth stations"" or ""dish,"" more than twenty-four
(24) inches in diameter or installed higher than the highest point of the roof of any lawful structure located on the lot or lots occupied by the building served by such antenna.
If any parabolic television antennas are or will be observable from a public street, then shielding, as approved by the Board of Aldermen on a conditional use permit, shall be required.
Any shielding required shall conform to the architectural style of the building and shall be of permanent-type construction.The number of parabolic television antennas permitted under this provision is limited to one
(1) antenna per building and is applicable to all zoning districts within the City.
2. A new land use of residential or outpatient facilities for treatment of alcohol and other drug abuse."
8,Article VIII Administration,Section 400.650 Amendments To Zoning Regulations And Map.,sub-sec-8.3,https://ecode360.com/28026137,https://zoneomics.com/code/8525/chapter_8#8.3,True,1,"[R.O.
2011
§ 400.650; Ord.
No.
1161
§ 1, 11-18-2013; Ord.
No.
1494, 11-3-2025; Ord.
No.
1492, 11-3-2025]
A. When There May Be An Amendment.
The regulations, restrictions and boundaries contained in this
Chapter may from time to time be amended, supplemented, changed, modified or repealed by the Board of Aldermen either on its own motion or on written application therefor filed with the Administrative Official on behalf of the Board of Aldermen by the Mayor, any member of the Board, the Commission, the Administrative Official or by any governmental body or person with a financial, contractual or proprietary interest in the real estate which would be affected by the proposed amendment.
B. Application And Submission Requirements.
An application for either a text amendment or an amendment in the nature of a rezoning shall be submitted on a form containing such information and materials as may be required by the Administrative Official, the Commission or the Board of Aldermen.
The application shall be signed by the owner of the affected real estate or the authorized representative of such owner and shall contain the following initial information, in addition to that which the Administrative Official, the Planning and Zoning Commission or the Board of Aldermen may determine in each particular case is required:
1. Text Amendment.
If the text of this
Chapter is proposed to be amended, the application shall set forth the proposed new text to be added and existing text to be deleted.
2. Rezoning-Development Plan.
If the location of all or any part of the existing zoning districts are to be changed, then the application shall include the submission of three
(3) copies of a preliminary development plan as set forth in
Section 400.630(C), including legal description of the affected real estate sealed by a licensed land surveyor.
3. If the application is signed by a representative of the owner of the affected real estate, it shall be accompanied by a written, notarized statement of the real estate owner designating the representative to sign for the real estate owner.
4. The name, address and phone number of the applicant.
5. Applicant's interest in the property and, if the applicant is not the owner, the name, address and phone number of the owner(s).
6. Locator numbers of all property shown on the plat or survey.
7. Present and proposed zoning.
8. Signature(s) of applicant(s) and owner(s) certifying the accuracy of the required information.
C. Application Review Procedures.
1. Administrative Official.
The Administrative Official shall receive the application and associated development plan (if a rezoning request) on behalf of the Board of Aldermen and determine whether it complies with all initial submission requirements.
If the application does not comply with all initial submission requirements, the Administrative Official shall take no action with respect thereto, except that within a reasonable time after submission, return the application to the applicant with a written list of the deficiencies in the application.
If the application is determined by the Administrative Official to be in compliance with initial submission requirements, then the Administrative Official shall provide copies of the application to those officers and contractors in and with the City and Gasconade County from whom review and report are necessary in order for the Administrative Official to make his/her report to the Commission, including, but not limited to, the Fire Chief, Police Chief, the Building Commissioner and the Director of Public Works, the City Attorney and planning and zoning consultants or contractors."
8,Article VIII Administration,Section 400.650 Amendments To Zoning Regulations And Map.,sub-sec-8.3,https://ecode360.com/28026137,https://zoneomics.com/code/8525/chapter_8#8.3,True,2,"After obtaining the necessary reports, the Administrative Official shall prepare and transmit a report to the Commission containing his/her recommendations concerning the application and the reasons therefor in light of the terms of this Chapter, the Comprehensive Plan and prudent planning and zoning concerns.
2. Planning And Zoning Commission.
Upon receipt of the Administrative Official's report on the application, the Commission shall consider the matter and make its recommendation to the Board of Aldermen; the Planning and Zoning Commission is not required to hold a public hearing.
The Administrative Official shall forward copies of the application and all submittals incident thereto, the Administrative Official's report thereon and the Commission's recommendation (collectively ""application package"") to the Board of Aldermen.
3. Board Of Aldermen.
a. Upon receipt by the Board of Aldermen of the application package from the Administrative Official, the Board of Aldermen shall conduct a public hearing thereon.
Public notice shall be given no less than fifteen
(15) days prior to such hearing.
Notice shall be provided in accordance with State law and
Section 400.660 of this Chapter.
b. In the event that the owners of thirty percent (30%) or more of the areas of land (not including streets and alleys) included either in the proposed area of change or within an area determined by lines drawn parallel to and one hundred eighty-five (185) feet distant from the boundaries of the district proposed to be changed protest in writing, duly signed and acknowledged, to the proposed change, no such amendment shall become effective except upon the favorable vote of two-thirds (2/3) of all the members of the Board of Aldermen.
Otherwise, it shall take an affirmative vote of a majority of the Board of Aldermen to approve any proposed application (the same vote required to pass an ordinance).
D. Rezoning:
Final Development Plan Approval.
After approval of the application for rezoning and before any permit is issued by the City for any construction, reconstruction, alteration or other development of the subject property, the applicant shall comply with the requirements for development plan review as set forth in
Section 400.630.
E. Annexation.
All territory that may be annexed by the City after the effective date of this
Chapter shall be zoned as follows:
1. No Previous Zoning Ordinance In Effect.
If at the time of annexation the newly annexed land is not subject to a valid zoning ordinance duly imposed by a properly authorized governmental subdivision of the State, the City shall in due course and in accordance with law adopt zoning regulations for the annexed territory.
2. Preexisting Zoning Ordinances In Effect.
If at the time of annexation the newly annexed land is subject to a valid zoning ordinance duly imposed by a properly authorized governmental subdivision of the State, upon annexation such annexed land shall remain subject to the zoning regulations in effect prior to annexation until such time as the City shall adopt zoning regulations for the annexed territory.
F. Fee Schedule.
1. Prior to any action by the Board of Aldermen relative to any amendment, supplement, or modification to this
Chapter initiated by petition, the petitioner for said amendment, supplement, change, or modification of the boundaries or regulations of any district shall deposit with the City Clerk the sum of money in accordance with the following schedule:
| Fee Schedule | |
| --- | --- |
| Conditional Use | $200.00 |
| Site Plan Review and Processing | $100.00 |
| Variance or Appeal | $500.00 |
| Zoning Change/Annexation | $100.00 |2. No fee shall be required in the event the rezoning of property is initiated by the Board of Alderman, the Planning Commission or other City Official on behalf of the City."
8,Article VIII Administration,Section 400.660 Public Hearing And Notice.,sub-sec-8.4,https://ecode360.com/28026138,https://zoneomics.com/code/8525/chapter_8#8.4,False,0,"[R.O.
2011
§ 400.660; Ord.
No.
1161
§ 1, 11-18-2013; Ord.
No.
1494, 11-3-2025]
A. Notice And Hearings.
On all zoning matters where a public hearing is required by State law or ordinance, only one
(1) public hearing shall be required which shall be conducted before the Board of Aldermen.
Provided, however, the Planning and Zoning Commission shall hold a public hearing prior to adoption of the Comprehensive Plan or amendments thereto.
Where notice and public hearing, the following procedures herein shall govern:
1. Time Of Publication And Content.
Publication in a newspaper printed or published in the City of Owensville.
However, if no newspaper be printed or published in the City, then said notice shall be published in some daily, triweekly, semiweekly, or weekly newspaper of general circulation in the City.
Publication shall commence not more than thirty
(30) nor less than fifteen
(15) days before the hearing date.
Every affidavit to proof of publication shall state that said publication and the newspaper in which notice was published has met the requirements of the foregoing provisions and those of
Chapter 493, RSMo., governing legal publications, notice and advertisement.
Notice shall contain, in addition to the legal description of the parcel of land, the approximate street location, or address when possible; the name of the applicant; the present district classification; the zoning district classification sought, if applicable; and the proposed use of the tract.
2. Posting Notice.
In addition to publishing notice, the Administrative Official shall post notice, consisting of the same information as required in Subsection (A)(1), on the subject property or its immediate vicinity, as well as at the City Hall of the City of Owensville.
Notice shall be posted at least fifteen
(15) calendar days prior to the public hearing at points nearest to the rights-of-way of any street or roadway abutting such land so as to be clearly visible to the traveling public.
The notice, as posted, shall contain a caption in large letters stating the nature of the proposed action.
3. Notification Of Neighboring Landowners.
The applicant shall make a good faith effort to mail notice, consisting of the same information as required for publication in Subsection (A)(1), to all landowners of record within one hundred eighty-five (185) feet from each legal boundary of the subject property.
This notice shall be sent by certified mail at the applicant's expense.
The applicant shall provide to the Administrative Official no less than seven
(7) days prior to the public hearing receipts of the certified mailing.
The Administrative Official shall verify the accuracy of the receipts and compliance with this Chapter.
Failure to submit receipts on time shall automatically continue the hearing to the next hearing date.
The submission of said receipts shall serve as proof of the applicant's good faith effort to provide additional notice to the adjacent property owners.
In addition to the receipts, the applicant shall provide the Administrative Official with a map showing the subject property and any neighboring properties affected under this Subsection along with the locator numbers of each property shown.
All applicants shall be required to sign a form, attached to the application, that they have read and understand these notification requirements.
For any subsequent required public hearings, the applicant shall provide to the Administrative Official the notification letters properly sealed in an envelope, addressed to the property owners within one hundred eighty-five (185) feet and with the proper postage attached to be sent regular mail.
The Administrative Official shall then review the envelopes with the list of property owners to verify the that applicant has made a good faith attempt to notify said property owners.
4. Record Of Proceeding.
The Administrative Official shall provide for maintaining a record of the hearing and for taking statements, evidence and testimony.
5. Minimum Notice.
Failure to comply with any additional notice or posting requirements herein which are greater than required by State law shall not be a basis for invalidation of any approval or enactment."
8,Article VIII Administration,Section 400.670 Permits And Fees.,sub-sec-8.5,https://ecode360.com/28026139,https://zoneomics.com/code/8525/chapter_8#8.5,False,0,"[R.O.
2011
§ 400.670; Ord.
No.
1161
§ 1, 11-18-2013; Ord.
No.
1299, 8-5-2019; Ord.
No.
1492, 11-3-2025]
A. Building Permits.
1. No building shall hereafter be erected, constructed, or structurally altered, or remodeled, nor shall any work be started thereon, until a building permit therefor has been issued by the Administrative Official which shall state that the proposed building complies with all relevant provisions of this
Chapter and the Building Code.
[1] See Ch.
500, Building and Codes, Permits and Administration.
2. Applications for building permits for developments which require Planning and Zoning Commission or Board of Aldermen approval shall be accompanied by a copy of the approved drawing or plat, in duplicate, showing the lot plan, the location of the building on the lot, accurate dimensions of building and lot, a drawing showing a section through the proposed improvement which shows the type of construction and materials to be used, the total cost of the proposed improvements and such other information as may be necessary to provide for the enforcement of these regulations.
If the subject lot is not a lot of record, this plat shall be prepared after the lot has been staked by a licensed surveyor or engineer.
B. Grading Permits.
Applications for a grading permit shall be submitted to the Code Enforcement Officer with a fee of fifty dollars ($50.00) and shall be accompanied by a plan in form and size suitable for permanent filing, drawn to scale, and showing the areas to be graded, the depth of cut and fill, and an estimate of total cubic feet of cut and fill.
The plans shall be prepared and sealed by a registered engineer.
A record of the application and plans shall be kept in the office of the Code Enforcement Officer.
C. Occupancy Permits, General.
1. No vacant land shall be occupied or used, and no building hereafter erected, structurally altered, or vacated shall be occupied or used until a certificate of occupancy shall have been issued by the Administrative Official.
2. No occupancy permit shall be issued unless the building or proposed use of a building or land complies with all relevant development, construction and building laws, health laws, and City ordinances, and is in compliance with the provisions of this Chapter.
3. No occupancy permit shall be issued unless the current tenant and owner's address and contact information, including current phone number, is on file with the application.
4. All conditions relating to or limiting the use, status, or operation of the development after the issuance of a building permit shall be posted in a conspicuous public place on the premises for at least fifteen
(15) days prior to the issuance of an occupancy permit.
As long as a substantial part of the development remains in single ownership, or ownership of any part of the property is retained or held by the developer or by trustees with duties imposed by this
Chapter or by conditions imposed under authority hereof, such person or persons shall maintain such list of conditions in a conspicuous place, and failure to do so shall constitute a violation of this Chapter.
5. Certificate of occupancy for a building or land.
a. A certificate of occupancy for a new building, alteration of an existing building, or a vacated building may be applied for in writing to the Administrative Official coincident with an application for a building permit, should both coincide.
Said occupancy certificate shall be issued within five
(5) days after the successful inspection of such building or part thereof shall have been completed in conformity with the provisions of these regulations.
Occupancy inspections shall be completed by any individual authorized by the Board of Aldermen to complete such inspections.
b. Pending the issuance of a regular occupancy certificate, the Administrative Official may issue a temporary certificate of occupancy for a period not exceeding six
(6) months while the completion of alterations is occurring or during partial occupancy of a building pending its completion.
Such temporary certificate shall not be construed to alter in any way the respective rights, duties, or obligations of the owners or of the City relating to the use or occupancy of the premises or any other matter covered by this Chapter, and such temporary certificate shall not be issued except under such restrictions and provisions as will adequately insure the safety of the occupants.
c. No merchants nor operating license shall hereafter be granted to any applicant, nor shall any license hereafter be renewed until a certificate of occupancy has been granted the applicant of such license.
d. Certificate of occupancy for the use of vacant land or the change in the character of the use of land, as herein provided, shall be applied for to the Administrative Official before any such land shall be occupied or used.
Provided such use is in conformity with the provisions of this Chapter, a certificate of occupancy shall be issued within five
(5) days after the application has been made.
D. Fees.
1. Except as otherwise specifically provided, hereafter all such fees as required by this
Section shall be collected by the Administrative Official and deposited with the City Collector.
2. The fee schedule for residential occupancy inspections shall be as follows:
(a) twenty-five dollars ($25.00) for the first occupancy inspection; (b) no fee for a second occupancy inspection, if required, to correct any deficiencies identified during the first occupancy inspection within thirty
(30) days; and (c) fifty dollars ($50.00) for a third occupancy inspection, or any subsequent occupancy inspection, if required.
Upon the successful completion of an occupancy inspection, a permit for the use of the land or a building shall be issued at no additional cost.
3.
Subdivision Review Fees.
a. Preapplication Conference:
There shall be no fee for a preapplication conference.
b.
Subdivision Plat Filing/Review Fee: one hundred dollars ($100.00) per lot plus twenty-five dollars ($25.00) per lot or acre, whichever is greater.
c. Boundary Adjustment: one hundred dollars ($100.00).
4. Site Plans And Conditional Use Permits.
a. Site Plan Review Fee:
There shall be a fee of one hundred dollars ($100.00) for review and processing of an application for site plan approval.
b. Conditional Use Permit Fee:
There shall be a fee of two hundred dollars ($200.00) for review and processing of an application for a conditional use permit which shall be in addition to other applicable fees (such as site plan review fee).
E. Permit Records.
A record of all permits shall be kept on file in the office of the Administrative Assistant."
8,Article VIII Administration,Section 400.680 Enforcement.,sub-sec-8.6,https://ecode360.com/28026140,https://zoneomics.com/code/8525/chapter_8#8.6,False,0,"[R.O.
2011
§ 400.680; Ord.
No.
1161
§ 1, 11-18-2013]
A. It shall be the duty of the Administrative Official to enforce the provisions of this Chapter.
The Board of Aldermen may deputize one
(1) or more additional members of his/her staff, as well as members of other City departments who have a particular skill or competence to act for the Administrative Official.
The term ""Administrative Official"" as used elsewhere in this
Chapter shall be deemed to include such deputies.
B. The Administrative Official shall enforce the provisions of this
Chapter by authorizing the issuance of building permits and occupancy permits.
By means of field inspections and other activities delineated herein, he/she shall ensure conformance with this Chapter.
With the advice of the City Attorney, the Administrative Official shall take appropriate action to assure that all uses and developments within the City limits comply with this
Chapter and any ruling made pursuant thereto.
The Administrative Official is authorized to inspect or cause to be inspected any building or other structure or any land on which work is in progress and to order the stoppage of work being done in violation of this Chapter.
He/she shall inspect, or cause to be inspected, such premises after work is completed and shall not authorize the issuance of any occupancy permit until final inspection has been made.
C. The Administrative Official shall have the power to adopt such administrative regulations as he/she deems necessary to the carrying out of his/her enforcement responsibilities.
These regulations shall have general applicability to cases of similar character.
D. No building, structure, or part thereof shall hereafter be erected, constructed, or enlarged; nor shall any building, structure, or part thereof be hereafter occupied or used in any case of establishment of a new use, extension, or alteration of cause; or converted from one use to another use until the Administrative Official authorizes the issuance of a proper permit.
However, no permit shall be required for the raising of agricultural crops or orchards.
E. No building, structure, or part thereof shall be erected, constructed, reconstructed, or enlarged, nor shall such work be started without the issuance of a building permit authorized by the Administrative Official.
This permit shall state that the construction complies with the provisions of this Chapter.
F. Except as previously provided, no land shall be occupied or used and no building or structure hereafter erected shall be occupied or used, in whole or in part, for any purpose until an occupancy permit is issued.
Said permit shall state that the structure and use comply with the provisions of this Chapter.
The use of any land, building, structure, or part thereof, now or hereafter erected, shall not be changed until an occupancy permit is issued.
No occupancy permit shall be issued for a change in use unless such change is in conformity with the provisions of this Chapter.
G. The Planning and Zoning Commission or its authorized representatives and the Administrative Official or his/her authorized representatives are hereby empowered, in the performance of their functions, to enter upon any land in the City for the purpose of making inspections, examinations, and surveys or to place and maintain thereon monuments, markers, notices, signs, or placards required to effectuate the purpose and provisions of this Chapter.
All authorized representatives shall be required to present proper credentials upon demand when entering upon any land or structure.
H. The Administrative Official, or his/her deputies or inspectors may cause the cessation of any erection, construction, reconstruction, alteration, conversion, maintenance, or use in violation of the Zoning Ordinance by posting a stop-work or stop-use notice on the premises and by notice in writing to the owner of the property involved, or to his/her agents, or to the person doing the work in the case of a stop-work order, stating the nature of the violation.
I. The Administrative Official may refer any violation of this
Chapter to the City Attorney or Prosecuting Attorney for prosecution or other appropriate action when deemed necessary.
J. The Police Department shall aid the Administrative Official in enforcing this
Chapter by posting stop-work or stop-use notices when requested by the Administrative Official."
8,Article VIII Administration,Section 400.690 Violations And Penalties.,sub-sec-8.7,https://ecode360.com/28026141,https://zoneomics.com/code/8525/chapter_8#8.7,False,0,"[R.O.
2011
§ 400.690; Ord.
No.
1161
§ 1, 11-18-2013] The owner or general agent of a building or premises where a violation of any provision of said regulations has been committed or shall exist, or the lessee or tenant of an entire building or entire premises where such violation has been committed or shall exist, or the owner, general agent, lessee, or tenant of any part of the building or premises in which such violation has been committed or shall exist, or the general agent, architect, builder, contractor, or any other person who commits, takes part or assists in any such violation, or who maintains any building or premises in which any such violation shall exist shall be guilty of a municipal ordinance violation punishable as set forth in
Section 100.220(D) of this Code.
Any such person who, having been served with an order to remove any such violation, shall fail to comply with such order within ten
(10) days after such service or shall continue to violate any provision of the regulations made under authority of
Sections 89.010 to 89.140, RSMo., in the respect named in such order shall also be subject to a civil penalty of two hundred fifty dollars ($250.00)."
8,Article VIII Administration,Section 400.700 Action For Enforcement Of Chapter.,sub-sec-8.8,https://ecode360.com/28026148,https://zoneomics.com/code/8525/chapter_8#8.8,False,0,"[R.O.
2011
§ 400.700; Ord.
No.
1161
§ 1, 11-18-2013] In case any building or structure is erected, constructed, reconstructed, altered, converted or maintained, or any building, structure or land is used in violation of this Chapter, the Code Enforcement Officer, in addition to other remedies, may institute any appropriate action or proceedings to prevent such unlawful erection, construction, reconstruction, alteration, conversion, maintenance or use, to restrain, correct, or abate such violation, to prevent the occupancy of said building, structure, or land, or to prevent any illegal act, conduct, business, or use in or about such premises."
9,Article IX Telecommunications Regulations,Section 400.720 Purpose.,sub-sec-9.1,https://ecode360.com/28026155,https://zoneomics.com/code/8525/chapter_9#9.1,False,0,"[R.O.
2011
§ 400.720; Ord.
No.
1161
§ 1, 11-18-2013]
A. The general purpose of this
Article is to regulate the placement, construction and modification of telecommunications towers, support structures, and antennas in order to protect the health, safety and welfare of the public, while at the same time not unreasonably interfering with the development of the competitive wireless telecommunications marketplace.
Specifically, this
Article is intended to:
1. Provide for the appropriate location and development of telecommunications facilities and systems to serve the citizens and businesses;
2. Minimize adverse visual impacts of communications antennas and support structures through the careful design, siding, landscape screening and innovative camouflaging techniques;
3. Maximize the use of existing and new support structures so as to minimize the need to construct new or additional facilities;
4. Maximize the co-location of facilities on any new support structures;
5. Ensure that any new telecommunications tower or structure is located in an area compatible with the neighborhood or surrounding community to the extent possible;
6. Ensuring that regulation of telecommunications towers and structures does not have the effect of prohibiting the provision of personal wireless services, and does not unreasonably discriminate among functionally equivalent providers of such service.
B. The Legislative Findings.
1. On February 8, 1996, Congress enacted the Federal Telecommunications Act of 1996, P.L.
No.
104-104. The purpose of the Act included deregulation of the telecommunications industry and providing a more competitive environment for wired and wireless telecommunications services in the United States.
2. The Telecommunications Act of
1996 preserves the authority of the City to regulate the placement, construction, and modification of towers and antenna support structures and to protect the health, safety and welfare of the public.
3. The City has been granted the authority to enact legislation to regulate the construction, placement, and operation of telecommunications towers and antennas pursuant to its zoning powers established in
Chapter 89, RSMo., and additionally pursuant to its general and specific police powers established by statute authorizing the regulations herein to protect the public health, safety, and welfare.
4. The Federal Communications Commission (FCC) has exclusive jurisdiction over:
a. The regulation of the environmental effects of radio frequency emissions from telecommunications facilities; and
b. The regulation of radio signal interference among users of the radio frequency spectrum.
5. Consistent with the Telecommunications Act of 1996, the regulations of this
Article will not have the effect of prohibiting the provision of personal wireless services, and do not unreasonably discriminate among functionally equivalent providers of such service.
The regulations also impose reasonable restrictions to protect the public safety and welfare and ensure opportunities for placement of antennas with prompt approval by the City.
This
Article does not attempt to regulate in areas within the exclusive jurisdiction of the FCC.
6. The uncontrolled proliferation of towers is threatened without adoption of new regulations, and would diminish property values, the aesthetic quality of the City, and would otherwise threaten the health, safety and welfare of the public."
9,Article IX Telecommunications Regulations,Section 400.730 General Requirements.,sub-sec-9.2,https://ecode360.com/28026159,https://zoneomics.com/code/8525/chapter_9#9.2,True,1,"[R.O.
2011
§ 400.730; Ord.
No.
1161
§ 1, 11-18-2013]
A. The requirements set forth in this
Section shall be applicable to all towers, antennas and other support structures installed, built or modified after the effective date of this
Article to the full extent permitted by law.
1. Principal Or Incidental Use.
Antennas and support structures may be either a principal use in all zoning districts or an incidental use to institutional or non-residential uses, subject to any applicable district requirement relating to yard or setback.
2. Building Codes, Safety Standards, And Zoning Compliance.
To ensure the structural integrity of antenna support structures, the owner shall see that it is constructed and maintained in compliance with all standards contained in applicable State and local building codes and the applicable standards published by the Electronics Industries Association, as amended from time to time.
In addition to any other approvals required by this Section, no antenna, tower, or support structure shall be erected prior to receipt of a certificate of zoning compliance and the issuance of a building permit.
3. Regulatory Compliance.
All antennas and support structures shall meet or exceed current standards and regulations of the FAA, FCC and any other State or Federal agency with the authority to regulate communications antennas and support structures.
Should such standards or regulations be amended, then the owner shall bring such devices and structure into compliance with the revised standards or regulations within the time period mandated by the controlling agency.
No approval for any placement, construction or modification of any antenna or structure permitted by this
Section shall be granted for any applicant having an uncured violation of this
Section or any other governmental regulatory requirement related to such antennas or structures within the City.
4. Security.
All antennas and support structures shall be protected from unauthorized access by appropriate security measures.
A description of proposed security measures shall be provided as part of any application to install, build or modify antennas or support structures.
Additional measures may be required as a condition of the issuance of a building permit or administrative permit as deemed necessary by the Administrative Official or by the Planning and Zoning Commission in the case of a conditional use permit.
5. Lighting.
Antennas and support structures shall not be lighted unless required by the FAA or other State or Federal agency with authority to regulate, in which case a description of the required lighting scheme will be made a part of the application to install, build or modify the antenna or support structure.
Equipment cabinets and shelters may have lighting only as approved by the Administrative Official on the approved site development plan.
6. Advertising.
Except for a disguised antenna support structure in the form of an otherwise lawfully permitted pylon sign, the placement of advertising on structures regulated by this
Section is prohibited.
7. Design.
a. Subject to the requirements of the FAA or any applicable State or Federal agency, towers shall be painted a neutral color consistent with the natural or built environment of the site.
b. Equipment shelters or cabinets shall have an exterior finish compatible with the natural or built environment of the site and shall also comply with any design guidelines as may be applicable to the particular zoning district in which the facility is located.
c. Antennas attached to a building or disguised antenna support structure shall be of a color identical to or closely compatible with the surface to which they are mounted.
d. All towers shall be surrounded by a minimum six-foot-high decorative wall constructed of brick, stone or comparable masonry materials and a landscape strip of not less than ten
(10) feet in width and planted with materials which will provide a visual barrier to a minimum height of six
(6) feet.
The landscape strip shall be exterior to any security wall.
In lieu of the required wall and landscape strip, an alternative means of screening may be approved by the Administrative Official in the case of use permitted by administrative permit, or by the Planning and Zoning Commission in the case of a conditional use permit, upon demonstration by the applicant that an equivalent degree of visual screening will be achieved.
e. All towers, disguised support structures, and related structures, fences and walls shall be separated from the property line of any adjacent property zoned for a residential use at least a distance equal to the height of the tower, and shall be separated from all other adjacent property lines at least a distance equal to one-half (1/2) of the height of the tower or structure.
f. Vehicle or outdoor storage on any tower site is prohibited, unless otherwise permitted by the zoning.
g. On-site parking for periodic maintenance and service shall be provided at all antenna or tower locations consistent with the underlying zoning district.
8. Shared Use.
a. Existing Towers.
Prior to the issuance of any permit to alter or modify any tower existing on the effective date of this Article, the owner shall provide to the City a written and notarized agreement committing to make said tower available for use by others subject to reasonable technical limitations and reasonable financial terms."
9,Article IX Telecommunications Regulations,Section 400.730 General Requirements.,sub-sec-9.2,https://ecode360.com/28026159,https://zoneomics.com/code/8525/chapter_9#9.2,True,2,"The willful and knowing failure of a tower owner to agree to shared use or to negotiate in good faith with potential users shall be unlawful and shall, among other remedies of the City, be cause for the withholding of future permits to the same owner to install, build, or modify antennas or towers within the City.
b. Tower Inventories.
Prior to the issuance of any permit to install, build or modify any tower, the tower owner shall furnish the Administrative Official an inventory of all of that owner's towers in or within one and one-half (1 1/2) miles of the City limits.
The inventory shall include the tower's reference name or number, the street location, latitude and longitude, structure type, height, type and mounting height of existing antennas and an assessment of available ground space for the placement of additional equipment shelters.
Upon being modified, any such tower shall be placed on the multi-use interest area map for required co-location.
c. Shared Use Required, New Towers.
Any new tower approved at a height of sixty
(60) feet AGL (above ground level) or higher shall be designed and constructed to accommodate at least one
(1) additional user unless a larger number is indicated by the response to the notification provisions herein.
A written agreement committing to shared use as required by Subsection (A)(8)(a) shall be submitted by the tower applicant.
The willful and knowing failure of the owner of a tower built for shared use to negotiate in good faith with potential users shall be unlawful and shall be a violation of this
Article and, among other remedies of the City, shall be cause for the withholding of future permits to the same owner to install, build or modify antennas or towers within the City.
d. Communications Tower Multi-Use Area Map.
Any new tower approved within a communications tower multi-use interest area as designated by the map of the same title, shall be designed and constructed to accommodate the number of users indicated by the plan to the extent feasible.
The willful and knowing failure of the owner of a tower built for shared use to negotiate in good faith with potential users shall be a violation of this
Article and, among other remedies of the City, shall be cause for the withholding of future permits to the same owner to install, build or modify antennas or towers within the City.
e. Notice Of Tower Applications.
Prior to any application for the construction of a new tower or disguised support structure, a copy of the application or a summary containing the height, design, location and type and frequency of antenna shall be delivered by certified mail to all known potential tower users as identified by a schedule maintained by the City.
Proof of such delivery shall be submitted with the application to the City.
Upon request, the Administrative Official shall place on a list the name and address of any user of towers or prospective user to receive notification of applications.
The Administrative Official shall, before deciding on the application or forwarding it to the Planning and Zoning Commission for consideration, allow all persons receiving notice at least ten
(10) business days to respond to the City and the applicant that the party receiving notice be permitted to share the proposed tower or locate within one
(1) mile of such area.
Where two
(2) or more parties seek to locate within one
(1) mile of each other, or such other distance as is demonstrated to the Administrative Official to be reasonable pursuant to the objectives of this Article, the Administrative Official shall designate such area as a multi-use interest area on the map.
The failure of the receiving party to use this process or respond to any such notice shall be considered cause for denying requests by such party for new towers or structures.
f. Appeal Of Shared Use Violations.
Any party seeking shared use of a tower subject to this provision shall, after responding to notice of an application, negotiate with the applicant for such use.
The applicant may on a legitimate and reasonable business basis choose between multiple requests for shared use on the same tower or structure, and may reject any request where legitimate technical obstacles cannot be reasonably overcome or where the party requesting shared use will not agree to reasonable financial terms.
Any party believing that the applicant has breached its duty to negotiate in good faith for shared use shall immediately notify the applicant and the Administrative Official in writing.
The Administrative Official may reject the application upon a finding that shared use has been improperly denied.
A notice of breach of duty shall explain the precise basis for the claim and shall be accompanied by payment of an administrative review fee of five hundred dollars ($500.00) to the City to offset the cost of review.
After the applicant's receipt of the notice, the applicant shall have ten
(10) calendar days to provide a written submission to the Administrative Official responding to the alleged violation of the shared use requirement.
If deemed necessary by the Administrative Official, he/she may engage, at the cost of the party alleging the violation, a neutral, qualified technical consultant to provide an opinion on feasibility or costs of the shared use request.
If the Administrative Official receives a notice alleging a violation of the shared use requirement, the time for a decision on an administrative permit is automatically extended for up to thirty(30) days until the Administrative Official has determined that the applicant has complied.
An application for conditional use permit shall not be deemed complete for acceptance until a decision on compliance is reached."
9,Article IX Telecommunications Regulations,Section 400.740 Authorization By Administrative Permit.,sub-sec-9.3,https://ecode360.com/28026205,https://zoneomics.com/code/8525/chapter_9#9.3,False,0,"[R.O.
2011
§ 400.740; Ord.
No.
1161
§ 1, 11-18-2013]
A. Permitted Towers.
The placement of antennas and towers are permitted in all zoning districts by administrative permit approved by the Administrative Official only as follows:
1. The installation of antennas or the construction of a tower or support structure on buildings or land owned by the City of Owensville following the approval of a lease agreement by the Board of Aldermen.
2. The attachment of additional or replacement antennas or shelters to any tower existing on the effective date of this
Article or subsequently approved in accordance with these regulations and requiring the enlargement of the existing tower compound area as long as all other requirements of this
Section and the underlying zoning district are met.
3. The mounting of antennas on any existing building or structure, such as a water tower, provided that the presence of the antennas is concealed by architectural elements or fully camouflaged by painting a color identical to the surface to which they are attached.
4. The mounting of antennas on or within any existing high-voltage electric transmission tower, but not exceeding the height of such tower by more than ten
(10) feet.
5. The one-time replacement of any tower existing on the effective date of this
Article or subsequently approved in accordance with these regulations, so long as the purpose of the replacement is to accommodate shared use of the site or to eliminate a safety hazard.
The new tower shall be of the same type as the original, except that a guyed or self-supporting (lattice) tower may be replaced by a monopole.
If the guyed or lattice tower to be replaced is one hundred eighty (180) feet or less in height, it shall only be replaced with a monopole.
The height of the new tower may exceed that of the original by not more than twenty
(20) feet.
Subsequent replacements shall require the approval of a conditional use permit.
6. The construction of a disguised support structure, provided that all related equipment shall be placed underground or concealed within the structure when the structure is located in any district other than a district authorizing industrial uses.
Equipment may be placed in a cabinet if the disguised support structure is incidental to an industrial, commercial, institutional or other non-residential use.
7. The placement of dual polar panel antennas on wooden or steel functioning utility poles not to exceed forty
(40) feet in height in any residentially zoned district and on any such poles (or functional replacement poles of no greater height) existing in any other district on the date of adoption of this Article.
All related equipment for antennas permitted by this Subsection shall be wholly contained in a cabinet.
8. Towers erected and maintained for a period not to exceed forty-five
(45) days for the purpose of replacing an existing tower, testing an existing or proposed network, or special events requiring mobile towers.
B. Application Procedures.
Applications for administrative permits shall be made on the appropriate forms to the Administrative Official and accompanied by payment of five hundred dollars ($500.00), or such other fee as may be established by the Board of Aldermen.
1. A detailed site plan, based on a closed boundary survey of the host parcel, shall be submitted indicating all existing and proposed improvements, including buildings, drives, walkways, parking areas and other structures, public rights-of-way, the zoning categories of the subject and adjoining properties, the location of and distance to off-site residential structures, required setbacks, required buffer and landscape areas, hydrologic features, and the coordinates and height AGL of the existing or proposed tower.
2. The application shall be reviewed by the Administrative Official to determine compliance with the above standards and transmit the application for review and comment by other departments and public agencies as may be affected by the proposed facility.
3. The Administrative Official shall issue a decision on the permit within forty-five
(45) days of the date of application, or the application shall be deemed approved unless the time period for review and action was extended.
The Administrative Official may deny the application or approve the application as submitted or with such modifications as are, in his/her judgment, reasonably necessary to protect the safety or general welfare of the citizens consistent with the purposes of this Section.
The Administrative Official may consider the purposes of this
Section and the factors established herein for granting a conditional use permit as well as any other considerations consistent with this Article.
A decision to deny an application shall be made in writing and state the specific reasons for the denial.
C. Appeals.
Appeals from the decision of the Administrative Official shall be made in the same manner as otherwise provided for the appeal of administrative decisions."
9,Article IX Telecommunications Regulations,Section 400.750 Conditional Use Permit Required.,sub-sec-9.4,https://ecode360.com/28026220,https://zoneomics.com/code/8525/chapter_9#9.4,False,0,"[R.O.
2011
§ 400.750; Ord.
No.
1161
§ 1, 11-18-2013]
A. All proposals to install, build or modify an antenna or support structure not permitted by
Section 400.740, above, shall require the approval of a conditional use permit following a duly advertised public hearing by the Planning and Zoning Commission, subject to the forthcoming limitations:
1. Applications.
Applications for conditional use permits shall be filed and processed pursuant to
Section 400.640.
2. Additional Minimum Requirements.
No conditional use permit shall be issued unless the applicant has clearly demonstrated by substantial evidence that placement of an antenna or support structure pursuant to the City's permitted uses requirements (Section 400.740) is not technologically or economically feasible.
3. Findings Required.
In addition to the determinations or limitations specified herein and by
Section 400.640 for the consideration of conditional use permits, the Planning and Zoning Commission shall also base its decision upon, and shall make findings as to, the existence of the following conditions:
a. That the proposed tower is not and cannot be located within a communications tower multi-use interest area as designated by such map or, if so located, meets the co-location requirements of this Section.
b. No existing towers, structures or buildings within the necessary geographic area for the applicant's tower meet the applicant's necessary engineering requirements considering:
(1) Height;
(2) Structural strength;
(3) Resulting signal interference;
(4) Feasibility of retrofitting;
(5) Feasibility of redesigning the applicant's tower network; or
(6) Other limiting conditions that render towers, structures or buildings within the applicant's required geographic area unsuitable.
c. Applications for a new tower structure shall be considered only after a letter, certified by a radio frequency engineer, clearly demonstrates that the planned telecommunications equipment cannot be accommodated on an existing or approved transmission tower and clearly demonstrates one or more of the following conditions:
(1) Planned telecommunications equipment would exceed the structural capacity of an existing or approved transmission tower, and the transmission tower cannot be reinforced to accommodate planned telecommunications equipment at a reasonable cost;
(2) Planned telecommunications equipment will cause radio frequency interference with other existing or planned telecommunications equipment for that transmission tower and the interference cannot be prevented at a reasonable cost;
(3) Existing or approved towers do not have space on which the planned telecommunications equipment can be placed so it can function effectively and at least in parity with other similar telecommunications equipment in place or approved by the City and/or the appropriate County;
(4) Addition of planned equipment to an existing or approved transmission tower would result in NIER levels in excess of those permitted under Subsection (A)(5) of this Section; or
(5) Other reasons that make it impractical to place the telecommunications equipment planned by the applicant on an existing and approved transmission tower.
d. No application for a new tower structure shall be considered unless the applicant is unable to lease or otherwise secure space on an existing or planned telecommunications tower.
(1) Shared use of an existing or approved tower shall be conditioned upon the applicant's agreement to pay reasonable fees and costs associated with adapting existing facilities to the proposed use, including but not limited to reasonable costs for reinforcing or modifying a tower or structure, for preventing radio frequency interferences, and other changes reasonably required to accommodate shared use.
(2) The City may consider expert testimony to determine whether the fees and costs are reasonable.
(3) Once the City finds that the telecommunications equipment proposed by the applicant cannot be accommodated on an existing or approved tower, each tower so found is presumed unable to accommodate similar equipment that may be proposed in the future, unless evidence is introduced to demonstrate otherwise.
e. That the design of the tower or structure, including the antenna, shelter and ground layout maximally reduces visual degradation and otherwise complies with provisions and intent of this Section.
New towers shall be of a monopole design, unless it is shown that an alternative design would equally or better satisfy this provision.
f. That the proposal minimizes the number and/or size of towers or structures that will be required in the area.
g. That the applicant has not previously failed to take advantage of reasonably available shared use opportunities or procedures provided by this
Article or otherwise.
h. That no land owned by any agency of the Federal or State Government, or by any political subdivision of the State, is available for locating the structure or tower.
i. The City may require, at the expense of the petitioner, any additional studies or the hiring of an external consultant to review exhibits and/or other requirements in accordance with this Section.
4. Additional Height Limitations.
No tower shall be approved at a height exceeding one hundred fifty (150) feet AGL unless the applicant clearly demonstrates that such height is required for the proper function of the applicant's system or that of a public safety communications system of a governmental entity sharing the tower.
Such showing must also be supported by the opinion of a telecommunications consultant hired by the City at the expense of the applicant.
The opinion of the consultant shall include a statement that no available alternatives exist to exceeding the height limit or the reason why such alternatives are not viable.
5. Non-Ionizing Electromagnetic Radiation Standards.
All transmission facilities shall conform to the relevant sections of the ""American National Standard Safety Levels with Respect to Human Exposure to Radio Frequency Electromagnetic Fields, 300 kHz to 100 GHz.""
This standard is identified as ANSI C95.1-1982 and is published by the American National Standards Institute."
9,Article IX Telecommunications Regulations,"Section 400.760 Obsolete, Non-Complying Tower Structures.",sub-sec-9.5,https://ecode360.com/28026235,https://zoneomics.com/code/8525/chapter_9#9.5,False,0,"[R.O.
2011
§ 400.760; Ord.
No.
1161
§ 1, 11-18-2013] Any upper portion of a tower which is not occupied by active antennas for a period of twelve
(12) months, and any entire tower which is not so occupied for a period of six
(6) months, shall be removed at the owner's expense.
Failure to comply with this provision shall constitute a nuisance that may be remedied by the City at the tower or property owner's expense.
Any applicant for a new tower or disguised structure not built as a disguised part of another existing or permitted structure shall place a bond or other security with the City prior to any final approval for the purpose of removing any tower or disguised structure as required herein and to compensate the City for performing proper maintenance of such towers or disguised structures to ensure such structures do not become unsafe or otherwise fail to be maintained in compliance with this Article.
The bond or security shall be in the form approved by the Administrative Official, and in the amount of fifteen thousand dollars ($15,000.00), or such other amount as is determined by the Administrative Official to satisfy the requirements hereof with regard to the specific tower or structure to which it would apply."
9,Article IX Telecommunications Regulations,Section 400.770 Unlawful Tower Or Antenna.,sub-sec-9.6,https://ecode360.com/28026244,https://zoneomics.com/code/8525/chapter_9#9.6,False,0,"[R.O.
2011
§ 400.770; Ord.
No.
1161
§ 1, 11-18-2013] Notwithstanding any right that may exist for a governmental entity to operate or construct a tower or structure, it shall be unlawful for any person to erect or operate for any private commercial purpose any antenna, tower or disguised support structure in violation of any provision of this Article, regardless of whether such antenna or structure is located on land owned by a governmental entity."
9,Article IX Telecommunications Regulations,Section 400.780 Violations And Penalties.,sub-sec-9.7,https://ecode360.com/28026252,https://zoneomics.com/code/8525/chapter_9#9.7,False,0,"[R.O.
2011
§ 400.780; Ord.
No.
1161
§ 1, 11-18-2013] Any person violating this provision shall be subject to a fine of not more than five hundred dollars ($500.00) or ninety
(90) days in jail, or both.
Each day the violation continues shall constitute a separate offense."
9,Article IX Telecommunications Regulations,Section 400.790 Severability.,sub-sec-9.8,https://ecode360.com/28026375,https://zoneomics.com/code/8525/chapter_9#9.8,False,0,"[R.O.
2011
§ 400.790; Ord.
No.
1161
§ 1, 11-18-2013] If any Section, Subsection, sentence, clause, phrase or portion of this
Chapter is for any reason held invalid or unconstitutional by any court of competent jurisdiction, such portion shall be deemed a separate, distinct and independent provision, and such holding shall not affect the validity of the remaining portions hereof."
9,Article IX Telecommunications Regulations,Section 400.800 Repeal Of Laws In Conflict.,sub-sec-9.9,https://ecode360.com/28026387,https://zoneomics.com/code/8525/chapter_9#9.9,False,0,"[R.O.
2011
§ 400.800; Ord.
No.
1161
§ 1, 11-18-2013] This
Article supersedes all Articles or parts of Articles adopted prior hereto, which are in conflict herewith, to the extent of such conflict."
9,Article IX Telecommunications Regulations,Section 400.810 Definitions.,sub-sec-9.10,https://ecode360.com/28026401,https://zoneomics.com/code/8525/chapter_9#9.10,False,0,"[R.O.
2011
§ 400.810; Ord.
No.
1161
§ 1, 11-18-2013] As used in this Article, the following terms shall have the meanings and usages indicated:
AGL Above ground level.
Ground level shall be determined by the average elevation of the natural ground level within a radius of fifty
(50) feet from the center location of measurement.
ANTENNA Any device that transmits and/or receives radio waves for voice, data or video communications purposes, including, but not limited to, television, AM/FM radio, microwave, cellular telephone and similar forms of communications.
The term shall exclude satellite earth station antennas less than two
(2) meters in diameter [mounted within twelve
(12) feet of the ground or building mounted] and any receive-only home television antenna.
CABINET A structure for the protection and security of communications equipment associated with one
(1) or more antennas where direct access to equipment is provided from the exterior and that has horizontal dimensions that do not exceed four
(4) feet by six
(6) feet, and vertical height that does not exceed six
(6) feet.
COMMUNICATION TOWER MULTI-USE INTEREST AREA An area as designated by the map of the same title indicating general locations in which more than one
(1) wireless service provider may potentially seek to locate an antenna facility and in which the construction of co-locatable towers will be required.
The map may be periodically revised in response to new information received regarding tower sites sought by wireless providers.
A multi-use interest area shall be designated as appropriate for towers within one
(1) mile of each other, unless the applicant demonstrates to the contrary.
The multi-use interest area map shall include the area within the City limits and within one and one-half (1 1/2) miles of its corporate boundaries.
DISGUISED SUPPORT STRUCTURE Any freestanding, man-made structure designed for the support of antennas, the presence of which is camouflaged or concealed as an appropriately placed architectural or natural feature.
Depending on the location and type of disguise used, such concealment may require placement underground of the utilities leading to the structure.
Such structures may include but are not limited to clock towers, campaniles, observation towers, light standards, flag poles and artificial trees.
FAA The Federal Aviation Administration.
FCC The Federal Communications Commission.
HEIGHT The vertical distance measured from the average grade of the base of the structure at ground level to its highest point and including the main structure and all attachments thereto.
INCIDENTAL USE Any use authorized herein that exists in addition to the principal use of the property.
MODIFICATION Any addition, deletion, or change, including the addition or replacement of antennas, or any change to a structure requiring a building permit or other governmental approval.
SHELTER A building for the protection and security of communications equipment associated with one
(1) or more antennas and where access to equipment is gained from the interior of the building.
Human occupancy for office or other uses or the storage of other materials and equipment not in direct support of the connected antennas is prohibited.
SUPPORT STRUCTURE A tower or disguised support structure.
TOWER A structure designed for the support of one
(1) or more antennas and including guyed towers, self-supporting (lattice) towers or monopoles, but not disguised support structures or buildings.
The term shall also not include any support structure including attachments of sixty-five
(65) feet or less in height owned and operated solely for use by an amateur radio operator licensed by the Federal Communication Commission."
10,Article X Marijuana-Related Uses,Section 400.820 Purpose.,sub-sec-10.1,https://ecode360.com/28026415,https://zoneomics.com/code/8525/chapter_10#10.1,False,0,"The purpose of this
Article is to provide for the regulation of the time, place and manner of the operation of marijuana-related uses to serve the citizens and businesses of Owensville in compliance with Missouri State law."
10,Article X Marijuana-Related Uses,Section 400.830 Definitions.,sub-sec-10.2,https://ecode360.com/35771633,https://zoneomics.com/code/8525/chapter_10#10.2,False,0,"As used in this Article, the following terms shall have the meanings and usages indicated:
COMPREHENSIVE MARIJUANA CULTIVATION FACILITY A facility licensed as such by the State of Missouri.
COMPREHENSIVE MARIJUANA DISPENSARY FACILITY A facility licensed as such by the State of Missouri.
COMPREHENSIVE MARIJUANA-INFUSED PRODUCT MANUFACTURING FACILITY A facility licensed as such by the State of Missouri.
MARIJUANA or MARIHUANA Cannabis indica, Cannabis sativa, and Cannabis ruderalis, hybrids of such species, and any other strains commonly understood within the scientific community to constitute marijuana, as well as resin extracted from the plant and marijuana-infused products.
""Marijuana"" or ""marihuana"" do not include industrial hemp as defined by Missouri law or commodities or products manufactured from industrial hemp.
MARIJUANA-INFUSED PRODUCTS Products that are infused with marijuana or an extract thereof and are intended for use or consumption other than by smoking, including but not limited to edible products, ointments, tinctures and concentrates.
MARIJUANA TESTING FACILITY A facility licensed as such by the State of Missouri.
MEDICAL MARIJUANA CULTIVATION FACILITY A facility licensed as such by the State of Missouri.
MEDICAL MARIJUANA DISPENSARY FACILITY A facility licensed as such by the State of Missouri.
MEDICAL MARIJUANA-INFUSED PRODUCTS MANUFACTURING FACILITY A facility licensed as such by the State of Missouri."
10,Article X Marijuana-Related Uses,Section 400.840 General Requirements.,sub-sec-10.3,https://ecode360.com/35771640,https://zoneomics.com/code/8525/chapter_10#10.3,False,0,"
A. In addition to all other pertinent and applicable laws and regulations, the following special conditions shall apply to all businesses and establishments selling, growing, acquiring, transporting, delivering, cultivating, harvesting, processing, testing, manufacturing, extracting and/or certifying marijuana and/or marijuana-infused products, including, but not limited to, medical or comprehensive marijuana cultivation facilities, medical or comprehensive marijuana dispensary facilities, medical or comprehensive marijuana-infused products manufacturing facilities, and marijuana testing facilities (""marijuana-related uses""):
1. Location Restrictions.
No medical or comprehensive marijuana dispensary facilities shall be operated or maintained within seven hundred fifty (750) feet of the property line of a then-existing elementary or secondary school, child day-care center, or church.
No medical or comprehensive marijuana cultivation facilities, medical or comprehensive marijuana-infused products manufacturing facilities, or marijuana testing facilities shall be operated or maintained within one thousand (1,000) feet of the property line of a then-existing elementary or secondary school, child day-care center, or church.
""Then-existing"" shall mean any elementary or secondary school, child day-care center, or church with a written building permit from the City to be constructed, or completed and in use at the time the marijuana-related use first applies for either zoning or a building permit, whichever comes first.
2. Operations And Storage.
Marijuana cultivation and processing activities shall only occur within an enclosed building.
All operations shall be within a fully secured area inside the building.
All storage of materials, products, or equipment shall be within a fully secured area inside the building structure or outdoors on the property in an area enclosed by a fence or wall.
3. On-Site Usage Prohibited.
No marijuana or marijuana-infused product may be smoked, ingested, or otherwise consumed on premises of a property upon which a marijuana-related use is conducted.
4. Display Of License Required.
The license issued by the State of Missouri to conduct the marijuana-related use shall be displayed prominently in a location visible from the front entrance to the facility.
5. Hours Of Operation.
All sales or distribution of marijuana and any other products sold to the public through a medical or comprehensive marijuana dispensary shall take place between the hours of
8:00 A.M. and
6:00 P.M., Monday through Sunday.
a. Medical and comprehensive marijuana dispensary facilities shall be secured and closed to the public after hours and no persons not employed by the medical and comprehensive marijuana dispensary facility may be present in such a facility at any time it is closed to the public.
b. All Marijuana-Related Uses Other Than Medical And Comprehensive Marijuana Dispensary Facilities.
No persons not employed by the business shall be on the premises at any time without being approved entry, obtaining a visitor pass, and logged in by building security personnel.
6. Waste Disposal.
Any excess or unusable marijuana or marijuana by-product of a marijuana-related use shall be stored securely before final disposition, which may be done within the facility in areas designated for disposal activities or, if necessary, outside the facility in a locked, tamper-resistant receptacle.
7. No marijuana-related use or facility shall emit an odor or in any way cause a public nuisance.
The applicant shall demonstrate that the appropriate systems will be provided to prevent any odor or marijuana or fumes from leaving the facility.
8. Medical And Comprehensive Marijuana Facility Site Requirements.
All medical and comprehensive marijuana facilities must:
a. Be monitored by high resolution, color, Internet-based security cameras, which must be made available to law enforcement upon request;
b. Contain a fireproof safe or vault attached to the building's structure to secure cash and any processed marijuana; c. Have a centrally monitored fire and burglar alarm system; d. Equip building exteriors and parking areas with light fixtures that are sufficient to provide illumination of at least one and one-half (1.5) foot-candles and that must be on from dusk to dawn; e. Not produce noise, dust, vibration, glare, fumes, odors, or electrical interference that can be readily noticed outside the property's boundary; f. Secure marijuana waste disposal receptacles and ensure they remain in the possession and under the control of the licensee; g. Require any and all marijuana cultivation, processing, storage, display, and sales to be conducted within an enclosed building not visible from the building's exterior."
10,Article X Marijuana-Related Uses,"Section 400.850 Permitted Use, Where.",sub-sec-10.4,https://ecode360.com/35771659,https://zoneomics.com/code/8525/chapter_10#10.4,False,0,"
A. Medical and comprehensive marijuana cultivation facilities, medical and comprehensive marijuana dispensary facilities, medical and comprehensive marijuana-infused products manufacturing facilities, and marijuana testing facilities shall be a permitted use in certain zoning districts, as follows:
1. Medical and comprehensive marijuana cultivation facilities, medical and comprehensive marijuana-infused products manufacturing facilities, and marijuana testing facilities shall be a permitted use in ""M-1"" Light Industrial District and ""M-2"" Industrial District only, and shall be prohibited in all other districts.
2. Medical and comprehensive marijuana dispensary facilities shall be a permitted use in ""OTC"" Old Town Commercial District, ""C-1"" Commercial District, and ""C-2"" Highway Commercial District only, and shall be prohibited in all other districts.
3. Attachment 1 (Land Use Table) to the City of Owensville Zoning Regulations shall be amended to reflect Subsections (A) and (B) above."
10,Article X Marijuana-Related Uses,Section 400.860 Penalty.,sub-sec-10.5,https://ecode360.com/44501335,https://zoneomics.com/code/8525/chapter_10#10.5,False,0,"Any person violating this provision shall be subject to a fine of not more than five hundred dollars ($500.00).
Each day the violation continues shall constitute a separate offense."
10,Article X Marijuana-Related Uses,Section 400.870 Severability.,sub-sec-10.6,https://ecode360.com/35771665,https://zoneomics.com/code/8525/chapter_10#10.6,False,0,"If any Section, Subsection, sentence, clause, phrase or portion of this
Chapter is for any reason held invalid or unconstitutional by any court of competent jurisdiction, such portion shall be deemed a separate, distinct and independent provision, and such holding shall not affect the validity of the remaining portions hereof."
11,Additional Zoning Details,Attachment 1 - Land Use Table,sub-sec-11.1,https://ecode360.com/attachment/332200/OW3388-400a%20Land%20Use%20Table.pdf,https://zoneomics.com/code/8525/chapter_11#11.1,True,1,"ZONING REGULATIONS 400 Attachment 1 City of Owensville Land Use Table [R.O.
2011, 400 Attachment 1; Ord.
No.
1161
§ 1, 1-18-2013; Ord.
No.
1261, 5-7-2018; Ord.
No.
1314, 12-2-2019; Ord.
No.
1315, 12-2-2019; Ord.
No.
1317, 12-16-2019; Ord.
No.
1423, 6-19-2023] Land Use Table The Land Use Table provides a tabular summary of the principal land uses allowed within each zoning district.
The table is intended for reference and does not reflect all of the regulations that apply to particular uses or districts.
A. Permitted:
Uses identified in a zoning district column of the Use Table with a ""P"" are permitted by right and shall be permitted in such zoning district subject to all other requirements of this Zoning Ordinance.
B. Conditional Uses:
Uses identified in a zoning district column of the Use Table with a ""C"" are conditional uses and shall be permitted in such zoning district in accordance with the standards of
Section 400.640.
C. Unlisted Uses:
Any use not shown as a use permitted by right or a conditional use in a zoning district is specifically prohibited in that district.
Uses not listed have been determined either not to be appropriate in any district, incompatible with certain existing uses, or sufficiently rare or unexpected as to be incapable of being listed at the time of adoption of this Code.
Any use not shown as a use permitted by right or a conditional use in any zoning district, but constituting a use that is required to be permitted by law, shall be subject to the conditions of the most appropriate underlying district and the following requirements:
The use shall be permitted only to the extent required by law to be permitted; The use shall be approved only as a conditional use in the City's ""M-2"" Industrial District, except if by law it is required to be permitted by right; The use shall be located no closer than one thousand (1,000) feet to any residence, residential property, park, school, or church, except as may be modified by the Board of Aldermen through a conditional use permit; The use shall maintain a distance of at least one thousand (1,000) feet from any other such use having the same description, except as may be modified by the Board of Aldermen through a conditional use permit.
D. "" OTC"" Old Town Commercial District (Shell District): As of the adoption of this Chapter, no additional property may be rezoned to the ""OTC"" Old Town Commercial District.
All preexisting ""OTC"" property shall be permitted all lawful uses as of the effective date of this Code.
After the effective date of this Code, no additional land shall be rezoned to the ""OTC"" District.
Any proposed subdivisions, including lot splits, change of use, new construction or other alterations not permitted under the respective district regulations shall require rezoning to an applicable zoning district.
Use of property maintaining the ""OTC"" preexisting zoning shall be subject to all other regulations of this Code.
Use permitted by right:
P Use permitted as a conditional use:
C Use not permitted:
|  | Districts | Districts | Districts | Districts | Districts | Districts | Districts | Districts | Districts | Districts | Districts | Districts | Districts | Districts | Districts |
| --- | --- | --- | --- | --- | --- | --- | --- | --- | --- | --- | --- | --- | --- | --- | --- |
| Uses | A-1 | R-R | R-1 | R-1A | R-2 | R-3 | R-4 | R-5 | OT | OTC | MH | C-1 | C-2 | M-1 | M-2 |
| RESIDENTIAL PRINCIPAL USES | RESIDENTIAL PRINCIPAL USES | RESIDENTIAL PRINCIPAL USES | RESIDENTIAL PRINCIPAL USES | RESIDENTIAL PRINCIPAL USES | RESIDENTIAL PRINCIPAL USES | RESIDENTIAL PRINCIPAL USES | RESIDENTIAL PRINCIPAL USES | RESIDENTIAL PRINCIPAL USES | RESIDENTIAL PRINCIPAL USES | RESIDENTIAL PRINCIPAL USES | RESIDENTIAL PRINCIPAL USES | RESIDENTIAL PRINCIPAL USES | RESIDENTIAL PRINCIPAL USES | RESIDENTIAL PRINCIPAL USES | RESIDENTIAL PRINCIPAL USES |
| Bed-and-breakfast | C |  |  |  |  |  |  |  | P | P |  | P | P |  |  |
| Boardinghouse (group home) | C | C | C | C | C | C | C | C | C |  |  |  |  |  |  |
| Dwelling, non-residential structure or loft |  |  |  |  |  |  |  |  | P |  |  |  |  |  |  |
| Dwelling, multifamily (apartment) |  |  |  |  |  | P | P | C | P |  |  |  |  |  |  |
| Dwelling, single-family detached | P | P | P | P | P | P | P | P | P |  | P |  |  |  |  |
| Dwelling, two-family attached (duplex) |  |  |  |  | P | P | P | P | P |  |  |  |  |  |  |
| Dwelling, two-family attached (villa) |  |  |  |  | P | P | P | P | P |  |  |  |  |  |  |
| Dwelling, over 3 attached dwellings (townhome) |  |  |  |  |  | P | P | P | P |  |  |  |  |  |  |
| Manufactured home |  |  |  |  |  |  |  |  |  |  | P |  |  |  |  |
| Mobile home park |  |  |  |  |  |  |  |  |  |  | P |  |  |  |  |
| Modular home | C | C | C | C | C | C | C | C | C |  | P |  |  |  |  |
| Multigenerational household | C | C | C | C |  |  |  |  |  |  |  |  |  |  |  |
| Nursing home, assisted living | C |  |  |  |  | C | C | C |  |  |  | P | P |  |  | OWENSVILLE CITY CODE Land Use Table ZONING REGULATIONS |  | Districts | Districts | Districts | Districts | Districts | Districts | Districts | Districts | Districts | Districts | Districts | Districts | Districts | Districts | Districts |
| --- | --- | --- | --- | --- | --- | --- | --- | --- | --- | --- | --- | --- | --- | --- | --- |
| Uses | A-1 | R-R | R-1 | R-1A | R-2 | R-3 | R-4 | R-5 | OT | OTC | MH | C-1 | C-2 | M-1 | M-2 |
| NON-RESIDENTIAL PRINCIPAL USES | NON-RESIDENTIAL PRINCIPAL USES | NON-RESIDENTIAL PRINCIPAL USES | NON-RESIDENTIAL PRINCIPAL USES | NON-RESIDENTIAL PRINCIPAL USES | NON-RESIDENTIAL PRINCIPAL USES | NON-RESIDENTIAL PRINCIPAL USES | NON-RESIDENTIAL PRINCIPAL USES | NON-RESIDENTIAL PRINCIPAL USES | NON-RESIDENTIAL PRINCIPAL USES | NON-RESIDENTIAL PRINCIPAL USES | NON-RESIDENTIAL PRINCIPAL USES | NON-RESIDENTIAL PRINCIPAL USES | NON-RESIDENTIAL PRINCIPAL USES | NON-RESIDENTIAL PRINCIPAL USES | NON-RESIDENTIAL PRINCIPAL USES |
| Art gallery |  |  |  |  |  |  |  | P | P | P |  | P | P |  |  |
| Auto filling station (convenience store) |  |  |  |  |  |  |  | P | C | P |  | P | P |  |  |
| Automotive service station |  |  |  |  |  |  |  | C | C | C |  | C | C |  |  |
| Automotive parts and supply store |  |  |  |  |  |  |  | P | P | P |  | P | P |  |  |
| Automotive repair shop |  |  |  |  |  |  |  |  |  |  |  |  | P |  |  |
| Automotive rental agency |  |  |  |  |  |  |  |  |  |  |  | P | P |  |  |
| Automotive (car) sales |  |  |  |  |  |  |  |  |  |  |  | P | P |  |  |
| Automotive (car) wash services |  |  |  |  |  |  |  |  |  |  |  |  | P |  |  |
| Business or vocational (trade) school |  |  |  |  |  |  |  | P | P | P |  | P | P | P |  |"
11,Additional Zoning Details,Attachment 1 - Land Use Table,sub-sec-11.1,https://ecode360.com/attachment/332200/OW3388-400a%20Land%20Use%20Table.pdf,https://zoneomics.com/code/8525/chapter_11#11.1,True,2,"| Bar, tavern or lounge |  |  |  |  |  |  |  | P | P | P |  | P | P |  |  |
| Building material sales and services |  |  |  |  |  |  |  |  | P | P |  | P | P |  |  |
| Bus, truck and rail terminals |  |  |  |  |  |  |  |  |  |  |  |  | P | P | P |
| Catering service |  |  |  |  |  |  |  |  | C | C |  |  | P | P | P |
| Cemetery, crematory, mausoleum | C |  |  |  |  |  |  | P | P | P |  |  | P | P |  |
| Church, temple or synagogue | C | C | C | C | C | C | C | C | C | C | C | C | C | C | C |
| Clinic, outpatient (medical or dental) |  |  |  |  |  |  |  | P | P | P |  | P | P |  |  |
| Club, civic or fraternal organization | C |  |  |  |  |  |  | P | P | P |  | P | P | C |  |
| Community center | P | P | P | P | P | P | P | P | P | P | P | P | P | P | P | OWENSVILLE CITY CODE |  | Districts | Districts | Districts | Districts | Districts | Districts | Districts | Districts | Districts | Districts | Districts | Districts | Districts | Districts | Districts |
| --- | --- | --- | --- | --- | --- | --- | --- | --- | --- | --- | --- | --- | --- | --- | --- |
| Uses | A-1 | R-R | R-1 | R-1A | R-2 | R-3 | R-4 | R-5 | OT | OTC | MH | C-1 | C-2 | M-1 | M-2 |
| Computer service and repair |  |  |  |  |  |  |  | P | P | P |  | P | P |  |  |
| Construction contractor |  |  |  |  |  |  |  |  |  |  |  |  | C | P |  |
| Day care, adult | C |  |  |  |  |  |  |  |  |  |  | C | C |  |  |
| Day care/child nursery (commercial) | C |  |  |  |  |  |  | C | C | P |  | P | C | C |  |
| Day care/child nursery (residential) | C | C | C | C |  |  |  | C |  |  |  | P | C |  |  |
| Dry-cleaning plant |  |  |  |  |  |  |  |  |  |  |  |  | C | P | P |
| Farmers market | P |  |  |  |  |  |  |  |  |  |  |  |  | P | P |
| Financial services-banking |  |  |  |  |  |  |  | P | P | P |  | P | P | C |  |
| Food/bakery product manufacturing |  |  |  |  |  |  |  |  |  |  |  |  |  | P | P |
| Foster homes for handicapped children | C | C | C | C |  |  |  |  |  |  |  |  |  |  |  |
| Flea market |  |  |  |  |  |  |  |  |  |  |  | C | C |  |  |
| Funeral home, mortuary |  |  |  |  |  |  |  |  | C | C |  | C | C |  |  |
| Health club, fitness center and gymnasium | C |  |  |  |  |  |  | P | P |  |  | P | P |  |  |
| Hospital |  |  |  |  |  |  |  |  |  |  |  | C | C |  |  |
| Hotel |  |  |  |  |  |  |  | C |  | P |  | P | P |  |  |
| Hotel, extended-stay |  |  |  |  |  |  |  |  |  | P |  | C | C |  |  |
| Industrial, heavy |  |  |  |  |  |  |  |  |  |  |  |  |  |  | P |
| Industrial, light |  |  |  |  |  |  |  |  |  |  |  |  |  | P | P |
| Institution |  |  |  |  |  |  |  | C | C | C |  | C | C |  |  |
| Kennel (dog day care) | C |  |  |  |  |  |  |  |  |  |  | C | C |  |  |
| Library |  |  | C | C | C | C | C | P | P | P |  | P | P |  |  |
| Liquor store |  |  |  |  |  |  |  | P | P | P |  | P | P |  |  |
| Livestock, domestic (keeping of) | P |  |  |  |  |  |  |  |  |  |  |  |  |  |  | ZONING REGULATIONS |  | Districts | Districts | Districts | Districts | Districts | Districts | Districts | Districts | Districts | Districts | Districts | Districts | Districts | Districts | Districts |
| --- | --- | --- | --- | --- | --- | --- | --- | --- | --- | --- | --- | --- | --- | --- | --- |
| Uses | A-1 | R-R | R-1 | R-1A | R-2 | R-3 | R-4 | R-5 | OT | OTC | MH | C-1 | C-2 | M-1 | M-2 |
| Marijuana testing facilities |  |  |  |  |  |  |  |  |  |  |  |  |  | P | P |
| Massage therapist- therapeutic (licensed) |  |  |  |  |  |  |  | P | P | P |  | P | P |  |  |
| Medical and comprehensive marijuana cultivation facilities |  |  |  |  |  |  |  |  |  |  |  |  |  | P | P |
| Medical and comprehensive marijuana dispensary facilities |  |  |  |  |  |  |  |  |  | P |  | P | P |  |  |
| Medical and comprehensive marijuana- infused products manufacturing facilities |  |  |  |  |  |  |  |  |  |  |  |  |  | P | P |
| Night club, dance hall or private club |  |  |  |  |  |  |  |  |  |  |  | C | C |  |  |
| Office |  |  |  |  |  |  |  | P | P | P |  | P | P |  |  |
| Outpatient facilities for treatment of alcohol and drug abuse |  |  |  |  |  |  |  |  |  |  |  | C | C |  |  |
| Park, playgrounds and open space (public) | P | P | P | P | P | P | P | P | P | P | P | P | P | P | P |
| Parking lot, commercial |  |  |  |  |  |  |  | P |  |  |  |  | P |  |  |
| Printing and publishing facility |  |  |  |  |  |  |  |  |  |  |  |  |  | P | P |
| Public facility, local (Owensville only) | P | P | P | P | P | P | P | P | P | P | P | P | P | P | P |
| Public facility (other than Owensville) |  |  |  |  |  |  |  | C | C | C |  | C | C | C | C |
| Recreation facility or area (commercial) |  |  |  |  |  |  |  | C | C | C |  | C | C | C | C | OWENSVILLE CITY CODE |  | Districts | Districts | Districts | Districts | Districts | Districts | Districts | Districts | Districts | Districts | Districts | Districts | Districts | Districts | Districts |
| --- | --- | --- | --- | --- | --- | --- | --- | --- | --- | --- | --- | --- | --- | --- | --- |
| Uses | A-1 | R-R | R-1 | R-1A | R-2 | R-3 | R-4 | R-5 | OT | OTC | MH | C-1 | C-2 | M-1 | M-2 |
| Research, development and testing services |  |  |  |  |  |  |  |  |  |  |  | C | C | P | P |
| Restaurant, fast-food |  |  |  |  |  |  |  | C | C | C |  | C | C |  |  |
| Restaurant, general |  |  |  |  |  |  |  | C | C | C |  | P | P |  |  |
| Retail sales and services |  |  |  |  |  |  |  |  | C | C |  | P | P |  |  |
| Retreats (religious, educational or not-for- profit) | C | C |  |  |  |  |  |  |  |  |  | P | P |  |  |
| Schools (studios), art, dance, music or beauty |  |  |  |  |  |  |  | P | P | P |  | P | P | C | C |
| Schools (college, junior college) | C | C | C | C | C | C | C | C | C | C | C | C | C | C | C |
| Schools (K-12) | C | C | C | C | C | C | C | C | C | C | C | C | C | C | C |
| Self-storage (mini- warehouse) |  |  |  |  |  |  |  |  |  |  |  | C | C |  |  |
| Short-term rental |  |  |  |  |  |  |  |  | P | P |  | P | P |  |  |
| Tanning salon (State licensed) |  |  |  |  |  |  |  | P | P | P |  | P | P |  |  |
| Tattoo establishment (State licensed) |  |  |  |  |  |  |  |  |  |  |  | C | C |  |  |
| Telecommunications tower | See Article VIII | See Article VIII | See Article VIII | See Article VIII | See Article VIII | See Article VIII | See Article VIII | See Article VIII | See Article VIII | See Article VIII | See Article VIII | See Article VIII | See Article VIII | See Article VIII | See Article VIII |
| Television or radio broadcast station |  |  |  |  |  |  |  | C | C | C |  | C | C | C | C |
| Theater, cinemas |  |  |  |  |  |  |  |  | C |  |  | P | P | C |  |
| Theater, performing arts |  |  |  |  |  |  |  |  | C |  |  | P | P | C |  || Veterinary clinic/animal hospital |  |  |  |  |  |  |  |  |  |  |  |  | P |  |  |
| Warehouse |  |  |  |  |  |  |  |  |  |  |  |  |  | P | P |"
